BABELSIM_MESH 3
vertices
8450
0 0 0
0.0048827288285826498 0 0
0.010193415380578108 0 0
0.015964359968533293 0 0
0.022229306504254309 0 0
0.029023307974904211 0 0
0.036382543425378944 0 0
0.044344079750321175 0 0
0.05294557165476832 0 0
0.062224893504474577 0 0
0.072219697538049965 0 0
0.082966894139373526 0 0
0.094502051653765073 0 0
0.1068587156476169 0 0
0.12006765060890301 0 0
0.13415601088013551 0 0
0.14914645207033284 0 0
0.16505619920706233 0 0
0.18189609328256623 0 0
0.19966964334913023 0 0
0.21837211656639416 0 0
0.23798970315228379 0 0
0.25849879653347779 0 0
0.27986543060057029 0 0
0.30204491534522315 0 0
0.32498170888165034 0 0
0.34860955768451718 0 0
0.37285192778903486 0 0
0.39762273795379011 0 0
0.42282739194063157 0 0
0.44836409196349009 0 0
0.4741254000745021 0 0
0.5 0 0
0.5258745999254979 0 0
0.55163590803650986 0 0
0.57717260805936843 0 0
0.60237726204620989 0 0
0.62714807221096514 0 0
0.65139044231548282 0 0
0.67501829111834966 0 0
0.69795508465477685 0 0
0.72013456939942966 0 0
0.74150120346652226 0 0
0.76201029684771626 0 0
0.7816278834336059 0 0
0.80033035665086971 0 0
0.81810390671743383 0 0
0.83494380079293773 0 0
0.85085354792966716 0 0
0.86584398911986449 0 0
0.87993234939109699 0 0
0.89314128435238316 0 0
0.90549794834623487 0 0
0.91703310586062647 0 0
0.92778030246194998 0 0
0.93777510649552542 0 0
0.94705442834523168 0 0
0.95565592024967883 0 0
0.96361745657462106 0 0
0.97097669202509573 0 0
0.97777069349574575 0 0
0.98403564003146671 0 0
0.98980658461942195 0 0
0.99511727117141735 0 0
1 0 0
0 0.0048827288285826498 0
0.0048827288285826498 0.0048827288285826498 0
0.010193415380578108 0.0048827288285826498 0
0.015964359968533293 0.0048827288285826498 0
0.022229306504254309 0.0048827288285826498 0
0.029023307974904211 0.0048827288285826498 0
0.036382543425378944 0.0048827288285826498 0
0.044344079750321175 0.0048827288285826498 0
0.05294557165476832 0.0048827288285826498 0
0.062224893504474577 0.0048827288285826498 0
0.072219697538049965 0.0048827288285826498 0
0.082966894139373526 0.0048827288285826498 0
0.094502051653765073 0.0048827288285826498 0
0.1068587156476169 0.0048827288285826498 0
0.12006765060890301 0.0048827288285826498 0
0.13415601088013551 0.0048827288285826498 0
0.14914645207033284 0.0048827288285826498 0
0.16505619920706233 0.0048827288285826498 0
0.18189609328256623 0.0048827288285826498 0
0.19966964334913023 0.0048827288285826498 0
0.21837211656639416 0.0048827288285826498 0
0.23798970315228379 0.0048827288285826498 0
0.25849879653347779 0.0048827288285826498 0
0.27986543060057029 0.0048827288285826498 0
0.30204491534522315 0.0048827288285826498 0
0.32498170888165034 0.0048827288285826498 0
0.34860955768451718 0.0048827288285826498 0
0.37285192778903486 0.0048827288285826498 0
0.39762273795379011 0.0048827288285826498 0
0.42282739194063157 0.0048827288285826498 0
0.44836409196349009 0.0048827288285826498 0
0.4741254000745021 0.0048827288285826498 0
0.5 0.0048827288285826498 0
0.5258745999254979 0.0048827288285826498 0
0.55163590803650986 0.0048827288285826498 0
0.57717260805936843 0.0048827288285826498 0
0.60237726204620989 0.0048827288285826498 0
0.62714807221096514 0.0048827288285826498 0
0.65139044231548282 0.0048827288285826498 0
0.67501829111834966 0.0048827288285826498 0
0.69795508465477685 0.0048827288285826498 0
0.72013456939942966 0.0048827288285826498 0
0.74150120346652226 0.0048827288285826498 0
0.76201029684771626 0.0048827288285826498 0
0.7816278834336059 0.0048827288285826498 0
0.80033035665086971 0.0048827288285826498 0
0.81810390671743383 0.0048827288285826498 0
0.83494380079293773 0.0048827288285826498 0
0.85085354792966716 0.0048827288285826498 0
0.86584398911986449 0.0048827288285826498 0
0.87993234939109699 0.0048827288285826498 0
0.89314128435238316 0.0048827288285826498 0
0.90549794834623487 0.0048827288285826498 0
0.91703310586062647 0.0048827288285826498 0
0.92778030246194998 0.0048827288285826498 0
0.93777510649552542 0.0048827288285826498 0
0.94705442834523168 0.0048827288285826498 0
0.95565592024967883 0.0048827288285826498 0
0.96361745657462106 0.0048827288285826498 0
0.97097669202509573 0.0048827288285826498 0
0.97777069349574575 0.0048827288285826498 0
0.98403564003146671 0.0048827288285826498 0
0.98980658461942195 0.0048827288285826498 0
0.99511727117141735 0.0048827288285826498 0
1 0.0048827288285826498 0
0 0.010193415380578108 0
0.0048827288285826498 0.010193415380578108 0
0.010193415380578108 0.010193415380578108 0
0.015964359968533293 0.010193415380578108 0
0.022229306504254309 0.010193415380578108 0
0.029023307974904211 0.010193415380578108 0
0.036382543425378944 0.010193415380578108 0
0.044344079750321175 0.010193415380578108 0
0.05294557165476832 0.010193415380578108 0
0.062224893504474577 0.010193415380578108 0
0.072219697538049965 0.010193415380578108 0
0.082966894139373526 0.010193415380578108 0
0.094502051653765073 0.010193415380578108 0
0.1068587156476169 0.010193415380578108 0
0.12006765060890301 0.010193415380578108 0
0.13415601088013551 0.010193415380578108 0
0.14914645207033284 0.010193415380578108 0
0.16505619920706233 0.010193415380578108 0
0.18189609328256623 0.010193415380578108 0
0.19966964334913023 0.010193415380578108 0
0.21837211656639416 0.010193415380578108 0
0.23798970315228379 0.010193415380578108 0
0.25849879653347779 0.010193415380578108 0
0.27986543060057029 0.010193415380578108 0
0.30204491534522315 0.010193415380578108 0
0.32498170888165034 0.010193415380578108 0
0.34860955768451718 0.010193415380578108 0
0.37285192778903486 0.010193415380578108 0
0.39762273795379011 0.010193415380578108 0
0.42282739194063157 0.010193415380578108 0
0.44836409196349009 0.010193415380578108 0
0.4741254000745021 0.010193415380578108 0
0.5 0.010193415380578108 0
0.5258745999254979 0.010193415380578108 0
0.55163590803650986 0.010193415380578108 0
0.57717260805936843 0.010193415380578108 0
0.60237726204620989 0.010193415380578108 0
0.62714807221096514 0.010193415380578108 0
0.65139044231548282 0.010193415380578108 0
0.67501829111834966 0.010193415380578108 0
0.69795508465477685 0.010193415380578108 0
0.72013456939942966 0.010193415380578108 0
0.74150120346652226 0.010193415380578108 0
0.76201029684771626 0.010193415380578108 0
0.7816278834336059 0.010193415380578108 0
0.80033035665086971 0.010193415380578108 0
0.81810390671743383 0.010193415380578108 0
0.83494380079293773 0.010193415380578108 0
0.85085354792966716 0.010193415380578108 0
0.86584398911986449 0.010193415380578108 0
0.87993234939109699 0.010193415380578108 0
0.89314128435238316 0.010193415380578108 0
0.90549794834623487 0.010193415380578108 0
0.91703310586062647 0.010193415380578108 0
0.92778030246194998 0.010193415380578108 0
0.93777510649552542 0.010193415380578108 0
0.94705442834523168 0.010193415380578108 0
0.95565592024967883 0.010193415380578108 0
0.96361745657462106 0.010193415380578108 0
0.97097669202509573 0.010193415380578108 0
0.97777069349574575 0.010193415380578108 0
0.98403564003146671 0.010193415380578108 0
0.98980658461942195 0.010193415380578108 0
0.99511727117141735 0.010193415380578108 0
1 0.010193415380578108 0
0 0.015964359968533293 0
0.0048827288285826498 0.015964359968533293 0
0.010193415380578108 0.015964359968533293 0
0.015964359968533293 0.015964359968533293 0
0.022229306504254309 0.015964359968533293 0
0.029023307974904211 0.015964359968533293 0
0.036382543425378944 0.015964359968533293 0
0.044344079750321175 0.015964359968533293 0
0.05294557165476832 0.015964359968533293 0
0.062224893504474577 0.015964359968533293 0
0.072219697538049965 0.015964359968533293 0
0.082966894139373526 0.015964359968533293 0
0.094502051653765073 0.015964359968533293 0
0.1068587156476169 0.015964359968533293 0
0.12006765060890301 0.015964359968533293 0
0.13415601088013551 0.015964359968533293 0
0.14914645207033284 0.015964359968533293 0
0.16505619920706233 0.015964359968533293 0
0.18189609328256623 0.015964359968533293 0
0.19966964334913023 0.015964359968533293 0
0.21837211656639416 0.015964359968533293 0
0.23798970315228379 0.015964359968533293 0
0.25849879653347779 0.015964359968533293 0
0.27986543060057029 0.015964359968533293 0
0.30204491534522315 0.015964359968533293 0
0.32498170888165034 0.015964359968533293 0
0.34860955768451718 0.015964359968533293 0
0.37285192778903486 0.015964359968533293 0
0.39762273795379011 0.015964359968533293 0
0.42282739194063157 0.015964359968533293 0
0.44836409196349009 0.015964359968533293 0
0.4741254000745021 0.015964359968533293 0
0.5 0.015964359968533293 0
0.5258745999254979 0.015964359968533293 0
0.55163590803650986 0.015964359968533293 0
0.57717260805936843 0.015964359968533293 0
0.60237726204620989 0.015964359968533293 0
0.62714807221096514 0.015964359968533293 0
0.65139044231548282 0.015964359968533293 0
0.67501829111834966 0.015964359968533293 0
0.69795508465477685 0.015964359968533293 0
0.72013456939942966 0.015964359968533293 0
0.74150120346652226 0.015964359968533293 0
0.76201029684771626 0.015964359968533293 0
0.7816278834336059 0.015964359968533293 0
0.80033035665086971 0.015964359968533293 0
0.81810390671743383 0.015964359968533293 0
0.83494380079293773 0.015964359968533293 0
0.85085354792966716 0.015964359968533293 0
0.86584398911986449 0.015964359968533293 0
0.87993234939109699 0.015964359968533293 0
0.89314128435238316 0.015964359968533293 0
0.90549794834623487 0.015964359968533293 0
0.91703310586062647 0.015964359968533293 0
0.92778030246194998 0.015964359968533293 0
0.93777510649552542 0.015964359968533293 0
0.94705442834523168 0.015964359968533293 0
0.95565592024967883 0.015964359968533293 0
0.96361745657462106 0.015964359968533293 0
0.97097669202509573 0.015964359968533293 0
0.97777069349574575 0.015964359968533293 0
0.98403564003146671 0.015964359968533293 0
0.98980658461942195 0.015964359968533293 0
0.99511727117141735 0.015964359968533293 0
1 0.015964359968533293 0
0 0.022229306504254309 0
0.0048827288285826498 0.022229306504254309 0
0.010193415380578108 0.022229306504254309 0
0.015964359968533293 0.022229306504254309 0
0.022229306504254309 0.022229306504254309 0
0.029023307974904211 0.022229306504254309 0
0.036382543425378944 0.022229306504254309 0
0.044344079750321175 0.022229306504254309 0
0.05294557165476832 0.022229306504254309 0
0.062224893504474577 0.022229306504254309 0
0.072219697538049965 0.022229306504254309 0
0.082966894139373526 0.022229306504254309 0
0.094502051653765073 0.022229306504254309 0
0.1068587156476169 0.022229306504254309 0
0.12006765060890301 0.022229306504254309 0
0.13415601088013551 0.022229306504254309 0
0.14914645207033284 0.022229306504254309 0
0.16505619920706233 0.022229306504254309 0
0.18189609328256623 0.022229306504254309 0
0.19966964334913023 0.022229306504254309 0
0.21837211656639416 0.022229306504254309 0
0.23798970315228379 0.022229306504254309 0
0.25849879653347779 0.022229306504254309 0
0.27986543060057029 0.022229306504254309 0
0.30204491534522315 0.022229306504254309 0
0.32498170888165034 0.022229306504254309 0
0.34860955768451718 0.022229306504254309 0
0.37285192778903486 0.022229306504254309 0
0.39762273795379011 0.022229306504254309 0
0.42282739194063157 0.022229306504254309 0
0.44836409196349009 0.022229306504254309 0
0.4741254000745021 0.022229306504254309 0
0.5 0.022229306504254309 0
0.5258745999254979 0.022229306504254309 0
0.55163590803650986 0.022229306504254309 0
0.57717260805936843 0.022229306504254309 0
0.60237726204620989 0.022229306504254309 0
0.62714807221096514 0.022229306504254309 0
0.65139044231548282 0.022229306504254309 0
0.67501829111834966 0.022229306504254309 0
0.69795508465477685 0.022229306504254309 0
0.72013456939942966 0.022229306504254309 0
0.74150120346652226 0.022229306504254309 0
0.76201029684771626 0.022229306504254309 0
0.7816278834336059 0.022229306504254309 0
0.80033035665086971 0.022229306504254309 0
0.81810390671743383 0.022229306504254309 0
0.83494380079293773 0.022229306504254309 0
0.85085354792966716 0.022229306504254309 0
0.86584398911986449 0.022229306504254309 0
0.87993234939109699 0.022229306504254309 0
0.89314128435238316 0.022229306504254309 0
0.90549794834623487 0.022229306504254309 0
0.91703310586062647 0.022229306504254309 0
0.92778030246194998 0.022229306504254309 0
0.93777510649552542 0.022229306504254309 0
0.94705442834523168 0.022229306504254309 0
0.95565592024967883 0.022229306504254309 0
0.96361745657462106 0.022229306504254309 0
0.97097669202509573 0.022229306504254309 0
0.97777069349574575 0.022229306504254309 0
0.98403564003146671 0.022229306504254309 0
0.98980658461942195 0.022229306504254309 0
0.99511727117141735 0.022229306504254309 0
1 0.022229306504254309 0
0 0.029023307974904211 0
0.0048827288285826498 0.029023307974904211 0
0.010193415380578108 0.029023307974904211 0
0.015964359968533293 0.029023307974904211 0
0.022229306504254309 0.029023307974904211 0
0.029023307974904211 0.029023307974904211 0
0.036382543425378944 0.029023307974904211 0
0.044344079750321175 0.029023307974904211 0
0.05294557165476832 0.029023307974904211 0
0.062224893504474577 0.029023307974904211 0
0.072219697538049965 0.029023307974904211 0
0.082966894139373526 0.029023307974904211 0
0.094502051653765073 0.029023307974904211 0
0.1068587156476169 0.029023307974904211 0
0.12006765060890301 0.029023307974904211 0
0.13415601088013551 0.029023307974904211 0
0.14914645207033284 0.029023307974904211 0
0.16505619920706233 0.029023307974904211 0
0.18189609328256623 0.029023307974904211 0
0.19966964334913023 0.029023307974904211 0
0.21837211656639416 0.029023307974904211 0
0.23798970315228379 0.029023307974904211 0
0.25849879653347779 0.029023307974904211 0
0.27986543060057029 0.029023307974904211 0
0.30204491534522315 0.029023307974904211 0
0.32498170888165034 0.029023307974904211 0
0.34860955768451718 0.029023307974904211 0
0.37285192778903486 0.029023307974904211 0
0.39762273795379011 0.029023307974904211 0
0.42282739194063157 0.029023307974904211 0
0.44836409196349009 0.029023307974904211 0
0.4741254000745021 0.029023307974904211 0
0.5 0.029023307974904211 0
0.5258745999254979 0.029023307974904211 0
0.55163590803650986 0.029023307974904211 0
0.57717260805936843 0.029023307974904211 0
0.60237726204620989 0.029023307974904211 0
0.62714807221096514 0.029023307974904211 0
0.65139044231548282 0.029023307974904211 0
0.67501829111834966 0.029023307974904211 0
0.69795508465477685 0.029023307974904211 0
0.72013456939942966 0.029023307974904211 0
0.74150120346652226 0.029023307974904211 0
0.76201029684771626 0.029023307974904211 0
0.7816278834336059 0.029023307974904211 0
0.80033035665086971 0.029023307974904211 0
0.81810390671743383 0.029023307974904211 0
0.83494380079293773 0.029023307974904211 0
0.85085354792966716 0.029023307974904211 0
0.86584398911986449 0.029023307974904211 0
0.87993234939109699 0.029023307974904211 0
0.89314128435238316 0.029023307974904211 0
0.90549794834623487 0.029023307974904211 0
0.91703310586062647 0.029023307974904211 0
0.92778030246194998 0.029023307974904211 0
0.93777510649552542 0.029023307974904211 0
0.94705442834523168 0.029023307974904211 0
0.95565592024967883 0.029023307974904211 0
0.96361745657462106 0.029023307974904211 0
0.97097669202509573 0.029023307974904211 0
0.97777069349574575 0.029023307974904211 0
0.98403564003146671 0.029023307974904211 0
0.98980658461942195 0.029023307974904211 0
0.99511727117141735 0.029023307974904211 0
1 0.029023307974904211 0
0 0.036382543425378944 0
0.0048827288285826498 0.036382543425378944 0
0.010193415380578108 0.036382543425378944 0
0.015964359968533293 0.036382543425378944 0
0.022229306504254309 0.036382543425378944 0
0.029023307974904211 0.036382543425378944 0
0.036382543425378944 0.036382543425378944 0
0.044344079750321175 0.036382543425378944 0
0.05294557165476832 0.036382543425378944 0
0.062224893504474577 0.036382543425378944 0
0.072219697538049965 0.036382543425378944 0
0.082966894139373526 0.036382543425378944 0
0.094502051653765073 0.036382543425378944 0
0.1068587156476169 0.036382543425378944 0
0.12006765060890301 0.036382543425378944 0
0.13415601088013551 0.036382543425378944 0
0.14914645207033284 0.036382543425378944 0
0.16505619920706233 0.036382543425378944 0
0.18189609328256623 0.036382543425378944 0
0.19966964334913023 0.036382543425378944 0
0.21837211656639416 0.036382543425378944 0
0.23798970315228379 0.036382543425378944 0
0.25849879653347779 0.036382543425378944 0
0.27986543060057029 0.036382543425378944 0
0.30204491534522315 0.036382543425378944 0
0.32498170888165034 0.036382543425378944 0
0.34860955768451718 0.036382543425378944 0
0.37285192778903486 0.036382543425378944 0
0.39762273795379011 0.036382543425378944 0
0.42282739194063157 0.036382543425378944 0
0.44836409196349009 0.036382543425378944 0
0.4741254000745021 0.036382543425378944 0
0.5 0.036382543425378944 0
0.5258745999254979 0.036382543425378944 0
0.55163590803650986 0.036382543425378944 0
0.57717260805936843 0.036382543425378944 0
0.60237726204620989 0.036382543425378944 0
0.62714807221096514 0.036382543425378944 0
0.65139044231548282 0.036382543425378944 0
0.67501829111834966 0.036382543425378944 0
0.69795508465477685 0.036382543425378944 0
0.72013456939942966 0.036382543425378944 0
0.74150120346652226 0.036382543425378944 0
0.76201029684771626 0.036382543425378944 0
0.7816278834336059 0.036382543425378944 0
0.80033035665086971 0.036382543425378944 0
0.81810390671743383 0.036382543425378944 0
0.83494380079293773 0.036382543425378944 0
0.85085354792966716 0.036382543425378944 0
0.86584398911986449 0.036382543425378944 0
0.87993234939109699 0.036382543425378944 0
0.89314128435238316 0.036382543425378944 0
0.90549794834623487 0.036382543425378944 0
0.91703310586062647 0.036382543425378944 0
0.92778030246194998 0.036382543425378944 0
0.93777510649552542 0.036382543425378944 0
0.94705442834523168 0.036382543425378944 0
0.95565592024967883 0.036382543425378944 0
0.96361745657462106 0.036382543425378944 0
0.97097669202509573 0.036382543425378944 0
0.97777069349574575 0.036382543425378944 0
0.98403564003146671 0.036382543425378944 0
0.98980658461942195 0.036382543425378944 0
0.99511727117141735 0.036382543425378944 0
1 0.036382543425378944 0
0 0.044344079750321175 0
0.0048827288285826498 0.044344079750321175 0
0.010193415380578108 0.044344079750321175 0
0.015964359968533293 0.044344079750321175 0
0.022229306504254309 0.044344079750321175 0
0.029023307974904211 0.044344079750321175 0
0.036382543425378944 0.044344079750321175 0
0.044344079750321175 0.044344079750321175 0
0.05294557165476832 0.044344079750321175 0
0.062224893504474577 0.044344079750321175 0
0.072219697538049965 0.044344079750321175 0
0.082966894139373526 0.044344079750321175 0
0.094502051653765073 0.044344079750321175 0
0.1068587156476169 0.044344079750321175 0
0.12006765060890301 0.044344079750321175 0
0.13415601088013551 0.044344079750321175 0
0.14914645207033284 0.044344079750321175 0
0.16505619920706233 0.044344079750321175 0
0.18189609328256623 0.044344079750321175 0
0.19966964334913023 0.044344079750321175 0
0.21837211656639416 0.044344079750321175 0
0.23798970315228379 0.044344079750321175 0
0.25849879653347779 0.044344079750321175 0
0.27986543060057029 0.044344079750321175 0
0.30204491534522315 0.044344079750321175 0
0.32498170888165034 0.044344079750321175 0
0.34860955768451718 0.044344079750321175 0
0.37285192778903486 0.044344079750321175 0
0.39762273795379011 0.044344079750321175 0
0.42282739194063157 0.044344079750321175 0
0.44836409196349009 0.044344079750321175 0
0.4741254000745021 0.044344079750321175 0
0.5 0.044344079750321175 0
0.5258745999254979 0.044344079750321175 0
0.55163590803650986 0.044344079750321175 0
0.57717260805936843 0.044344079750321175 0
0.60237726204620989 0.044344079750321175 0
0.62714807221096514 0.044344079750321175 0
0.65139044231548282 0.044344079750321175 0
0.67501829111834966 0.044344079750321175 0
0.69795508465477685 0.044344079750321175 0
0.72013456939942966 0.044344079750321175 0
0.74150120346652226 0.044344079750321175 0
0.76201029684771626 0.044344079750321175 0
0.7816278834336059 0.044344079750321175 0
0.80033035665086971 0.044344079750321175 0
0.81810390671743383 0.044344079750321175 0
0.83494380079293773 0.044344079750321175 0
0.85085354792966716 0.044344079750321175 0
0.86584398911986449 0.044344079750321175 0
0.87993234939109699 0.044344079750321175 0
0.89314128435238316 0.044344079750321175 0
0.90549794834623487 0.044344079750321175 0
0.91703310586062647 0.044344079750321175 0
0.92778030246194998 0.044344079750321175 0
0.93777510649552542 0.044344079750321175 0
0.94705442834523168 0.044344079750321175 0
0.95565592024967883 0.044344079750321175 0
0.96361745657462106 0.044344079750321175 0
0.97097669202509573 0.044344079750321175 0
0.97777069349574575 0.044344079750321175 0
0.98403564003146671 0.044344079750321175 0
0.98980658461942195 0.044344079750321175 0
0.99511727117141735 0.044344079750321175 0
1 0.044344079750321175 0
0 0.05294557165476832 0
0.0048827288285826498 0.05294557165476832 0
0.010193415380578108 0.05294557165476832 0
0.015964359968533293 0.05294557165476832 0
0.022229306504254309 0.05294557165476832 0
0.029023307974904211 0.05294557165476832 0
0.036382543425378944 0.05294557165476832 0
0.044344079750321175 0.05294557165476832 0
0.05294557165476832 0.05294557165476832 0
0.062224893504474577 0.05294557165476832 0
0.072219697538049965 0.05294557165476832 0
0.082966894139373526 0.05294557165476832 0
0.094502051653765073 0.05294557165476832 0
0.1068587156476169 0.05294557165476832 0
0.12006765060890301 0.05294557165476832 0
0.13415601088013551 0.05294557165476832 0
0.14914645207033284 0.05294557165476832 0
0.16505619920706233 0.05294557165476832 0
0.18189609328256623 0.05294557165476832 0
0.19966964334913023 0.05294557165476832 0
0.21837211656639416 0.05294557165476832 0
0.23798970315228379 0.05294557165476832 0
0.25849879653347779 0.05294557165476832 0
0.27986543060057029 0.05294557165476832 0
0.30204491534522315 0.05294557165476832 0
0.32498170888165034 0.05294557165476832 0
0.34860955768451718 0.05294557165476832 0
0.37285192778903486 0.05294557165476832 0
0.39762273795379011 0.05294557165476832 0
0.42282739194063157 0.05294557165476832 0
0.44836409196349009 0.05294557165476832 0
0.4741254000745021 0.05294557165476832 0
0.5 0.05294557165476832 0
0.5258745999254979 0.05294557165476832 0
0.55163590803650986 0.05294557165476832 0
0.57717260805936843 0.05294557165476832 0
0.60237726204620989 0.05294557165476832 0
0.62714807221096514 0.05294557165476832 0
0.65139044231548282 0.05294557165476832 0
0.67501829111834966 0.05294557165476832 0
0.69795508465477685 0.05294557165476832 0
0.72013456939942966 0.05294557165476832 0
0.74150120346652226 0.05294557165476832 0
0.76201029684771626 0.05294557165476832 0
0.7816278834336059 0.05294557165476832 0
0.80033035665086971 0.05294557165476832 0
0.81810390671743383 0.05294557165476832 0
0.83494380079293773 0.05294557165476832 0
0.85085354792966716 0.05294557165476832 0
0.86584398911986449 0.05294557165476832 0
0.87993234939109699 0.05294557165476832 0
0.89314128435238316 0.05294557165476832 0
0.90549794834623487 0.05294557165476832 0
0.91703310586062647 0.05294557165476832 0
0.92778030246194998 0.05294557165476832 0
0.93777510649552542 0.05294557165476832 0
0.94705442834523168 0.05294557165476832 0
0.95565592024967883 0.05294557165476832 0
0.96361745657462106 0.05294557165476832 0
0.97097669202509573 0.05294557165476832 0
0.97777069349574575 0.05294557165476832 0
0.98403564003146671 0.05294557165476832 0
0.98980658461942195 0.05294557165476832 0
0.99511727117141735 0.05294557165476832 0
1 0.05294557165476832 0
0 0.062224893504474577 0
0.0048827288285826498 0.062224893504474577 0
0.010193415380578108 0.062224893504474577 0
0.015964359968533293 0.062224893504474577 0
0.022229306504254309 0.062224893504474577 0
0.029023307974904211 0.062224893504474577 0
0.036382543425378944 0.062224893504474577 0
0.044344079750321175 0.062224893504474577 0
0.05294557165476832 0.062224893504474577 0
0.062224893504474577 0.062224893504474577 0
0.072219697538049965 0.062224893504474577 0
0.082966894139373526 0.062224893504474577 0
0.094502051653765073 0.062224893504474577 0
0.1068587156476169 0.062224893504474577 0
0.12006765060890301 0.062224893504474577 0
0.13415601088013551 0.062224893504474577 0
0.14914645207033284 0.062224893504474577 0
0.16505619920706233 0.062224893504474577 0
0.18189609328256623 0.062224893504474577 0
0.19966964334913023 0.062224893504474577 0
0.21837211656639416 0.062224893504474577 0
0.23798970315228379 0.062224893504474577 0
0.25849879653347779 0.062224893504474577 0
0.27986543060057029 0.062224893504474577 0
0.30204491534522315 0.062224893504474577 0
0.32498170888165034 0.062224893504474577 0
0.34860955768451718 0.062224893504474577 0
0.37285192778903486 0.062224893504474577 0
0.39762273795379011 0.062224893504474577 0
0.42282739194063157 0.062224893504474577 0
0.44836409196349009 0.062224893504474577 0
0.4741254000745021 0.062224893504474577 0
0.5 0.062224893504474577 0
0.5258745999254979 0.062224893504474577 0
0.55163590803650986 0.062224893504474577 0
0.57717260805936843 0.062224893504474577 0
0.60237726204620989 0.062224893504474577 0
0.62714807221096514 0.062224893504474577 0
0.65139044231548282 0.062224893504474577 0
0.67501829111834966 0.062224893504474577 0
0.69795508465477685 0.062224893504474577 0
0.72013456939942966 0.062224893504474577 0
0.74150120346652226 0.062224893504474577 0
0.76201029684771626 0.062224893504474577 0
0.7816278834336059 0.062224893504474577 0
0.80033035665086971 0.062224893504474577 0
0.81810390671743383 0.062224893504474577 0
0.83494380079293773 0.062224893504474577 0
0.85085354792966716 0.062224893504474577 0
0.86584398911986449 0.062224893504474577 0
0.87993234939109699 0.062224893504474577 0
0.89314128435238316 0.062224893504474577 0
0.90549794834623487 0.062224893504474577 0
0.91703310586062647 0.062224893504474577 0
0.92778030246194998 0.062224893504474577 0
0.93777510649552542 0.062224893504474577 0
0.94705442834523168 0.062224893504474577 0
0.95565592024967883 0.062224893504474577 0
0.96361745657462106 0.062224893504474577 0
0.97097669202509573 0.062224893504474577 0
0.97777069349574575 0.062224893504474577 0
0.98403564003146671 0.062224893504474577 0
0.98980658461942195 0.062224893504474577 0
0.99511727117141735 0.062224893504474577 0
1 0.062224893504474577 0
0 0.072219697538049965 0
0.0048827288285826498 0.072219697538049965 0
0.010193415380578108 0.072219697538049965 0
0.015964359968533293 0.072219697538049965 0
0.022229306504254309 0.072219697538049965 0
0.029023307974904211 0.072219697538049965 0
0.036382543425378944 0.072219697538049965 0
0.044344079750321175 0.072219697538049965 0
0.05294557165476832 0.072219697538049965 0
0.062224893504474577 0.072219697538049965 0
0.072219697538049965 0.072219697538049965 0
0.082966894139373526 0.072219697538049965 0
0.094502051653765073 0.072219697538049965 0
0.1068587156476169 0.072219697538049965 0
0.12006765060890301 0.072219697538049965 0
0.13415601088013551 0.072219697538049965 0
0.14914645207033284 0.072219697538049965 0
0.16505619920706233 0.072219697538049965 0
0.18189609328256623 0.072219697538049965 0
0.19966964334913023 0.072219697538049965 0
0.21837211656639416 0.072219697538049965 0
0.23798970315228379 0.072219697538049965 0
0.25849879653347779 0.072219697538049965 0
0.27986543060057029 0.072219697538049965 0
0.30204491534522315 0.072219697538049965 0
0.32498170888165034 0.072219697538049965 0
0.34860955768451718 0.072219697538049965 0
0.37285192778903486 0.072219697538049965 0
0.39762273795379011 0.072219697538049965 0
0.42282739194063157 0.072219697538049965 0
0.44836409196349009 0.072219697538049965 0
0.4741254000745021 0.072219697538049965 0
0.5 0.072219697538049965 0
0.5258745999254979 0.072219697538049965 0
0.55163590803650986 0.072219697538049965 0
0.57717260805936843 0.072219697538049965 0
0.60237726204620989 0.072219697538049965 0
0.62714807221096514 0.072219697538049965 0
0.65139044231548282 0.072219697538049965 0
0.67501829111834966 0.072219697538049965 0
0.69795508465477685 0.072219697538049965 0
0.72013456939942966 0.072219697538049965 0
0.74150120346652226 0.072219697538049965 0
0.76201029684771626 0.072219697538049965 0
0.7816278834336059 0.072219697538049965 0
0.80033035665086971 0.072219697538049965 0
0.81810390671743383 0.072219697538049965 0
0.83494380079293773 0.072219697538049965 0
0.85085354792966716 0.072219697538049965 0
0.86584398911986449 0.072219697538049965 0
0.87993234939109699 0.072219697538049965 0
0.89314128435238316 0.072219697538049965 0
0.90549794834623487 0.072219697538049965 0
0.91703310586062647 0.072219697538049965 0
0.92778030246194998 0.072219697538049965 0
0.93777510649552542 0.072219697538049965 0
0.94705442834523168 0.072219697538049965 0
0.95565592024967883 0.072219697538049965 0
0.96361745657462106 0.072219697538049965 0
0.97097669202509573 0.072219697538049965 0
0.97777069349574575 0.072219697538049965 0
0.98403564003146671 0.072219697538049965 0
0.98980658461942195 0.072219697538049965 0
0.99511727117141735 0.072219697538049965 0
1 0.072219697538049965 0
0 0.082966894139373526 0
0.0048827288285826498 0.082966894139373526 0
0.010193415380578108 0.082966894139373526 0
0.015964359968533293 0.082966894139373526 0
0.022229306504254309 0.082966894139373526 0
0.029023307974904211 0.082966894139373526 0
0.036382543425378944 0.082966894139373526 0
0.044344079750321175 0.082966894139373526 0
0.05294557165476832 0.082966894139373526 0
0.062224893504474577 0.082966894139373526 0
0.072219697538049965 0.082966894139373526 0
0.082966894139373526 0.082966894139373526 0
0.094502051653765073 0.082966894139373526 0
0.1068587156476169 0.082966894139373526 0
0.12006765060890301 0.082966894139373526 0
0.13415601088013551 0.082966894139373526 0
0.14914645207033284 0.082966894139373526 0
0.16505619920706233 0.082966894139373526 0
0.18189609328256623 0.082966894139373526 0
0.19966964334913023 0.082966894139373526 0
0.21837211656639416 0.082966894139373526 0
0.23798970315228379 0.082966894139373526 0
0.25849879653347779 0.082966894139373526 0
0.27986543060057029 0.082966894139373526 0
0.30204491534522315 0.082966894139373526 0
0.32498170888165034 0.082966894139373526 0
0.34860955768451718 0.082966894139373526 0
0.37285192778903486 0.082966894139373526 0
0.39762273795379011 0.082966894139373526 0
0.42282739194063157 0.082966894139373526 0
0.44836409196349009 0.082966894139373526 0
0.4741254000745021 0.082966894139373526 0
0.5 0.082966894139373526 0
0.5258745999254979 0.082966894139373526 0
0.55163590803650986 0.082966894139373526 0
0.57717260805936843 0.082966894139373526 0
0.60237726204620989 0.082966894139373526 0
0.62714807221096514 0.082966894139373526 0
0.65139044231548282 0.082966894139373526 0
0.67501829111834966 0.082966894139373526 0
0.69795508465477685 0.082966894139373526 0
0.72013456939942966 0.082966894139373526 0
0.74150120346652226 0.082966894139373526 0
0.76201029684771626 0.082966894139373526 0
0.7816278834336059 0.082966894139373526 0
0.80033035665086971 0.082966894139373526 0
0.81810390671743383 0.082966894139373526 0
0.83494380079293773 0.082966894139373526 0
0.85085354792966716 0.082966894139373526 0
0.86584398911986449 0.082966894139373526 0
0.87993234939109699 0.082966894139373526 0
0.89314128435238316 0.082966894139373526 0
0.90549794834623487 0.082966894139373526 0
0.91703310586062647 0.082966894139373526 0
0.92778030246194998 0.082966894139373526 0
0.93777510649552542 0.082966894139373526 0
0.94705442834523168 0.082966894139373526 0
0.95565592024967883 0.082966894139373526 0
0.96361745657462106 0.082966894139373526 0
0.97097669202509573 0.082966894139373526 0
0.97777069349574575 0.082966894139373526 0
0.98403564003146671 0.082966894139373526 0
0.98980658461942195 0.082966894139373526 0
0.99511727117141735 0.082966894139373526 0
1 0.082966894139373526 0
0 0.094502051653765073 0
0.0048827288285826498 0.094502051653765073 0
0.010193415380578108 0.094502051653765073 0
0.015964359968533293 0.094502051653765073 0
0.022229306504254309 0.094502051653765073 0
0.029023307974904211 0.094502051653765073 0
0.036382543425378944 0.094502051653765073 0
0.044344079750321175 0.094502051653765073 0
0.05294557165476832 0.094502051653765073 0
0.062224893504474577 0.094502051653765073 0
0.072219697538049965 0.094502051653765073 0
0.082966894139373526 0.094502051653765073 0
0.094502051653765073 0.094502051653765073 0
0.1068587156476169 0.094502051653765073 0
0.12006765060890301 0.094502051653765073 0
0.13415601088013551 0.094502051653765073 0
0.14914645207033284 0.094502051653765073 0
0.16505619920706233 0.094502051653765073 0
0.18189609328256623 0.094502051653765073 0
0.19966964334913023 0.094502051653765073 0
0.21837211656639416 0.094502051653765073 0
0.23798970315228379 0.094502051653765073 0
0.25849879653347779 0.094502051653765073 0
0.27986543060057029 0.094502051653765073 0
0.30204491534522315 0.094502051653765073 0
0.32498170888165034 0.094502051653765073 0
0.34860955768451718 0.094502051653765073 0
0.37285192778903486 0.094502051653765073 0
0.39762273795379011 0.094502051653765073 0
0.42282739194063157 0.094502051653765073 0
0.44836409196349009 0.094502051653765073 0
0.4741254000745021 0.094502051653765073 0
0.5 0.094502051653765073 0
0.5258745999254979 0.094502051653765073 0
0.55163590803650986 0.094502051653765073 0
0.57717260805936843 0.094502051653765073 0
0.60237726204620989 0.094502051653765073 0
0.62714807221096514 0.094502051653765073 0
0.65139044231548282 0.094502051653765073 0
0.67501829111834966 0.094502051653765073 0
0.69795508465477685 0.094502051653765073 0
0.72013456939942966 0.094502051653765073 0
0.74150120346652226 0.094502051653765073 0
0.76201029684771626 0.094502051653765073 0
0.7816278834336059 0.094502051653765073 0
0.80033035665086971 0.094502051653765073 0
0.81810390671743383 0.094502051653765073 0
0.83494380079293773 0.094502051653765073 0
0.85085354792966716 0.094502051653765073 0
0.86584398911986449 0.094502051653765073 0
0.87993234939109699 0.094502051653765073 0
0.89314128435238316 0.094502051653765073 0
0.90549794834623487 0.094502051653765073 0
0.91703310586062647 0.094502051653765073 0
0.92778030246194998 0.094502051653765073 0
0.93777510649552542 0.094502051653765073 0
0.94705442834523168 0.094502051653765073 0
0.95565592024967883 0.094502051653765073 0
0.96361745657462106 0.094502051653765073 0
0.97097669202509573 0.094502051653765073 0
0.97777069349574575 0.094502051653765073 0
0.98403564003146671 0.094502051653765073 0
0.98980658461942195 0.094502051653765073 0
0.99511727117141735 0.094502051653765073 0
1 0.094502051653765073 0
0 0.1068587156476169 0
0.0048827288285826498 0.1068587156476169 0
0.010193415380578108 0.1068587156476169 0
0.015964359968533293 0.1068587156476169 0
0.022229306504254309 0.1068587156476169 0
0.029023307974904211 0.1068587156476169 0
0.036382543425378944 0.1068587156476169 0
0.044344079750321175 0.1068587156476169 0
0.05294557165476832 0.1068587156476169 0
0.062224893504474577 0.1068587156476169 0
0.072219697538049965 0.1068587156476169 0
0.082966894139373526 0.1068587156476169 0
0.094502051653765073 0.1068587156476169 0
0.1068587156476169 0.1068587156476169 0
0.12006765060890301 0.1068587156476169 0
0.13415601088013551 0.1068587156476169 0
0.14914645207033284 0.1068587156476169 0
0.16505619920706233 0.1068587156476169 0
0.18189609328256623 0.1068587156476169 0
0.19966964334913023 0.1068587156476169 0
0.21837211656639416 0.1068587156476169 0
0.23798970315228379 0.1068587156476169 0
0.25849879653347779 0.1068587156476169 0
0.27986543060057029 0.1068587156476169 0
0.30204491534522315 0.1068587156476169 0
0.32498170888165034 0.1068587156476169 0
0.34860955768451718 0.1068587156476169 0
0.37285192778903486 0.1068587156476169 0
0.39762273795379011 0.1068587156476169 0
0.42282739194063157 0.1068587156476169 0
0.44836409196349009 0.1068587156476169 0
0.4741254000745021 0.1068587156476169 0
0.5 0.1068587156476169 0
0.5258745999254979 0.1068587156476169 0
0.55163590803650986 0.1068587156476169 0
0.57717260805936843 0.1068587156476169 0
0.60237726204620989 0.1068587156476169 0
0.62714807221096514 0.1068587156476169 0
0.65139044231548282 0.1068587156476169 0
0.67501829111834966 0.1068587156476169 0
0.69795508465477685 0.1068587156476169 0
0.72013456939942966 0.1068587156476169 0
0.74150120346652226 0.1068587156476169 0
0.76201029684771626 0.1068587156476169 0
0.7816278834336059 0.1068587156476169 0
0.80033035665086971 0.1068587156476169 0
0.81810390671743383 0.1068587156476169 0
0.83494380079293773 0.1068587156476169 0
0.85085354792966716 0.1068587156476169 0
0.86584398911986449 0.1068587156476169 0
0.87993234939109699 0.1068587156476169 0
0.89314128435238316 0.1068587156476169 0
0.90549794834623487 0.1068587156476169 0
0.91703310586062647 0.1068587156476169 0
0.92778030246194998 0.1068587156476169 0
0.93777510649552542 0.1068587156476169 0
0.94705442834523168 0.1068587156476169 0
0.95565592024967883 0.1068587156476169 0
0.96361745657462106 0.1068587156476169 0
0.97097669202509573 0.1068587156476169 0
0.97777069349574575 0.1068587156476169 0
0.98403564003146671 0.1068587156476169 0
0.98980658461942195 0.1068587156476169 0
0.99511727117141735 0.1068587156476169 0
1 0.1068587156476169 0
0 0.12006765060890301 0
0.0048827288285826498 0.12006765060890301 0
0.010193415380578108 0.12006765060890301 0
0.015964359968533293 0.12006765060890301 0
0.022229306504254309 0.12006765060890301 0
0.029023307974904211 0.12006765060890301 0
0.036382543425378944 0.12006765060890301 0
0.044344079750321175 0.12006765060890301 0
0.05294557165476832 0.12006765060890301 0
0.062224893504474577 0.12006765060890301 0
0.072219697538049965 0.12006765060890301 0
0.082966894139373526 0.12006765060890301 0
0.094502051653765073 0.12006765060890301 0
0.1068587156476169 0.12006765060890301 0
0.12006765060890301 0.12006765060890301 0
0.13415601088013551 0.12006765060890301 0
0.14914645207033284 0.12006765060890301 0
0.16505619920706233 0.12006765060890301 0
0.18189609328256623 0.12006765060890301 0
0.19966964334913023 0.12006765060890301 0
0.21837211656639416 0.12006765060890301 0
0.23798970315228379 0.12006765060890301 0
0.25849879653347779 0.12006765060890301 0
0.27986543060057029 0.12006765060890301 0
0.30204491534522315 0.12006765060890301 0
0.32498170888165034 0.12006765060890301 0
0.34860955768451718 0.12006765060890301 0
0.37285192778903486 0.12006765060890301 0
0.39762273795379011 0.12006765060890301 0
0.42282739194063157 0.12006765060890301 0
0.44836409196349009 0.12006765060890301 0
0.4741254000745021 0.12006765060890301 0
0.5 0.12006765060890301 0
0.5258745999254979 0.12006765060890301 0
0.55163590803650986 0.12006765060890301 0
0.57717260805936843 0.12006765060890301 0
0.60237726204620989 0.12006765060890301 0
0.62714807221096514 0.12006765060890301 0
0.65139044231548282 0.12006765060890301 0
0.67501829111834966 0.12006765060890301 0
0.69795508465477685 0.12006765060890301 0
0.72013456939942966 0.12006765060890301 0
0.74150120346652226 0.12006765060890301 0
0.76201029684771626 0.12006765060890301 0
0.7816278834336059 0.12006765060890301 0
0.80033035665086971 0.12006765060890301 0
0.81810390671743383 0.12006765060890301 0
0.83494380079293773 0.12006765060890301 0
0.85085354792966716 0.12006765060890301 0
0.86584398911986449 0.12006765060890301 0
0.87993234939109699 0.12006765060890301 0
0.89314128435238316 0.12006765060890301 0
0.90549794834623487 0.12006765060890301 0
0.91703310586062647 0.12006765060890301 0
0.92778030246194998 0.12006765060890301 0
0.93777510649552542 0.12006765060890301 0
0.94705442834523168 0.12006765060890301 0
0.95565592024967883 0.12006765060890301 0
0.96361745657462106 0.12006765060890301 0
0.97097669202509573 0.12006765060890301 0
0.97777069349574575 0.12006765060890301 0
0.98403564003146671 0.12006765060890301 0
0.98980658461942195 0.12006765060890301 0
0.99511727117141735 0.12006765060890301 0
1 0.12006765060890301 0
0 0.13415601088013551 0
0.0048827288285826498 0.13415601088013551 0
0.010193415380578108 0.13415601088013551 0
0.015964359968533293 0.13415601088013551 0
0.022229306504254309 0.13415601088013551 0
0.029023307974904211 0.13415601088013551 0
0.036382543425378944 0.13415601088013551 0
0.044344079750321175 0.13415601088013551 0
0.05294557165476832 0.13415601088013551 0
0.062224893504474577 0.13415601088013551 0
0.072219697538049965 0.13415601088013551 0
0.082966894139373526 0.13415601088013551 0
0.094502051653765073 0.13415601088013551 0
0.1068587156476169 0.13415601088013551 0
0.12006765060890301 0.13415601088013551 0
0.13415601088013551 0.13415601088013551 0
0.14914645207033284 0.13415601088013551 0
0.16505619920706233 0.13415601088013551 0
0.18189609328256623 0.13415601088013551 0
0.19966964334913023 0.13415601088013551 0
0.21837211656639416 0.13415601088013551 0
0.23798970315228379 0.13415601088013551 0
0.25849879653347779 0.13415601088013551 0
0.27986543060057029 0.13415601088013551 0
0.30204491534522315 0.13415601088013551 0
0.32498170888165034 0.13415601088013551 0
0.34860955768451718 0.13415601088013551 0
0.37285192778903486 0.13415601088013551 0
0.39762273795379011 0.13415601088013551 0
0.42282739194063157 0.13415601088013551 0
0.44836409196349009 0.13415601088013551 0
0.4741254000745021 0.13415601088013551 0
0.5 0.13415601088013551 0
0.5258745999254979 0.13415601088013551 0
0.55163590803650986 0.13415601088013551 0
0.57717260805936843 0.13415601088013551 0
0.60237726204620989 0.13415601088013551 0
0.62714807221096514 0.13415601088013551 0
0.65139044231548282 0.13415601088013551 0
0.67501829111834966 0.13415601088013551 0
0.69795508465477685 0.13415601088013551 0
0.72013456939942966 0.13415601088013551 0
0.74150120346652226 0.13415601088013551 0
0.76201029684771626 0.13415601088013551 0
0.7816278834336059 0.13415601088013551 0
0.80033035665086971 0.13415601088013551 0
0.81810390671743383 0.13415601088013551 0
0.83494380079293773 0.13415601088013551 0
0.85085354792966716 0.13415601088013551 0
0.86584398911986449 0.13415601088013551 0
0.87993234939109699 0.13415601088013551 0
0.89314128435238316 0.13415601088013551 0
0.90549794834623487 0.13415601088013551 0
0.91703310586062647 0.13415601088013551 0
0.92778030246194998 0.13415601088013551 0
0.93777510649552542 0.13415601088013551 0
0.94705442834523168 0.13415601088013551 0
0.95565592024967883 0.13415601088013551 0
0.96361745657462106 0.13415601088013551 0
0.97097669202509573 0.13415601088013551 0
0.97777069349574575 0.13415601088013551 0
0.98403564003146671 0.13415601088013551 0
0.98980658461942195 0.13415601088013551 0
0.99511727117141735 0.13415601088013551 0
1 0.13415601088013551 0
0 0.14914645207033284 0
0.0048827288285826498 0.14914645207033284 0
0.010193415380578108 0.14914645207033284 0
0.015964359968533293 0.14914645207033284 0
0.022229306504254309 0.14914645207033284 0
0.029023307974904211 0.14914645207033284 0
0.036382543425378944 0.14914645207033284 0
0.044344079750321175 0.14914645207033284 0
0.05294557165476832 0.14914645207033284 0
0.062224893504474577 0.14914645207033284 0
0.072219697538049965 0.14914645207033284 0
0.082966894139373526 0.14914645207033284 0
0.094502051653765073 0.14914645207033284 0
0.1068587156476169 0.14914645207033284 0
0.12006765060890301 0.14914645207033284 0
0.13415601088013551 0.14914645207033284 0
0.14914645207033284 0.14914645207033284 0
0.16505619920706233 0.14914645207033284 0
0.18189609328256623 0.14914645207033284 0
0.19966964334913023 0.14914645207033284 0
0.21837211656639416 0.14914645207033284 0
0.23798970315228379 0.14914645207033284 0
0.25849879653347779 0.14914645207033284 0
0.27986543060057029 0.14914645207033284 0
0.30204491534522315 0.14914645207033284 0
0.32498170888165034 0.14914645207033284 0
0.34860955768451718 0.14914645207033284 0
0.37285192778903486 0.14914645207033284 0
0.39762273795379011 0.14914645207033284 0
0.42282739194063157 0.14914645207033284 0
0.44836409196349009 0.14914645207033284 0
0.4741254000745021 0.14914645207033284 0
0.5 0.14914645207033284 0
0.5258745999254979 0.14914645207033284 0
0.55163590803650986 0.14914645207033284 0
0.57717260805936843 0.14914645207033284 0
0.60237726204620989 0.14914645207033284 0
0.62714807221096514 0.14914645207033284 0
0.65139044231548282 0.14914645207033284 0
0.67501829111834966 0.14914645207033284 0
0.69795508465477685 0.14914645207033284 0
0.72013456939942966 0.14914645207033284 0
0.74150120346652226 0.14914645207033284 0
0.76201029684771626 0.14914645207033284 0
0.7816278834336059 0.14914645207033284 0
0.80033035665086971 0.14914645207033284 0
0.81810390671743383 0.14914645207033284 0
0.83494380079293773 0.14914645207033284 0
0.85085354792966716 0.14914645207033284 0
0.86584398911986449 0.14914645207033284 0
0.87993234939109699 0.14914645207033284 0
0.89314128435238316 0.14914645207033284 0
0.90549794834623487 0.14914645207033284 0
0.91703310586062647 0.14914645207033284 0
0.92778030246194998 0.14914645207033284 0
0.93777510649552542 0.14914645207033284 0
0.94705442834523168 0.14914645207033284 0
0.95565592024967883 0.14914645207033284 0
0.96361745657462106 0.14914645207033284 0
0.97097669202509573 0.14914645207033284 0
0.97777069349574575 0.14914645207033284 0
0.98403564003146671 0.14914645207033284 0
0.98980658461942195 0.14914645207033284 0
0.99511727117141735 0.14914645207033284 0
1 0.14914645207033284 0
0 0.16505619920706233 0
0.0048827288285826498 0.16505619920706233 0
0.010193415380578108 0.16505619920706233 0
0.015964359968533293 0.16505619920706233 0
0.022229306504254309 0.16505619920706233 0
0.029023307974904211 0.16505619920706233 0
0.036382543425378944 0.16505619920706233 0
0.044344079750321175 0.16505619920706233 0
0.05294557165476832 0.16505619920706233 0
0.062224893504474577 0.16505619920706233 0
0.072219697538049965 0.16505619920706233 0
0.082966894139373526 0.16505619920706233 0
0.094502051653765073 0.16505619920706233 0
0.1068587156476169 0.16505619920706233 0
0.12006765060890301 0.16505619920706233 0
0.13415601088013551 0.16505619920706233 0
0.14914645207033284 0.16505619920706233 0
0.16505619920706233 0.16505619920706233 0
0.18189609328256623 0.16505619920706233 0
0.19966964334913023 0.16505619920706233 0
0.21837211656639416 0.16505619920706233 0
0.23798970315228379 0.16505619920706233 0
0.25849879653347779 0.16505619920706233 0
0.27986543060057029 0.16505619920706233 0
0.30204491534522315 0.16505619920706233 0
0.32498170888165034 0.16505619920706233 0
0.34860955768451718 0.16505619920706233 0
0.37285192778903486 0.16505619920706233 0
0.39762273795379011 0.16505619920706233 0
0.42282739194063157 0.16505619920706233 0
0.44836409196349009 0.16505619920706233 0
0.4741254000745021 0.16505619920706233 0
0.5 0.16505619920706233 0
0.5258745999254979 0.16505619920706233 0
0.55163590803650986 0.16505619920706233 0
0.57717260805936843 0.16505619920706233 0
0.60237726204620989 0.16505619920706233 0
0.62714807221096514 0.16505619920706233 0
0.65139044231548282 0.16505619920706233 0
0.67501829111834966 0.16505619920706233 0
0.69795508465477685 0.16505619920706233 0
0.72013456939942966 0.16505619920706233 0
0.74150120346652226 0.16505619920706233 0
0.76201029684771626 0.16505619920706233 0
0.7816278834336059 0.16505619920706233 0
0.80033035665086971 0.16505619920706233 0
0.81810390671743383 0.16505619920706233 0
0.83494380079293773 0.16505619920706233 0
0.85085354792966716 0.16505619920706233 0
0.86584398911986449 0.16505619920706233 0
0.87993234939109699 0.16505619920706233 0
0.89314128435238316 0.16505619920706233 0
0.90549794834623487 0.16505619920706233 0
0.91703310586062647 0.16505619920706233 0
0.92778030246194998 0.16505619920706233 0
0.93777510649552542 0.16505619920706233 0
0.94705442834523168 0.16505619920706233 0
0.95565592024967883 0.16505619920706233 0
0.96361745657462106 0.16505619920706233 0
0.97097669202509573 0.16505619920706233 0
0.97777069349574575 0.16505619920706233 0
0.98403564003146671 0.16505619920706233 0
0.98980658461942195 0.16505619920706233 0
0.99511727117141735 0.16505619920706233 0
1 0.16505619920706233 0
0 0.18189609328256623 0
0.0048827288285826498 0.18189609328256623 0
0.010193415380578108 0.18189609328256623 0
0.015964359968533293 0.18189609328256623 0
0.022229306504254309 0.18189609328256623 0
0.029023307974904211 0.18189609328256623 0
0.036382543425378944 0.18189609328256623 0
0.044344079750321175 0.18189609328256623 0
0.05294557165476832 0.18189609328256623 0
0.062224893504474577 0.18189609328256623 0
0.072219697538049965 0.18189609328256623 0
0.082966894139373526 0.18189609328256623 0
0.094502051653765073 0.18189609328256623 0
0.1068587156476169 0.18189609328256623 0
0.12006765060890301 0.18189609328256623 0
0.13415601088013551 0.18189609328256623 0
0.14914645207033284 0.18189609328256623 0
0.16505619920706233 0.18189609328256623 0
0.18189609328256623 0.18189609328256623 0
0.19966964334913023 0.18189609328256623 0
0.21837211656639416 0.18189609328256623 0
0.23798970315228379 0.18189609328256623 0
0.25849879653347779 0.18189609328256623 0
0.27986543060057029 0.18189609328256623 0
0.30204491534522315 0.18189609328256623 0
0.32498170888165034 0.18189609328256623 0
0.34860955768451718 0.18189609328256623 0
0.37285192778903486 0.18189609328256623 0
0.39762273795379011 0.18189609328256623 0
0.42282739194063157 0.18189609328256623 0
0.44836409196349009 0.18189609328256623 0
0.4741254000745021 0.18189609328256623 0
0.5 0.18189609328256623 0
0.5258745999254979 0.18189609328256623 0
0.55163590803650986 0.18189609328256623 0
0.57717260805936843 0.18189609328256623 0
0.60237726204620989 0.18189609328256623 0
0.62714807221096514 0.18189609328256623 0
0.65139044231548282 0.18189609328256623 0
0.67501829111834966 0.18189609328256623 0
0.69795508465477685 0.18189609328256623 0
0.72013456939942966 0.18189609328256623 0
0.74150120346652226 0.18189609328256623 0
0.76201029684771626 0.18189609328256623 0
0.7816278834336059 0.18189609328256623 0
0.80033035665086971 0.18189609328256623 0
0.81810390671743383 0.18189609328256623 0
0.83494380079293773 0.18189609328256623 0
0.85085354792966716 0.18189609328256623 0
0.86584398911986449 0.18189609328256623 0
0.87993234939109699 0.18189609328256623 0
0.89314128435238316 0.18189609328256623 0
0.90549794834623487 0.18189609328256623 0
0.91703310586062647 0.18189609328256623 0
0.92778030246194998 0.18189609328256623 0
0.93777510649552542 0.18189609328256623 0
0.94705442834523168 0.18189609328256623 0
0.95565592024967883 0.18189609328256623 0
0.96361745657462106 0.18189609328256623 0
0.97097669202509573 0.18189609328256623 0
0.97777069349574575 0.18189609328256623 0
0.98403564003146671 0.18189609328256623 0
0.98980658461942195 0.18189609328256623 0
0.99511727117141735 0.18189609328256623 0
1 0.18189609328256623 0
0 0.19966964334913023 0
0.0048827288285826498 0.19966964334913023 0
0.010193415380578108 0.19966964334913023 0
0.015964359968533293 0.19966964334913023 0
0.022229306504254309 0.19966964334913023 0
0.029023307974904211 0.19966964334913023 0
0.036382543425378944 0.19966964334913023 0
0.044344079750321175 0.19966964334913023 0
0.05294557165476832 0.19966964334913023 0
0.062224893504474577 0.19966964334913023 0
0.072219697538049965 0.19966964334913023 0
0.082966894139373526 0.19966964334913023 0
0.094502051653765073 0.19966964334913023 0
0.1068587156476169 0.19966964334913023 0
0.12006765060890301 0.19966964334913023 0
0.13415601088013551 0.19966964334913023 0
0.14914645207033284 0.19966964334913023 0
0.16505619920706233 0.19966964334913023 0
0.18189609328256623 0.19966964334913023 0
0.19966964334913023 0.19966964334913023 0
0.21837211656639416 0.19966964334913023 0
0.23798970315228379 0.19966964334913023 0
0.25849879653347779 0.19966964334913023 0
0.27986543060057029 0.19966964334913023 0
0.30204491534522315 0.19966964334913023 0
0.32498170888165034 0.19966964334913023 0
0.34860955768451718 0.19966964334913023 0
0.37285192778903486 0.19966964334913023 0
0.39762273795379011 0.19966964334913023 0
0.42282739194063157 0.19966964334913023 0
0.44836409196349009 0.19966964334913023 0
0.4741254000745021 0.19966964334913023 0
0.5 0.19966964334913023 0
0.5258745999254979 0.19966964334913023 0
0.55163590803650986 0.19966964334913023 0
0.57717260805936843 0.19966964334913023 0
0.60237726204620989 0.19966964334913023 0
0.62714807221096514 0.19966964334913023 0
0.65139044231548282 0.19966964334913023 0
0.67501829111834966 0.19966964334913023 0
0.69795508465477685 0.19966964334913023 0
0.72013456939942966 0.19966964334913023 0
0.74150120346652226 0.19966964334913023 0
0.76201029684771626 0.19966964334913023 0
0.7816278834336059 0.19966964334913023 0
0.80033035665086971 0.19966964334913023 0
0.81810390671743383 0.19966964334913023 0
0.83494380079293773 0.19966964334913023 0
0.85085354792966716 0.19966964334913023 0
0.86584398911986449 0.19966964334913023 0
0.87993234939109699 0.19966964334913023 0
0.89314128435238316 0.19966964334913023 0
0.90549794834623487 0.19966964334913023 0
0.91703310586062647 0.19966964334913023 0
0.92778030246194998 0.19966964334913023 0
0.93777510649552542 0.19966964334913023 0
0.94705442834523168 0.19966964334913023 0
0.95565592024967883 0.19966964334913023 0
0.96361745657462106 0.19966964334913023 0
0.97097669202509573 0.19966964334913023 0
0.97777069349574575 0.19966964334913023 0
0.98403564003146671 0.19966964334913023 0
0.98980658461942195 0.19966964334913023 0
0.99511727117141735 0.19966964334913023 0
1 0.19966964334913023 0
0 0.21837211656639416 0
0.0048827288285826498 0.21837211656639416 0
0.010193415380578108 0.21837211656639416 0
0.015964359968533293 0.21837211656639416 0
0.022229306504254309 0.21837211656639416 0
0.029023307974904211 0.21837211656639416 0
0.036382543425378944 0.21837211656639416 0
0.044344079750321175 0.21837211656639416 0
0.05294557165476832 0.21837211656639416 0
0.062224893504474577 0.21837211656639416 0
0.072219697538049965 0.21837211656639416 0
0.082966894139373526 0.21837211656639416 0
0.094502051653765073 0.21837211656639416 0
0.1068587156476169 0.21837211656639416 0
0.12006765060890301 0.21837211656639416 0
0.13415601088013551 0.21837211656639416 0
0.14914645207033284 0.21837211656639416 0
0.16505619920706233 0.21837211656639416 0
0.18189609328256623 0.21837211656639416 0
0.19966964334913023 0.21837211656639416 0
0.21837211656639416 0.21837211656639416 0
0.23798970315228379 0.21837211656639416 0
0.25849879653347779 0.21837211656639416 0
0.27986543060057029 0.21837211656639416 0
0.30204491534522315 0.21837211656639416 0
0.32498170888165034 0.21837211656639416 0
0.34860955768451718 0.21837211656639416 0
0.37285192778903486 0.21837211656639416 0
0.39762273795379011 0.21837211656639416 0
0.42282739194063157 0.21837211656639416 0
0.44836409196349009 0.21837211656639416 0
0.4741254000745021 0.21837211656639416 0
0.5 0.21837211656639416 0
0.5258745999254979 0.21837211656639416 0
0.55163590803650986 0.21837211656639416 0
0.57717260805936843 0.21837211656639416 0
0.60237726204620989 0.21837211656639416 0
0.62714807221096514 0.21837211656639416 0
0.65139044231548282 0.21837211656639416 0
0.67501829111834966 0.21837211656639416 0
0.69795508465477685 0.21837211656639416 0
0.72013456939942966 0.21837211656639416 0
0.74150120346652226 0.21837211656639416 0
0.76201029684771626 0.21837211656639416 0
0.7816278834336059 0.21837211656639416 0
0.80033035665086971 0.21837211656639416 0
0.81810390671743383 0.21837211656639416 0
0.83494380079293773 0.21837211656639416 0
0.85085354792966716 0.21837211656639416 0
0.86584398911986449 0.21837211656639416 0
0.87993234939109699 0.21837211656639416 0
0.89314128435238316 0.21837211656639416 0
0.90549794834623487 0.21837211656639416 0
0.91703310586062647 0.21837211656639416 0
0.92778030246194998 0.21837211656639416 0
0.93777510649552542 0.21837211656639416 0
0.94705442834523168 0.21837211656639416 0
0.95565592024967883 0.21837211656639416 0
0.96361745657462106 0.21837211656639416 0
0.97097669202509573 0.21837211656639416 0
0.97777069349574575 0.21837211656639416 0
0.98403564003146671 0.21837211656639416 0
0.98980658461942195 0.21837211656639416 0
0.99511727117141735 0.21837211656639416 0
1 0.21837211656639416 0
0 0.23798970315228379 0
0.0048827288285826498 0.23798970315228379 0
0.010193415380578108 0.23798970315228379 0
0.015964359968533293 0.23798970315228379 0
0.022229306504254309 0.23798970315228379 0
0.029023307974904211 0.23798970315228379 0
0.036382543425378944 0.23798970315228379 0
0.044344079750321175 0.23798970315228379 0
0.05294557165476832 0.23798970315228379 0
0.062224893504474577 0.23798970315228379 0
0.072219697538049965 0.23798970315228379 0
0.082966894139373526 0.23798970315228379 0
0.094502051653765073 0.23798970315228379 0
0.1068587156476169 0.23798970315228379 0
0.12006765060890301 0.23798970315228379 0
0.13415601088013551 0.23798970315228379 0
0.14914645207033284 0.23798970315228379 0
0.16505619920706233 0.23798970315228379 0
0.18189609328256623 0.23798970315228379 0
0.19966964334913023 0.23798970315228379 0
0.21837211656639416 0.23798970315228379 0
0.23798970315228379 0.23798970315228379 0
0.25849879653347779 0.23798970315228379 0
0.27986543060057029 0.23798970315228379 0
0.30204491534522315 0.23798970315228379 0
0.32498170888165034 0.23798970315228379 0
0.34860955768451718 0.23798970315228379 0
0.37285192778903486 0.23798970315228379 0
0.39762273795379011 0.23798970315228379 0
0.42282739194063157 0.23798970315228379 0
0.44836409196349009 0.23798970315228379 0
0.4741254000745021 0.23798970315228379 0
0.5 0.23798970315228379 0
0.5258745999254979 0.23798970315228379 0
0.55163590803650986 0.23798970315228379 0
0.57717260805936843 0.23798970315228379 0
0.60237726204620989 0.23798970315228379 0
0.62714807221096514 0.23798970315228379 0
0.65139044231548282 0.23798970315228379 0
0.67501829111834966 0.23798970315228379 0
0.69795508465477685 0.23798970315228379 0
0.72013456939942966 0.23798970315228379 0
0.74150120346652226 0.23798970315228379 0
0.76201029684771626 0.23798970315228379 0
0.7816278834336059 0.23798970315228379 0
0.80033035665086971 0.23798970315228379 0
0.81810390671743383 0.23798970315228379 0
0.83494380079293773 0.23798970315228379 0
0.85085354792966716 0.23798970315228379 0
0.86584398911986449 0.23798970315228379 0
0.87993234939109699 0.23798970315228379 0
0.89314128435238316 0.23798970315228379 0
0.90549794834623487 0.23798970315228379 0
0.91703310586062647 0.23798970315228379 0
0.92778030246194998 0.23798970315228379 0
0.93777510649552542 0.23798970315228379 0
0.94705442834523168 0.23798970315228379 0
0.95565592024967883 0.23798970315228379 0
0.96361745657462106 0.23798970315228379 0
0.97097669202509573 0.23798970315228379 0
0.97777069349574575 0.23798970315228379 0
0.98403564003146671 0.23798970315228379 0
0.98980658461942195 0.23798970315228379 0
0.99511727117141735 0.23798970315228379 0
1 0.23798970315228379 0
0 0.25849879653347779 0
0.0048827288285826498 0.25849879653347779 0
0.010193415380578108 0.25849879653347779 0
0.015964359968533293 0.25849879653347779 0
0.022229306504254309 0.25849879653347779 0
0.029023307974904211 0.25849879653347779 0
0.036382543425378944 0.25849879653347779 0
0.044344079750321175 0.25849879653347779 0
0.05294557165476832 0.25849879653347779 0
0.062224893504474577 0.25849879653347779 0
0.072219697538049965 0.25849879653347779 0
0.082966894139373526 0.25849879653347779 0
0.094502051653765073 0.25849879653347779 0
0.1068587156476169 0.25849879653347779 0
0.12006765060890301 0.25849879653347779 0
0.13415601088013551 0.25849879653347779 0
0.14914645207033284 0.25849879653347779 0
0.16505619920706233 0.25849879653347779 0
0.18189609328256623 0.25849879653347779 0
0.19966964334913023 0.25849879653347779 0
0.21837211656639416 0.25849879653347779 0
0.23798970315228379 0.25849879653347779 0
0.25849879653347779 0.25849879653347779 0
0.27986543060057029 0.25849879653347779 0
0.30204491534522315 0.25849879653347779 0
0.32498170888165034 0.25849879653347779 0
0.34860955768451718 0.25849879653347779 0
0.37285192778903486 0.25849879653347779 0
0.39762273795379011 0.25849879653347779 0
0.42282739194063157 0.25849879653347779 0
0.44836409196349009 0.25849879653347779 0
0.4741254000745021 0.25849879653347779 0
0.5 0.25849879653347779 0
0.5258745999254979 0.25849879653347779 0
0.55163590803650986 0.25849879653347779 0
0.57717260805936843 0.25849879653347779 0
0.60237726204620989 0.25849879653347779 0
0.62714807221096514 0.25849879653347779 0
0.65139044231548282 0.25849879653347779 0
0.67501829111834966 0.25849879653347779 0
0.69795508465477685 0.25849879653347779 0
0.72013456939942966 0.25849879653347779 0
0.74150120346652226 0.25849879653347779 0
0.76201029684771626 0.25849879653347779 0
0.7816278834336059 0.25849879653347779 0
0.80033035665086971 0.25849879653347779 0
0.81810390671743383 0.25849879653347779 0
0.83494380079293773 0.25849879653347779 0
0.85085354792966716 0.25849879653347779 0
0.86584398911986449 0.25849879653347779 0
0.87993234939109699 0.25849879653347779 0
0.89314128435238316 0.25849879653347779 0
0.90549794834623487 0.25849879653347779 0
0.91703310586062647 0.25849879653347779 0
0.92778030246194998 0.25849879653347779 0
0.93777510649552542 0.25849879653347779 0
0.94705442834523168 0.25849879653347779 0
0.95565592024967883 0.25849879653347779 0
0.96361745657462106 0.25849879653347779 0
0.97097669202509573 0.25849879653347779 0
0.97777069349574575 0.25849879653347779 0
0.98403564003146671 0.25849879653347779 0
0.98980658461942195 0.25849879653347779 0
0.99511727117141735 0.25849879653347779 0
1 0.25849879653347779 0
0 0.27986543060057029 0
0.0048827288285826498 0.27986543060057029 0
0.010193415380578108 0.27986543060057029 0
0.015964359968533293 0.27986543060057029 0
0.022229306504254309 0.27986543060057029 0
0.029023307974904211 0.27986543060057029 0
0.036382543425378944 0.27986543060057029 0
0.044344079750321175 0.27986543060057029 0
0.05294557165476832 0.27986543060057029 0
0.062224893504474577 0.27986543060057029 0
0.072219697538049965 0.27986543060057029 0
0.082966894139373526 0.27986543060057029 0
0.094502051653765073 0.27986543060057029 0
0.1068587156476169 0.27986543060057029 0
0.12006765060890301 0.27986543060057029 0
0.13415601088013551 0.27986543060057029 0
0.14914645207033284 0.27986543060057029 0
0.16505619920706233 0.27986543060057029 0
0.18189609328256623 0.27986543060057029 0
0.19966964334913023 0.27986543060057029 0
0.21837211656639416 0.27986543060057029 0
0.23798970315228379 0.27986543060057029 0
0.25849879653347779 0.27986543060057029 0
0.27986543060057029 0.27986543060057029 0
0.30204491534522315 0.27986543060057029 0
0.32498170888165034 0.27986543060057029 0
0.34860955768451718 0.27986543060057029 0
0.37285192778903486 0.27986543060057029 0
0.39762273795379011 0.27986543060057029 0
0.42282739194063157 0.27986543060057029 0
0.44836409196349009 0.27986543060057029 0
0.4741254000745021 0.27986543060057029 0
0.5 0.27986543060057029 0
0.5258745999254979 0.27986543060057029 0
0.55163590803650986 0.27986543060057029 0
0.57717260805936843 0.27986543060057029 0
0.60237726204620989 0.27986543060057029 0
0.62714807221096514 0.27986543060057029 0
0.65139044231548282 0.27986543060057029 0
0.67501829111834966 0.27986543060057029 0
0.69795508465477685 0.27986543060057029 0
0.72013456939942966 0.27986543060057029 0
0.74150120346652226 0.27986543060057029 0
0.76201029684771626 0.27986543060057029 0
0.7816278834336059 0.27986543060057029 0
0.80033035665086971 0.27986543060057029 0
0.81810390671743383 0.27986543060057029 0
0.83494380079293773 0.27986543060057029 0
0.85085354792966716 0.27986543060057029 0
0.86584398911986449 0.27986543060057029 0
0.87993234939109699 0.27986543060057029 0
0.89314128435238316 0.27986543060057029 0
0.90549794834623487 0.27986543060057029 0
0.91703310586062647 0.27986543060057029 0
0.92778030246194998 0.27986543060057029 0
0.93777510649552542 0.27986543060057029 0
0.94705442834523168 0.27986543060057029 0
0.95565592024967883 0.27986543060057029 0
0.96361745657462106 0.27986543060057029 0
0.97097669202509573 0.27986543060057029 0
0.97777069349574575 0.27986543060057029 0
0.98403564003146671 0.27986543060057029 0
0.98980658461942195 0.27986543060057029 0
0.99511727117141735 0.27986543060057029 0
1 0.27986543060057029 0
0 0.30204491534522315 0
0.0048827288285826498 0.30204491534522315 0
0.010193415380578108 0.30204491534522315 0
0.015964359968533293 0.30204491534522315 0
0.022229306504254309 0.30204491534522315 0
0.029023307974904211 0.30204491534522315 0
0.036382543425378944 0.30204491534522315 0
0.044344079750321175 0.30204491534522315 0
0.05294557165476832 0.30204491534522315 0
0.062224893504474577 0.30204491534522315 0
0.072219697538049965 0.30204491534522315 0
0.082966894139373526 0.30204491534522315 0
0.094502051653765073 0.30204491534522315 0
0.1068587156476169 0.30204491534522315 0
0.12006765060890301 0.30204491534522315 0
0.13415601088013551 0.30204491534522315 0
0.14914645207033284 0.30204491534522315 0
0.16505619920706233 0.30204491534522315 0
0.18189609328256623 0.30204491534522315 0
0.19966964334913023 0.30204491534522315 0
0.21837211656639416 0.30204491534522315 0
0.23798970315228379 0.30204491534522315 0
0.25849879653347779 0.30204491534522315 0
0.27986543060057029 0.30204491534522315 0
0.30204491534522315 0.30204491534522315 0
0.32498170888165034 0.30204491534522315 0
0.34860955768451718 0.30204491534522315 0
0.37285192778903486 0.30204491534522315 0
0.39762273795379011 0.30204491534522315 0
0.42282739194063157 0.30204491534522315 0
0.44836409196349009 0.30204491534522315 0
0.4741254000745021 0.30204491534522315 0
0.5 0.30204491534522315 0
0.5258745999254979 0.30204491534522315 0
0.55163590803650986 0.30204491534522315 0
0.57717260805936843 0.30204491534522315 0
0.60237726204620989 0.30204491534522315 0
0.62714807221096514 0.30204491534522315 0
0.65139044231548282 0.30204491534522315 0
0.67501829111834966 0.30204491534522315 0
0.69795508465477685 0.30204491534522315 0
0.72013456939942966 0.30204491534522315 0
0.74150120346652226 0.30204491534522315 0
0.76201029684771626 0.30204491534522315 0
0.7816278834336059 0.30204491534522315 0
0.80033035665086971 0.30204491534522315 0
0.81810390671743383 0.30204491534522315 0
0.83494380079293773 0.30204491534522315 0
0.85085354792966716 0.30204491534522315 0
0.86584398911986449 0.30204491534522315 0
0.87993234939109699 0.30204491534522315 0
0.89314128435238316 0.30204491534522315 0
0.90549794834623487 0.30204491534522315 0
0.91703310586062647 0.30204491534522315 0
0.92778030246194998 0.30204491534522315 0
0.93777510649552542 0.30204491534522315 0
0.94705442834523168 0.30204491534522315 0
0.95565592024967883 0.30204491534522315 0
0.96361745657462106 0.30204491534522315 0
0.97097669202509573 0.30204491534522315 0
0.97777069349574575 0.30204491534522315 0
0.98403564003146671 0.30204491534522315 0
0.98980658461942195 0.30204491534522315 0
0.99511727117141735 0.30204491534522315 0
1 0.30204491534522315 0
0 0.32498170888165034 0
0.0048827288285826498 0.32498170888165034 0
0.010193415380578108 0.32498170888165034 0
0.015964359968533293 0.32498170888165034 0
0.022229306504254309 0.32498170888165034 0
0.029023307974904211 0.32498170888165034 0
0.036382543425378944 0.32498170888165034 0
0.044344079750321175 0.32498170888165034 0
0.05294557165476832 0.32498170888165034 0
0.062224893504474577 0.32498170888165034 0
0.072219697538049965 0.32498170888165034 0
0.082966894139373526 0.32498170888165034 0
0.094502051653765073 0.32498170888165034 0
0.1068587156476169 0.32498170888165034 0
0.12006765060890301 0.32498170888165034 0
0.13415601088013551 0.32498170888165034 0
0.14914645207033284 0.32498170888165034 0
0.16505619920706233 0.32498170888165034 0
0.18189609328256623 0.32498170888165034 0
0.19966964334913023 0.32498170888165034 0
0.21837211656639416 0.32498170888165034 0
0.23798970315228379 0.32498170888165034 0
0.25849879653347779 0.32498170888165034 0
0.27986543060057029 0.32498170888165034 0
0.30204491534522315 0.32498170888165034 0
0.32498170888165034 0.32498170888165034 0
0.34860955768451718 0.32498170888165034 0
0.37285192778903486 0.32498170888165034 0
0.39762273795379011 0.32498170888165034 0
0.42282739194063157 0.32498170888165034 0
0.44836409196349009 0.32498170888165034 0
0.4741254000745021 0.32498170888165034 0
0.5 0.32498170888165034 0
0.5258745999254979 0.32498170888165034 0
0.55163590803650986 0.32498170888165034 0
0.57717260805936843 0.32498170888165034 0
0.60237726204620989 0.32498170888165034 0
0.62714807221096514 0.32498170888165034 0
0.65139044231548282 0.32498170888165034 0
0.67501829111834966 0.32498170888165034 0
0.69795508465477685 0.32498170888165034 0
0.72013456939942966 0.32498170888165034 0
0.74150120346652226 0.32498170888165034 0
0.76201029684771626 0.32498170888165034 0
0.7816278834336059 0.32498170888165034 0
0.80033035665086971 0.32498170888165034 0
0.81810390671743383 0.32498170888165034 0
0.83494380079293773 0.32498170888165034 0
0.85085354792966716 0.32498170888165034 0
0.86584398911986449 0.32498170888165034 0
0.87993234939109699 0.32498170888165034 0
0.89314128435238316 0.32498170888165034 0
0.90549794834623487 0.32498170888165034 0
0.91703310586062647 0.32498170888165034 0
0.92778030246194998 0.32498170888165034 0
0.93777510649552542 0.32498170888165034 0
0.94705442834523168 0.32498170888165034 0
0.95565592024967883 0.32498170888165034 0
0.96361745657462106 0.32498170888165034 0
0.97097669202509573 0.32498170888165034 0
0.97777069349574575 0.32498170888165034 0
0.98403564003146671 0.32498170888165034 0
0.98980658461942195 0.32498170888165034 0
0.99511727117141735 0.32498170888165034 0
1 0.32498170888165034 0
0 0.34860955768451718 0
0.0048827288285826498 0.34860955768451718 0
0.010193415380578108 0.34860955768451718 0
0.015964359968533293 0.34860955768451718 0
0.022229306504254309 0.34860955768451718 0
0.029023307974904211 0.34860955768451718 0
0.036382543425378944 0.34860955768451718 0
0.044344079750321175 0.34860955768451718 0
0.05294557165476832 0.34860955768451718 0
0.062224893504474577 0.34860955768451718 0
0.072219697538049965 0.34860955768451718 0
0.082966894139373526 0.34860955768451718 0
0.094502051653765073 0.34860955768451718 0
0.1068587156476169 0.34860955768451718 0
0.12006765060890301 0.34860955768451718 0
0.13415601088013551 0.34860955768451718 0
0.14914645207033284 0.34860955768451718 0
0.16505619920706233 0.34860955768451718 0
0.18189609328256623 0.34860955768451718 0
0.19966964334913023 0.34860955768451718 0
0.21837211656639416 0.34860955768451718 0
0.23798970315228379 0.34860955768451718 0
0.25849879653347779 0.34860955768451718 0
0.27986543060057029 0.34860955768451718 0
0.30204491534522315 0.34860955768451718 0
0.32498170888165034 0.34860955768451718 0
0.34860955768451718 0.34860955768451718 0
0.37285192778903486 0.34860955768451718 0
0.39762273795379011 0.34860955768451718 0
0.42282739194063157 0.34860955768451718 0
0.44836409196349009 0.34860955768451718 0
0.4741254000745021 0.34860955768451718 0
0.5 0.34860955768451718 0
0.5258745999254979 0.34860955768451718 0
0.55163590803650986 0.34860955768451718 0
0.57717260805936843 0.34860955768451718 0
0.60237726204620989 0.34860955768451718 0
0.62714807221096514 0.34860955768451718 0
0.65139044231548282 0.34860955768451718 0
0.67501829111834966 0.34860955768451718 0
0.69795508465477685 0.34860955768451718 0
0.72013456939942966 0.34860955768451718 0
0.74150120346652226 0.34860955768451718 0
0.76201029684771626 0.34860955768451718 0
0.7816278834336059 0.34860955768451718 0
0.80033035665086971 0.34860955768451718 0
0.81810390671743383 0.34860955768451718 0
0.83494380079293773 0.34860955768451718 0
0.85085354792966716 0.34860955768451718 0
0.86584398911986449 0.34860955768451718 0
0.87993234939109699 0.34860955768451718 0
0.89314128435238316 0.34860955768451718 0
0.90549794834623487 0.34860955768451718 0
0.91703310586062647 0.34860955768451718 0
0.92778030246194998 0.34860955768451718 0
0.93777510649552542 0.34860955768451718 0
0.94705442834523168 0.34860955768451718 0
0.95565592024967883 0.34860955768451718 0
0.96361745657462106 0.34860955768451718 0
0.97097669202509573 0.34860955768451718 0
0.97777069349574575 0.34860955768451718 0
0.98403564003146671 0.34860955768451718 0
0.98980658461942195 0.34860955768451718 0
0.99511727117141735 0.34860955768451718 0
1 0.34860955768451718 0
0 0.37285192778903486 0
0.0048827288285826498 0.37285192778903486 0
0.010193415380578108 0.37285192778903486 0
0.015964359968533293 0.37285192778903486 0
0.022229306504254309 0.37285192778903486 0
0.029023307974904211 0.37285192778903486 0
0.036382543425378944 0.37285192778903486 0
0.044344079750321175 0.37285192778903486 0
0.05294557165476832 0.37285192778903486 0
0.062224893504474577 0.37285192778903486 0
0.072219697538049965 0.37285192778903486 0
0.082966894139373526 0.37285192778903486 0
0.094502051653765073 0.37285192778903486 0
0.1068587156476169 0.37285192778903486 0
0.12006765060890301 0.37285192778903486 0
0.13415601088013551 0.37285192778903486 0
0.14914645207033284 0.37285192778903486 0
0.16505619920706233 0.37285192778903486 0
0.18189609328256623 0.37285192778903486 0
0.19966964334913023 0.37285192778903486 0
0.21837211656639416 0.37285192778903486 0
0.23798970315228379 0.37285192778903486 0
0.25849879653347779 0.37285192778903486 0
0.27986543060057029 0.37285192778903486 0
0.30204491534522315 0.37285192778903486 0
0.32498170888165034 0.37285192778903486 0
0.34860955768451718 0.37285192778903486 0
0.37285192778903486 0.37285192778903486 0
0.39762273795379011 0.37285192778903486 0
0.42282739194063157 0.37285192778903486 0
0.44836409196349009 0.37285192778903486 0
0.4741254000745021 0.37285192778903486 0
0.5 0.37285192778903486 0
0.5258745999254979 0.37285192778903486 0
0.55163590803650986 0.37285192778903486 0
0.57717260805936843 0.37285192778903486 0
0.60237726204620989 0.37285192778903486 0
0.62714807221096514 0.37285192778903486 0
0.65139044231548282 0.37285192778903486 0
0.67501829111834966 0.37285192778903486 0
0.69795508465477685 0.37285192778903486 0
0.72013456939942966 0.37285192778903486 0
0.74150120346652226 0.37285192778903486 0
0.76201029684771626 0.37285192778903486 0
0.7816278834336059 0.37285192778903486 0
0.80033035665086971 0.37285192778903486 0
0.81810390671743383 0.37285192778903486 0
0.83494380079293773 0.37285192778903486 0
0.85085354792966716 0.37285192778903486 0
0.86584398911986449 0.37285192778903486 0
0.87993234939109699 0.37285192778903486 0
0.89314128435238316 0.37285192778903486 0
0.90549794834623487 0.37285192778903486 0
0.91703310586062647 0.37285192778903486 0
0.92778030246194998 0.37285192778903486 0
0.93777510649552542 0.37285192778903486 0
0.94705442834523168 0.37285192778903486 0
0.95565592024967883 0.37285192778903486 0
0.96361745657462106 0.37285192778903486 0
0.97097669202509573 0.37285192778903486 0
0.97777069349574575 0.37285192778903486 0
0.98403564003146671 0.37285192778903486 0
0.98980658461942195 0.37285192778903486 0
0.99511727117141735 0.37285192778903486 0
1 0.37285192778903486 0
0 0.39762273795379011 0
0.0048827288285826498 0.39762273795379011 0
0.010193415380578108 0.39762273795379011 0
0.015964359968533293 0.39762273795379011 0
0.022229306504254309 0.39762273795379011 0
0.029023307974904211 0.39762273795379011 0
0.036382543425378944 0.39762273795379011 0
0.044344079750321175 0.39762273795379011 0
0.05294557165476832 0.39762273795379011 0
0.062224893504474577 0.39762273795379011 0
0.072219697538049965 0.39762273795379011 0
0.082966894139373526 0.39762273795379011 0
0.094502051653765073 0.39762273795379011 0
0.1068587156476169 0.39762273795379011 0
0.12006765060890301 0.39762273795379011 0
0.13415601088013551 0.39762273795379011 0
0.14914645207033284 0.39762273795379011 0
0.16505619920706233 0.39762273795379011 0
0.18189609328256623 0.39762273795379011 0
0.19966964334913023 0.39762273795379011 0
0.21837211656639416 0.39762273795379011 0
0.23798970315228379 0.39762273795379011 0
0.25849879653347779 0.39762273795379011 0
0.27986543060057029 0.39762273795379011 0
0.30204491534522315 0.39762273795379011 0
0.32498170888165034 0.39762273795379011 0
0.34860955768451718 0.39762273795379011 0
0.37285192778903486 0.39762273795379011 0
0.39762273795379011 0.39762273795379011 0
0.42282739194063157 0.39762273795379011 0
0.44836409196349009 0.39762273795379011 0
0.4741254000745021 0.39762273795379011 0
0.5 0.39762273795379011 0
0.5258745999254979 0.39762273795379011 0
0.55163590803650986 0.39762273795379011 0
0.57717260805936843 0.39762273795379011 0
0.60237726204620989 0.39762273795379011 0
0.62714807221096514 0.39762273795379011 0
0.65139044231548282 0.39762273795379011 0
0.67501829111834966 0.39762273795379011 0
0.69795508465477685 0.39762273795379011 0
0.72013456939942966 0.39762273795379011 0
0.74150120346652226 0.39762273795379011 0
0.76201029684771626 0.39762273795379011 0
0.7816278834336059 0.39762273795379011 0
0.80033035665086971 0.39762273795379011 0
0.81810390671743383 0.39762273795379011 0
0.83494380079293773 0.39762273795379011 0
0.85085354792966716 0.39762273795379011 0
0.86584398911986449 0.39762273795379011 0
0.87993234939109699 0.39762273795379011 0
0.89314128435238316 0.39762273795379011 0
0.90549794834623487 0.39762273795379011 0
0.91703310586062647 0.39762273795379011 0
0.92778030246194998 0.39762273795379011 0
0.93777510649552542 0.39762273795379011 0
0.94705442834523168 0.39762273795379011 0
0.95565592024967883 0.39762273795379011 0
0.96361745657462106 0.39762273795379011 0
0.97097669202509573 0.39762273795379011 0
0.97777069349574575 0.39762273795379011 0
0.98403564003146671 0.39762273795379011 0
0.98980658461942195 0.39762273795379011 0
0.99511727117141735 0.39762273795379011 0
1 0.39762273795379011 0
0 0.42282739194063157 0
0.0048827288285826498 0.42282739194063157 0
0.010193415380578108 0.42282739194063157 0
0.015964359968533293 0.42282739194063157 0
0.022229306504254309 0.42282739194063157 0
0.029023307974904211 0.42282739194063157 0
0.036382543425378944 0.42282739194063157 0
0.044344079750321175 0.42282739194063157 0
0.05294557165476832 0.42282739194063157 0
0.062224893504474577 0.42282739194063157 0
0.072219697538049965 0.42282739194063157 0
0.082966894139373526 0.42282739194063157 0
0.094502051653765073 0.42282739194063157 0
0.1068587156476169 0.42282739194063157 0
0.12006765060890301 0.42282739194063157 0
0.13415601088013551 0.42282739194063157 0
0.14914645207033284 0.42282739194063157 0
0.16505619920706233 0.42282739194063157 0
0.18189609328256623 0.42282739194063157 0
0.19966964334913023 0.42282739194063157 0
0.21837211656639416 0.42282739194063157 0
0.23798970315228379 0.42282739194063157 0
0.25849879653347779 0.42282739194063157 0
0.27986543060057029 0.42282739194063157 0
0.30204491534522315 0.42282739194063157 0
0.32498170888165034 0.42282739194063157 0
0.34860955768451718 0.42282739194063157 0
0.37285192778903486 0.42282739194063157 0
0.39762273795379011 0.42282739194063157 0
0.42282739194063157 0.42282739194063157 0
0.44836409196349009 0.42282739194063157 0
0.4741254000745021 0.42282739194063157 0
0.5 0.42282739194063157 0
0.5258745999254979 0.42282739194063157 0
0.55163590803650986 0.42282739194063157 0
0.57717260805936843 0.42282739194063157 0
0.60237726204620989 0.42282739194063157 0
0.62714807221096514 0.42282739194063157 0
0.65139044231548282 0.42282739194063157 0
0.67501829111834966 0.42282739194063157 0
0.69795508465477685 0.42282739194063157 0
0.72013456939942966 0.42282739194063157 0
0.74150120346652226 0.42282739194063157 0
0.76201029684771626 0.42282739194063157 0
0.7816278834336059 0.42282739194063157 0
0.80033035665086971 0.42282739194063157 0
0.81810390671743383 0.42282739194063157 0
0.83494380079293773 0.42282739194063157 0
0.85085354792966716 0.42282739194063157 0
0.86584398911986449 0.42282739194063157 0
0.87993234939109699 0.42282739194063157 0
0.89314128435238316 0.42282739194063157 0
0.90549794834623487 0.42282739194063157 0
0.91703310586062647 0.42282739194063157 0
0.92778030246194998 0.42282739194063157 0
0.93777510649552542 0.42282739194063157 0
0.94705442834523168 0.42282739194063157 0
0.95565592024967883 0.42282739194063157 0
0.96361745657462106 0.42282739194063157 0
0.97097669202509573 0.42282739194063157 0
0.97777069349574575 0.42282739194063157 0
0.98403564003146671 0.42282739194063157 0
0.98980658461942195 0.42282739194063157 0
0.99511727117141735 0.42282739194063157 0
1 0.42282739194063157 0
0 0.44836409196349009 0
0.0048827288285826498 0.44836409196349009 0
0.010193415380578108 0.44836409196349009 0
0.015964359968533293 0.44836409196349009 0
0.022229306504254309 0.44836409196349009 0
0.029023307974904211 0.44836409196349009 0
0.036382543425378944 0.44836409196349009 0
0.044344079750321175 0.44836409196349009 0
0.05294557165476832 0.44836409196349009 0
0.062224893504474577 0.44836409196349009 0
0.072219697538049965 0.44836409196349009 0
0.082966894139373526 0.44836409196349009 0
0.094502051653765073 0.44836409196349009 0
0.1068587156476169 0.44836409196349009 0
0.12006765060890301 0.44836409196349009 0
0.13415601088013551 0.44836409196349009 0
0.14914645207033284 0.44836409196349009 0
0.16505619920706233 0.44836409196349009 0
0.18189609328256623 0.44836409196349009 0
0.19966964334913023 0.44836409196349009 0
0.21837211656639416 0.44836409196349009 0
0.23798970315228379 0.44836409196349009 0
0.25849879653347779 0.44836409196349009 0
0.27986543060057029 0.44836409196349009 0
0.30204491534522315 0.44836409196349009 0
0.32498170888165034 0.44836409196349009 0
0.34860955768451718 0.44836409196349009 0
0.37285192778903486 0.44836409196349009 0
0.39762273795379011 0.44836409196349009 0
0.42282739194063157 0.44836409196349009 0
0.44836409196349009 0.44836409196349009 0
0.4741254000745021 0.44836409196349009 0
0.5 0.44836409196349009 0
0.5258745999254979 0.44836409196349009 0
0.55163590803650986 0.44836409196349009 0
0.57717260805936843 0.44836409196349009 0
0.60237726204620989 0.44836409196349009 0
0.62714807221096514 0.44836409196349009 0
0.65139044231548282 0.44836409196349009 0
0.67501829111834966 0.44836409196349009 0
0.69795508465477685 0.44836409196349009 0
0.72013456939942966 0.44836409196349009 0
0.74150120346652226 0.44836409196349009 0
0.76201029684771626 0.44836409196349009 0
0.7816278834336059 0.44836409196349009 0
0.80033035665086971 0.44836409196349009 0
0.81810390671743383 0.44836409196349009 0
0.83494380079293773 0.44836409196349009 0
0.85085354792966716 0.44836409196349009 0
0.86584398911986449 0.44836409196349009 0
0.87993234939109699 0.44836409196349009 0
0.89314128435238316 0.44836409196349009 0
0.90549794834623487 0.44836409196349009 0
0.91703310586062647 0.44836409196349009 0
0.92778030246194998 0.44836409196349009 0
0.93777510649552542 0.44836409196349009 0
0.94705442834523168 0.44836409196349009 0
0.95565592024967883 0.44836409196349009 0
0.96361745657462106 0.44836409196349009 0
0.97097669202509573 0.44836409196349009 0
0.97777069349574575 0.44836409196349009 0
0.98403564003146671 0.44836409196349009 0
0.98980658461942195 0.44836409196349009 0
0.99511727117141735 0.44836409196349009 0
1 0.44836409196349009 0
0 0.4741254000745021 0
0.0048827288285826498 0.4741254000745021 0
0.010193415380578108 0.4741254000745021 0
0.015964359968533293 0.4741254000745021 0
0.022229306504254309 0.4741254000745021 0
0.029023307974904211 0.4741254000745021 0
0.036382543425378944 0.4741254000745021 0
0.044344079750321175 0.4741254000745021 0
0.05294557165476832 0.4741254000745021 0
0.062224893504474577 0.4741254000745021 0
0.072219697538049965 0.4741254000745021 0
0.082966894139373526 0.4741254000745021 0
0.094502051653765073 0.4741254000745021 0
0.1068587156476169 0.4741254000745021 0
0.12006765060890301 0.4741254000745021 0
0.13415601088013551 0.4741254000745021 0
0.14914645207033284 0.4741254000745021 0
0.16505619920706233 0.4741254000745021 0
0.18189609328256623 0.4741254000745021 0
0.19966964334913023 0.4741254000745021 0
0.21837211656639416 0.4741254000745021 0
0.23798970315228379 0.4741254000745021 0
0.25849879653347779 0.4741254000745021 0
0.27986543060057029 0.4741254000745021 0
0.30204491534522315 0.4741254000745021 0
0.32498170888165034 0.4741254000745021 0
0.34860955768451718 0.4741254000745021 0
0.37285192778903486 0.4741254000745021 0
0.39762273795379011 0.4741254000745021 0
0.42282739194063157 0.4741254000745021 0
0.44836409196349009 0.4741254000745021 0
0.4741254000745021 0.4741254000745021 0
0.5 0.4741254000745021 0
0.5258745999254979 0.4741254000745021 0
0.55163590803650986 0.4741254000745021 0
0.57717260805936843 0.4741254000745021 0
0.60237726204620989 0.4741254000745021 0
0.62714807221096514 0.4741254000745021 0
0.65139044231548282 0.4741254000745021 0
0.67501829111834966 0.4741254000745021 0
0.69795508465477685 0.4741254000745021 0
0.72013456939942966 0.4741254000745021 0
0.74150120346652226 0.4741254000745021 0
0.76201029684771626 0.4741254000745021 0
0.7816278834336059 0.4741254000745021 0
0.80033035665086971 0.4741254000745021 0
0.81810390671743383 0.4741254000745021 0
0.83494380079293773 0.4741254000745021 0
0.85085354792966716 0.4741254000745021 0
0.86584398911986449 0.4741254000745021 0
0.87993234939109699 0.4741254000745021 0
0.89314128435238316 0.4741254000745021 0
0.90549794834623487 0.4741254000745021 0
0.91703310586062647 0.4741254000745021 0
0.92778030246194998 0.4741254000745021 0
0.93777510649552542 0.4741254000745021 0
0.94705442834523168 0.4741254000745021 0
0.95565592024967883 0.4741254000745021 0
0.96361745657462106 0.4741254000745021 0
0.97097669202509573 0.4741254000745021 0
0.97777069349574575 0.4741254000745021 0
0.98403564003146671 0.4741254000745021 0
0.98980658461942195 0.4741254000745021 0
0.99511727117141735 0.4741254000745021 0
1 0.4741254000745021 0
0 0.5 0
0.0048827288285826498 0.5 0
0.010193415380578108 0.5 0
0.015964359968533293 0.5 0
0.022229306504254309 0.5 0
0.029023307974904211 0.5 0
0.036382543425378944 0.5 0
0.044344079750321175 0.5 0
0.05294557165476832 0.5 0
0.062224893504474577 0.5 0
0.072219697538049965 0.5 0
0.082966894139373526 0.5 0
0.094502051653765073 0.5 0
0.1068587156476169 0.5 0
0.12006765060890301 0.5 0
0.13415601088013551 0.5 0
0.14914645207033284 0.5 0
0.16505619920706233 0.5 0
0.18189609328256623 0.5 0
0.19966964334913023 0.5 0
0.21837211656639416 0.5 0
0.23798970315228379 0.5 0
0.25849879653347779 0.5 0
0.27986543060057029 0.5 0
0.30204491534522315 0.5 0
0.32498170888165034 0.5 0
0.34860955768451718 0.5 0
0.37285192778903486 0.5 0
0.39762273795379011 0.5 0
0.42282739194063157 0.5 0
0.44836409196349009 0.5 0
0.4741254000745021 0.5 0
0.5 0.5 0
0.5258745999254979 0.5 0
0.55163590803650986 0.5 0
0.57717260805936843 0.5 0
0.60237726204620989 0.5 0
0.62714807221096514 0.5 0
0.65139044231548282 0.5 0
0.67501829111834966 0.5 0
0.69795508465477685 0.5 0
0.72013456939942966 0.5 0
0.74150120346652226 0.5 0
0.76201029684771626 0.5 0
0.7816278834336059 0.5 0
0.80033035665086971 0.5 0
0.81810390671743383 0.5 0
0.83494380079293773 0.5 0
0.85085354792966716 0.5 0
0.86584398911986449 0.5 0
0.87993234939109699 0.5 0
0.89314128435238316 0.5 0
0.90549794834623487 0.5 0
0.91703310586062647 0.5 0
0.92778030246194998 0.5 0
0.93777510649552542 0.5 0
0.94705442834523168 0.5 0
0.95565592024967883 0.5 0
0.96361745657462106 0.5 0
0.97097669202509573 0.5 0
0.97777069349574575 0.5 0
0.98403564003146671 0.5 0
0.98980658461942195 0.5 0
0.99511727117141735 0.5 0
1 0.5 0
0 0.5258745999254979 0
0.0048827288285826498 0.5258745999254979 0
0.010193415380578108 0.5258745999254979 0
0.015964359968533293 0.5258745999254979 0
0.022229306504254309 0.5258745999254979 0
0.029023307974904211 0.5258745999254979 0
0.036382543425378944 0.5258745999254979 0
0.044344079750321175 0.5258745999254979 0
0.05294557165476832 0.5258745999254979 0
0.062224893504474577 0.5258745999254979 0
0.072219697538049965 0.5258745999254979 0
0.082966894139373526 0.5258745999254979 0
0.094502051653765073 0.5258745999254979 0
0.1068587156476169 0.5258745999254979 0
0.12006765060890301 0.5258745999254979 0
0.13415601088013551 0.5258745999254979 0
0.14914645207033284 0.5258745999254979 0
0.16505619920706233 0.5258745999254979 0
0.18189609328256623 0.5258745999254979 0
0.19966964334913023 0.5258745999254979 0
0.21837211656639416 0.5258745999254979 0
0.23798970315228379 0.5258745999254979 0
0.25849879653347779 0.5258745999254979 0
0.27986543060057029 0.5258745999254979 0
0.30204491534522315 0.5258745999254979 0
0.32498170888165034 0.5258745999254979 0
0.34860955768451718 0.5258745999254979 0
0.37285192778903486 0.5258745999254979 0
0.39762273795379011 0.5258745999254979 0
0.42282739194063157 0.5258745999254979 0
0.44836409196349009 0.5258745999254979 0
0.4741254000745021 0.5258745999254979 0
0.5 0.5258745999254979 0
0.5258745999254979 0.5258745999254979 0
0.55163590803650986 0.5258745999254979 0
0.57717260805936843 0.5258745999254979 0
0.60237726204620989 0.5258745999254979 0
0.62714807221096514 0.5258745999254979 0
0.65139044231548282 0.5258745999254979 0
0.67501829111834966 0.5258745999254979 0
0.69795508465477685 0.5258745999254979 0
0.72013456939942966 0.5258745999254979 0
0.74150120346652226 0.5258745999254979 0
0.76201029684771626 0.5258745999254979 0
0.7816278834336059 0.5258745999254979 0
0.80033035665086971 0.5258745999254979 0
0.81810390671743383 0.5258745999254979 0
0.83494380079293773 0.5258745999254979 0
0.85085354792966716 0.5258745999254979 0
0.86584398911986449 0.5258745999254979 0
0.87993234939109699 0.5258745999254979 0
0.89314128435238316 0.5258745999254979 0
0.90549794834623487 0.5258745999254979 0
0.91703310586062647 0.5258745999254979 0
0.92778030246194998 0.5258745999254979 0
0.93777510649552542 0.5258745999254979 0
0.94705442834523168 0.5258745999254979 0
0.95565592024967883 0.5258745999254979 0
0.96361745657462106 0.5258745999254979 0
0.97097669202509573 0.5258745999254979 0
0.97777069349574575 0.5258745999254979 0
0.98403564003146671 0.5258745999254979 0
0.98980658461942195 0.5258745999254979 0
0.99511727117141735 0.5258745999254979 0
1 0.5258745999254979 0
0 0.55163590803650986 0
0.0048827288285826498 0.55163590803650986 0
0.010193415380578108 0.55163590803650986 0
0.015964359968533293 0.55163590803650986 0
0.022229306504254309 0.55163590803650986 0
0.029023307974904211 0.55163590803650986 0
0.036382543425378944 0.55163590803650986 0
0.044344079750321175 0.55163590803650986 0
0.05294557165476832 0.55163590803650986 0
0.062224893504474577 0.55163590803650986 0
0.072219697538049965 0.55163590803650986 0
0.082966894139373526 0.55163590803650986 0
0.094502051653765073 0.55163590803650986 0
0.1068587156476169 0.55163590803650986 0
0.12006765060890301 0.55163590803650986 0
0.13415601088013551 0.55163590803650986 0
0.14914645207033284 0.55163590803650986 0
0.16505619920706233 0.55163590803650986 0
0.18189609328256623 0.55163590803650986 0
0.19966964334913023 0.55163590803650986 0
0.21837211656639416 0.55163590803650986 0
0.23798970315228379 0.55163590803650986 0
0.25849879653347779 0.55163590803650986 0
0.27986543060057029 0.55163590803650986 0
0.30204491534522315 0.55163590803650986 0
0.32498170888165034 0.55163590803650986 0
0.34860955768451718 0.55163590803650986 0
0.37285192778903486 0.55163590803650986 0
0.39762273795379011 0.55163590803650986 0
0.42282739194063157 0.55163590803650986 0
0.44836409196349009 0.55163590803650986 0
0.4741254000745021 0.55163590803650986 0
0.5 0.55163590803650986 0
0.5258745999254979 0.55163590803650986 0
0.55163590803650986 0.55163590803650986 0
0.57717260805936843 0.55163590803650986 0
0.60237726204620989 0.55163590803650986 0
0.62714807221096514 0.55163590803650986 0
0.65139044231548282 0.55163590803650986 0
0.67501829111834966 0.55163590803650986 0
0.69795508465477685 0.55163590803650986 0
0.72013456939942966 0.55163590803650986 0
0.74150120346652226 0.55163590803650986 0
0.76201029684771626 0.55163590803650986 0
0.7816278834336059 0.55163590803650986 0
0.80033035665086971 0.55163590803650986 0
0.81810390671743383 0.55163590803650986 0
0.83494380079293773 0.55163590803650986 0
0.85085354792966716 0.55163590803650986 0
0.86584398911986449 0.55163590803650986 0
0.87993234939109699 0.55163590803650986 0
0.89314128435238316 0.55163590803650986 0
0.90549794834623487 0.55163590803650986 0
0.91703310586062647 0.55163590803650986 0
0.92778030246194998 0.55163590803650986 0
0.93777510649552542 0.55163590803650986 0
0.94705442834523168 0.55163590803650986 0
0.95565592024967883 0.55163590803650986 0
0.96361745657462106 0.55163590803650986 0
0.97097669202509573 0.55163590803650986 0
0.97777069349574575 0.55163590803650986 0
0.98403564003146671 0.55163590803650986 0
0.98980658461942195 0.55163590803650986 0
0.99511727117141735 0.55163590803650986 0
1 0.55163590803650986 0
0 0.57717260805936843 0
0.0048827288285826498 0.57717260805936843 0
0.010193415380578108 0.57717260805936843 0
0.015964359968533293 0.57717260805936843 0
0.022229306504254309 0.57717260805936843 0
0.029023307974904211 0.57717260805936843 0
0.036382543425378944 0.57717260805936843 0
0.044344079750321175 0.57717260805936843 0
0.05294557165476832 0.57717260805936843 0
0.062224893504474577 0.57717260805936843 0
0.072219697538049965 0.57717260805936843 0
0.082966894139373526 0.57717260805936843 0
0.094502051653765073 0.57717260805936843 0
0.1068587156476169 0.57717260805936843 0
0.12006765060890301 0.57717260805936843 0
0.13415601088013551 0.57717260805936843 0
0.14914645207033284 0.57717260805936843 0
0.16505619920706233 0.57717260805936843 0
0.18189609328256623 0.57717260805936843 0
0.19966964334913023 0.57717260805936843 0
0.21837211656639416 0.57717260805936843 0
0.23798970315228379 0.57717260805936843 0
0.25849879653347779 0.57717260805936843 0
0.27986543060057029 0.57717260805936843 0
0.30204491534522315 0.57717260805936843 0
0.32498170888165034 0.57717260805936843 0
0.34860955768451718 0.57717260805936843 0
0.37285192778903486 0.57717260805936843 0
0.39762273795379011 0.57717260805936843 0
0.42282739194063157 0.57717260805936843 0
0.44836409196349009 0.57717260805936843 0
0.4741254000745021 0.57717260805936843 0
0.5 0.57717260805936843 0
0.5258745999254979 0.57717260805936843 0
0.55163590803650986 0.57717260805936843 0
0.57717260805936843 0.57717260805936843 0
0.60237726204620989 0.57717260805936843 0
0.62714807221096514 0.57717260805936843 0
0.65139044231548282 0.57717260805936843 0
0.67501829111834966 0.57717260805936843 0
0.69795508465477685 0.57717260805936843 0
0.72013456939942966 0.57717260805936843 0
0.74150120346652226 0.57717260805936843 0
0.76201029684771626 0.57717260805936843 0
0.7816278834336059 0.57717260805936843 0
0.80033035665086971 0.57717260805936843 0
0.81810390671743383 0.57717260805936843 0
0.83494380079293773 0.57717260805936843 0
0.85085354792966716 0.57717260805936843 0
0.86584398911986449 0.57717260805936843 0
0.87993234939109699 0.57717260805936843 0
0.89314128435238316 0.57717260805936843 0
0.90549794834623487 0.57717260805936843 0
0.91703310586062647 0.57717260805936843 0
0.92778030246194998 0.57717260805936843 0
0.93777510649552542 0.57717260805936843 0
0.94705442834523168 0.57717260805936843 0
0.95565592024967883 0.57717260805936843 0
0.96361745657462106 0.57717260805936843 0
0.97097669202509573 0.57717260805936843 0
0.97777069349574575 0.57717260805936843 0
0.98403564003146671 0.57717260805936843 0
0.98980658461942195 0.57717260805936843 0
0.99511727117141735 0.57717260805936843 0
1 0.57717260805936843 0
0 0.60237726204620989 0
0.0048827288285826498 0.60237726204620989 0
0.010193415380578108 0.60237726204620989 0
0.015964359968533293 0.60237726204620989 0
0.022229306504254309 0.60237726204620989 0
0.029023307974904211 0.60237726204620989 0
0.036382543425378944 0.60237726204620989 0
0.044344079750321175 0.60237726204620989 0
0.05294557165476832 0.60237726204620989 0
0.062224893504474577 0.60237726204620989 0
0.072219697538049965 0.60237726204620989 0
0.082966894139373526 0.60237726204620989 0
0.094502051653765073 0.60237726204620989 0
0.1068587156476169 0.60237726204620989 0
0.12006765060890301 0.60237726204620989 0
0.13415601088013551 0.60237726204620989 0
0.14914645207033284 0.60237726204620989 0
0.16505619920706233 0.60237726204620989 0
0.18189609328256623 0.60237726204620989 0
0.19966964334913023 0.60237726204620989 0
0.21837211656639416 0.60237726204620989 0
0.23798970315228379 0.60237726204620989 0
0.25849879653347779 0.60237726204620989 0
0.27986543060057029 0.60237726204620989 0
0.30204491534522315 0.60237726204620989 0
0.32498170888165034 0.60237726204620989 0
0.34860955768451718 0.60237726204620989 0
0.37285192778903486 0.60237726204620989 0
0.39762273795379011 0.60237726204620989 0
0.42282739194063157 0.60237726204620989 0
0.44836409196349009 0.60237726204620989 0
0.4741254000745021 0.60237726204620989 0
0.5 0.60237726204620989 0
0.5258745999254979 0.60237726204620989 0
0.55163590803650986 0.60237726204620989 0
0.57717260805936843 0.60237726204620989 0
0.60237726204620989 0.60237726204620989 0
0.62714807221096514 0.60237726204620989 0
0.65139044231548282 0.60237726204620989 0
0.67501829111834966 0.60237726204620989 0
0.69795508465477685 0.60237726204620989 0
0.72013456939942966 0.60237726204620989 0
0.74150120346652226 0.60237726204620989 0
0.76201029684771626 0.60237726204620989 0
0.7816278834336059 0.60237726204620989 0
0.80033035665086971 0.60237726204620989 0
0.81810390671743383 0.60237726204620989 0
0.83494380079293773 0.60237726204620989 0
0.85085354792966716 0.60237726204620989 0
0.86584398911986449 0.60237726204620989 0
0.87993234939109699 0.60237726204620989 0
0.89314128435238316 0.60237726204620989 0
0.90549794834623487 0.60237726204620989 0
0.91703310586062647 0.60237726204620989 0
0.92778030246194998 0.60237726204620989 0
0.93777510649552542 0.60237726204620989 0
0.94705442834523168 0.60237726204620989 0
0.95565592024967883 0.60237726204620989 0
0.96361745657462106 0.60237726204620989 0
0.97097669202509573 0.60237726204620989 0
0.97777069349574575 0.60237726204620989 0
0.98403564003146671 0.60237726204620989 0
0.98980658461942195 0.60237726204620989 0
0.99511727117141735 0.60237726204620989 0
1 0.60237726204620989 0
0 0.62714807221096514 0
0.0048827288285826498 0.62714807221096514 0
0.010193415380578108 0.62714807221096514 0
0.015964359968533293 0.62714807221096514 0
0.022229306504254309 0.62714807221096514 0
0.029023307974904211 0.62714807221096514 0
0.036382543425378944 0.62714807221096514 0
0.044344079750321175 0.62714807221096514 0
0.05294557165476832 0.62714807221096514 0
0.062224893504474577 0.62714807221096514 0
0.072219697538049965 0.62714807221096514 0
0.082966894139373526 0.62714807221096514 0
0.094502051653765073 0.62714807221096514 0
0.1068587156476169 0.62714807221096514 0
0.12006765060890301 0.62714807221096514 0
0.13415601088013551 0.62714807221096514 0
0.14914645207033284 0.62714807221096514 0
0.16505619920706233 0.62714807221096514 0
0.18189609328256623 0.62714807221096514 0
0.19966964334913023 0.62714807221096514 0
0.21837211656639416 0.62714807221096514 0
0.23798970315228379 0.62714807221096514 0
0.25849879653347779 0.62714807221096514 0
0.27986543060057029 0.62714807221096514 0
0.30204491534522315 0.62714807221096514 0
0.32498170888165034 0.62714807221096514 0
0.34860955768451718 0.62714807221096514 0
0.37285192778903486 0.62714807221096514 0
0.39762273795379011 0.62714807221096514 0
0.42282739194063157 0.62714807221096514 0
0.44836409196349009 0.62714807221096514 0
0.4741254000745021 0.62714807221096514 0
0.5 0.62714807221096514 0
0.5258745999254979 0.62714807221096514 0
0.55163590803650986 0.62714807221096514 0
0.57717260805936843 0.62714807221096514 0
0.60237726204620989 0.62714807221096514 0
0.62714807221096514 0.62714807221096514 0
0.65139044231548282 0.62714807221096514 0
0.67501829111834966 0.62714807221096514 0
0.69795508465477685 0.62714807221096514 0
0.72013456939942966 0.62714807221096514 0
0.74150120346652226 0.62714807221096514 0
0.76201029684771626 0.62714807221096514 0
0.7816278834336059 0.62714807221096514 0
0.80033035665086971 0.62714807221096514 0
0.81810390671743383 0.62714807221096514 0
0.83494380079293773 0.62714807221096514 0
0.85085354792966716 0.62714807221096514 0
0.86584398911986449 0.62714807221096514 0
0.87993234939109699 0.62714807221096514 0
0.89314128435238316 0.62714807221096514 0
0.90549794834623487 0.62714807221096514 0
0.91703310586062647 0.62714807221096514 0
0.92778030246194998 0.62714807221096514 0
0.93777510649552542 0.62714807221096514 0
0.94705442834523168 0.62714807221096514 0
0.95565592024967883 0.62714807221096514 0
0.96361745657462106 0.62714807221096514 0
0.97097669202509573 0.62714807221096514 0
0.97777069349574575 0.62714807221096514 0
0.98403564003146671 0.62714807221096514 0
0.98980658461942195 0.62714807221096514 0
0.99511727117141735 0.62714807221096514 0
1 0.62714807221096514 0
0 0.65139044231548282 0
0.0048827288285826498 0.65139044231548282 0
0.010193415380578108 0.65139044231548282 0
0.015964359968533293 0.65139044231548282 0
0.022229306504254309 0.65139044231548282 0
0.029023307974904211 0.65139044231548282 0
0.036382543425378944 0.65139044231548282 0
0.044344079750321175 0.65139044231548282 0
0.05294557165476832 0.65139044231548282 0
0.062224893504474577 0.65139044231548282 0
0.072219697538049965 0.65139044231548282 0
0.082966894139373526 0.65139044231548282 0
0.094502051653765073 0.65139044231548282 0
0.1068587156476169 0.65139044231548282 0
0.12006765060890301 0.65139044231548282 0
0.13415601088013551 0.65139044231548282 0
0.14914645207033284 0.65139044231548282 0
0.16505619920706233 0.65139044231548282 0
0.18189609328256623 0.65139044231548282 0
0.19966964334913023 0.65139044231548282 0
0.21837211656639416 0.65139044231548282 0
0.23798970315228379 0.65139044231548282 0
0.25849879653347779 0.65139044231548282 0
0.27986543060057029 0.65139044231548282 0
0.30204491534522315 0.65139044231548282 0
0.32498170888165034 0.65139044231548282 0
0.34860955768451718 0.65139044231548282 0
0.37285192778903486 0.65139044231548282 0
0.39762273795379011 0.65139044231548282 0
0.42282739194063157 0.65139044231548282 0
0.44836409196349009 0.65139044231548282 0
0.4741254000745021 0.65139044231548282 0
0.5 0.65139044231548282 0
0.5258745999254979 0.65139044231548282 0
0.55163590803650986 0.65139044231548282 0
0.57717260805936843 0.65139044231548282 0
0.60237726204620989 0.65139044231548282 0
0.62714807221096514 0.65139044231548282 0
0.65139044231548282 0.65139044231548282 0
0.67501829111834966 0.65139044231548282 0
0.69795508465477685 0.65139044231548282 0
0.72013456939942966 0.65139044231548282 0
0.74150120346652226 0.65139044231548282 0
0.76201029684771626 0.65139044231548282 0
0.7816278834336059 0.65139044231548282 0
0.80033035665086971 0.65139044231548282 0
0.81810390671743383 0.65139044231548282 0
0.83494380079293773 0.65139044231548282 0
0.85085354792966716 0.65139044231548282 0
0.86584398911986449 0.65139044231548282 0
0.87993234939109699 0.65139044231548282 0
0.89314128435238316 0.65139044231548282 0
0.90549794834623487 0.65139044231548282 0
0.91703310586062647 0.65139044231548282 0
0.92778030246194998 0.65139044231548282 0
0.93777510649552542 0.65139044231548282 0
0.94705442834523168 0.65139044231548282 0
0.95565592024967883 0.65139044231548282 0
0.96361745657462106 0.65139044231548282 0
0.97097669202509573 0.65139044231548282 0
0.97777069349574575 0.65139044231548282 0
0.98403564003146671 0.65139044231548282 0
0.98980658461942195 0.65139044231548282 0
0.99511727117141735 0.65139044231548282 0
1 0.65139044231548282 0
0 0.67501829111834966 0
0.0048827288285826498 0.67501829111834966 0
0.010193415380578108 0.67501829111834966 0
0.015964359968533293 0.67501829111834966 0
0.022229306504254309 0.67501829111834966 0
0.029023307974904211 0.67501829111834966 0
0.036382543425378944 0.67501829111834966 0
0.044344079750321175 0.67501829111834966 0
0.05294557165476832 0.67501829111834966 0
0.062224893504474577 0.67501829111834966 0
0.072219697538049965 0.67501829111834966 0
0.082966894139373526 0.67501829111834966 0
0.094502051653765073 0.67501829111834966 0
0.1068587156476169 0.67501829111834966 0
0.12006765060890301 0.67501829111834966 0
0.13415601088013551 0.67501829111834966 0
0.14914645207033284 0.67501829111834966 0
0.16505619920706233 0.67501829111834966 0
0.18189609328256623 0.67501829111834966 0
0.19966964334913023 0.67501829111834966 0
0.21837211656639416 0.67501829111834966 0
0.23798970315228379 0.67501829111834966 0
0.25849879653347779 0.67501829111834966 0
0.27986543060057029 0.67501829111834966 0
0.30204491534522315 0.67501829111834966 0
0.32498170888165034 0.67501829111834966 0
0.34860955768451718 0.67501829111834966 0
0.37285192778903486 0.67501829111834966 0
0.39762273795379011 0.67501829111834966 0
0.42282739194063157 0.67501829111834966 0
0.44836409196349009 0.67501829111834966 0
0.4741254000745021 0.67501829111834966 0
0.5 0.67501829111834966 0
0.5258745999254979 0.67501829111834966 0
0.55163590803650986 0.67501829111834966 0
0.57717260805936843 0.67501829111834966 0
0.60237726204620989 0.67501829111834966 0
0.62714807221096514 0.67501829111834966 0
0.65139044231548282 0.67501829111834966 0
0.67501829111834966 0.67501829111834966 0
0.69795508465477685 0.67501829111834966 0
0.72013456939942966 0.67501829111834966 0
0.74150120346652226 0.67501829111834966 0
0.76201029684771626 0.67501829111834966 0
0.7816278834336059 0.67501829111834966 0
0.80033035665086971 0.67501829111834966 0
0.81810390671743383 0.67501829111834966 0
0.83494380079293773 0.67501829111834966 0
0.85085354792966716 0.67501829111834966 0
0.86584398911986449 0.67501829111834966 0
0.87993234939109699 0.67501829111834966 0
0.89314128435238316 0.67501829111834966 0
0.90549794834623487 0.67501829111834966 0
0.91703310586062647 0.67501829111834966 0
0.92778030246194998 0.67501829111834966 0
0.93777510649552542 0.67501829111834966 0
0.94705442834523168 0.67501829111834966 0
0.95565592024967883 0.67501829111834966 0
0.96361745657462106 0.67501829111834966 0
0.97097669202509573 0.67501829111834966 0
0.97777069349574575 0.67501829111834966 0
0.98403564003146671 0.67501829111834966 0
0.98980658461942195 0.67501829111834966 0
0.99511727117141735 0.67501829111834966 0
1 0.67501829111834966 0
0 0.69795508465477685 0
0.0048827288285826498 0.69795508465477685 0
0.010193415380578108 0.69795508465477685 0
0.015964359968533293 0.69795508465477685 0
0.022229306504254309 0.69795508465477685 0
0.029023307974904211 0.69795508465477685 0
0.036382543425378944 0.69795508465477685 0
0.044344079750321175 0.69795508465477685 0
0.05294557165476832 0.69795508465477685 0
0.062224893504474577 0.69795508465477685 0
0.072219697538049965 0.69795508465477685 0
0.082966894139373526 0.69795508465477685 0
0.094502051653765073 0.69795508465477685 0
0.1068587156476169 0.69795508465477685 0
0.12006765060890301 0.69795508465477685 0
0.13415601088013551 0.69795508465477685 0
0.14914645207033284 0.69795508465477685 0
0.16505619920706233 0.69795508465477685 0
0.18189609328256623 0.69795508465477685 0
0.19966964334913023 0.69795508465477685 0
0.21837211656639416 0.69795508465477685 0
0.23798970315228379 0.69795508465477685 0
0.25849879653347779 0.69795508465477685 0
0.27986543060057029 0.69795508465477685 0
0.30204491534522315 0.69795508465477685 0
0.32498170888165034 0.69795508465477685 0
0.34860955768451718 0.69795508465477685 0
0.37285192778903486 0.69795508465477685 0
0.39762273795379011 0.69795508465477685 0
0.42282739194063157 0.69795508465477685 0
0.44836409196349009 0.69795508465477685 0
0.4741254000745021 0.69795508465477685 0
0.5 0.69795508465477685 0
0.5258745999254979 0.69795508465477685 0
0.55163590803650986 0.69795508465477685 0
0.57717260805936843 0.69795508465477685 0
0.60237726204620989 0.69795508465477685 0
0.62714807221096514 0.69795508465477685 0
0.65139044231548282 0.69795508465477685 0
0.67501829111834966 0.69795508465477685 0
0.69795508465477685 0.69795508465477685 0
0.72013456939942966 0.69795508465477685 0
0.74150120346652226 0.69795508465477685 0
0.76201029684771626 0.69795508465477685 0
0.7816278834336059 0.69795508465477685 0
0.80033035665086971 0.69795508465477685 0
0.81810390671743383 0.69795508465477685 0
0.83494380079293773 0.69795508465477685 0
0.85085354792966716 0.69795508465477685 0
0.86584398911986449 0.69795508465477685 0
0.87993234939109699 0.69795508465477685 0
0.89314128435238316 0.69795508465477685 0
0.90549794834623487 0.69795508465477685 0
0.91703310586062647 0.69795508465477685 0
0.92778030246194998 0.69795508465477685 0
0.93777510649552542 0.69795508465477685 0
0.94705442834523168 0.69795508465477685 0
0.95565592024967883 0.69795508465477685 0
0.96361745657462106 0.69795508465477685 0
0.97097669202509573 0.69795508465477685 0
0.97777069349574575 0.69795508465477685 0
0.98403564003146671 0.69795508465477685 0
0.98980658461942195 0.69795508465477685 0
0.99511727117141735 0.69795508465477685 0
1 0.69795508465477685 0
0 0.72013456939942966 0
0.0048827288285826498 0.72013456939942966 0
0.010193415380578108 0.72013456939942966 0
0.015964359968533293 0.72013456939942966 0
0.022229306504254309 0.72013456939942966 0
0.029023307974904211 0.72013456939942966 0
0.036382543425378944 0.72013456939942966 0
0.044344079750321175 0.72013456939942966 0
0.05294557165476832 0.72013456939942966 0
0.062224893504474577 0.72013456939942966 0
0.072219697538049965 0.72013456939942966 0
0.082966894139373526 0.72013456939942966 0
0.094502051653765073 0.72013456939942966 0
0.1068587156476169 0.72013456939942966 0
0.12006765060890301 0.72013456939942966 0
0.13415601088013551 0.72013456939942966 0
0.14914645207033284 0.72013456939942966 0
0.16505619920706233 0.72013456939942966 0
0.18189609328256623 0.72013456939942966 0
0.19966964334913023 0.72013456939942966 0
0.21837211656639416 0.72013456939942966 0
0.23798970315228379 0.72013456939942966 0
0.25849879653347779 0.72013456939942966 0
0.27986543060057029 0.72013456939942966 0
0.30204491534522315 0.72013456939942966 0
0.32498170888165034 0.72013456939942966 0
0.34860955768451718 0.72013456939942966 0
0.37285192778903486 0.72013456939942966 0
0.39762273795379011 0.72013456939942966 0
0.42282739194063157 0.72013456939942966 0
0.44836409196349009 0.72013456939942966 0
0.4741254000745021 0.72013456939942966 0
0.5 0.72013456939942966 0
0.5258745999254979 0.72013456939942966 0
0.55163590803650986 0.72013456939942966 0
0.57717260805936843 0.72013456939942966 0
0.60237726204620989 0.72013456939942966 0
0.62714807221096514 0.72013456939942966 0
0.65139044231548282 0.72013456939942966 0
0.67501829111834966 0.72013456939942966 0
0.69795508465477685 0.72013456939942966 0
0.72013456939942966 0.72013456939942966 0
0.74150120346652226 0.72013456939942966 0
0.76201029684771626 0.72013456939942966 0
0.7816278834336059 0.72013456939942966 0
0.80033035665086971 0.72013456939942966 0
0.81810390671743383 0.72013456939942966 0
0.83494380079293773 0.72013456939942966 0
0.85085354792966716 0.72013456939942966 0
0.86584398911986449 0.72013456939942966 0
0.87993234939109699 0.72013456939942966 0
0.89314128435238316 0.72013456939942966 0
0.90549794834623487 0.72013456939942966 0
0.91703310586062647 0.72013456939942966 0
0.92778030246194998 0.72013456939942966 0
0.93777510649552542 0.72013456939942966 0
0.94705442834523168 0.72013456939942966 0
0.95565592024967883 0.72013456939942966 0
0.96361745657462106 0.72013456939942966 0
0.97097669202509573 0.72013456939942966 0
0.97777069349574575 0.72013456939942966 0
0.98403564003146671 0.72013456939942966 0
0.98980658461942195 0.72013456939942966 0
0.99511727117141735 0.72013456939942966 0
1 0.72013456939942966 0
0 0.74150120346652226 0
0.0048827288285826498 0.74150120346652226 0
0.010193415380578108 0.74150120346652226 0
0.015964359968533293 0.74150120346652226 0
0.022229306504254309 0.74150120346652226 0
0.029023307974904211 0.74150120346652226 0
0.036382543425378944 0.74150120346652226 0
0.044344079750321175 0.74150120346652226 0
0.05294557165476832 0.74150120346652226 0
0.062224893504474577 0.74150120346652226 0
0.072219697538049965 0.74150120346652226 0
0.082966894139373526 0.74150120346652226 0
0.094502051653765073 0.74150120346652226 0
0.1068587156476169 0.74150120346652226 0
0.12006765060890301 0.74150120346652226 0
0.13415601088013551 0.74150120346652226 0
0.14914645207033284 0.74150120346652226 0
0.16505619920706233 0.74150120346652226 0
0.18189609328256623 0.74150120346652226 0
0.19966964334913023 0.74150120346652226 0
0.21837211656639416 0.74150120346652226 0
0.23798970315228379 0.74150120346652226 0
0.25849879653347779 0.74150120346652226 0
0.27986543060057029 0.74150120346652226 0
0.30204491534522315 0.74150120346652226 0
0.32498170888165034 0.74150120346652226 0
0.34860955768451718 0.74150120346652226 0
0.37285192778903486 0.74150120346652226 0
0.39762273795379011 0.74150120346652226 0
0.42282739194063157 0.74150120346652226 0
0.44836409196349009 0.74150120346652226 0
0.4741254000745021 0.74150120346652226 0
0.5 0.74150120346652226 0
0.5258745999254979 0.74150120346652226 0
0.55163590803650986 0.74150120346652226 0
0.57717260805936843 0.74150120346652226 0
0.60237726204620989 0.74150120346652226 0
0.62714807221096514 0.74150120346652226 0
0.65139044231548282 0.74150120346652226 0
0.67501829111834966 0.74150120346652226 0
0.69795508465477685 0.74150120346652226 0
0.72013456939942966 0.74150120346652226 0
0.74150120346652226 0.74150120346652226 0
0.76201029684771626 0.74150120346652226 0
0.7816278834336059 0.74150120346652226 0
0.80033035665086971 0.74150120346652226 0
0.81810390671743383 0.74150120346652226 0
0.83494380079293773 0.74150120346652226 0
0.85085354792966716 0.74150120346652226 0
0.86584398911986449 0.74150120346652226 0
0.87993234939109699 0.74150120346652226 0
0.89314128435238316 0.74150120346652226 0
0.90549794834623487 0.74150120346652226 0
0.91703310586062647 0.74150120346652226 0
0.92778030246194998 0.74150120346652226 0
0.93777510649552542 0.74150120346652226 0
0.94705442834523168 0.74150120346652226 0
0.95565592024967883 0.74150120346652226 0
0.96361745657462106 0.74150120346652226 0
0.97097669202509573 0.74150120346652226 0
0.97777069349574575 0.74150120346652226 0
0.98403564003146671 0.74150120346652226 0
0.98980658461942195 0.74150120346652226 0
0.99511727117141735 0.74150120346652226 0
1 0.74150120346652226 0
0 0.76201029684771626 0
0.0048827288285826498 0.76201029684771626 0
0.010193415380578108 0.76201029684771626 0
0.015964359968533293 0.76201029684771626 0
0.022229306504254309 0.76201029684771626 0
0.029023307974904211 0.76201029684771626 0
0.036382543425378944 0.76201029684771626 0
0.044344079750321175 0.76201029684771626 0
0.05294557165476832 0.76201029684771626 0
0.062224893504474577 0.76201029684771626 0
0.072219697538049965 0.76201029684771626 0
0.082966894139373526 0.76201029684771626 0
0.094502051653765073 0.76201029684771626 0
0.1068587156476169 0.76201029684771626 0
0.12006765060890301 0.76201029684771626 0
0.13415601088013551 0.76201029684771626 0
0.14914645207033284 0.76201029684771626 0
0.16505619920706233 0.76201029684771626 0
0.18189609328256623 0.76201029684771626 0
0.19966964334913023 0.76201029684771626 0
0.21837211656639416 0.76201029684771626 0
0.23798970315228379 0.76201029684771626 0
0.25849879653347779 0.76201029684771626 0
0.27986543060057029 0.76201029684771626 0
0.30204491534522315 0.76201029684771626 0
0.32498170888165034 0.76201029684771626 0
0.34860955768451718 0.76201029684771626 0
0.37285192778903486 0.76201029684771626 0
0.39762273795379011 0.76201029684771626 0
0.42282739194063157 0.76201029684771626 0
0.44836409196349009 0.76201029684771626 0
0.4741254000745021 0.76201029684771626 0
0.5 0.76201029684771626 0
0.5258745999254979 0.76201029684771626 0
0.55163590803650986 0.76201029684771626 0
0.57717260805936843 0.76201029684771626 0
0.60237726204620989 0.76201029684771626 0
0.62714807221096514 0.76201029684771626 0
0.65139044231548282 0.76201029684771626 0
0.67501829111834966 0.76201029684771626 0
0.69795508465477685 0.76201029684771626 0
0.72013456939942966 0.76201029684771626 0
0.74150120346652226 0.76201029684771626 0
0.76201029684771626 0.76201029684771626 0
0.7816278834336059 0.76201029684771626 0
0.80033035665086971 0.76201029684771626 0
0.81810390671743383 0.76201029684771626 0
0.83494380079293773 0.76201029684771626 0
0.85085354792966716 0.76201029684771626 0
0.86584398911986449 0.76201029684771626 0
0.87993234939109699 0.76201029684771626 0
0.89314128435238316 0.76201029684771626 0
0.90549794834623487 0.76201029684771626 0
0.91703310586062647 0.76201029684771626 0
0.92778030246194998 0.76201029684771626 0
0.93777510649552542 0.76201029684771626 0
0.94705442834523168 0.76201029684771626 0
0.95565592024967883 0.76201029684771626 0
0.96361745657462106 0.76201029684771626 0
0.97097669202509573 0.76201029684771626 0
0.97777069349574575 0.76201029684771626 0
0.98403564003146671 0.76201029684771626 0
0.98980658461942195 0.76201029684771626 0
0.99511727117141735 0.76201029684771626 0
1 0.76201029684771626 0
0 0.7816278834336059 0
0.0048827288285826498 0.7816278834336059 0
0.010193415380578108 0.7816278834336059 0
0.015964359968533293 0.7816278834336059 0
0.022229306504254309 0.7816278834336059 0
0.029023307974904211 0.7816278834336059 0
0.036382543425378944 0.7816278834336059 0
0.044344079750321175 0.7816278834336059 0
0.05294557165476832 0.7816278834336059 0
0.062224893504474577 0.7816278834336059 0
0.072219697538049965 0.7816278834336059 0
0.082966894139373526 0.7816278834336059 0
0.094502051653765073 0.7816278834336059 0
0.1068587156476169 0.7816278834336059 0
0.12006765060890301 0.7816278834336059 0
0.13415601088013551 0.7816278834336059 0
0.14914645207033284 0.7816278834336059 0
0.16505619920706233 0.7816278834336059 0
0.18189609328256623 0.7816278834336059 0
0.19966964334913023 0.7816278834336059 0
0.21837211656639416 0.7816278834336059 0
0.23798970315228379 0.7816278834336059 0
0.25849879653347779 0.7816278834336059 0
0.27986543060057029 0.7816278834336059 0
0.30204491534522315 0.7816278834336059 0
0.32498170888165034 0.7816278834336059 0
0.34860955768451718 0.7816278834336059 0
0.37285192778903486 0.7816278834336059 0
0.39762273795379011 0.7816278834336059 0
0.42282739194063157 0.7816278834336059 0
0.44836409196349009 0.7816278834336059 0
0.4741254000745021 0.7816278834336059 0
0.5 0.7816278834336059 0
0.5258745999254979 0.7816278834336059 0
0.55163590803650986 0.7816278834336059 0
0.57717260805936843 0.7816278834336059 0
0.60237726204620989 0.7816278834336059 0
0.62714807221096514 0.7816278834336059 0
0.65139044231548282 0.7816278834336059 0
0.67501829111834966 0.7816278834336059 0
0.69795508465477685 0.7816278834336059 0
0.72013456939942966 0.7816278834336059 0
0.74150120346652226 0.7816278834336059 0
0.76201029684771626 0.7816278834336059 0
0.7816278834336059 0.7816278834336059 0
0.80033035665086971 0.7816278834336059 0
0.81810390671743383 0.7816278834336059 0
0.83494380079293773 0.7816278834336059 0
0.85085354792966716 0.7816278834336059 0
0.86584398911986449 0.7816278834336059 0
0.87993234939109699 0.7816278834336059 0
0.89314128435238316 0.7816278834336059 0
0.90549794834623487 0.7816278834336059 0
0.91703310586062647 0.7816278834336059 0
0.92778030246194998 0.7816278834336059 0
0.93777510649552542 0.7816278834336059 0
0.94705442834523168 0.7816278834336059 0
0.95565592024967883 0.7816278834336059 0
0.96361745657462106 0.7816278834336059 0
0.97097669202509573 0.7816278834336059 0
0.97777069349574575 0.7816278834336059 0
0.98403564003146671 0.7816278834336059 0
0.98980658461942195 0.7816278834336059 0
0.99511727117141735 0.7816278834336059 0
1 0.7816278834336059 0
0 0.80033035665086971 0
0.0048827288285826498 0.80033035665086971 0
0.010193415380578108 0.80033035665086971 0
0.015964359968533293 0.80033035665086971 0
0.022229306504254309 0.80033035665086971 0
0.029023307974904211 0.80033035665086971 0
0.036382543425378944 0.80033035665086971 0
0.044344079750321175 0.80033035665086971 0
0.05294557165476832 0.80033035665086971 0
0.062224893504474577 0.80033035665086971 0
0.072219697538049965 0.80033035665086971 0
0.082966894139373526 0.80033035665086971 0
0.094502051653765073 0.80033035665086971 0
0.1068587156476169 0.80033035665086971 0
0.12006765060890301 0.80033035665086971 0
0.13415601088013551 0.80033035665086971 0
0.14914645207033284 0.80033035665086971 0
0.16505619920706233 0.80033035665086971 0
0.18189609328256623 0.80033035665086971 0
0.19966964334913023 0.80033035665086971 0
0.21837211656639416 0.80033035665086971 0
0.23798970315228379 0.80033035665086971 0
0.25849879653347779 0.80033035665086971 0
0.27986543060057029 0.80033035665086971 0
0.30204491534522315 0.80033035665086971 0
0.32498170888165034 0.80033035665086971 0
0.34860955768451718 0.80033035665086971 0
0.37285192778903486 0.80033035665086971 0
0.39762273795379011 0.80033035665086971 0
0.42282739194063157 0.80033035665086971 0
0.44836409196349009 0.80033035665086971 0
0.4741254000745021 0.80033035665086971 0
0.5 0.80033035665086971 0
0.5258745999254979 0.80033035665086971 0
0.55163590803650986 0.80033035665086971 0
0.57717260805936843 0.80033035665086971 0
0.60237726204620989 0.80033035665086971 0
0.62714807221096514 0.80033035665086971 0
0.65139044231548282 0.80033035665086971 0
0.67501829111834966 0.80033035665086971 0
0.69795508465477685 0.80033035665086971 0
0.72013456939942966 0.80033035665086971 0
0.74150120346652226 0.80033035665086971 0
0.76201029684771626 0.80033035665086971 0
0.7816278834336059 0.80033035665086971 0
0.80033035665086971 0.80033035665086971 0
0.81810390671743383 0.80033035665086971 0
0.83494380079293773 0.80033035665086971 0
0.85085354792966716 0.80033035665086971 0
0.86584398911986449 0.80033035665086971 0
0.87993234939109699 0.80033035665086971 0
0.89314128435238316 0.80033035665086971 0
0.90549794834623487 0.80033035665086971 0
0.91703310586062647 0.80033035665086971 0
0.92778030246194998 0.80033035665086971 0
0.93777510649552542 0.80033035665086971 0
0.94705442834523168 0.80033035665086971 0
0.95565592024967883 0.80033035665086971 0
0.96361745657462106 0.80033035665086971 0
0.97097669202509573 0.80033035665086971 0
0.97777069349574575 0.80033035665086971 0
0.98403564003146671 0.80033035665086971 0
0.98980658461942195 0.80033035665086971 0
0.99511727117141735 0.80033035665086971 0
1 0.80033035665086971 0
0 0.81810390671743383 0
0.0048827288285826498 0.81810390671743383 0
0.010193415380578108 0.81810390671743383 0
0.015964359968533293 0.81810390671743383 0
0.022229306504254309 0.81810390671743383 0
0.029023307974904211 0.81810390671743383 0
0.036382543425378944 0.81810390671743383 0
0.044344079750321175 0.81810390671743383 0
0.05294557165476832 0.81810390671743383 0
0.062224893504474577 0.81810390671743383 0
0.072219697538049965 0.81810390671743383 0
0.082966894139373526 0.81810390671743383 0
0.094502051653765073 0.81810390671743383 0
0.1068587156476169 0.81810390671743383 0
0.12006765060890301 0.81810390671743383 0
0.13415601088013551 0.81810390671743383 0
0.14914645207033284 0.81810390671743383 0
0.16505619920706233 0.81810390671743383 0
0.18189609328256623 0.81810390671743383 0
0.19966964334913023 0.81810390671743383 0
0.21837211656639416 0.81810390671743383 0
0.23798970315228379 0.81810390671743383 0
0.25849879653347779 0.81810390671743383 0
0.27986543060057029 0.81810390671743383 0
0.30204491534522315 0.81810390671743383 0
0.32498170888165034 0.81810390671743383 0
0.34860955768451718 0.81810390671743383 0
0.37285192778903486 0.81810390671743383 0
0.39762273795379011 0.81810390671743383 0
0.42282739194063157 0.81810390671743383 0
0.44836409196349009 0.81810390671743383 0
0.4741254000745021 0.81810390671743383 0
0.5 0.81810390671743383 0
0.5258745999254979 0.81810390671743383 0
0.55163590803650986 0.81810390671743383 0
0.57717260805936843 0.81810390671743383 0
0.60237726204620989 0.81810390671743383 0
0.62714807221096514 0.81810390671743383 0
0.65139044231548282 0.81810390671743383 0
0.67501829111834966 0.81810390671743383 0
0.69795508465477685 0.81810390671743383 0
0.72013456939942966 0.81810390671743383 0
0.74150120346652226 0.81810390671743383 0
0.76201029684771626 0.81810390671743383 0
0.7816278834336059 0.81810390671743383 0
0.80033035665086971 0.81810390671743383 0
0.81810390671743383 0.81810390671743383 0
0.83494380079293773 0.81810390671743383 0
0.85085354792966716 0.81810390671743383 0
0.86584398911986449 0.81810390671743383 0
0.87993234939109699 0.81810390671743383 0
0.89314128435238316 0.81810390671743383 0
0.90549794834623487 0.81810390671743383 0
0.91703310586062647 0.81810390671743383 0
0.92778030246194998 0.81810390671743383 0
0.93777510649552542 0.81810390671743383 0
0.94705442834523168 0.81810390671743383 0
0.95565592024967883 0.81810390671743383 0
0.96361745657462106 0.81810390671743383 0
0.97097669202509573 0.81810390671743383 0
0.97777069349574575 0.81810390671743383 0
0.98403564003146671 0.81810390671743383 0
0.98980658461942195 0.81810390671743383 0
0.99511727117141735 0.81810390671743383 0
1 0.81810390671743383 0
0 0.83494380079293773 0
0.0048827288285826498 0.83494380079293773 0
0.010193415380578108 0.83494380079293773 0
0.015964359968533293 0.83494380079293773 0
0.022229306504254309 0.83494380079293773 0
0.029023307974904211 0.83494380079293773 0
0.036382543425378944 0.83494380079293773 0
0.044344079750321175 0.83494380079293773 0
0.05294557165476832 0.83494380079293773 0
0.062224893504474577 0.83494380079293773 0
0.072219697538049965 0.83494380079293773 0
0.082966894139373526 0.83494380079293773 0
0.094502051653765073 0.83494380079293773 0
0.1068587156476169 0.83494380079293773 0
0.12006765060890301 0.83494380079293773 0
0.13415601088013551 0.83494380079293773 0
0.14914645207033284 0.83494380079293773 0
0.16505619920706233 0.83494380079293773 0
0.18189609328256623 0.83494380079293773 0
0.19966964334913023 0.83494380079293773 0
0.21837211656639416 0.83494380079293773 0
0.23798970315228379 0.83494380079293773 0
0.25849879653347779 0.83494380079293773 0
0.27986543060057029 0.83494380079293773 0
0.30204491534522315 0.83494380079293773 0
0.32498170888165034 0.83494380079293773 0
0.34860955768451718 0.83494380079293773 0
0.37285192778903486 0.83494380079293773 0
0.39762273795379011 0.83494380079293773 0
0.42282739194063157 0.83494380079293773 0
0.44836409196349009 0.83494380079293773 0
0.4741254000745021 0.83494380079293773 0
0.5 0.83494380079293773 0
0.5258745999254979 0.83494380079293773 0
0.55163590803650986 0.83494380079293773 0
0.57717260805936843 0.83494380079293773 0
0.60237726204620989 0.83494380079293773 0
0.62714807221096514 0.83494380079293773 0
0.65139044231548282 0.83494380079293773 0
0.67501829111834966 0.83494380079293773 0
0.69795508465477685 0.83494380079293773 0
0.72013456939942966 0.83494380079293773 0
0.74150120346652226 0.83494380079293773 0
0.76201029684771626 0.83494380079293773 0
0.7816278834336059 0.83494380079293773 0
0.80033035665086971 0.83494380079293773 0
0.81810390671743383 0.83494380079293773 0
0.83494380079293773 0.83494380079293773 0
0.85085354792966716 0.83494380079293773 0
0.86584398911986449 0.83494380079293773 0
0.87993234939109699 0.83494380079293773 0
0.89314128435238316 0.83494380079293773 0
0.90549794834623487 0.83494380079293773 0
0.91703310586062647 0.83494380079293773 0
0.92778030246194998 0.83494380079293773 0
0.93777510649552542 0.83494380079293773 0
0.94705442834523168 0.83494380079293773 0
0.95565592024967883 0.83494380079293773 0
0.96361745657462106 0.83494380079293773 0
0.97097669202509573 0.83494380079293773 0
0.97777069349574575 0.83494380079293773 0
0.98403564003146671 0.83494380079293773 0
0.98980658461942195 0.83494380079293773 0
0.99511727117141735 0.83494380079293773 0
1 0.83494380079293773 0
0 0.85085354792966716 0
0.0048827288285826498 0.85085354792966716 0
0.010193415380578108 0.85085354792966716 0
0.015964359968533293 0.85085354792966716 0
0.022229306504254309 0.85085354792966716 0
0.029023307974904211 0.85085354792966716 0
0.036382543425378944 0.85085354792966716 0
0.044344079750321175 0.85085354792966716 0
0.05294557165476832 0.85085354792966716 0
0.062224893504474577 0.85085354792966716 0
0.072219697538049965 0.85085354792966716 0
0.082966894139373526 0.85085354792966716 0
0.094502051653765073 0.85085354792966716 0
0.1068587156476169 0.85085354792966716 0
0.12006765060890301 0.85085354792966716 0
0.13415601088013551 0.85085354792966716 0
0.14914645207033284 0.85085354792966716 0
0.16505619920706233 0.85085354792966716 0
0.18189609328256623 0.85085354792966716 0
0.19966964334913023 0.85085354792966716 0
0.21837211656639416 0.85085354792966716 0
0.23798970315228379 0.85085354792966716 0
0.25849879653347779 0.85085354792966716 0
0.27986543060057029 0.85085354792966716 0
0.30204491534522315 0.85085354792966716 0
0.32498170888165034 0.85085354792966716 0
0.34860955768451718 0.85085354792966716 0
0.37285192778903486 0.85085354792966716 0
0.39762273795379011 0.85085354792966716 0
0.42282739194063157 0.85085354792966716 0
0.44836409196349009 0.85085354792966716 0
0.4741254000745021 0.85085354792966716 0
0.5 0.85085354792966716 0
0.5258745999254979 0.85085354792966716 0
0.55163590803650986 0.85085354792966716 0
0.57717260805936843 0.85085354792966716 0
0.60237726204620989 0.85085354792966716 0
0.62714807221096514 0.85085354792966716 0
0.65139044231548282 0.85085354792966716 0
0.67501829111834966 0.85085354792966716 0
0.69795508465477685 0.85085354792966716 0
0.72013456939942966 0.85085354792966716 0
0.74150120346652226 0.85085354792966716 0
0.76201029684771626 0.85085354792966716 0
0.7816278834336059 0.85085354792966716 0
0.80033035665086971 0.85085354792966716 0
0.81810390671743383 0.85085354792966716 0
0.83494380079293773 0.85085354792966716 0
0.85085354792966716 0.85085354792966716 0
0.86584398911986449 0.85085354792966716 0
0.87993234939109699 0.85085354792966716 0
0.89314128435238316 0.85085354792966716 0
0.90549794834623487 0.85085354792966716 0
0.91703310586062647 0.85085354792966716 0
0.92778030246194998 0.85085354792966716 0
0.93777510649552542 0.85085354792966716 0
0.94705442834523168 0.85085354792966716 0
0.95565592024967883 0.85085354792966716 0
0.96361745657462106 0.85085354792966716 0
0.97097669202509573 0.85085354792966716 0
0.97777069349574575 0.85085354792966716 0
0.98403564003146671 0.85085354792966716 0
0.98980658461942195 0.85085354792966716 0
0.99511727117141735 0.85085354792966716 0
1 0.85085354792966716 0
0 0.86584398911986449 0
0.0048827288285826498 0.86584398911986449 0
0.010193415380578108 0.86584398911986449 0
0.015964359968533293 0.86584398911986449 0
0.022229306504254309 0.86584398911986449 0
0.029023307974904211 0.86584398911986449 0
0.036382543425378944 0.86584398911986449 0
0.044344079750321175 0.86584398911986449 0
0.05294557165476832 0.86584398911986449 0
0.062224893504474577 0.86584398911986449 0
0.072219697538049965 0.86584398911986449 0
0.082966894139373526 0.86584398911986449 0
0.094502051653765073 0.86584398911986449 0
0.1068587156476169 0.86584398911986449 0
0.12006765060890301 0.86584398911986449 0
0.13415601088013551 0.86584398911986449 0
0.14914645207033284 0.86584398911986449 0
0.16505619920706233 0.86584398911986449 0
0.18189609328256623 0.86584398911986449 0
0.19966964334913023 0.86584398911986449 0
0.21837211656639416 0.86584398911986449 0
0.23798970315228379 0.86584398911986449 0
0.25849879653347779 0.86584398911986449 0
0.27986543060057029 0.86584398911986449 0
0.30204491534522315 0.86584398911986449 0
0.32498170888165034 0.86584398911986449 0
0.34860955768451718 0.86584398911986449 0
0.37285192778903486 0.86584398911986449 0
0.39762273795379011 0.86584398911986449 0
0.42282739194063157 0.86584398911986449 0
0.44836409196349009 0.86584398911986449 0
0.4741254000745021 0.86584398911986449 0
0.5 0.86584398911986449 0
0.5258745999254979 0.86584398911986449 0
0.55163590803650986 0.86584398911986449 0
0.57717260805936843 0.86584398911986449 0
0.60237726204620989 0.86584398911986449 0
0.62714807221096514 0.86584398911986449 0
0.65139044231548282 0.86584398911986449 0
0.67501829111834966 0.86584398911986449 0
0.69795508465477685 0.86584398911986449 0
0.72013456939942966 0.86584398911986449 0
0.74150120346652226 0.86584398911986449 0
0.76201029684771626 0.86584398911986449 0
0.7816278834336059 0.86584398911986449 0
0.80033035665086971 0.86584398911986449 0
0.81810390671743383 0.86584398911986449 0
0.83494380079293773 0.86584398911986449 0
0.85085354792966716 0.86584398911986449 0
0.86584398911986449 0.86584398911986449 0
0.87993234939109699 0.86584398911986449 0
0.89314128435238316 0.86584398911986449 0
0.90549794834623487 0.86584398911986449 0
0.91703310586062647 0.86584398911986449 0
0.92778030246194998 0.86584398911986449 0
0.93777510649552542 0.86584398911986449 0
0.94705442834523168 0.86584398911986449 0
0.95565592024967883 0.86584398911986449 0
0.96361745657462106 0.86584398911986449 0
0.97097669202509573 0.86584398911986449 0
0.97777069349574575 0.86584398911986449 0
0.98403564003146671 0.86584398911986449 0
0.98980658461942195 0.86584398911986449 0
0.99511727117141735 0.86584398911986449 0
1 0.86584398911986449 0
0 0.87993234939109699 0
0.0048827288285826498 0.87993234939109699 0
0.010193415380578108 0.87993234939109699 0
0.015964359968533293 0.87993234939109699 0
0.022229306504254309 0.87993234939109699 0
0.029023307974904211 0.87993234939109699 0
0.036382543425378944 0.87993234939109699 0
0.044344079750321175 0.87993234939109699 0
0.05294557165476832 0.87993234939109699 0
0.062224893504474577 0.87993234939109699 0
0.072219697538049965 0.87993234939109699 0
0.082966894139373526 0.87993234939109699 0
0.094502051653765073 0.87993234939109699 0
0.1068587156476169 0.87993234939109699 0
0.12006765060890301 0.87993234939109699 0
0.13415601088013551 0.87993234939109699 0
0.14914645207033284 0.87993234939109699 0
0.16505619920706233 0.87993234939109699 0
0.18189609328256623 0.87993234939109699 0
0.19966964334913023 0.87993234939109699 0
0.21837211656639416 0.87993234939109699 0
0.23798970315228379 0.87993234939109699 0
0.25849879653347779 0.87993234939109699 0
0.27986543060057029 0.87993234939109699 0
0.30204491534522315 0.87993234939109699 0
0.32498170888165034 0.87993234939109699 0
0.34860955768451718 0.87993234939109699 0
0.37285192778903486 0.87993234939109699 0
0.39762273795379011 0.87993234939109699 0
0.42282739194063157 0.87993234939109699 0
0.44836409196349009 0.87993234939109699 0
0.4741254000745021 0.87993234939109699 0
0.5 0.87993234939109699 0
0.5258745999254979 0.87993234939109699 0
0.55163590803650986 0.87993234939109699 0
0.57717260805936843 0.87993234939109699 0
0.60237726204620989 0.87993234939109699 0
0.62714807221096514 0.87993234939109699 0
0.65139044231548282 0.87993234939109699 0
0.67501829111834966 0.87993234939109699 0
0.69795508465477685 0.87993234939109699 0
0.72013456939942966 0.87993234939109699 0
0.74150120346652226 0.87993234939109699 0
0.76201029684771626 0.87993234939109699 0
0.7816278834336059 0.87993234939109699 0
0.80033035665086971 0.87993234939109699 0
0.81810390671743383 0.87993234939109699 0
0.83494380079293773 0.87993234939109699 0
0.85085354792966716 0.87993234939109699 0
0.86584398911986449 0.87993234939109699 0
0.87993234939109699 0.87993234939109699 0
0.89314128435238316 0.87993234939109699 0
0.90549794834623487 0.87993234939109699 0
0.91703310586062647 0.87993234939109699 0
0.92778030246194998 0.87993234939109699 0
0.93777510649552542 0.87993234939109699 0
0.94705442834523168 0.87993234939109699 0
0.95565592024967883 0.87993234939109699 0
0.96361745657462106 0.87993234939109699 0
0.97097669202509573 0.87993234939109699 0
0.97777069349574575 0.87993234939109699 0
0.98403564003146671 0.87993234939109699 0
0.98980658461942195 0.87993234939109699 0
0.99511727117141735 0.87993234939109699 0
1 0.87993234939109699 0
0 0.89314128435238316 0
0.0048827288285826498 0.89314128435238316 0
0.010193415380578108 0.89314128435238316 0
0.015964359968533293 0.89314128435238316 0
0.022229306504254309 0.89314128435238316 0
0.029023307974904211 0.89314128435238316 0
0.036382543425378944 0.89314128435238316 0
0.044344079750321175 0.89314128435238316 0
0.05294557165476832 0.89314128435238316 0
0.062224893504474577 0.89314128435238316 0
0.072219697538049965 0.89314128435238316 0
0.082966894139373526 0.89314128435238316 0
0.094502051653765073 0.89314128435238316 0
0.1068587156476169 0.89314128435238316 0
0.12006765060890301 0.89314128435238316 0
0.13415601088013551 0.89314128435238316 0
0.14914645207033284 0.89314128435238316 0
0.16505619920706233 0.89314128435238316 0
0.18189609328256623 0.89314128435238316 0
0.19966964334913023 0.89314128435238316 0
0.21837211656639416 0.89314128435238316 0
0.23798970315228379 0.89314128435238316 0
0.25849879653347779 0.89314128435238316 0
0.27986543060057029 0.89314128435238316 0
0.30204491534522315 0.89314128435238316 0
0.32498170888165034 0.89314128435238316 0
0.34860955768451718 0.89314128435238316 0
0.37285192778903486 0.89314128435238316 0
0.39762273795379011 0.89314128435238316 0
0.42282739194063157 0.89314128435238316 0
0.44836409196349009 0.89314128435238316 0
0.4741254000745021 0.89314128435238316 0
0.5 0.89314128435238316 0
0.5258745999254979 0.89314128435238316 0
0.55163590803650986 0.89314128435238316 0
0.57717260805936843 0.89314128435238316 0
0.60237726204620989 0.89314128435238316 0
0.62714807221096514 0.89314128435238316 0
0.65139044231548282 0.89314128435238316 0
0.67501829111834966 0.89314128435238316 0
0.69795508465477685 0.89314128435238316 0
0.72013456939942966 0.89314128435238316 0
0.74150120346652226 0.89314128435238316 0
0.76201029684771626 0.89314128435238316 0
0.7816278834336059 0.89314128435238316 0
0.80033035665086971 0.89314128435238316 0
0.81810390671743383 0.89314128435238316 0
0.83494380079293773 0.89314128435238316 0
0.85085354792966716 0.89314128435238316 0
0.86584398911986449 0.89314128435238316 0
0.87993234939109699 0.89314128435238316 0
0.89314128435238316 0.89314128435238316 0
0.90549794834623487 0.89314128435238316 0
0.91703310586062647 0.89314128435238316 0
0.92778030246194998 0.89314128435238316 0
0.93777510649552542 0.89314128435238316 0
0.94705442834523168 0.89314128435238316 0
0.95565592024967883 0.89314128435238316 0
0.96361745657462106 0.89314128435238316 0
0.97097669202509573 0.89314128435238316 0
0.97777069349574575 0.89314128435238316 0
0.98403564003146671 0.89314128435238316 0
0.98980658461942195 0.89314128435238316 0
0.99511727117141735 0.89314128435238316 0
1 0.89314128435238316 0
0 0.90549794834623487 0
0.0048827288285826498 0.90549794834623487 0
0.010193415380578108 0.90549794834623487 0
0.015964359968533293 0.90549794834623487 0
0.022229306504254309 0.90549794834623487 0
0.029023307974904211 0.90549794834623487 0
0.036382543425378944 0.90549794834623487 0
0.044344079750321175 0.90549794834623487 0
0.05294557165476832 0.90549794834623487 0
0.062224893504474577 0.90549794834623487 0
0.072219697538049965 0.90549794834623487 0
0.082966894139373526 0.90549794834623487 0
0.094502051653765073 0.90549794834623487 0
0.1068587156476169 0.90549794834623487 0
0.12006765060890301 0.90549794834623487 0
0.13415601088013551 0.90549794834623487 0
0.14914645207033284 0.90549794834623487 0
0.16505619920706233 0.90549794834623487 0
0.18189609328256623 0.90549794834623487 0
0.19966964334913023 0.90549794834623487 0
0.21837211656639416 0.90549794834623487 0
0.23798970315228379 0.90549794834623487 0
0.25849879653347779 0.90549794834623487 0
0.27986543060057029 0.90549794834623487 0
0.30204491534522315 0.90549794834623487 0
0.32498170888165034 0.90549794834623487 0
0.34860955768451718 0.90549794834623487 0
0.37285192778903486 0.90549794834623487 0
0.39762273795379011 0.90549794834623487 0
0.42282739194063157 0.90549794834623487 0
0.44836409196349009 0.90549794834623487 0
0.4741254000745021 0.90549794834623487 0
0.5 0.90549794834623487 0
0.5258745999254979 0.90549794834623487 0
0.55163590803650986 0.90549794834623487 0
0.57717260805936843 0.90549794834623487 0
0.60237726204620989 0.90549794834623487 0
0.62714807221096514 0.90549794834623487 0
0.65139044231548282 0.90549794834623487 0
0.67501829111834966 0.90549794834623487 0
0.69795508465477685 0.90549794834623487 0
0.72013456939942966 0.90549794834623487 0
0.74150120346652226 0.90549794834623487 0
0.76201029684771626 0.90549794834623487 0
0.7816278834336059 0.90549794834623487 0
0.80033035665086971 0.90549794834623487 0
0.81810390671743383 0.90549794834623487 0
0.83494380079293773 0.90549794834623487 0
0.85085354792966716 0.90549794834623487 0
0.86584398911986449 0.90549794834623487 0
0.87993234939109699 0.90549794834623487 0
0.89314128435238316 0.90549794834623487 0
0.90549794834623487 0.90549794834623487 0
0.91703310586062647 0.90549794834623487 0
0.92778030246194998 0.90549794834623487 0
0.93777510649552542 0.90549794834623487 0
0.94705442834523168 0.90549794834623487 0
0.95565592024967883 0.90549794834623487 0
0.96361745657462106 0.90549794834623487 0
0.97097669202509573 0.90549794834623487 0
0.97777069349574575 0.90549794834623487 0
0.98403564003146671 0.90549794834623487 0
0.98980658461942195 0.90549794834623487 0
0.99511727117141735 0.90549794834623487 0
1 0.90549794834623487 0
0 0.91703310586062647 0
0.0048827288285826498 0.91703310586062647 0
0.010193415380578108 0.91703310586062647 0
0.015964359968533293 0.91703310586062647 0
0.022229306504254309 0.91703310586062647 0
0.029023307974904211 0.91703310586062647 0
0.036382543425378944 0.91703310586062647 0
0.044344079750321175 0.91703310586062647 0
0.05294557165476832 0.91703310586062647 0
0.062224893504474577 0.91703310586062647 0
0.072219697538049965 0.91703310586062647 0
0.082966894139373526 0.91703310586062647 0
0.094502051653765073 0.91703310586062647 0
0.1068587156476169 0.91703310586062647 0
0.12006765060890301 0.91703310586062647 0
0.13415601088013551 0.91703310586062647 0
0.14914645207033284 0.91703310586062647 0
0.16505619920706233 0.91703310586062647 0
0.18189609328256623 0.91703310586062647 0
0.19966964334913023 0.91703310586062647 0
0.21837211656639416 0.91703310586062647 0
0.23798970315228379 0.91703310586062647 0
0.25849879653347779 0.91703310586062647 0
0.27986543060057029 0.91703310586062647 0
0.30204491534522315 0.91703310586062647 0
0.32498170888165034 0.91703310586062647 0
0.34860955768451718 0.91703310586062647 0
0.37285192778903486 0.91703310586062647 0
0.39762273795379011 0.91703310586062647 0
0.42282739194063157 0.91703310586062647 0
0.44836409196349009 0.91703310586062647 0
0.4741254000745021 0.91703310586062647 0
0.5 0.91703310586062647 0
0.5258745999254979 0.91703310586062647 0
0.55163590803650986 0.91703310586062647 0
0.57717260805936843 0.91703310586062647 0
0.60237726204620989 0.91703310586062647 0
0.62714807221096514 0.91703310586062647 0
0.65139044231548282 0.91703310586062647 0
0.67501829111834966 0.91703310586062647 0
0.69795508465477685 0.91703310586062647 0
0.72013456939942966 0.91703310586062647 0
0.74150120346652226 0.91703310586062647 0
0.76201029684771626 0.91703310586062647 0
0.7816278834336059 0.91703310586062647 0
0.80033035665086971 0.91703310586062647 0
0.81810390671743383 0.91703310586062647 0
0.83494380079293773 0.91703310586062647 0
0.85085354792966716 0.91703310586062647 0
0.86584398911986449 0.91703310586062647 0
0.87993234939109699 0.91703310586062647 0
0.89314128435238316 0.91703310586062647 0
0.90549794834623487 0.91703310586062647 0
0.91703310586062647 0.91703310586062647 0
0.92778030246194998 0.91703310586062647 0
0.93777510649552542 0.91703310586062647 0
0.94705442834523168 0.91703310586062647 0
0.95565592024967883 0.91703310586062647 0
0.96361745657462106 0.91703310586062647 0
0.97097669202509573 0.91703310586062647 0
0.97777069349574575 0.91703310586062647 0
0.98403564003146671 0.91703310586062647 0
0.98980658461942195 0.91703310586062647 0
0.99511727117141735 0.91703310586062647 0
1 0.91703310586062647 0
0 0.92778030246194998 0
0.0048827288285826498 0.92778030246194998 0
0.010193415380578108 0.92778030246194998 0
0.015964359968533293 0.92778030246194998 0
0.022229306504254309 0.92778030246194998 0
0.029023307974904211 0.92778030246194998 0
0.036382543425378944 0.92778030246194998 0
0.044344079750321175 0.92778030246194998 0
0.05294557165476832 0.92778030246194998 0
0.062224893504474577 0.92778030246194998 0
0.072219697538049965 0.92778030246194998 0
0.082966894139373526 0.92778030246194998 0
0.094502051653765073 0.92778030246194998 0
0.1068587156476169 0.92778030246194998 0
0.12006765060890301 0.92778030246194998 0
0.13415601088013551 0.92778030246194998 0
0.14914645207033284 0.92778030246194998 0
0.16505619920706233 0.92778030246194998 0
0.18189609328256623 0.92778030246194998 0
0.19966964334913023 0.92778030246194998 0
0.21837211656639416 0.92778030246194998 0
0.23798970315228379 0.92778030246194998 0
0.25849879653347779 0.92778030246194998 0
0.27986543060057029 0.92778030246194998 0
0.30204491534522315 0.92778030246194998 0
0.32498170888165034 0.92778030246194998 0
0.34860955768451718 0.92778030246194998 0
0.37285192778903486 0.92778030246194998 0
0.39762273795379011 0.92778030246194998 0
0.42282739194063157 0.92778030246194998 0
0.44836409196349009 0.92778030246194998 0
0.4741254000745021 0.92778030246194998 0
0.5 0.92778030246194998 0
0.5258745999254979 0.92778030246194998 0
0.55163590803650986 0.92778030246194998 0
0.57717260805936843 0.92778030246194998 0
0.60237726204620989 0.92778030246194998 0
0.62714807221096514 0.92778030246194998 0
0.65139044231548282 0.92778030246194998 0
0.67501829111834966 0.92778030246194998 0
0.69795508465477685 0.92778030246194998 0
0.72013456939942966 0.92778030246194998 0
0.74150120346652226 0.92778030246194998 0
0.76201029684771626 0.92778030246194998 0
0.7816278834336059 0.92778030246194998 0
0.80033035665086971 0.92778030246194998 0
0.81810390671743383 0.92778030246194998 0
0.83494380079293773 0.92778030246194998 0
0.85085354792966716 0.92778030246194998 0
0.86584398911986449 0.92778030246194998 0
0.87993234939109699 0.92778030246194998 0
0.89314128435238316 0.92778030246194998 0
0.90549794834623487 0.92778030246194998 0
0.91703310586062647 0.92778030246194998 0
0.92778030246194998 0.92778030246194998 0
0.93777510649552542 0.92778030246194998 0
0.94705442834523168 0.92778030246194998 0
0.95565592024967883 0.92778030246194998 0
0.96361745657462106 0.92778030246194998 0
0.97097669202509573 0.92778030246194998 0
0.97777069349574575 0.92778030246194998 0
0.98403564003146671 0.92778030246194998 0
0.98980658461942195 0.92778030246194998 0
0.99511727117141735 0.92778030246194998 0
1 0.92778030246194998 0
0 0.93777510649552542 0
0.0048827288285826498 0.93777510649552542 0
0.010193415380578108 0.93777510649552542 0
0.015964359968533293 0.93777510649552542 0
0.022229306504254309 0.93777510649552542 0
0.029023307974904211 0.93777510649552542 0
0.036382543425378944 0.93777510649552542 0
0.044344079750321175 0.93777510649552542 0
0.05294557165476832 0.93777510649552542 0
0.062224893504474577 0.93777510649552542 0
0.072219697538049965 0.93777510649552542 0
0.082966894139373526 0.93777510649552542 0
0.094502051653765073 0.93777510649552542 0
0.1068587156476169 0.93777510649552542 0
0.12006765060890301 0.93777510649552542 0
0.13415601088013551 0.93777510649552542 0
0.14914645207033284 0.93777510649552542 0
0.16505619920706233 0.93777510649552542 0
0.18189609328256623 0.93777510649552542 0
0.19966964334913023 0.93777510649552542 0
0.21837211656639416 0.93777510649552542 0
0.23798970315228379 0.93777510649552542 0
0.25849879653347779 0.93777510649552542 0
0.27986543060057029 0.93777510649552542 0
0.30204491534522315 0.93777510649552542 0
0.32498170888165034 0.93777510649552542 0
0.34860955768451718 0.93777510649552542 0
0.37285192778903486 0.93777510649552542 0
0.39762273795379011 0.93777510649552542 0
0.42282739194063157 0.93777510649552542 0
0.44836409196349009 0.93777510649552542 0
0.4741254000745021 0.93777510649552542 0
0.5 0.93777510649552542 0
0.5258745999254979 0.93777510649552542 0
0.55163590803650986 0.93777510649552542 0
0.57717260805936843 0.93777510649552542 0
0.60237726204620989 0.93777510649552542 0
0.62714807221096514 0.93777510649552542 0
0.65139044231548282 0.93777510649552542 0
0.67501829111834966 0.93777510649552542 0
0.69795508465477685 0.93777510649552542 0
0.72013456939942966 0.93777510649552542 0
0.74150120346652226 0.93777510649552542 0
0.76201029684771626 0.93777510649552542 0
0.7816278834336059 0.93777510649552542 0
0.80033035665086971 0.93777510649552542 0
0.81810390671743383 0.93777510649552542 0
0.83494380079293773 0.93777510649552542 0
0.85085354792966716 0.93777510649552542 0
0.86584398911986449 0.93777510649552542 0
0.87993234939109699 0.93777510649552542 0
0.89314128435238316 0.93777510649552542 0
0.90549794834623487 0.93777510649552542 0
0.91703310586062647 0.93777510649552542 0
0.92778030246194998 0.93777510649552542 0
0.93777510649552542 0.93777510649552542 0
0.94705442834523168 0.93777510649552542 0
0.95565592024967883 0.93777510649552542 0
0.96361745657462106 0.93777510649552542 0
0.97097669202509573 0.93777510649552542 0
0.97777069349574575 0.93777510649552542 0
0.98403564003146671 0.93777510649552542 0
0.98980658461942195 0.93777510649552542 0
0.99511727117141735 0.93777510649552542 0
1 0.93777510649552542 0
0 0.94705442834523168 0
0.0048827288285826498 0.94705442834523168 0
0.010193415380578108 0.94705442834523168 0
0.015964359968533293 0.94705442834523168 0
0.022229306504254309 0.94705442834523168 0
0.029023307974904211 0.94705442834523168 0
0.036382543425378944 0.94705442834523168 0
0.044344079750321175 0.94705442834523168 0
0.05294557165476832 0.94705442834523168 0
0.062224893504474577 0.94705442834523168 0
0.072219697538049965 0.94705442834523168 0
0.082966894139373526 0.94705442834523168 0
0.094502051653765073 0.94705442834523168 0
0.1068587156476169 0.94705442834523168 0
0.12006765060890301 0.94705442834523168 0
0.13415601088013551 0.94705442834523168 0
0.14914645207033284 0.94705442834523168 0
0.16505619920706233 0.94705442834523168 0
0.18189609328256623 0.94705442834523168 0
0.19966964334913023 0.94705442834523168 0
0.21837211656639416 0.94705442834523168 0
0.23798970315228379 0.94705442834523168 0
0.25849879653347779 0.94705442834523168 0
0.27986543060057029 0.94705442834523168 0
0.30204491534522315 0.94705442834523168 0
0.32498170888165034 0.94705442834523168 0
0.34860955768451718 0.94705442834523168 0
0.37285192778903486 0.94705442834523168 0
0.39762273795379011 0.94705442834523168 0
0.42282739194063157 0.94705442834523168 0
0.44836409196349009 0.94705442834523168 0
0.4741254000745021 0.94705442834523168 0
0.5 0.94705442834523168 0
0.5258745999254979 0.94705442834523168 0
0.55163590803650986 0.94705442834523168 0
0.57717260805936843 0.94705442834523168 0
0.60237726204620989 0.94705442834523168 0
0.62714807221096514 0.94705442834523168 0
0.65139044231548282 0.94705442834523168 0
0.67501829111834966 0.94705442834523168 0
0.69795508465477685 0.94705442834523168 0
0.72013456939942966 0.94705442834523168 0
0.74150120346652226 0.94705442834523168 0
0.76201029684771626 0.94705442834523168 0
0.7816278834336059 0.94705442834523168 0
0.80033035665086971 0.94705442834523168 0
0.81810390671743383 0.94705442834523168 0
0.83494380079293773 0.94705442834523168 0
0.85085354792966716 0.94705442834523168 0
0.86584398911986449 0.94705442834523168 0
0.87993234939109699 0.94705442834523168 0
0.89314128435238316 0.94705442834523168 0
0.90549794834623487 0.94705442834523168 0
0.91703310586062647 0.94705442834523168 0
0.92778030246194998 0.94705442834523168 0
0.93777510649552542 0.94705442834523168 0
0.94705442834523168 0.94705442834523168 0
0.95565592024967883 0.94705442834523168 0
0.96361745657462106 0.94705442834523168 0
0.97097669202509573 0.94705442834523168 0
0.97777069349574575 0.94705442834523168 0
0.98403564003146671 0.94705442834523168 0
0.98980658461942195 0.94705442834523168 0
0.99511727117141735 0.94705442834523168 0
1 0.94705442834523168 0
0 0.95565592024967883 0
0.0048827288285826498 0.95565592024967883 0
0.010193415380578108 0.95565592024967883 0
0.015964359968533293 0.95565592024967883 0
0.022229306504254309 0.95565592024967883 0
0.029023307974904211 0.95565592024967883 0
0.036382543425378944 0.95565592024967883 0
0.044344079750321175 0.95565592024967883 0
0.05294557165476832 0.95565592024967883 0
0.062224893504474577 0.95565592024967883 0
0.072219697538049965 0.95565592024967883 0
0.082966894139373526 0.95565592024967883 0
0.094502051653765073 0.95565592024967883 0
0.1068587156476169 0.95565592024967883 0
0.12006765060890301 0.95565592024967883 0
0.13415601088013551 0.95565592024967883 0
0.14914645207033284 0.95565592024967883 0
0.16505619920706233 0.95565592024967883 0
0.18189609328256623 0.95565592024967883 0
0.19966964334913023 0.95565592024967883 0
0.21837211656639416 0.95565592024967883 0
0.23798970315228379 0.95565592024967883 0
0.25849879653347779 0.95565592024967883 0
0.27986543060057029 0.95565592024967883 0
0.30204491534522315 0.95565592024967883 0
0.32498170888165034 0.95565592024967883 0
0.34860955768451718 0.95565592024967883 0
0.37285192778903486 0.95565592024967883 0
0.39762273795379011 0.95565592024967883 0
0.42282739194063157 0.95565592024967883 0
0.44836409196349009 0.95565592024967883 0
0.4741254000745021 0.95565592024967883 0
0.5 0.95565592024967883 0
0.5258745999254979 0.95565592024967883 0
0.55163590803650986 0.95565592024967883 0
0.57717260805936843 0.95565592024967883 0
0.60237726204620989 0.95565592024967883 0
0.62714807221096514 0.95565592024967883 0
0.65139044231548282 0.95565592024967883 0
0.67501829111834966 0.95565592024967883 0
0.69795508465477685 0.95565592024967883 0
0.72013456939942966 0.95565592024967883 0
0.74150120346652226 0.95565592024967883 0
0.76201029684771626 0.95565592024967883 0
0.7816278834336059 0.95565592024967883 0
0.80033035665086971 0.95565592024967883 0
0.81810390671743383 0.95565592024967883 0
0.83494380079293773 0.95565592024967883 0
0.85085354792966716 0.95565592024967883 0
0.86584398911986449 0.95565592024967883 0
0.87993234939109699 0.95565592024967883 0
0.89314128435238316 0.95565592024967883 0
0.90549794834623487 0.95565592024967883 0
0.91703310586062647 0.95565592024967883 0
0.92778030246194998 0.95565592024967883 0
0.93777510649552542 0.95565592024967883 0
0.94705442834523168 0.95565592024967883 0
0.95565592024967883 0.95565592024967883 0
0.96361745657462106 0.95565592024967883 0
0.97097669202509573 0.95565592024967883 0
0.97777069349574575 0.95565592024967883 0
0.98403564003146671 0.95565592024967883 0
0.98980658461942195 0.95565592024967883 0
0.99511727117141735 0.95565592024967883 0
1 0.95565592024967883 0
0 0.96361745657462106 0
0.0048827288285826498 0.96361745657462106 0
0.010193415380578108 0.96361745657462106 0
0.015964359968533293 0.96361745657462106 0
0.022229306504254309 0.96361745657462106 0
0.029023307974904211 0.96361745657462106 0
0.036382543425378944 0.96361745657462106 0
0.044344079750321175 0.96361745657462106 0
0.05294557165476832 0.96361745657462106 0
0.062224893504474577 0.96361745657462106 0
0.072219697538049965 0.96361745657462106 0
0.082966894139373526 0.96361745657462106 0
0.094502051653765073 0.96361745657462106 0
0.1068587156476169 0.96361745657462106 0
0.12006765060890301 0.96361745657462106 0
0.13415601088013551 0.96361745657462106 0
0.14914645207033284 0.96361745657462106 0
0.16505619920706233 0.96361745657462106 0
0.18189609328256623 0.96361745657462106 0
0.19966964334913023 0.96361745657462106 0
0.21837211656639416 0.96361745657462106 0
0.23798970315228379 0.96361745657462106 0
0.25849879653347779 0.96361745657462106 0
0.27986543060057029 0.96361745657462106 0
0.30204491534522315 0.96361745657462106 0
0.32498170888165034 0.96361745657462106 0
0.34860955768451718 0.96361745657462106 0
0.37285192778903486 0.96361745657462106 0
0.39762273795379011 0.96361745657462106 0
0.42282739194063157 0.96361745657462106 0
0.44836409196349009 0.96361745657462106 0
0.4741254000745021 0.96361745657462106 0
0.5 0.96361745657462106 0
0.5258745999254979 0.96361745657462106 0
0.55163590803650986 0.96361745657462106 0
0.57717260805936843 0.96361745657462106 0
0.60237726204620989 0.96361745657462106 0
0.62714807221096514 0.96361745657462106 0
0.65139044231548282 0.96361745657462106 0
0.67501829111834966 0.96361745657462106 0
0.69795508465477685 0.96361745657462106 0
0.72013456939942966 0.96361745657462106 0
0.74150120346652226 0.96361745657462106 0
0.76201029684771626 0.96361745657462106 0
0.7816278834336059 0.96361745657462106 0
0.80033035665086971 0.96361745657462106 0
0.81810390671743383 0.96361745657462106 0
0.83494380079293773 0.96361745657462106 0
0.85085354792966716 0.96361745657462106 0
0.86584398911986449 0.96361745657462106 0
0.87993234939109699 0.96361745657462106 0
0.89314128435238316 0.96361745657462106 0
0.90549794834623487 0.96361745657462106 0
0.91703310586062647 0.96361745657462106 0
0.92778030246194998 0.96361745657462106 0
0.93777510649552542 0.96361745657462106 0
0.94705442834523168 0.96361745657462106 0
0.95565592024967883 0.96361745657462106 0
0.96361745657462106 0.96361745657462106 0
0.97097669202509573 0.96361745657462106 0
0.97777069349574575 0.96361745657462106 0
0.98403564003146671 0.96361745657462106 0
0.98980658461942195 0.96361745657462106 0
0.99511727117141735 0.96361745657462106 0
1 0.96361745657462106 0
0 0.97097669202509573 0
0.0048827288285826498 0.97097669202509573 0
0.010193415380578108 0.97097669202509573 0
0.015964359968533293 0.97097669202509573 0
0.022229306504254309 0.97097669202509573 0
0.029023307974904211 0.97097669202509573 0
0.036382543425378944 0.97097669202509573 0
0.044344079750321175 0.97097669202509573 0
0.05294557165476832 0.97097669202509573 0
0.062224893504474577 0.97097669202509573 0
0.072219697538049965 0.97097669202509573 0
0.082966894139373526 0.97097669202509573 0
0.094502051653765073 0.97097669202509573 0
0.1068587156476169 0.97097669202509573 0
0.12006765060890301 0.97097669202509573 0
0.13415601088013551 0.97097669202509573 0
0.14914645207033284 0.97097669202509573 0
0.16505619920706233 0.97097669202509573 0
0.18189609328256623 0.97097669202509573 0
0.19966964334913023 0.97097669202509573 0
0.21837211656639416 0.97097669202509573 0
0.23798970315228379 0.97097669202509573 0
0.25849879653347779 0.97097669202509573 0
0.27986543060057029 0.97097669202509573 0
0.30204491534522315 0.97097669202509573 0
0.32498170888165034 0.97097669202509573 0
0.34860955768451718 0.97097669202509573 0
0.37285192778903486 0.97097669202509573 0
0.39762273795379011 0.97097669202509573 0
0.42282739194063157 0.97097669202509573 0
0.44836409196349009 0.97097669202509573 0
0.4741254000745021 0.97097669202509573 0
0.5 0.97097669202509573 0
0.5258745999254979 0.97097669202509573 0
0.55163590803650986 0.97097669202509573 0
0.57717260805936843 0.97097669202509573 0
0.60237726204620989 0.97097669202509573 0
0.62714807221096514 0.97097669202509573 0
0.65139044231548282 0.97097669202509573 0
0.67501829111834966 0.97097669202509573 0
0.69795508465477685 0.97097669202509573 0
0.72013456939942966 0.97097669202509573 0
0.74150120346652226 0.97097669202509573 0
0.76201029684771626 0.97097669202509573 0
0.7816278834336059 0.97097669202509573 0
0.80033035665086971 0.97097669202509573 0
0.81810390671743383 0.97097669202509573 0
0.83494380079293773 0.97097669202509573 0
0.85085354792966716 0.97097669202509573 0
0.86584398911986449 0.97097669202509573 0
0.87993234939109699 0.97097669202509573 0
0.89314128435238316 0.97097669202509573 0
0.90549794834623487 0.97097669202509573 0
0.91703310586062647 0.97097669202509573 0
0.92778030246194998 0.97097669202509573 0
0.93777510649552542 0.97097669202509573 0
0.94705442834523168 0.97097669202509573 0
0.95565592024967883 0.97097669202509573 0
0.96361745657462106 0.97097669202509573 0
0.97097669202509573 0.97097669202509573 0
0.97777069349574575 0.97097669202509573 0
0.98403564003146671 0.97097669202509573 0
0.98980658461942195 0.97097669202509573 0
0.99511727117141735 0.97097669202509573 0
1 0.97097669202509573 0
0 0.97777069349574575 0
0.0048827288285826498 0.97777069349574575 0
0.010193415380578108 0.97777069349574575 0
0.015964359968533293 0.97777069349574575 0
0.022229306504254309 0.97777069349574575 0
0.029023307974904211 0.97777069349574575 0
0.036382543425378944 0.97777069349574575 0
0.044344079750321175 0.97777069349574575 0
0.05294557165476832 0.97777069349574575 0
0.062224893504474577 0.97777069349574575 0
0.072219697538049965 0.97777069349574575 0
0.082966894139373526 0.97777069349574575 0
0.094502051653765073 0.97777069349574575 0
0.1068587156476169 0.97777069349574575 0
0.12006765060890301 0.97777069349574575 0
0.13415601088013551 0.97777069349574575 0
0.14914645207033284 0.97777069349574575 0
0.16505619920706233 0.97777069349574575 0
0.18189609328256623 0.97777069349574575 0
0.19966964334913023 0.97777069349574575 0
0.21837211656639416 0.97777069349574575 0
0.23798970315228379 0.97777069349574575 0
0.25849879653347779 0.97777069349574575 0
0.27986543060057029 0.97777069349574575 0
0.30204491534522315 0.97777069349574575 0
0.32498170888165034 0.97777069349574575 0
0.34860955768451718 0.97777069349574575 0
0.37285192778903486 0.97777069349574575 0
0.39762273795379011 0.97777069349574575 0
0.42282739194063157 0.97777069349574575 0
0.44836409196349009 0.97777069349574575 0
0.4741254000745021 0.97777069349574575 0
0.5 0.97777069349574575 0
0.5258745999254979 0.97777069349574575 0
0.55163590803650986 0.97777069349574575 0
0.57717260805936843 0.97777069349574575 0
0.60237726204620989 0.97777069349574575 0
0.62714807221096514 0.97777069349574575 0
0.65139044231548282 0.97777069349574575 0
0.67501829111834966 0.97777069349574575 0
0.69795508465477685 0.97777069349574575 0
0.72013456939942966 0.97777069349574575 0
0.74150120346652226 0.97777069349574575 0
0.76201029684771626 0.97777069349574575 0
0.7816278834336059 0.97777069349574575 0
0.80033035665086971 0.97777069349574575 0
0.81810390671743383 0.97777069349574575 0
0.83494380079293773 0.97777069349574575 0
0.85085354792966716 0.97777069349574575 0
0.86584398911986449 0.97777069349574575 0
0.87993234939109699 0.97777069349574575 0
0.89314128435238316 0.97777069349574575 0
0.90549794834623487 0.97777069349574575 0
0.91703310586062647 0.97777069349574575 0
0.92778030246194998 0.97777069349574575 0
0.93777510649552542 0.97777069349574575 0
0.94705442834523168 0.97777069349574575 0
0.95565592024967883 0.97777069349574575 0
0.96361745657462106 0.97777069349574575 0
0.97097669202509573 0.97777069349574575 0
0.97777069349574575 0.97777069349574575 0
0.98403564003146671 0.97777069349574575 0
0.98980658461942195 0.97777069349574575 0
0.99511727117141735 0.97777069349574575 0
1 0.97777069349574575 0
0 0.98403564003146671 0
0.0048827288285826498 0.98403564003146671 0
0.010193415380578108 0.98403564003146671 0
0.015964359968533293 0.98403564003146671 0
0.022229306504254309 0.98403564003146671 0
0.029023307974904211 0.98403564003146671 0
0.036382543425378944 0.98403564003146671 0
0.044344079750321175 0.98403564003146671 0
0.05294557165476832 0.98403564003146671 0
0.062224893504474577 0.98403564003146671 0
0.072219697538049965 0.98403564003146671 0
0.082966894139373526 0.98403564003146671 0
0.094502051653765073 0.98403564003146671 0
0.1068587156476169 0.98403564003146671 0
0.12006765060890301 0.98403564003146671 0
0.13415601088013551 0.98403564003146671 0
0.14914645207033284 0.98403564003146671 0
0.16505619920706233 0.98403564003146671 0
0.18189609328256623 0.98403564003146671 0
0.19966964334913023 0.98403564003146671 0
0.21837211656639416 0.98403564003146671 0
0.23798970315228379 0.98403564003146671 0
0.25849879653347779 0.98403564003146671 0
0.27986543060057029 0.98403564003146671 0
0.30204491534522315 0.98403564003146671 0
0.32498170888165034 0.98403564003146671 0
0.34860955768451718 0.98403564003146671 0
0.37285192778903486 0.98403564003146671 0
0.39762273795379011 0.98403564003146671 0
0.42282739194063157 0.98403564003146671 0
0.44836409196349009 0.98403564003146671 0
0.4741254000745021 0.98403564003146671 0
0.5 0.98403564003146671 0
0.5258745999254979 0.98403564003146671 0
0.55163590803650986 0.98403564003146671 0
0.57717260805936843 0.98403564003146671 0
0.60237726204620989 0.98403564003146671 0
0.62714807221096514 0.98403564003146671 0
0.65139044231548282 0.98403564003146671 0
0.67501829111834966 0.98403564003146671 0
0.69795508465477685 0.98403564003146671 0
0.72013456939942966 0.98403564003146671 0
0.74150120346652226 0.98403564003146671 0
0.76201029684771626 0.98403564003146671 0
0.7816278834336059 0.98403564003146671 0
0.80033035665086971 0.98403564003146671 0
0.81810390671743383 0.98403564003146671 0
0.83494380079293773 0.98403564003146671 0
0.85085354792966716 0.98403564003146671 0
0.86584398911986449 0.98403564003146671 0
0.87993234939109699 0.98403564003146671 0
0.89314128435238316 0.98403564003146671 0
0.90549794834623487 0.98403564003146671 0
0.91703310586062647 0.98403564003146671 0
0.92778030246194998 0.98403564003146671 0
0.93777510649552542 0.98403564003146671 0
0.94705442834523168 0.98403564003146671 0
0.95565592024967883 0.98403564003146671 0
0.96361745657462106 0.98403564003146671 0
0.97097669202509573 0.98403564003146671 0
0.97777069349574575 0.98403564003146671 0
0.98403564003146671 0.98403564003146671 0
0.98980658461942195 0.98403564003146671 0
0.99511727117141735 0.98403564003146671 0
1 0.98403564003146671 0
0 0.98980658461942195 0
0.0048827288285826498 0.98980658461942195 0
0.010193415380578108 0.98980658461942195 0
0.015964359968533293 0.98980658461942195 0
0.022229306504254309 0.98980658461942195 0
0.029023307974904211 0.98980658461942195 0
0.036382543425378944 0.98980658461942195 0
0.044344079750321175 0.98980658461942195 0
0.05294557165476832 0.98980658461942195 0
0.062224893504474577 0.98980658461942195 0
0.072219697538049965 0.98980658461942195 0
0.082966894139373526 0.98980658461942195 0
0.094502051653765073 0.98980658461942195 0
0.1068587156476169 0.98980658461942195 0
0.12006765060890301 0.98980658461942195 0
0.13415601088013551 0.98980658461942195 0
0.14914645207033284 0.98980658461942195 0
0.16505619920706233 0.98980658461942195 0
0.18189609328256623 0.98980658461942195 0
0.19966964334913023 0.98980658461942195 0
0.21837211656639416 0.98980658461942195 0
0.23798970315228379 0.98980658461942195 0
0.25849879653347779 0.98980658461942195 0
0.27986543060057029 0.98980658461942195 0
0.30204491534522315 0.98980658461942195 0
0.32498170888165034 0.98980658461942195 0
0.34860955768451718 0.98980658461942195 0
0.37285192778903486 0.98980658461942195 0
0.39762273795379011 0.98980658461942195 0
0.42282739194063157 0.98980658461942195 0
0.44836409196349009 0.98980658461942195 0
0.4741254000745021 0.98980658461942195 0
0.5 0.98980658461942195 0
0.5258745999254979 0.98980658461942195 0
0.55163590803650986 0.98980658461942195 0
0.57717260805936843 0.98980658461942195 0
0.60237726204620989 0.98980658461942195 0
0.62714807221096514 0.98980658461942195 0
0.65139044231548282 0.98980658461942195 0
0.67501829111834966 0.98980658461942195 0
0.69795508465477685 0.98980658461942195 0
0.72013456939942966 0.98980658461942195 0
0.74150120346652226 0.98980658461942195 0
0.76201029684771626 0.98980658461942195 0
0.7816278834336059 0.98980658461942195 0
0.80033035665086971 0.98980658461942195 0
0.81810390671743383 0.98980658461942195 0
0.83494380079293773 0.98980658461942195 0
0.85085354792966716 0.98980658461942195 0
0.86584398911986449 0.98980658461942195 0
0.87993234939109699 0.98980658461942195 0
0.89314128435238316 0.98980658461942195 0
0.90549794834623487 0.98980658461942195 0
0.91703310586062647 0.98980658461942195 0
0.92778030246194998 0.98980658461942195 0
0.93777510649552542 0.98980658461942195 0
0.94705442834523168 0.98980658461942195 0
0.95565592024967883 0.98980658461942195 0
0.96361745657462106 0.98980658461942195 0
0.97097669202509573 0.98980658461942195 0
0.97777069349574575 0.98980658461942195 0
0.98403564003146671 0.98980658461942195 0
0.98980658461942195 0.98980658461942195 0
0.99511727117141735 0.98980658461942195 0
1 0.98980658461942195 0
0 0.99511727117141735 0
0.0048827288285826498 0.99511727117141735 0
0.010193415380578108 0.99511727117141735 0
0.015964359968533293 0.99511727117141735 0
0.022229306504254309 0.99511727117141735 0
0.029023307974904211 0.99511727117141735 0
0.036382543425378944 0.99511727117141735 0
0.044344079750321175 0.99511727117141735 0
0.05294557165476832 0.99511727117141735 0
0.062224893504474577 0.99511727117141735 0
0.072219697538049965 0.99511727117141735 0
0.082966894139373526 0.99511727117141735 0
0.094502051653765073 0.99511727117141735 0
0.1068587156476169 0.99511727117141735 0
0.12006765060890301 0.99511727117141735 0
0.13415601088013551 0.99511727117141735 0
0.14914645207033284 0.99511727117141735 0
0.16505619920706233 0.99511727117141735 0
0.18189609328256623 0.99511727117141735 0
0.19966964334913023 0.99511727117141735 0
0.21837211656639416 0.99511727117141735 0
0.23798970315228379 0.99511727117141735 0
0.25849879653347779 0.99511727117141735 0
0.27986543060057029 0.99511727117141735 0
0.30204491534522315 0.99511727117141735 0
0.32498170888165034 0.99511727117141735 0
0.34860955768451718 0.99511727117141735 0
0.37285192778903486 0.99511727117141735 0
0.39762273795379011 0.99511727117141735 0
0.42282739194063157 0.99511727117141735 0
0.44836409196349009 0.99511727117141735 0
0.4741254000745021 0.99511727117141735 0
0.5 0.99511727117141735 0
0.5258745999254979 0.99511727117141735 0
0.55163590803650986 0.99511727117141735 0
0.57717260805936843 0.99511727117141735 0
0.60237726204620989 0.99511727117141735 0
0.62714807221096514 0.99511727117141735 0
0.65139044231548282 0.99511727117141735 0
0.67501829111834966 0.99511727117141735 0
0.69795508465477685 0.99511727117141735 0
0.72013456939942966 0.99511727117141735 0
0.74150120346652226 0.99511727117141735 0
0.76201029684771626 0.99511727117141735 0
0.7816278834336059 0.99511727117141735 0
0.80033035665086971 0.99511727117141735 0
0.81810390671743383 0.99511727117141735 0
0.83494380079293773 0.99511727117141735 0
0.85085354792966716 0.99511727117141735 0
0.86584398911986449 0.99511727117141735 0
0.87993234939109699 0.99511727117141735 0
0.89314128435238316 0.99511727117141735 0
0.90549794834623487 0.99511727117141735 0
0.91703310586062647 0.99511727117141735 0
0.92778030246194998 0.99511727117141735 0
0.93777510649552542 0.99511727117141735 0
0.94705442834523168 0.99511727117141735 0
0.95565592024967883 0.99511727117141735 0
0.96361745657462106 0.99511727117141735 0
0.97097669202509573 0.99511727117141735 0
0.97777069349574575 0.99511727117141735 0
0.98403564003146671 0.99511727117141735 0
0.98980658461942195 0.99511727117141735 0
0.99511727117141735 0.99511727117141735 0
1 0.99511727117141735 0
0 1 0
0.0048827288285826498 1 0
0.010193415380578108 1 0
0.015964359968533293 1 0
0.022229306504254309 1 0
0.029023307974904211 1 0
0.036382543425378944 1 0
0.044344079750321175 1 0
0.05294557165476832 1 0
0.062224893504474577 1 0
0.072219697538049965 1 0
0.082966894139373526 1 0
0.094502051653765073 1 0
0.1068587156476169 1 0
0.12006765060890301 1 0
0.13415601088013551 1 0
0.14914645207033284 1 0
0.16505619920706233 1 0
0.18189609328256623 1 0
0.19966964334913023 1 0
0.21837211656639416 1 0
0.23798970315228379 1 0
0.25849879653347779 1 0
0.27986543060057029 1 0
0.30204491534522315 1 0
0.32498170888165034 1 0
0.34860955768451718 1 0
0.37285192778903486 1 0
0.39762273795379011 1 0
0.42282739194063157 1 0
0.44836409196349009 1 0
0.4741254000745021 1 0
0.5 1 0
0.5258745999254979 1 0
0.55163590803650986 1 0
0.57717260805936843 1 0
0.60237726204620989 1 0
0.62714807221096514 1 0
0.65139044231548282 1 0
0.67501829111834966 1 0
0.69795508465477685 1 0
0.72013456939942966 1 0
0.74150120346652226 1 0
0.76201029684771626 1 0
0.7816278834336059 1 0
0.80033035665086971 1 0
0.81810390671743383 1 0
0.83494380079293773 1 0
0.85085354792966716 1 0
0.86584398911986449 1 0
0.87993234939109699 1 0
0.89314128435238316 1 0
0.90549794834623487 1 0
0.91703310586062647 1 0
0.92778030246194998 1 0
0.93777510649552542 1 0
0.94705442834523168 1 0
0.95565592024967883 1 0
0.96361745657462106 1 0
0.97097669202509573 1 0
0.97777069349574575 1 0
0.98403564003146671 1 0
0.98980658461942195 1 0
0.99511727117141735 1 0
1 1 0
0 0 1
0.0048827288285826498 0 1
0.010193415380578108 0 1
0.015964359968533293 0 1
0.022229306504254309 0 1
0.029023307974904211 0 1
0.036382543425378944 0 1
0.044344079750321175 0 1
0.05294557165476832 0 1
0.062224893504474577 0 1
0.072219697538049965 0 1
0.082966894139373526 0 1
0.094502051653765073 0 1
0.1068587156476169 0 1
0.12006765060890301 0 1
0.13415601088013551 0 1
0.14914645207033284 0 1
0.16505619920706233 0 1
0.18189609328256623 0 1
0.19966964334913023 0 1
0.21837211656639416 0 1
0.23798970315228379 0 1
0.25849879653347779 0 1
0.27986543060057029 0 1
0.30204491534522315 0 1
0.32498170888165034 0 1
0.34860955768451718 0 1
0.37285192778903486 0 1
0.39762273795379011 0 1
0.42282739194063157 0 1
0.44836409196349009 0 1
0.4741254000745021 0 1
0.5 0 1
0.5258745999254979 0 1
0.55163590803650986 0 1
0.57717260805936843 0 1
0.60237726204620989 0 1
0.62714807221096514 0 1
0.65139044231548282 0 1
0.67501829111834966 0 1
0.69795508465477685 0 1
0.72013456939942966 0 1
0.74150120346652226 0 1
0.76201029684771626 0 1
0.7816278834336059 0 1
0.80033035665086971 0 1
0.81810390671743383 0 1
0.83494380079293773 0 1
0.85085354792966716 0 1
0.86584398911986449 0 1
0.87993234939109699 0 1
0.89314128435238316 0 1
0.90549794834623487 0 1
0.91703310586062647 0 1
0.92778030246194998 0 1
0.93777510649552542 0 1
0.94705442834523168 0 1
0.95565592024967883 0 1
0.96361745657462106 0 1
0.97097669202509573 0 1
0.97777069349574575 0 1
0.98403564003146671 0 1
0.98980658461942195 0 1
0.99511727117141735 0 1
1 0 1
0 0.0048827288285826498 1
0.0048827288285826498 0.0048827288285826498 1
0.010193415380578108 0.0048827288285826498 1
0.015964359968533293 0.0048827288285826498 1
0.022229306504254309 0.0048827288285826498 1
0.029023307974904211 0.0048827288285826498 1
0.036382543425378944 0.0048827288285826498 1
0.044344079750321175 0.0048827288285826498 1
0.05294557165476832 0.0048827288285826498 1
0.062224893504474577 0.0048827288285826498 1
0.072219697538049965 0.0048827288285826498 1
0.082966894139373526 0.0048827288285826498 1
0.094502051653765073 0.0048827288285826498 1
0.1068587156476169 0.0048827288285826498 1
0.12006765060890301 0.0048827288285826498 1
0.13415601088013551 0.0048827288285826498 1
0.14914645207033284 0.0048827288285826498 1
0.16505619920706233 0.0048827288285826498 1
0.18189609328256623 0.0048827288285826498 1
0.19966964334913023 0.0048827288285826498 1
0.21837211656639416 0.0048827288285826498 1
0.23798970315228379 0.0048827288285826498 1
0.25849879653347779 0.0048827288285826498 1
0.27986543060057029 0.0048827288285826498 1
0.30204491534522315 0.0048827288285826498 1
0.32498170888165034 0.0048827288285826498 1
0.34860955768451718 0.0048827288285826498 1
0.37285192778903486 0.0048827288285826498 1
0.39762273795379011 0.0048827288285826498 1
0.42282739194063157 0.0048827288285826498 1
0.44836409196349009 0.0048827288285826498 1
0.4741254000745021 0.0048827288285826498 1
0.5 0.0048827288285826498 1
0.5258745999254979 0.0048827288285826498 1
0.55163590803650986 0.0048827288285826498 1
0.57717260805936843 0.0048827288285826498 1
0.60237726204620989 0.0048827288285826498 1
0.62714807221096514 0.0048827288285826498 1
0.65139044231548282 0.0048827288285826498 1
0.67501829111834966 0.0048827288285826498 1
0.69795508465477685 0.0048827288285826498 1
0.72013456939942966 0.0048827288285826498 1
0.74150120346652226 0.0048827288285826498 1
0.76201029684771626 0.0048827288285826498 1
0.7816278834336059 0.0048827288285826498 1
0.80033035665086971 0.0048827288285826498 1
0.81810390671743383 0.0048827288285826498 1
0.83494380079293773 0.0048827288285826498 1
0.85085354792966716 0.0048827288285826498 1
0.86584398911986449 0.0048827288285826498 1
0.87993234939109699 0.0048827288285826498 1
0.89314128435238316 0.0048827288285826498 1
0.90549794834623487 0.0048827288285826498 1
0.91703310586062647 0.0048827288285826498 1
0.92778030246194998 0.0048827288285826498 1
0.93777510649552542 0.0048827288285826498 1
0.94705442834523168 0.0048827288285826498 1
0.95565592024967883 0.0048827288285826498 1
0.96361745657462106 0.0048827288285826498 1
0.97097669202509573 0.0048827288285826498 1
0.97777069349574575 0.0048827288285826498 1
0.98403564003146671 0.0048827288285826498 1
0.98980658461942195 0.0048827288285826498 1
0.99511727117141735 0.0048827288285826498 1
1 0.0048827288285826498 1
0 0.010193415380578108 1
0.0048827288285826498 0.010193415380578108 1
0.010193415380578108 0.010193415380578108 1
0.015964359968533293 0.010193415380578108 1
0.022229306504254309 0.010193415380578108 1
0.029023307974904211 0.010193415380578108 1
0.036382543425378944 0.010193415380578108 1
0.044344079750321175 0.010193415380578108 1
0.05294557165476832 0.010193415380578108 1
0.062224893504474577 0.010193415380578108 1
0.072219697538049965 0.010193415380578108 1
0.082966894139373526 0.010193415380578108 1
0.094502051653765073 0.010193415380578108 1
0.1068587156476169 0.010193415380578108 1
0.12006765060890301 0.010193415380578108 1
0.13415601088013551 0.010193415380578108 1
0.14914645207033284 0.010193415380578108 1
0.16505619920706233 0.010193415380578108 1
0.18189609328256623 0.010193415380578108 1
0.19966964334913023 0.010193415380578108 1
0.21837211656639416 0.010193415380578108 1
0.23798970315228379 0.010193415380578108 1
0.25849879653347779 0.010193415380578108 1
0.27986543060057029 0.010193415380578108 1
0.30204491534522315 0.010193415380578108 1
0.32498170888165034 0.010193415380578108 1
0.34860955768451718 0.010193415380578108 1
0.37285192778903486 0.010193415380578108 1
0.39762273795379011 0.010193415380578108 1
0.42282739194063157 0.010193415380578108 1
0.44836409196349009 0.010193415380578108 1
0.4741254000745021 0.010193415380578108 1
0.5 0.010193415380578108 1
0.5258745999254979 0.010193415380578108 1
0.55163590803650986 0.010193415380578108 1
0.57717260805936843 0.010193415380578108 1
0.60237726204620989 0.010193415380578108 1
0.62714807221096514 0.010193415380578108 1
0.65139044231548282 0.010193415380578108 1
0.67501829111834966 0.010193415380578108 1
0.69795508465477685 0.010193415380578108 1
0.72013456939942966 0.010193415380578108 1
0.74150120346652226 0.010193415380578108 1
0.76201029684771626 0.010193415380578108 1
0.7816278834336059 0.010193415380578108 1
0.80033035665086971 0.010193415380578108 1
0.81810390671743383 0.010193415380578108 1
0.83494380079293773 0.010193415380578108 1
0.85085354792966716 0.010193415380578108 1
0.86584398911986449 0.010193415380578108 1
0.87993234939109699 0.010193415380578108 1
0.89314128435238316 0.010193415380578108 1
0.90549794834623487 0.010193415380578108 1
0.91703310586062647 0.010193415380578108 1
0.92778030246194998 0.010193415380578108 1
0.93777510649552542 0.010193415380578108 1
0.94705442834523168 0.010193415380578108 1
0.95565592024967883 0.010193415380578108 1
0.96361745657462106 0.010193415380578108 1
0.97097669202509573 0.010193415380578108 1
0.97777069349574575 0.010193415380578108 1
0.98403564003146671 0.010193415380578108 1
0.98980658461942195 0.010193415380578108 1
0.99511727117141735 0.010193415380578108 1
1 0.010193415380578108 1
0 0.015964359968533293 1
0.0048827288285826498 0.015964359968533293 1
0.010193415380578108 0.015964359968533293 1
0.015964359968533293 0.015964359968533293 1
0.022229306504254309 0.015964359968533293 1
0.029023307974904211 0.015964359968533293 1
0.036382543425378944 0.015964359968533293 1
0.044344079750321175 0.015964359968533293 1
0.05294557165476832 0.015964359968533293 1
0.062224893504474577 0.015964359968533293 1
0.072219697538049965 0.015964359968533293 1
0.082966894139373526 0.015964359968533293 1
0.094502051653765073 0.015964359968533293 1
0.1068587156476169 0.015964359968533293 1
0.12006765060890301 0.015964359968533293 1
0.13415601088013551 0.015964359968533293 1
0.14914645207033284 0.015964359968533293 1
0.16505619920706233 0.015964359968533293 1
0.18189609328256623 0.015964359968533293 1
0.19966964334913023 0.015964359968533293 1
0.21837211656639416 0.015964359968533293 1
0.23798970315228379 0.015964359968533293 1
0.25849879653347779 0.015964359968533293 1
0.27986543060057029 0.015964359968533293 1
0.30204491534522315 0.015964359968533293 1
0.32498170888165034 0.015964359968533293 1
0.34860955768451718 0.015964359968533293 1
0.37285192778903486 0.015964359968533293 1
0.39762273795379011 0.015964359968533293 1
0.42282739194063157 0.015964359968533293 1
0.44836409196349009 0.015964359968533293 1
0.4741254000745021 0.015964359968533293 1
0.5 0.015964359968533293 1
0.5258745999254979 0.015964359968533293 1
0.55163590803650986 0.015964359968533293 1
0.57717260805936843 0.015964359968533293 1
0.60237726204620989 0.015964359968533293 1
0.62714807221096514 0.015964359968533293 1
0.65139044231548282 0.015964359968533293 1
0.67501829111834966 0.015964359968533293 1
0.69795508465477685 0.015964359968533293 1
0.72013456939942966 0.015964359968533293 1
0.74150120346652226 0.015964359968533293 1
0.76201029684771626 0.015964359968533293 1
0.7816278834336059 0.015964359968533293 1
0.80033035665086971 0.015964359968533293 1
0.81810390671743383 0.015964359968533293 1
0.83494380079293773 0.015964359968533293 1
0.85085354792966716 0.015964359968533293 1
0.86584398911986449 0.015964359968533293 1
0.87993234939109699 0.015964359968533293 1
0.89314128435238316 0.015964359968533293 1
0.90549794834623487 0.015964359968533293 1
0.91703310586062647 0.015964359968533293 1
0.92778030246194998 0.015964359968533293 1
0.93777510649552542 0.015964359968533293 1
0.94705442834523168 0.015964359968533293 1
0.95565592024967883 0.015964359968533293 1
0.96361745657462106 0.015964359968533293 1
0.97097669202509573 0.015964359968533293 1
0.97777069349574575 0.015964359968533293 1
0.98403564003146671 0.015964359968533293 1
0.98980658461942195 0.015964359968533293 1
0.99511727117141735 0.015964359968533293 1
1 0.015964359968533293 1
0 0.022229306504254309 1
0.0048827288285826498 0.022229306504254309 1
0.010193415380578108 0.022229306504254309 1
0.015964359968533293 0.022229306504254309 1
0.022229306504254309 0.022229306504254309 1
0.029023307974904211 0.022229306504254309 1
0.036382543425378944 0.022229306504254309 1
0.044344079750321175 0.022229306504254309 1
0.05294557165476832 0.022229306504254309 1
0.062224893504474577 0.022229306504254309 1
0.072219697538049965 0.022229306504254309 1
0.082966894139373526 0.022229306504254309 1
0.094502051653765073 0.022229306504254309 1
0.1068587156476169 0.022229306504254309 1
0.12006765060890301 0.022229306504254309 1
0.13415601088013551 0.022229306504254309 1
0.14914645207033284 0.022229306504254309 1
0.16505619920706233 0.022229306504254309 1
0.18189609328256623 0.022229306504254309 1
0.19966964334913023 0.022229306504254309 1
0.21837211656639416 0.022229306504254309 1
0.23798970315228379 0.022229306504254309 1
0.25849879653347779 0.022229306504254309 1
0.27986543060057029 0.022229306504254309 1
0.30204491534522315 0.022229306504254309 1
0.32498170888165034 0.022229306504254309 1
0.34860955768451718 0.022229306504254309 1
0.37285192778903486 0.022229306504254309 1
0.39762273795379011 0.022229306504254309 1
0.42282739194063157 0.022229306504254309 1
0.44836409196349009 0.022229306504254309 1
0.4741254000745021 0.022229306504254309 1
0.5 0.022229306504254309 1
0.5258745999254979 0.022229306504254309 1
0.55163590803650986 0.022229306504254309 1
0.57717260805936843 0.022229306504254309 1
0.60237726204620989 0.022229306504254309 1
0.62714807221096514 0.022229306504254309 1
0.65139044231548282 0.022229306504254309 1
0.67501829111834966 0.022229306504254309 1
0.69795508465477685 0.022229306504254309 1
0.72013456939942966 0.022229306504254309 1
0.74150120346652226 0.022229306504254309 1
0.76201029684771626 0.022229306504254309 1
0.7816278834336059 0.022229306504254309 1
0.80033035665086971 0.022229306504254309 1
0.81810390671743383 0.022229306504254309 1
0.83494380079293773 0.022229306504254309 1
0.85085354792966716 0.022229306504254309 1
0.86584398911986449 0.022229306504254309 1
0.87993234939109699 0.022229306504254309 1
0.89314128435238316 0.022229306504254309 1
0.90549794834623487 0.022229306504254309 1
0.91703310586062647 0.022229306504254309 1
0.92778030246194998 0.022229306504254309 1
0.93777510649552542 0.022229306504254309 1
0.94705442834523168 0.022229306504254309 1
0.95565592024967883 0.022229306504254309 1
0.96361745657462106 0.022229306504254309 1
0.97097669202509573 0.022229306504254309 1
0.97777069349574575 0.022229306504254309 1
0.98403564003146671 0.022229306504254309 1
0.98980658461942195 0.022229306504254309 1
0.99511727117141735 0.022229306504254309 1
1 0.022229306504254309 1
0 0.029023307974904211 1
0.0048827288285826498 0.029023307974904211 1
0.010193415380578108 0.029023307974904211 1
0.015964359968533293 0.029023307974904211 1
0.022229306504254309 0.029023307974904211 1
0.029023307974904211 0.029023307974904211 1
0.036382543425378944 0.029023307974904211 1
0.044344079750321175 0.029023307974904211 1
0.05294557165476832 0.029023307974904211 1
0.062224893504474577 0.029023307974904211 1
0.072219697538049965 0.029023307974904211 1
0.082966894139373526 0.029023307974904211 1
0.094502051653765073 0.029023307974904211 1
0.1068587156476169 0.029023307974904211 1
0.12006765060890301 0.029023307974904211 1
0.13415601088013551 0.029023307974904211 1
0.14914645207033284 0.029023307974904211 1
0.16505619920706233 0.029023307974904211 1
0.18189609328256623 0.029023307974904211 1
0.19966964334913023 0.029023307974904211 1
0.21837211656639416 0.029023307974904211 1
0.23798970315228379 0.029023307974904211 1
0.25849879653347779 0.029023307974904211 1
0.27986543060057029 0.029023307974904211 1
0.30204491534522315 0.029023307974904211 1
0.32498170888165034 0.029023307974904211 1
0.34860955768451718 0.029023307974904211 1
0.37285192778903486 0.029023307974904211 1
0.39762273795379011 0.029023307974904211 1
0.42282739194063157 0.029023307974904211 1
0.44836409196349009 0.029023307974904211 1
0.4741254000745021 0.029023307974904211 1
0.5 0.029023307974904211 1
0.5258745999254979 0.029023307974904211 1
0.55163590803650986 0.029023307974904211 1
0.57717260805936843 0.029023307974904211 1
0.60237726204620989 0.029023307974904211 1
0.62714807221096514 0.029023307974904211 1
0.65139044231548282 0.029023307974904211 1
0.67501829111834966 0.029023307974904211 1
0.69795508465477685 0.029023307974904211 1
0.72013456939942966 0.029023307974904211 1
0.74150120346652226 0.029023307974904211 1
0.76201029684771626 0.029023307974904211 1
0.7816278834336059 0.029023307974904211 1
0.80033035665086971 0.029023307974904211 1
0.81810390671743383 0.029023307974904211 1
0.83494380079293773 0.029023307974904211 1
0.85085354792966716 0.029023307974904211 1
0.86584398911986449 0.029023307974904211 1
0.87993234939109699 0.029023307974904211 1
0.89314128435238316 0.029023307974904211 1
0.90549794834623487 0.029023307974904211 1
0.91703310586062647 0.029023307974904211 1
0.92778030246194998 0.029023307974904211 1
0.93777510649552542 0.029023307974904211 1
0.94705442834523168 0.029023307974904211 1
0.95565592024967883 0.029023307974904211 1
0.96361745657462106 0.029023307974904211 1
0.97097669202509573 0.029023307974904211 1
0.97777069349574575 0.029023307974904211 1
0.98403564003146671 0.029023307974904211 1
0.98980658461942195 0.029023307974904211 1
0.99511727117141735 0.029023307974904211 1
1 0.029023307974904211 1
0 0.036382543425378944 1
0.0048827288285826498 0.036382543425378944 1
0.010193415380578108 0.036382543425378944 1
0.015964359968533293 0.036382543425378944 1
0.022229306504254309 0.036382543425378944 1
0.029023307974904211 0.036382543425378944 1
0.036382543425378944 0.036382543425378944 1
0.044344079750321175 0.036382543425378944 1
0.05294557165476832 0.036382543425378944 1
0.062224893504474577 0.036382543425378944 1
0.072219697538049965 0.036382543425378944 1
0.082966894139373526 0.036382543425378944 1
0.094502051653765073 0.036382543425378944 1
0.1068587156476169 0.036382543425378944 1
0.12006765060890301 0.036382543425378944 1
0.13415601088013551 0.036382543425378944 1
0.14914645207033284 0.036382543425378944 1
0.16505619920706233 0.036382543425378944 1
0.18189609328256623 0.036382543425378944 1
0.19966964334913023 0.036382543425378944 1
0.21837211656639416 0.036382543425378944 1
0.23798970315228379 0.036382543425378944 1
0.25849879653347779 0.036382543425378944 1
0.27986543060057029 0.036382543425378944 1
0.30204491534522315 0.036382543425378944 1
0.32498170888165034 0.036382543425378944 1
0.34860955768451718 0.036382543425378944 1
0.37285192778903486 0.036382543425378944 1
0.39762273795379011 0.036382543425378944 1
0.42282739194063157 0.036382543425378944 1
0.44836409196349009 0.036382543425378944 1
0.4741254000745021 0.036382543425378944 1
0.5 0.036382543425378944 1
0.5258745999254979 0.036382543425378944 1
0.55163590803650986 0.036382543425378944 1
0.57717260805936843 0.036382543425378944 1
0.60237726204620989 0.036382543425378944 1
0.62714807221096514 0.036382543425378944 1
0.65139044231548282 0.036382543425378944 1
0.67501829111834966 0.036382543425378944 1
0.69795508465477685 0.036382543425378944 1
0.72013456939942966 0.036382543425378944 1
0.74150120346652226 0.036382543425378944 1
0.76201029684771626 0.036382543425378944 1
0.7816278834336059 0.036382543425378944 1
0.80033035665086971 0.036382543425378944 1
0.81810390671743383 0.036382543425378944 1
0.83494380079293773 0.036382543425378944 1
0.85085354792966716 0.036382543425378944 1
0.86584398911986449 0.036382543425378944 1
0.87993234939109699 0.036382543425378944 1
0.89314128435238316 0.036382543425378944 1
0.90549794834623487 0.036382543425378944 1
0.91703310586062647 0.036382543425378944 1
0.92778030246194998 0.036382543425378944 1
0.93777510649552542 0.036382543425378944 1
0.94705442834523168 0.036382543425378944 1
0.95565592024967883 0.036382543425378944 1
0.96361745657462106 0.036382543425378944 1
0.97097669202509573 0.036382543425378944 1
0.97777069349574575 0.036382543425378944 1
0.98403564003146671 0.036382543425378944 1
0.98980658461942195 0.036382543425378944 1
0.99511727117141735 0.036382543425378944 1
1 0.036382543425378944 1
0 0.044344079750321175 1
0.0048827288285826498 0.044344079750321175 1
0.010193415380578108 0.044344079750321175 1
0.015964359968533293 0.044344079750321175 1
0.022229306504254309 0.044344079750321175 1
0.029023307974904211 0.044344079750321175 1
0.036382543425378944 0.044344079750321175 1
0.044344079750321175 0.044344079750321175 1
0.05294557165476832 0.044344079750321175 1
0.062224893504474577 0.044344079750321175 1
0.072219697538049965 0.044344079750321175 1
0.082966894139373526 0.044344079750321175 1
0.094502051653765073 0.044344079750321175 1
0.1068587156476169 0.044344079750321175 1
0.12006765060890301 0.044344079750321175 1
0.13415601088013551 0.044344079750321175 1
0.14914645207033284 0.044344079750321175 1
0.16505619920706233 0.044344079750321175 1
0.18189609328256623 0.044344079750321175 1
0.19966964334913023 0.044344079750321175 1
0.21837211656639416 0.044344079750321175 1
0.23798970315228379 0.044344079750321175 1
0.25849879653347779 0.044344079750321175 1
0.27986543060057029 0.044344079750321175 1
0.30204491534522315 0.044344079750321175 1
0.32498170888165034 0.044344079750321175 1
0.34860955768451718 0.044344079750321175 1
0.37285192778903486 0.044344079750321175 1
0.39762273795379011 0.044344079750321175 1
0.42282739194063157 0.044344079750321175 1
0.44836409196349009 0.044344079750321175 1
0.4741254000745021 0.044344079750321175 1
0.5 0.044344079750321175 1
0.5258745999254979 0.044344079750321175 1
0.55163590803650986 0.044344079750321175 1
0.57717260805936843 0.044344079750321175 1
0.60237726204620989 0.044344079750321175 1
0.62714807221096514 0.044344079750321175 1
0.65139044231548282 0.044344079750321175 1
0.67501829111834966 0.044344079750321175 1
0.69795508465477685 0.044344079750321175 1
0.72013456939942966 0.044344079750321175 1
0.74150120346652226 0.044344079750321175 1
0.76201029684771626 0.044344079750321175 1
0.7816278834336059 0.044344079750321175 1
0.80033035665086971 0.044344079750321175 1
0.81810390671743383 0.044344079750321175 1
0.83494380079293773 0.044344079750321175 1
0.85085354792966716 0.044344079750321175 1
0.86584398911986449 0.044344079750321175 1
0.87993234939109699 0.044344079750321175 1
0.89314128435238316 0.044344079750321175 1
0.90549794834623487 0.044344079750321175 1
0.91703310586062647 0.044344079750321175 1
0.92778030246194998 0.044344079750321175 1
0.93777510649552542 0.044344079750321175 1
0.94705442834523168 0.044344079750321175 1
0.95565592024967883 0.044344079750321175 1
0.96361745657462106 0.044344079750321175 1
0.97097669202509573 0.044344079750321175 1
0.97777069349574575 0.044344079750321175 1
0.98403564003146671 0.044344079750321175 1
0.98980658461942195 0.044344079750321175 1
0.99511727117141735 0.044344079750321175 1
1 0.044344079750321175 1
0 0.05294557165476832 1
0.0048827288285826498 0.05294557165476832 1
0.010193415380578108 0.05294557165476832 1
0.015964359968533293 0.05294557165476832 1
0.022229306504254309 0.05294557165476832 1
0.029023307974904211 0.05294557165476832 1
0.036382543425378944 0.05294557165476832 1
0.044344079750321175 0.05294557165476832 1
0.05294557165476832 0.05294557165476832 1
0.062224893504474577 0.05294557165476832 1
0.072219697538049965 0.05294557165476832 1
0.082966894139373526 0.05294557165476832 1
0.094502051653765073 0.05294557165476832 1
0.1068587156476169 0.05294557165476832 1
0.12006765060890301 0.05294557165476832 1
0.13415601088013551 0.05294557165476832 1
0.14914645207033284 0.05294557165476832 1
0.16505619920706233 0.05294557165476832 1
0.18189609328256623 0.05294557165476832 1
0.19966964334913023 0.05294557165476832 1
0.21837211656639416 0.05294557165476832 1
0.23798970315228379 0.05294557165476832 1
0.25849879653347779 0.05294557165476832 1
0.27986543060057029 0.05294557165476832 1
0.30204491534522315 0.05294557165476832 1
0.32498170888165034 0.05294557165476832 1
0.34860955768451718 0.05294557165476832 1
0.37285192778903486 0.05294557165476832 1
0.39762273795379011 0.05294557165476832 1
0.42282739194063157 0.05294557165476832 1
0.44836409196349009 0.05294557165476832 1
0.4741254000745021 0.05294557165476832 1
0.5 0.05294557165476832 1
0.5258745999254979 0.05294557165476832 1
0.55163590803650986 0.05294557165476832 1
0.57717260805936843 0.05294557165476832 1
0.60237726204620989 0.05294557165476832 1
0.62714807221096514 0.05294557165476832 1
0.65139044231548282 0.05294557165476832 1
0.67501829111834966 0.05294557165476832 1
0.69795508465477685 0.05294557165476832 1
0.72013456939942966 0.05294557165476832 1
0.74150120346652226 0.05294557165476832 1
0.76201029684771626 0.05294557165476832 1
0.7816278834336059 0.05294557165476832 1
0.80033035665086971 0.05294557165476832 1
0.81810390671743383 0.05294557165476832 1
0.83494380079293773 0.05294557165476832 1
0.85085354792966716 0.05294557165476832 1
0.86584398911986449 0.05294557165476832 1
0.87993234939109699 0.05294557165476832 1
0.89314128435238316 0.05294557165476832 1
0.90549794834623487 0.05294557165476832 1
0.91703310586062647 0.05294557165476832 1
0.92778030246194998 0.05294557165476832 1
0.93777510649552542 0.05294557165476832 1
0.94705442834523168 0.05294557165476832 1
0.95565592024967883 0.05294557165476832 1
0.96361745657462106 0.05294557165476832 1
0.97097669202509573 0.05294557165476832 1
0.97777069349574575 0.05294557165476832 1
0.98403564003146671 0.05294557165476832 1
0.98980658461942195 0.05294557165476832 1
0.99511727117141735 0.05294557165476832 1
1 0.05294557165476832 1
0 0.062224893504474577 1
0.0048827288285826498 0.062224893504474577 1
0.010193415380578108 0.062224893504474577 1
0.015964359968533293 0.062224893504474577 1
0.022229306504254309 0.062224893504474577 1
0.029023307974904211 0.062224893504474577 1
0.036382543425378944 0.062224893504474577 1
0.044344079750321175 0.062224893504474577 1
0.05294557165476832 0.062224893504474577 1
0.062224893504474577 0.062224893504474577 1
0.072219697538049965 0.062224893504474577 1
0.082966894139373526 0.062224893504474577 1
0.094502051653765073 0.062224893504474577 1
0.1068587156476169 0.062224893504474577 1
0.12006765060890301 0.062224893504474577 1
0.13415601088013551 0.062224893504474577 1
0.14914645207033284 0.062224893504474577 1
0.16505619920706233 0.062224893504474577 1
0.18189609328256623 0.062224893504474577 1
0.19966964334913023 0.062224893504474577 1
0.21837211656639416 0.062224893504474577 1
0.23798970315228379 0.062224893504474577 1
0.25849879653347779 0.062224893504474577 1
0.27986543060057029 0.062224893504474577 1
0.30204491534522315 0.062224893504474577 1
0.32498170888165034 0.062224893504474577 1
0.34860955768451718 0.062224893504474577 1
0.37285192778903486 0.062224893504474577 1
0.39762273795379011 0.062224893504474577 1
0.42282739194063157 0.062224893504474577 1
0.44836409196349009 0.062224893504474577 1
0.4741254000745021 0.062224893504474577 1
0.5 0.062224893504474577 1
0.5258745999254979 0.062224893504474577 1
0.55163590803650986 0.062224893504474577 1
0.57717260805936843 0.062224893504474577 1
0.60237726204620989 0.062224893504474577 1
0.62714807221096514 0.062224893504474577 1
0.65139044231548282 0.062224893504474577 1
0.67501829111834966 0.062224893504474577 1
0.69795508465477685 0.062224893504474577 1
0.72013456939942966 0.062224893504474577 1
0.74150120346652226 0.062224893504474577 1
0.76201029684771626 0.062224893504474577 1
0.7816278834336059 0.062224893504474577 1
0.80033035665086971 0.062224893504474577 1
0.81810390671743383 0.062224893504474577 1
0.83494380079293773 0.062224893504474577 1
0.85085354792966716 0.062224893504474577 1
0.86584398911986449 0.062224893504474577 1
0.87993234939109699 0.062224893504474577 1
0.89314128435238316 0.062224893504474577 1
0.90549794834623487 0.062224893504474577 1
0.91703310586062647 0.062224893504474577 1
0.92778030246194998 0.062224893504474577 1
0.93777510649552542 0.062224893504474577 1
0.94705442834523168 0.062224893504474577 1
0.95565592024967883 0.062224893504474577 1
0.96361745657462106 0.062224893504474577 1
0.97097669202509573 0.062224893504474577 1
0.97777069349574575 0.062224893504474577 1
0.98403564003146671 0.062224893504474577 1
0.98980658461942195 0.062224893504474577 1
0.99511727117141735 0.062224893504474577 1
1 0.062224893504474577 1
0 0.072219697538049965 1
0.0048827288285826498 0.072219697538049965 1
0.010193415380578108 0.072219697538049965 1
0.015964359968533293 0.072219697538049965 1
0.022229306504254309 0.072219697538049965 1
0.029023307974904211 0.072219697538049965 1
0.036382543425378944 0.072219697538049965 1
0.044344079750321175 0.072219697538049965 1
0.05294557165476832 0.072219697538049965 1
0.062224893504474577 0.072219697538049965 1
0.072219697538049965 0.072219697538049965 1
0.082966894139373526 0.072219697538049965 1
0.094502051653765073 0.072219697538049965 1
0.1068587156476169 0.072219697538049965 1
0.12006765060890301 0.072219697538049965 1
0.13415601088013551 0.072219697538049965 1
0.14914645207033284 0.072219697538049965 1
0.16505619920706233 0.072219697538049965 1
0.18189609328256623 0.072219697538049965 1
0.19966964334913023 0.072219697538049965 1
0.21837211656639416 0.072219697538049965 1
0.23798970315228379 0.072219697538049965 1
0.25849879653347779 0.072219697538049965 1
0.27986543060057029 0.072219697538049965 1
0.30204491534522315 0.072219697538049965 1
0.32498170888165034 0.072219697538049965 1
0.34860955768451718 0.072219697538049965 1
0.37285192778903486 0.072219697538049965 1
0.39762273795379011 0.072219697538049965 1
0.42282739194063157 0.072219697538049965 1
0.44836409196349009 0.072219697538049965 1
0.4741254000745021 0.072219697538049965 1
0.5 0.072219697538049965 1
0.5258745999254979 0.072219697538049965 1
0.55163590803650986 0.072219697538049965 1
0.57717260805936843 0.072219697538049965 1
0.60237726204620989 0.072219697538049965 1
0.62714807221096514 0.072219697538049965 1
0.65139044231548282 0.072219697538049965 1
0.67501829111834966 0.072219697538049965 1
0.69795508465477685 0.072219697538049965 1
0.72013456939942966 0.072219697538049965 1
0.74150120346652226 0.072219697538049965 1
0.76201029684771626 0.072219697538049965 1
0.7816278834336059 0.072219697538049965 1
0.80033035665086971 0.072219697538049965 1
0.81810390671743383 0.072219697538049965 1
0.83494380079293773 0.072219697538049965 1
0.85085354792966716 0.072219697538049965 1
0.86584398911986449 0.072219697538049965 1
0.87993234939109699 0.072219697538049965 1
0.89314128435238316 0.072219697538049965 1
0.90549794834623487 0.072219697538049965 1
0.91703310586062647 0.072219697538049965 1
0.92778030246194998 0.072219697538049965 1
0.93777510649552542 0.072219697538049965 1
0.94705442834523168 0.072219697538049965 1
0.95565592024967883 0.072219697538049965 1
0.96361745657462106 0.072219697538049965 1
0.97097669202509573 0.072219697538049965 1
0.97777069349574575 0.072219697538049965 1
0.98403564003146671 0.072219697538049965 1
0.98980658461942195 0.072219697538049965 1
0.99511727117141735 0.072219697538049965 1
1 0.072219697538049965 1
0 0.082966894139373526 1
0.0048827288285826498 0.082966894139373526 1
0.010193415380578108 0.082966894139373526 1
0.015964359968533293 0.082966894139373526 1
0.022229306504254309 0.082966894139373526 1
0.029023307974904211 0.082966894139373526 1
0.036382543425378944 0.082966894139373526 1
0.044344079750321175 0.082966894139373526 1
0.05294557165476832 0.082966894139373526 1
0.062224893504474577 0.082966894139373526 1
0.072219697538049965 0.082966894139373526 1
0.082966894139373526 0.082966894139373526 1
0.094502051653765073 0.082966894139373526 1
0.1068587156476169 0.082966894139373526 1
0.12006765060890301 0.082966894139373526 1
0.13415601088013551 0.082966894139373526 1
0.14914645207033284 0.082966894139373526 1
0.16505619920706233 0.082966894139373526 1
0.18189609328256623 0.082966894139373526 1
0.19966964334913023 0.082966894139373526 1
0.21837211656639416 0.082966894139373526 1
0.23798970315228379 0.082966894139373526 1
0.25849879653347779 0.082966894139373526 1
0.27986543060057029 0.082966894139373526 1
0.30204491534522315 0.082966894139373526 1
0.32498170888165034 0.082966894139373526 1
0.34860955768451718 0.082966894139373526 1
0.37285192778903486 0.082966894139373526 1
0.39762273795379011 0.082966894139373526 1
0.42282739194063157 0.082966894139373526 1
0.44836409196349009 0.082966894139373526 1
0.4741254000745021 0.082966894139373526 1
0.5 0.082966894139373526 1
0.5258745999254979 0.082966894139373526 1
0.55163590803650986 0.082966894139373526 1
0.57717260805936843 0.082966894139373526 1
0.60237726204620989 0.082966894139373526 1
0.62714807221096514 0.082966894139373526 1
0.65139044231548282 0.082966894139373526 1
0.67501829111834966 0.082966894139373526 1
0.69795508465477685 0.082966894139373526 1
0.72013456939942966 0.082966894139373526 1
0.74150120346652226 0.082966894139373526 1
0.76201029684771626 0.082966894139373526 1
0.7816278834336059 0.082966894139373526 1
0.80033035665086971 0.082966894139373526 1
0.81810390671743383 0.082966894139373526 1
0.83494380079293773 0.082966894139373526 1
0.85085354792966716 0.082966894139373526 1
0.86584398911986449 0.082966894139373526 1
0.87993234939109699 0.082966894139373526 1
0.89314128435238316 0.082966894139373526 1
0.90549794834623487 0.082966894139373526 1
0.91703310586062647 0.082966894139373526 1
0.92778030246194998 0.082966894139373526 1
0.93777510649552542 0.082966894139373526 1
0.94705442834523168 0.082966894139373526 1
0.95565592024967883 0.082966894139373526 1
0.96361745657462106 0.082966894139373526 1
0.97097669202509573 0.082966894139373526 1
0.97777069349574575 0.082966894139373526 1
0.98403564003146671 0.082966894139373526 1
0.98980658461942195 0.082966894139373526 1
0.99511727117141735 0.082966894139373526 1
1 0.082966894139373526 1
0 0.094502051653765073 1
0.0048827288285826498 0.094502051653765073 1
0.010193415380578108 0.094502051653765073 1
0.015964359968533293 0.094502051653765073 1
0.022229306504254309 0.094502051653765073 1
0.029023307974904211 0.094502051653765073 1
0.036382543425378944 0.094502051653765073 1
0.044344079750321175 0.094502051653765073 1
0.05294557165476832 0.094502051653765073 1
0.062224893504474577 0.094502051653765073 1
0.072219697538049965 0.094502051653765073 1
0.082966894139373526 0.094502051653765073 1
0.094502051653765073 0.094502051653765073 1
0.1068587156476169 0.094502051653765073 1
0.12006765060890301 0.094502051653765073 1
0.13415601088013551 0.094502051653765073 1
0.14914645207033284 0.094502051653765073 1
0.16505619920706233 0.094502051653765073 1
0.18189609328256623 0.094502051653765073 1
0.19966964334913023 0.094502051653765073 1
0.21837211656639416 0.094502051653765073 1
0.23798970315228379 0.094502051653765073 1
0.25849879653347779 0.094502051653765073 1
0.27986543060057029 0.094502051653765073 1
0.30204491534522315 0.094502051653765073 1
0.32498170888165034 0.094502051653765073 1
0.34860955768451718 0.094502051653765073 1
0.37285192778903486 0.094502051653765073 1
0.39762273795379011 0.094502051653765073 1
0.42282739194063157 0.094502051653765073 1
0.44836409196349009 0.094502051653765073 1
0.4741254000745021 0.094502051653765073 1
0.5 0.094502051653765073 1
0.5258745999254979 0.094502051653765073 1
0.55163590803650986 0.094502051653765073 1
0.57717260805936843 0.094502051653765073 1
0.60237726204620989 0.094502051653765073 1
0.62714807221096514 0.094502051653765073 1
0.65139044231548282 0.094502051653765073 1
0.67501829111834966 0.094502051653765073 1
0.69795508465477685 0.094502051653765073 1
0.72013456939942966 0.094502051653765073 1
0.74150120346652226 0.094502051653765073 1
0.76201029684771626 0.094502051653765073 1
0.7816278834336059 0.094502051653765073 1
0.80033035665086971 0.094502051653765073 1
0.81810390671743383 0.094502051653765073 1
0.83494380079293773 0.094502051653765073 1
0.85085354792966716 0.094502051653765073 1
0.86584398911986449 0.094502051653765073 1
0.87993234939109699 0.094502051653765073 1
0.89314128435238316 0.094502051653765073 1
0.90549794834623487 0.094502051653765073 1
0.91703310586062647 0.094502051653765073 1
0.92778030246194998 0.094502051653765073 1
0.93777510649552542 0.094502051653765073 1
0.94705442834523168 0.094502051653765073 1
0.95565592024967883 0.094502051653765073 1
0.96361745657462106 0.094502051653765073 1
0.97097669202509573 0.094502051653765073 1
0.97777069349574575 0.094502051653765073 1
0.98403564003146671 0.094502051653765073 1
0.98980658461942195 0.094502051653765073 1
0.99511727117141735 0.094502051653765073 1
1 0.094502051653765073 1
0 0.1068587156476169 1
0.0048827288285826498 0.1068587156476169 1
0.010193415380578108 0.1068587156476169 1
0.015964359968533293 0.1068587156476169 1
0.022229306504254309 0.1068587156476169 1
0.029023307974904211 0.1068587156476169 1
0.036382543425378944 0.1068587156476169 1
0.044344079750321175 0.1068587156476169 1
0.05294557165476832 0.1068587156476169 1
0.062224893504474577 0.1068587156476169 1
0.072219697538049965 0.1068587156476169 1
0.082966894139373526 0.1068587156476169 1
0.094502051653765073 0.1068587156476169 1
0.1068587156476169 0.1068587156476169 1
0.12006765060890301 0.1068587156476169 1
0.13415601088013551 0.1068587156476169 1
0.14914645207033284 0.1068587156476169 1
0.16505619920706233 0.1068587156476169 1
0.18189609328256623 0.1068587156476169 1
0.19966964334913023 0.1068587156476169 1
0.21837211656639416 0.1068587156476169 1
0.23798970315228379 0.1068587156476169 1
0.25849879653347779 0.1068587156476169 1
0.27986543060057029 0.1068587156476169 1
0.30204491534522315 0.1068587156476169 1
0.32498170888165034 0.1068587156476169 1
0.34860955768451718 0.1068587156476169 1
0.37285192778903486 0.1068587156476169 1
0.39762273795379011 0.1068587156476169 1
0.42282739194063157 0.1068587156476169 1
0.44836409196349009 0.1068587156476169 1
0.4741254000745021 0.1068587156476169 1
0.5 0.1068587156476169 1
0.5258745999254979 0.1068587156476169 1
0.55163590803650986 0.1068587156476169 1
0.57717260805936843 0.1068587156476169 1
0.60237726204620989 0.1068587156476169 1
0.62714807221096514 0.1068587156476169 1
0.65139044231548282 0.1068587156476169 1
0.67501829111834966 0.1068587156476169 1
0.69795508465477685 0.1068587156476169 1
0.72013456939942966 0.1068587156476169 1
0.74150120346652226 0.1068587156476169 1
0.76201029684771626 0.1068587156476169 1
0.7816278834336059 0.1068587156476169 1
0.80033035665086971 0.1068587156476169 1
0.81810390671743383 0.1068587156476169 1
0.83494380079293773 0.1068587156476169 1
0.85085354792966716 0.1068587156476169 1
0.86584398911986449 0.1068587156476169 1
0.87993234939109699 0.1068587156476169 1
0.89314128435238316 0.1068587156476169 1
0.90549794834623487 0.1068587156476169 1
0.91703310586062647 0.1068587156476169 1
0.92778030246194998 0.1068587156476169 1
0.93777510649552542 0.1068587156476169 1
0.94705442834523168 0.1068587156476169 1
0.95565592024967883 0.1068587156476169 1
0.96361745657462106 0.1068587156476169 1
0.97097669202509573 0.1068587156476169 1
0.97777069349574575 0.1068587156476169 1
0.98403564003146671 0.1068587156476169 1
0.98980658461942195 0.1068587156476169 1
0.99511727117141735 0.1068587156476169 1
1 0.1068587156476169 1
0 0.12006765060890301 1
0.0048827288285826498 0.12006765060890301 1
0.010193415380578108 0.12006765060890301 1
0.015964359968533293 0.12006765060890301 1
0.022229306504254309 0.12006765060890301 1
0.029023307974904211 0.12006765060890301 1
0.036382543425378944 0.12006765060890301 1
0.044344079750321175 0.12006765060890301 1
0.05294557165476832 0.12006765060890301 1
0.062224893504474577 0.12006765060890301 1
0.072219697538049965 0.12006765060890301 1
0.082966894139373526 0.12006765060890301 1
0.094502051653765073 0.12006765060890301 1
0.1068587156476169 0.12006765060890301 1
0.12006765060890301 0.12006765060890301 1
0.13415601088013551 0.12006765060890301 1
0.14914645207033284 0.12006765060890301 1
0.16505619920706233 0.12006765060890301 1
0.18189609328256623 0.12006765060890301 1
0.19966964334913023 0.12006765060890301 1
0.21837211656639416 0.12006765060890301 1
0.23798970315228379 0.12006765060890301 1
0.25849879653347779 0.12006765060890301 1
0.27986543060057029 0.12006765060890301 1
0.30204491534522315 0.12006765060890301 1
0.32498170888165034 0.12006765060890301 1
0.34860955768451718 0.12006765060890301 1
0.37285192778903486 0.12006765060890301 1
0.39762273795379011 0.12006765060890301 1
0.42282739194063157 0.12006765060890301 1
0.44836409196349009 0.12006765060890301 1
0.4741254000745021 0.12006765060890301 1
0.5 0.12006765060890301 1
0.5258745999254979 0.12006765060890301 1
0.55163590803650986 0.12006765060890301 1
0.57717260805936843 0.12006765060890301 1
0.60237726204620989 0.12006765060890301 1
0.62714807221096514 0.12006765060890301 1
0.65139044231548282 0.12006765060890301 1
0.67501829111834966 0.12006765060890301 1
0.69795508465477685 0.12006765060890301 1
0.72013456939942966 0.12006765060890301 1
0.74150120346652226 0.12006765060890301 1
0.76201029684771626 0.12006765060890301 1
0.7816278834336059 0.12006765060890301 1
0.80033035665086971 0.12006765060890301 1
0.81810390671743383 0.12006765060890301 1
0.83494380079293773 0.12006765060890301 1
0.85085354792966716 0.12006765060890301 1
0.86584398911986449 0.12006765060890301 1
0.87993234939109699 0.12006765060890301 1
0.89314128435238316 0.12006765060890301 1
0.90549794834623487 0.12006765060890301 1
0.91703310586062647 0.12006765060890301 1
0.92778030246194998 0.12006765060890301 1
0.93777510649552542 0.12006765060890301 1
0.94705442834523168 0.12006765060890301 1
0.95565592024967883 0.12006765060890301 1
0.96361745657462106 0.12006765060890301 1
0.97097669202509573 0.12006765060890301 1
0.97777069349574575 0.12006765060890301 1
0.98403564003146671 0.12006765060890301 1
0.98980658461942195 0.12006765060890301 1
0.99511727117141735 0.12006765060890301 1
1 0.12006765060890301 1
0 0.13415601088013551 1
0.0048827288285826498 0.13415601088013551 1
0.010193415380578108 0.13415601088013551 1
0.015964359968533293 0.13415601088013551 1
0.022229306504254309 0.13415601088013551 1
0.029023307974904211 0.13415601088013551 1
0.036382543425378944 0.13415601088013551 1
0.044344079750321175 0.13415601088013551 1
0.05294557165476832 0.13415601088013551 1
0.062224893504474577 0.13415601088013551 1
0.072219697538049965 0.13415601088013551 1
0.082966894139373526 0.13415601088013551 1
0.094502051653765073 0.13415601088013551 1
0.1068587156476169 0.13415601088013551 1
0.12006765060890301 0.13415601088013551 1
0.13415601088013551 0.13415601088013551 1
0.14914645207033284 0.13415601088013551 1
0.16505619920706233 0.13415601088013551 1
0.18189609328256623 0.13415601088013551 1
0.19966964334913023 0.13415601088013551 1
0.21837211656639416 0.13415601088013551 1
0.23798970315228379 0.13415601088013551 1
0.25849879653347779 0.13415601088013551 1
0.27986543060057029 0.13415601088013551 1
0.30204491534522315 0.13415601088013551 1
0.32498170888165034 0.13415601088013551 1
0.34860955768451718 0.13415601088013551 1
0.37285192778903486 0.13415601088013551 1
0.39762273795379011 0.13415601088013551 1
0.42282739194063157 0.13415601088013551 1
0.44836409196349009 0.13415601088013551 1
0.4741254000745021 0.13415601088013551 1
0.5 0.13415601088013551 1
0.5258745999254979 0.13415601088013551 1
0.55163590803650986 0.13415601088013551 1
0.57717260805936843 0.13415601088013551 1
0.60237726204620989 0.13415601088013551 1
0.62714807221096514 0.13415601088013551 1
0.65139044231548282 0.13415601088013551 1
0.67501829111834966 0.13415601088013551 1
0.69795508465477685 0.13415601088013551 1
0.72013456939942966 0.13415601088013551 1
0.74150120346652226 0.13415601088013551 1
0.76201029684771626 0.13415601088013551 1
0.7816278834336059 0.13415601088013551 1
0.80033035665086971 0.13415601088013551 1
0.81810390671743383 0.13415601088013551 1
0.83494380079293773 0.13415601088013551 1
0.85085354792966716 0.13415601088013551 1
0.86584398911986449 0.13415601088013551 1
0.87993234939109699 0.13415601088013551 1
0.89314128435238316 0.13415601088013551 1
0.90549794834623487 0.13415601088013551 1
0.91703310586062647 0.13415601088013551 1
0.92778030246194998 0.13415601088013551 1
0.93777510649552542 0.13415601088013551 1
0.94705442834523168 0.13415601088013551 1
0.95565592024967883 0.13415601088013551 1
0.96361745657462106 0.13415601088013551 1
0.97097669202509573 0.13415601088013551 1
0.97777069349574575 0.13415601088013551 1
0.98403564003146671 0.13415601088013551 1
0.98980658461942195 0.13415601088013551 1
0.99511727117141735 0.13415601088013551 1
1 0.13415601088013551 1
0 0.14914645207033284 1
0.0048827288285826498 0.14914645207033284 1
0.010193415380578108 0.14914645207033284 1
0.015964359968533293 0.14914645207033284 1
0.022229306504254309 0.14914645207033284 1
0.029023307974904211 0.14914645207033284 1
0.036382543425378944 0.14914645207033284 1
0.044344079750321175 0.14914645207033284 1
0.05294557165476832 0.14914645207033284 1
0.062224893504474577 0.14914645207033284 1
0.072219697538049965 0.14914645207033284 1
0.082966894139373526 0.14914645207033284 1
0.094502051653765073 0.14914645207033284 1
0.1068587156476169 0.14914645207033284 1
0.12006765060890301 0.14914645207033284 1
0.13415601088013551 0.14914645207033284 1
0.14914645207033284 0.14914645207033284 1
0.16505619920706233 0.14914645207033284 1
0.18189609328256623 0.14914645207033284 1
0.19966964334913023 0.14914645207033284 1
0.21837211656639416 0.14914645207033284 1
0.23798970315228379 0.14914645207033284 1
0.25849879653347779 0.14914645207033284 1
0.27986543060057029 0.14914645207033284 1
0.30204491534522315 0.14914645207033284 1
0.32498170888165034 0.14914645207033284 1
0.34860955768451718 0.14914645207033284 1
0.37285192778903486 0.14914645207033284 1
0.39762273795379011 0.14914645207033284 1
0.42282739194063157 0.14914645207033284 1
0.44836409196349009 0.14914645207033284 1
0.4741254000745021 0.14914645207033284 1
0.5 0.14914645207033284 1
0.5258745999254979 0.14914645207033284 1
0.55163590803650986 0.14914645207033284 1
0.57717260805936843 0.14914645207033284 1
0.60237726204620989 0.14914645207033284 1
0.62714807221096514 0.14914645207033284 1
0.65139044231548282 0.14914645207033284 1
0.67501829111834966 0.14914645207033284 1
0.69795508465477685 0.14914645207033284 1
0.72013456939942966 0.14914645207033284 1
0.74150120346652226 0.14914645207033284 1
0.76201029684771626 0.14914645207033284 1
0.7816278834336059 0.14914645207033284 1
0.80033035665086971 0.14914645207033284 1
0.81810390671743383 0.14914645207033284 1
0.83494380079293773 0.14914645207033284 1
0.85085354792966716 0.14914645207033284 1
0.86584398911986449 0.14914645207033284 1
0.87993234939109699 0.14914645207033284 1
0.89314128435238316 0.14914645207033284 1
0.90549794834623487 0.14914645207033284 1
0.91703310586062647 0.14914645207033284 1
0.92778030246194998 0.14914645207033284 1
0.93777510649552542 0.14914645207033284 1
0.94705442834523168 0.14914645207033284 1
0.95565592024967883 0.14914645207033284 1
0.96361745657462106 0.14914645207033284 1
0.97097669202509573 0.14914645207033284 1
0.97777069349574575 0.14914645207033284 1
0.98403564003146671 0.14914645207033284 1
0.98980658461942195 0.14914645207033284 1
0.99511727117141735 0.14914645207033284 1
1 0.14914645207033284 1
0 0.16505619920706233 1
0.0048827288285826498 0.16505619920706233 1
0.010193415380578108 0.16505619920706233 1
0.015964359968533293 0.16505619920706233 1
0.022229306504254309 0.16505619920706233 1
0.029023307974904211 0.16505619920706233 1
0.036382543425378944 0.16505619920706233 1
0.044344079750321175 0.16505619920706233 1
0.05294557165476832 0.16505619920706233 1
0.062224893504474577 0.16505619920706233 1
0.072219697538049965 0.16505619920706233 1
0.082966894139373526 0.16505619920706233 1
0.094502051653765073 0.16505619920706233 1
0.1068587156476169 0.16505619920706233 1
0.12006765060890301 0.16505619920706233 1
0.13415601088013551 0.16505619920706233 1
0.14914645207033284 0.16505619920706233 1
0.16505619920706233 0.16505619920706233 1
0.18189609328256623 0.16505619920706233 1
0.19966964334913023 0.16505619920706233 1
0.21837211656639416 0.16505619920706233 1
0.23798970315228379 0.16505619920706233 1
0.25849879653347779 0.16505619920706233 1
0.27986543060057029 0.16505619920706233 1
0.30204491534522315 0.16505619920706233 1
0.32498170888165034 0.16505619920706233 1
0.34860955768451718 0.16505619920706233 1
0.37285192778903486 0.16505619920706233 1
0.39762273795379011 0.16505619920706233 1
0.42282739194063157 0.16505619920706233 1
0.44836409196349009 0.16505619920706233 1
0.4741254000745021 0.16505619920706233 1
0.5 0.16505619920706233 1
0.5258745999254979 0.16505619920706233 1
0.55163590803650986 0.16505619920706233 1
0.57717260805936843 0.16505619920706233 1
0.60237726204620989 0.16505619920706233 1
0.62714807221096514 0.16505619920706233 1
0.65139044231548282 0.16505619920706233 1
0.67501829111834966 0.16505619920706233 1
0.69795508465477685 0.16505619920706233 1
0.72013456939942966 0.16505619920706233 1
0.74150120346652226 0.16505619920706233 1
0.76201029684771626 0.16505619920706233 1
0.7816278834336059 0.16505619920706233 1
0.80033035665086971 0.16505619920706233 1
0.81810390671743383 0.16505619920706233 1
0.83494380079293773 0.16505619920706233 1
0.85085354792966716 0.16505619920706233 1
0.86584398911986449 0.16505619920706233 1
0.87993234939109699 0.16505619920706233 1
0.89314128435238316 0.16505619920706233 1
0.90549794834623487 0.16505619920706233 1
0.91703310586062647 0.16505619920706233 1
0.92778030246194998 0.16505619920706233 1
0.93777510649552542 0.16505619920706233 1
0.94705442834523168 0.16505619920706233 1
0.95565592024967883 0.16505619920706233 1
0.96361745657462106 0.16505619920706233 1
0.97097669202509573 0.16505619920706233 1
0.97777069349574575 0.16505619920706233 1
0.98403564003146671 0.16505619920706233 1
0.98980658461942195 0.16505619920706233 1
0.99511727117141735 0.16505619920706233 1
1 0.16505619920706233 1
0 0.18189609328256623 1
0.0048827288285826498 0.18189609328256623 1
0.010193415380578108 0.18189609328256623 1
0.015964359968533293 0.18189609328256623 1
0.022229306504254309 0.18189609328256623 1
0.029023307974904211 0.18189609328256623 1
0.036382543425378944 0.18189609328256623 1
0.044344079750321175 0.18189609328256623 1
0.05294557165476832 0.18189609328256623 1
0.062224893504474577 0.18189609328256623 1
0.072219697538049965 0.18189609328256623 1
0.082966894139373526 0.18189609328256623 1
0.094502051653765073 0.18189609328256623 1
0.1068587156476169 0.18189609328256623 1
0.12006765060890301 0.18189609328256623 1
0.13415601088013551 0.18189609328256623 1
0.14914645207033284 0.18189609328256623 1
0.16505619920706233 0.18189609328256623 1
0.18189609328256623 0.18189609328256623 1
0.19966964334913023 0.18189609328256623 1
0.21837211656639416 0.18189609328256623 1
0.23798970315228379 0.18189609328256623 1
0.25849879653347779 0.18189609328256623 1
0.27986543060057029 0.18189609328256623 1
0.30204491534522315 0.18189609328256623 1
0.32498170888165034 0.18189609328256623 1
0.34860955768451718 0.18189609328256623 1
0.37285192778903486 0.18189609328256623 1
0.39762273795379011 0.18189609328256623 1
0.42282739194063157 0.18189609328256623 1
0.44836409196349009 0.18189609328256623 1
0.4741254000745021 0.18189609328256623 1
0.5 0.18189609328256623 1
0.5258745999254979 0.18189609328256623 1
0.55163590803650986 0.18189609328256623 1
0.57717260805936843 0.18189609328256623 1
0.60237726204620989 0.18189609328256623 1
0.62714807221096514 0.18189609328256623 1
0.65139044231548282 0.18189609328256623 1
0.67501829111834966 0.18189609328256623 1
0.69795508465477685 0.18189609328256623 1
0.72013456939942966 0.18189609328256623 1
0.74150120346652226 0.18189609328256623 1
0.76201029684771626 0.18189609328256623 1
0.7816278834336059 0.18189609328256623 1
0.80033035665086971 0.18189609328256623 1
0.81810390671743383 0.18189609328256623 1
0.83494380079293773 0.18189609328256623 1
0.85085354792966716 0.18189609328256623 1
0.86584398911986449 0.18189609328256623 1
0.87993234939109699 0.18189609328256623 1
0.89314128435238316 0.18189609328256623 1
0.90549794834623487 0.18189609328256623 1
0.91703310586062647 0.18189609328256623 1
0.92778030246194998 0.18189609328256623 1
0.93777510649552542 0.18189609328256623 1
0.94705442834523168 0.18189609328256623 1
0.95565592024967883 0.18189609328256623 1
0.96361745657462106 0.18189609328256623 1
0.97097669202509573 0.18189609328256623 1
0.97777069349574575 0.18189609328256623 1
0.98403564003146671 0.18189609328256623 1
0.98980658461942195 0.18189609328256623 1
0.99511727117141735 0.18189609328256623 1
1 0.18189609328256623 1
0 0.19966964334913023 1
0.0048827288285826498 0.19966964334913023 1
0.010193415380578108 0.19966964334913023 1
0.015964359968533293 0.19966964334913023 1
0.022229306504254309 0.19966964334913023 1
0.029023307974904211 0.19966964334913023 1
0.036382543425378944 0.19966964334913023 1
0.044344079750321175 0.19966964334913023 1
0.05294557165476832 0.19966964334913023 1
0.062224893504474577 0.19966964334913023 1
0.072219697538049965 0.19966964334913023 1
0.082966894139373526 0.19966964334913023 1
0.094502051653765073 0.19966964334913023 1
0.1068587156476169 0.19966964334913023 1
0.12006765060890301 0.19966964334913023 1
0.13415601088013551 0.19966964334913023 1
0.14914645207033284 0.19966964334913023 1
0.16505619920706233 0.19966964334913023 1
0.18189609328256623 0.19966964334913023 1
0.19966964334913023 0.19966964334913023 1
0.21837211656639416 0.19966964334913023 1
0.23798970315228379 0.19966964334913023 1
0.25849879653347779 0.19966964334913023 1
0.27986543060057029 0.19966964334913023 1
0.30204491534522315 0.19966964334913023 1
0.32498170888165034 0.19966964334913023 1
0.34860955768451718 0.19966964334913023 1
0.37285192778903486 0.19966964334913023 1
0.39762273795379011 0.19966964334913023 1
0.42282739194063157 0.19966964334913023 1
0.44836409196349009 0.19966964334913023 1
0.4741254000745021 0.19966964334913023 1
0.5 0.19966964334913023 1
0.5258745999254979 0.19966964334913023 1
0.55163590803650986 0.19966964334913023 1
0.57717260805936843 0.19966964334913023 1
0.60237726204620989 0.19966964334913023 1
0.62714807221096514 0.19966964334913023 1
0.65139044231548282 0.19966964334913023 1
0.67501829111834966 0.19966964334913023 1
0.69795508465477685 0.19966964334913023 1
0.72013456939942966 0.19966964334913023 1
0.74150120346652226 0.19966964334913023 1
0.76201029684771626 0.19966964334913023 1
0.7816278834336059 0.19966964334913023 1
0.80033035665086971 0.19966964334913023 1
0.81810390671743383 0.19966964334913023 1
0.83494380079293773 0.19966964334913023 1
0.85085354792966716 0.19966964334913023 1
0.86584398911986449 0.19966964334913023 1
0.87993234939109699 0.19966964334913023 1
0.89314128435238316 0.19966964334913023 1
0.90549794834623487 0.19966964334913023 1
0.91703310586062647 0.19966964334913023 1
0.92778030246194998 0.19966964334913023 1
0.93777510649552542 0.19966964334913023 1
0.94705442834523168 0.19966964334913023 1
0.95565592024967883 0.19966964334913023 1
0.96361745657462106 0.19966964334913023 1
0.97097669202509573 0.19966964334913023 1
0.97777069349574575 0.19966964334913023 1
0.98403564003146671 0.19966964334913023 1
0.98980658461942195 0.19966964334913023 1
0.99511727117141735 0.19966964334913023 1
1 0.19966964334913023 1
0 0.21837211656639416 1
0.0048827288285826498 0.21837211656639416 1
0.010193415380578108 0.21837211656639416 1
0.015964359968533293 0.21837211656639416 1
0.022229306504254309 0.21837211656639416 1
0.029023307974904211 0.21837211656639416 1
0.036382543425378944 0.21837211656639416 1
0.044344079750321175 0.21837211656639416 1
0.05294557165476832 0.21837211656639416 1
0.062224893504474577 0.21837211656639416 1
0.072219697538049965 0.21837211656639416 1
0.082966894139373526 0.21837211656639416 1
0.094502051653765073 0.21837211656639416 1
0.1068587156476169 0.21837211656639416 1
0.12006765060890301 0.21837211656639416 1
0.13415601088013551 0.21837211656639416 1
0.14914645207033284 0.21837211656639416 1
0.16505619920706233 0.21837211656639416 1
0.18189609328256623 0.21837211656639416 1
0.19966964334913023 0.21837211656639416 1
0.21837211656639416 0.21837211656639416 1
0.23798970315228379 0.21837211656639416 1
0.25849879653347779 0.21837211656639416 1
0.27986543060057029 0.21837211656639416 1
0.30204491534522315 0.21837211656639416 1
0.32498170888165034 0.21837211656639416 1
0.34860955768451718 0.21837211656639416 1
0.37285192778903486 0.21837211656639416 1
0.39762273795379011 0.21837211656639416 1
0.42282739194063157 0.21837211656639416 1
0.44836409196349009 0.21837211656639416 1
0.4741254000745021 0.21837211656639416 1
0.5 0.21837211656639416 1
0.5258745999254979 0.21837211656639416 1
0.55163590803650986 0.21837211656639416 1
0.57717260805936843 0.21837211656639416 1
0.60237726204620989 0.21837211656639416 1
0.62714807221096514 0.21837211656639416 1
0.65139044231548282 0.21837211656639416 1
0.67501829111834966 0.21837211656639416 1
0.69795508465477685 0.21837211656639416 1
0.72013456939942966 0.21837211656639416 1
0.74150120346652226 0.21837211656639416 1
0.76201029684771626 0.21837211656639416 1
0.7816278834336059 0.21837211656639416 1
0.80033035665086971 0.21837211656639416 1
0.81810390671743383 0.21837211656639416 1
0.83494380079293773 0.21837211656639416 1
0.85085354792966716 0.21837211656639416 1
0.86584398911986449 0.21837211656639416 1
0.87993234939109699 0.21837211656639416 1
0.89314128435238316 0.21837211656639416 1
0.90549794834623487 0.21837211656639416 1
0.91703310586062647 0.21837211656639416 1
0.92778030246194998 0.21837211656639416 1
0.93777510649552542 0.21837211656639416 1
0.94705442834523168 0.21837211656639416 1
0.95565592024967883 0.21837211656639416 1
0.96361745657462106 0.21837211656639416 1
0.97097669202509573 0.21837211656639416 1
0.97777069349574575 0.21837211656639416 1
0.98403564003146671 0.21837211656639416 1
0.98980658461942195 0.21837211656639416 1
0.99511727117141735 0.21837211656639416 1
1 0.21837211656639416 1
0 0.23798970315228379 1
0.0048827288285826498 0.23798970315228379 1
0.010193415380578108 0.23798970315228379 1
0.015964359968533293 0.23798970315228379 1
0.022229306504254309 0.23798970315228379 1
0.029023307974904211 0.23798970315228379 1
0.036382543425378944 0.23798970315228379 1
0.044344079750321175 0.23798970315228379 1
0.05294557165476832 0.23798970315228379 1
0.062224893504474577 0.23798970315228379 1
0.072219697538049965 0.23798970315228379 1
0.082966894139373526 0.23798970315228379 1
0.094502051653765073 0.23798970315228379 1
0.1068587156476169 0.23798970315228379 1
0.12006765060890301 0.23798970315228379 1
0.13415601088013551 0.23798970315228379 1
0.14914645207033284 0.23798970315228379 1
0.16505619920706233 0.23798970315228379 1
0.18189609328256623 0.23798970315228379 1
0.19966964334913023 0.23798970315228379 1
0.21837211656639416 0.23798970315228379 1
0.23798970315228379 0.23798970315228379 1
0.25849879653347779 0.23798970315228379 1
0.27986543060057029 0.23798970315228379 1
0.30204491534522315 0.23798970315228379 1
0.32498170888165034 0.23798970315228379 1
0.34860955768451718 0.23798970315228379 1
0.37285192778903486 0.23798970315228379 1
0.39762273795379011 0.23798970315228379 1
0.42282739194063157 0.23798970315228379 1
0.44836409196349009 0.23798970315228379 1
0.4741254000745021 0.23798970315228379 1
0.5 0.23798970315228379 1
0.5258745999254979 0.23798970315228379 1
0.55163590803650986 0.23798970315228379 1
0.57717260805936843 0.23798970315228379 1
0.60237726204620989 0.23798970315228379 1
0.62714807221096514 0.23798970315228379 1
0.65139044231548282 0.23798970315228379 1
0.67501829111834966 0.23798970315228379 1
0.69795508465477685 0.23798970315228379 1
0.72013456939942966 0.23798970315228379 1
0.74150120346652226 0.23798970315228379 1
0.76201029684771626 0.23798970315228379 1
0.7816278834336059 0.23798970315228379 1
0.80033035665086971 0.23798970315228379 1
0.81810390671743383 0.23798970315228379 1
0.83494380079293773 0.23798970315228379 1
0.85085354792966716 0.23798970315228379 1
0.86584398911986449 0.23798970315228379 1
0.87993234939109699 0.23798970315228379 1
0.89314128435238316 0.23798970315228379 1
0.90549794834623487 0.23798970315228379 1
0.91703310586062647 0.23798970315228379 1
0.92778030246194998 0.23798970315228379 1
0.93777510649552542 0.23798970315228379 1
0.94705442834523168 0.23798970315228379 1
0.95565592024967883 0.23798970315228379 1
0.96361745657462106 0.23798970315228379 1
0.97097669202509573 0.23798970315228379 1
0.97777069349574575 0.23798970315228379 1
0.98403564003146671 0.23798970315228379 1
0.98980658461942195 0.23798970315228379 1
0.99511727117141735 0.23798970315228379 1
1 0.23798970315228379 1
0 0.25849879653347779 1
0.0048827288285826498 0.25849879653347779 1
0.010193415380578108 0.25849879653347779 1
0.015964359968533293 0.25849879653347779 1
0.022229306504254309 0.25849879653347779 1
0.029023307974904211 0.25849879653347779 1
0.036382543425378944 0.25849879653347779 1
0.044344079750321175 0.25849879653347779 1
0.05294557165476832 0.25849879653347779 1
0.062224893504474577 0.25849879653347779 1
0.072219697538049965 0.25849879653347779 1
0.082966894139373526 0.25849879653347779 1
0.094502051653765073 0.25849879653347779 1
0.1068587156476169 0.25849879653347779 1
0.12006765060890301 0.25849879653347779 1
0.13415601088013551 0.25849879653347779 1
0.14914645207033284 0.25849879653347779 1
0.16505619920706233 0.25849879653347779 1
0.18189609328256623 0.25849879653347779 1
0.19966964334913023 0.25849879653347779 1
0.21837211656639416 0.25849879653347779 1
0.23798970315228379 0.25849879653347779 1
0.25849879653347779 0.25849879653347779 1
0.27986543060057029 0.25849879653347779 1
0.30204491534522315 0.25849879653347779 1
0.32498170888165034 0.25849879653347779 1
0.34860955768451718 0.25849879653347779 1
0.37285192778903486 0.25849879653347779 1
0.39762273795379011 0.25849879653347779 1
0.42282739194063157 0.25849879653347779 1
0.44836409196349009 0.25849879653347779 1
0.4741254000745021 0.25849879653347779 1
0.5 0.25849879653347779 1
0.5258745999254979 0.25849879653347779 1
0.55163590803650986 0.25849879653347779 1
0.57717260805936843 0.25849879653347779 1
0.60237726204620989 0.25849879653347779 1
0.62714807221096514 0.25849879653347779 1
0.65139044231548282 0.25849879653347779 1
0.67501829111834966 0.25849879653347779 1
0.69795508465477685 0.25849879653347779 1
0.72013456939942966 0.25849879653347779 1
0.74150120346652226 0.25849879653347779 1
0.76201029684771626 0.25849879653347779 1
0.7816278834336059 0.25849879653347779 1
0.80033035665086971 0.25849879653347779 1
0.81810390671743383 0.25849879653347779 1
0.83494380079293773 0.25849879653347779 1
0.85085354792966716 0.25849879653347779 1
0.86584398911986449 0.25849879653347779 1
0.87993234939109699 0.25849879653347779 1
0.89314128435238316 0.25849879653347779 1
0.90549794834623487 0.25849879653347779 1
0.91703310586062647 0.25849879653347779 1
0.92778030246194998 0.25849879653347779 1
0.93777510649552542 0.25849879653347779 1
0.94705442834523168 0.25849879653347779 1
0.95565592024967883 0.25849879653347779 1
0.96361745657462106 0.25849879653347779 1
0.97097669202509573 0.25849879653347779 1
0.97777069349574575 0.25849879653347779 1
0.98403564003146671 0.25849879653347779 1
0.98980658461942195 0.25849879653347779 1
0.99511727117141735 0.25849879653347779 1
1 0.25849879653347779 1
0 0.27986543060057029 1
0.0048827288285826498 0.27986543060057029 1
0.010193415380578108 0.27986543060057029 1
0.015964359968533293 0.27986543060057029 1
0.022229306504254309 0.27986543060057029 1
0.029023307974904211 0.27986543060057029 1
0.036382543425378944 0.27986543060057029 1
0.044344079750321175 0.27986543060057029 1
0.05294557165476832 0.27986543060057029 1
0.062224893504474577 0.27986543060057029 1
0.072219697538049965 0.27986543060057029 1
0.082966894139373526 0.27986543060057029 1
0.094502051653765073 0.27986543060057029 1
0.1068587156476169 0.27986543060057029 1
0.12006765060890301 0.27986543060057029 1
0.13415601088013551 0.27986543060057029 1
0.14914645207033284 0.27986543060057029 1
0.16505619920706233 0.27986543060057029 1
0.18189609328256623 0.27986543060057029 1
0.19966964334913023 0.27986543060057029 1
0.21837211656639416 0.27986543060057029 1
0.23798970315228379 0.27986543060057029 1
0.25849879653347779 0.27986543060057029 1
0.27986543060057029 0.27986543060057029 1
0.30204491534522315 0.27986543060057029 1
0.32498170888165034 0.27986543060057029 1
0.34860955768451718 0.27986543060057029 1
0.37285192778903486 0.27986543060057029 1
0.39762273795379011 0.27986543060057029 1
0.42282739194063157 0.27986543060057029 1
0.44836409196349009 0.27986543060057029 1
0.4741254000745021 0.27986543060057029 1
0.5 0.27986543060057029 1
0.5258745999254979 0.27986543060057029 1
0.55163590803650986 0.27986543060057029 1
0.57717260805936843 0.27986543060057029 1
0.60237726204620989 0.27986543060057029 1
0.62714807221096514 0.27986543060057029 1
0.65139044231548282 0.27986543060057029 1
0.67501829111834966 0.27986543060057029 1
0.69795508465477685 0.27986543060057029 1
0.72013456939942966 0.27986543060057029 1
0.74150120346652226 0.27986543060057029 1
0.76201029684771626 0.27986543060057029 1
0.7816278834336059 0.27986543060057029 1
0.80033035665086971 0.27986543060057029 1
0.81810390671743383 0.27986543060057029 1
0.83494380079293773 0.27986543060057029 1
0.85085354792966716 0.27986543060057029 1
0.86584398911986449 0.27986543060057029 1
0.87993234939109699 0.27986543060057029 1
0.89314128435238316 0.27986543060057029 1
0.90549794834623487 0.27986543060057029 1
0.91703310586062647 0.27986543060057029 1
0.92778030246194998 0.27986543060057029 1
0.93777510649552542 0.27986543060057029 1
0.94705442834523168 0.27986543060057029 1
0.95565592024967883 0.27986543060057029 1
0.96361745657462106 0.27986543060057029 1
0.97097669202509573 0.27986543060057029 1
0.97777069349574575 0.27986543060057029 1
0.98403564003146671 0.27986543060057029 1
0.98980658461942195 0.27986543060057029 1
0.99511727117141735 0.27986543060057029 1
1 0.27986543060057029 1
0 0.30204491534522315 1
0.0048827288285826498 0.30204491534522315 1
0.010193415380578108 0.30204491534522315 1
0.015964359968533293 0.30204491534522315 1
0.022229306504254309 0.30204491534522315 1
0.029023307974904211 0.30204491534522315 1
0.036382543425378944 0.30204491534522315 1
0.044344079750321175 0.30204491534522315 1
0.05294557165476832 0.30204491534522315 1
0.062224893504474577 0.30204491534522315 1
0.072219697538049965 0.30204491534522315 1
0.082966894139373526 0.30204491534522315 1
0.094502051653765073 0.30204491534522315 1
0.1068587156476169 0.30204491534522315 1
0.12006765060890301 0.30204491534522315 1
0.13415601088013551 0.30204491534522315 1
0.14914645207033284 0.30204491534522315 1
0.16505619920706233 0.30204491534522315 1
0.18189609328256623 0.30204491534522315 1
0.19966964334913023 0.30204491534522315 1
0.21837211656639416 0.30204491534522315 1
0.23798970315228379 0.30204491534522315 1
0.25849879653347779 0.30204491534522315 1
0.27986543060057029 0.30204491534522315 1
0.30204491534522315 0.30204491534522315 1
0.32498170888165034 0.30204491534522315 1
0.34860955768451718 0.30204491534522315 1
0.37285192778903486 0.30204491534522315 1
0.39762273795379011 0.30204491534522315 1
0.42282739194063157 0.30204491534522315 1
0.44836409196349009 0.30204491534522315 1
0.4741254000745021 0.30204491534522315 1
0.5 0.30204491534522315 1
0.5258745999254979 0.30204491534522315 1
0.55163590803650986 0.30204491534522315 1
0.57717260805936843 0.30204491534522315 1
0.60237726204620989 0.30204491534522315 1
0.62714807221096514 0.30204491534522315 1
0.65139044231548282 0.30204491534522315 1
0.67501829111834966 0.30204491534522315 1
0.69795508465477685 0.30204491534522315 1
0.72013456939942966 0.30204491534522315 1
0.74150120346652226 0.30204491534522315 1
0.76201029684771626 0.30204491534522315 1
0.7816278834336059 0.30204491534522315 1
0.80033035665086971 0.30204491534522315 1
0.81810390671743383 0.30204491534522315 1
0.83494380079293773 0.30204491534522315 1
0.85085354792966716 0.30204491534522315 1
0.86584398911986449 0.30204491534522315 1
0.87993234939109699 0.30204491534522315 1
0.89314128435238316 0.30204491534522315 1
0.90549794834623487 0.30204491534522315 1
0.91703310586062647 0.30204491534522315 1
0.92778030246194998 0.30204491534522315 1
0.93777510649552542 0.30204491534522315 1
0.94705442834523168 0.30204491534522315 1
0.95565592024967883 0.30204491534522315 1
0.96361745657462106 0.30204491534522315 1
0.97097669202509573 0.30204491534522315 1
0.97777069349574575 0.30204491534522315 1
0.98403564003146671 0.30204491534522315 1
0.98980658461942195 0.30204491534522315 1
0.99511727117141735 0.30204491534522315 1
1 0.30204491534522315 1
0 0.32498170888165034 1
0.0048827288285826498 0.32498170888165034 1
0.010193415380578108 0.32498170888165034 1
0.015964359968533293 0.32498170888165034 1
0.022229306504254309 0.32498170888165034 1
0.029023307974904211 0.32498170888165034 1
0.036382543425378944 0.32498170888165034 1
0.044344079750321175 0.32498170888165034 1
0.05294557165476832 0.32498170888165034 1
0.062224893504474577 0.32498170888165034 1
0.072219697538049965 0.32498170888165034 1
0.082966894139373526 0.32498170888165034 1
0.094502051653765073 0.32498170888165034 1
0.1068587156476169 0.32498170888165034 1
0.12006765060890301 0.32498170888165034 1
0.13415601088013551 0.32498170888165034 1
0.14914645207033284 0.32498170888165034 1
0.16505619920706233 0.32498170888165034 1
0.18189609328256623 0.32498170888165034 1
0.19966964334913023 0.32498170888165034 1
0.21837211656639416 0.32498170888165034 1
0.23798970315228379 0.32498170888165034 1
0.25849879653347779 0.32498170888165034 1
0.27986543060057029 0.32498170888165034 1
0.30204491534522315 0.32498170888165034 1
0.32498170888165034 0.32498170888165034 1
0.34860955768451718 0.32498170888165034 1
0.37285192778903486 0.32498170888165034 1
0.39762273795379011 0.32498170888165034 1
0.42282739194063157 0.32498170888165034 1
0.44836409196349009 0.32498170888165034 1
0.4741254000745021 0.32498170888165034 1
0.5 0.32498170888165034 1
0.5258745999254979 0.32498170888165034 1
0.55163590803650986 0.32498170888165034 1
0.57717260805936843 0.32498170888165034 1
0.60237726204620989 0.32498170888165034 1
0.62714807221096514 0.32498170888165034 1
0.65139044231548282 0.32498170888165034 1
0.67501829111834966 0.32498170888165034 1
0.69795508465477685 0.32498170888165034 1
0.72013456939942966 0.32498170888165034 1
0.74150120346652226 0.32498170888165034 1
0.76201029684771626 0.32498170888165034 1
0.7816278834336059 0.32498170888165034 1
0.80033035665086971 0.32498170888165034 1
0.81810390671743383 0.32498170888165034 1
0.83494380079293773 0.32498170888165034 1
0.85085354792966716 0.32498170888165034 1
0.86584398911986449 0.32498170888165034 1
0.87993234939109699 0.32498170888165034 1
0.89314128435238316 0.32498170888165034 1
0.90549794834623487 0.32498170888165034 1
0.91703310586062647 0.32498170888165034 1
0.92778030246194998 0.32498170888165034 1
0.93777510649552542 0.32498170888165034 1
0.94705442834523168 0.32498170888165034 1
0.95565592024967883 0.32498170888165034 1
0.96361745657462106 0.32498170888165034 1
0.97097669202509573 0.32498170888165034 1
0.97777069349574575 0.32498170888165034 1
0.98403564003146671 0.32498170888165034 1
0.98980658461942195 0.32498170888165034 1
0.99511727117141735 0.32498170888165034 1
1 0.32498170888165034 1
0 0.34860955768451718 1
0.0048827288285826498 0.34860955768451718 1
0.010193415380578108 0.34860955768451718 1
0.015964359968533293 0.34860955768451718 1
0.022229306504254309 0.34860955768451718 1
0.029023307974904211 0.34860955768451718 1
0.036382543425378944 0.34860955768451718 1
0.044344079750321175 0.34860955768451718 1
0.05294557165476832 0.34860955768451718 1
0.062224893504474577 0.34860955768451718 1
0.072219697538049965 0.34860955768451718 1
0.082966894139373526 0.34860955768451718 1
0.094502051653765073 0.34860955768451718 1
0.1068587156476169 0.34860955768451718 1
0.12006765060890301 0.34860955768451718 1
0.13415601088013551 0.34860955768451718 1
0.14914645207033284 0.34860955768451718 1
0.16505619920706233 0.34860955768451718 1
0.18189609328256623 0.34860955768451718 1
0.19966964334913023 0.34860955768451718 1
0.21837211656639416 0.34860955768451718 1
0.23798970315228379 0.34860955768451718 1
0.25849879653347779 0.34860955768451718 1
0.27986543060057029 0.34860955768451718 1
0.30204491534522315 0.34860955768451718 1
0.32498170888165034 0.34860955768451718 1
0.34860955768451718 0.34860955768451718 1
0.37285192778903486 0.34860955768451718 1
0.39762273795379011 0.34860955768451718 1
0.42282739194063157 0.34860955768451718 1
0.44836409196349009 0.34860955768451718 1
0.4741254000745021 0.34860955768451718 1
0.5 0.34860955768451718 1
0.5258745999254979 0.34860955768451718 1
0.55163590803650986 0.34860955768451718 1
0.57717260805936843 0.34860955768451718 1
0.60237726204620989 0.34860955768451718 1
0.62714807221096514 0.34860955768451718 1
0.65139044231548282 0.34860955768451718 1
0.67501829111834966 0.34860955768451718 1
0.69795508465477685 0.34860955768451718 1
0.72013456939942966 0.34860955768451718 1
0.74150120346652226 0.34860955768451718 1
0.76201029684771626 0.34860955768451718 1
0.7816278834336059 0.34860955768451718 1
0.80033035665086971 0.34860955768451718 1
0.81810390671743383 0.34860955768451718 1
0.83494380079293773 0.34860955768451718 1
0.85085354792966716 0.34860955768451718 1
0.86584398911986449 0.34860955768451718 1
0.87993234939109699 0.34860955768451718 1
0.89314128435238316 0.34860955768451718 1
0.90549794834623487 0.34860955768451718 1
0.91703310586062647 0.34860955768451718 1
0.92778030246194998 0.34860955768451718 1
0.93777510649552542 0.34860955768451718 1
0.94705442834523168 0.34860955768451718 1
0.95565592024967883 0.34860955768451718 1
0.96361745657462106 0.34860955768451718 1
0.97097669202509573 0.34860955768451718 1
0.97777069349574575 0.34860955768451718 1
0.98403564003146671 0.34860955768451718 1
0.98980658461942195 0.34860955768451718 1
0.99511727117141735 0.34860955768451718 1
1 0.34860955768451718 1
0 0.37285192778903486 1
0.0048827288285826498 0.37285192778903486 1
0.010193415380578108 0.37285192778903486 1
0.015964359968533293 0.37285192778903486 1
0.022229306504254309 0.37285192778903486 1
0.029023307974904211 0.37285192778903486 1
0.036382543425378944 0.37285192778903486 1
0.044344079750321175 0.37285192778903486 1
0.05294557165476832 0.37285192778903486 1
0.062224893504474577 0.37285192778903486 1
0.072219697538049965 0.37285192778903486 1
0.082966894139373526 0.37285192778903486 1
0.094502051653765073 0.37285192778903486 1
0.1068587156476169 0.37285192778903486 1
0.12006765060890301 0.37285192778903486 1
0.13415601088013551 0.37285192778903486 1
0.14914645207033284 0.37285192778903486 1
0.16505619920706233 0.37285192778903486 1
0.18189609328256623 0.37285192778903486 1
0.19966964334913023 0.37285192778903486 1
0.21837211656639416 0.37285192778903486 1
0.23798970315228379 0.37285192778903486 1
0.25849879653347779 0.37285192778903486 1
0.27986543060057029 0.37285192778903486 1
0.30204491534522315 0.37285192778903486 1
0.32498170888165034 0.37285192778903486 1
0.34860955768451718 0.37285192778903486 1
0.37285192778903486 0.37285192778903486 1
0.39762273795379011 0.37285192778903486 1
0.42282739194063157 0.37285192778903486 1
0.44836409196349009 0.37285192778903486 1
0.4741254000745021 0.37285192778903486 1
0.5 0.37285192778903486 1
0.5258745999254979 0.37285192778903486 1
0.55163590803650986 0.37285192778903486 1
0.57717260805936843 0.37285192778903486 1
0.60237726204620989 0.37285192778903486 1
0.62714807221096514 0.37285192778903486 1
0.65139044231548282 0.37285192778903486 1
0.67501829111834966 0.37285192778903486 1
0.69795508465477685 0.37285192778903486 1
0.72013456939942966 0.37285192778903486 1
0.74150120346652226 0.37285192778903486 1
0.76201029684771626 0.37285192778903486 1
0.7816278834336059 0.37285192778903486 1
0.80033035665086971 0.37285192778903486 1
0.81810390671743383 0.37285192778903486 1
0.83494380079293773 0.37285192778903486 1
0.85085354792966716 0.37285192778903486 1
0.86584398911986449 0.37285192778903486 1
0.87993234939109699 0.37285192778903486 1
0.89314128435238316 0.37285192778903486 1
0.90549794834623487 0.37285192778903486 1
0.91703310586062647 0.37285192778903486 1
0.92778030246194998 0.37285192778903486 1
0.93777510649552542 0.37285192778903486 1
0.94705442834523168 0.37285192778903486 1
0.95565592024967883 0.37285192778903486 1
0.96361745657462106 0.37285192778903486 1
0.97097669202509573 0.37285192778903486 1
0.97777069349574575 0.37285192778903486 1
0.98403564003146671 0.37285192778903486 1
0.98980658461942195 0.37285192778903486 1
0.99511727117141735 0.37285192778903486 1
1 0.37285192778903486 1
0 0.39762273795379011 1
0.0048827288285826498 0.39762273795379011 1
0.010193415380578108 0.39762273795379011 1
0.015964359968533293 0.39762273795379011 1
0.022229306504254309 0.39762273795379011 1
0.029023307974904211 0.39762273795379011 1
0.036382543425378944 0.39762273795379011 1
0.044344079750321175 0.39762273795379011 1
0.05294557165476832 0.39762273795379011 1
0.062224893504474577 0.39762273795379011 1
0.072219697538049965 0.39762273795379011 1
0.082966894139373526 0.39762273795379011 1
0.094502051653765073 0.39762273795379011 1
0.1068587156476169 0.39762273795379011 1
0.12006765060890301 0.39762273795379011 1
0.13415601088013551 0.39762273795379011 1
0.14914645207033284 0.39762273795379011 1
0.16505619920706233 0.39762273795379011 1
0.18189609328256623 0.39762273795379011 1
0.19966964334913023 0.39762273795379011 1
0.21837211656639416 0.39762273795379011 1
0.23798970315228379 0.39762273795379011 1
0.25849879653347779 0.39762273795379011 1
0.27986543060057029 0.39762273795379011 1
0.30204491534522315 0.39762273795379011 1
0.32498170888165034 0.39762273795379011 1
0.34860955768451718 0.39762273795379011 1
0.37285192778903486 0.39762273795379011 1
0.39762273795379011 0.39762273795379011 1
0.42282739194063157 0.39762273795379011 1
0.44836409196349009 0.39762273795379011 1
0.4741254000745021 0.39762273795379011 1
0.5 0.39762273795379011 1
0.5258745999254979 0.39762273795379011 1
0.55163590803650986 0.39762273795379011 1
0.57717260805936843 0.39762273795379011 1
0.60237726204620989 0.39762273795379011 1
0.62714807221096514 0.39762273795379011 1
0.65139044231548282 0.39762273795379011 1
0.67501829111834966 0.39762273795379011 1
0.69795508465477685 0.39762273795379011 1
0.72013456939942966 0.39762273795379011 1
0.74150120346652226 0.39762273795379011 1
0.76201029684771626 0.39762273795379011 1
0.7816278834336059 0.39762273795379011 1
0.80033035665086971 0.39762273795379011 1
0.81810390671743383 0.39762273795379011 1
0.83494380079293773 0.39762273795379011 1
0.85085354792966716 0.39762273795379011 1
0.86584398911986449 0.39762273795379011 1
0.87993234939109699 0.39762273795379011 1
0.89314128435238316 0.39762273795379011 1
0.90549794834623487 0.39762273795379011 1
0.91703310586062647 0.39762273795379011 1
0.92778030246194998 0.39762273795379011 1
0.93777510649552542 0.39762273795379011 1
0.94705442834523168 0.39762273795379011 1
0.95565592024967883 0.39762273795379011 1
0.96361745657462106 0.39762273795379011 1
0.97097669202509573 0.39762273795379011 1
0.97777069349574575 0.39762273795379011 1
0.98403564003146671 0.39762273795379011 1
0.98980658461942195 0.39762273795379011 1
0.99511727117141735 0.39762273795379011 1
1 0.39762273795379011 1
0 0.42282739194063157 1
0.0048827288285826498 0.42282739194063157 1
0.010193415380578108 0.42282739194063157 1
0.015964359968533293 0.42282739194063157 1
0.022229306504254309 0.42282739194063157 1
0.029023307974904211 0.42282739194063157 1
0.036382543425378944 0.42282739194063157 1
0.044344079750321175 0.42282739194063157 1
0.05294557165476832 0.42282739194063157 1
0.062224893504474577 0.42282739194063157 1
0.072219697538049965 0.42282739194063157 1
0.082966894139373526 0.42282739194063157 1
0.094502051653765073 0.42282739194063157 1
0.1068587156476169 0.42282739194063157 1
0.12006765060890301 0.42282739194063157 1
0.13415601088013551 0.42282739194063157 1
0.14914645207033284 0.42282739194063157 1
0.16505619920706233 0.42282739194063157 1
0.18189609328256623 0.42282739194063157 1
0.19966964334913023 0.42282739194063157 1
0.21837211656639416 0.42282739194063157 1
0.23798970315228379 0.42282739194063157 1
0.25849879653347779 0.42282739194063157 1
0.27986543060057029 0.42282739194063157 1
0.30204491534522315 0.42282739194063157 1
0.32498170888165034 0.42282739194063157 1
0.34860955768451718 0.42282739194063157 1
0.37285192778903486 0.42282739194063157 1
0.39762273795379011 0.42282739194063157 1
0.42282739194063157 0.42282739194063157 1
0.44836409196349009 0.42282739194063157 1
0.4741254000745021 0.42282739194063157 1
0.5 0.42282739194063157 1
0.5258745999254979 0.42282739194063157 1
0.55163590803650986 0.42282739194063157 1
0.57717260805936843 0.42282739194063157 1
0.60237726204620989 0.42282739194063157 1
0.62714807221096514 0.42282739194063157 1
0.65139044231548282 0.42282739194063157 1
0.67501829111834966 0.42282739194063157 1
0.69795508465477685 0.42282739194063157 1
0.72013456939942966 0.42282739194063157 1
0.74150120346652226 0.42282739194063157 1
0.76201029684771626 0.42282739194063157 1
0.7816278834336059 0.42282739194063157 1
0.80033035665086971 0.42282739194063157 1
0.81810390671743383 0.42282739194063157 1
0.83494380079293773 0.42282739194063157 1
0.85085354792966716 0.42282739194063157 1
0.86584398911986449 0.42282739194063157 1
0.87993234939109699 0.42282739194063157 1
0.89314128435238316 0.42282739194063157 1
0.90549794834623487 0.42282739194063157 1
0.91703310586062647 0.42282739194063157 1
0.92778030246194998 0.42282739194063157 1
0.93777510649552542 0.42282739194063157 1
0.94705442834523168 0.42282739194063157 1
0.95565592024967883 0.42282739194063157 1
0.96361745657462106 0.42282739194063157 1
0.97097669202509573 0.42282739194063157 1
0.97777069349574575 0.42282739194063157 1
0.98403564003146671 0.42282739194063157 1
0.98980658461942195 0.42282739194063157 1
0.99511727117141735 0.42282739194063157 1
1 0.42282739194063157 1
0 0.44836409196349009 1
0.0048827288285826498 0.44836409196349009 1
0.010193415380578108 0.44836409196349009 1
0.015964359968533293 0.44836409196349009 1
0.022229306504254309 0.44836409196349009 1
0.029023307974904211 0.44836409196349009 1
0.036382543425378944 0.44836409196349009 1
0.044344079750321175 0.44836409196349009 1
0.05294557165476832 0.44836409196349009 1
0.062224893504474577 0.44836409196349009 1
0.072219697538049965 0.44836409196349009 1
0.082966894139373526 0.44836409196349009 1
0.094502051653765073 0.44836409196349009 1
0.1068587156476169 0.44836409196349009 1
0.12006765060890301 0.44836409196349009 1
0.13415601088013551 0.44836409196349009 1
0.14914645207033284 0.44836409196349009 1
0.16505619920706233 0.44836409196349009 1
0.18189609328256623 0.44836409196349009 1
0.19966964334913023 0.44836409196349009 1
0.21837211656639416 0.44836409196349009 1
0.23798970315228379 0.44836409196349009 1
0.25849879653347779 0.44836409196349009 1
0.27986543060057029 0.44836409196349009 1
0.30204491534522315 0.44836409196349009 1
0.32498170888165034 0.44836409196349009 1
0.34860955768451718 0.44836409196349009 1
0.37285192778903486 0.44836409196349009 1
0.39762273795379011 0.44836409196349009 1
0.42282739194063157 0.44836409196349009 1
0.44836409196349009 0.44836409196349009 1
0.4741254000745021 0.44836409196349009 1
0.5 0.44836409196349009 1
0.5258745999254979 0.44836409196349009 1
0.55163590803650986 0.44836409196349009 1
0.57717260805936843 0.44836409196349009 1
0.60237726204620989 0.44836409196349009 1
0.62714807221096514 0.44836409196349009 1
0.65139044231548282 0.44836409196349009 1
0.67501829111834966 0.44836409196349009 1
0.69795508465477685 0.44836409196349009 1
0.72013456939942966 0.44836409196349009 1
0.74150120346652226 0.44836409196349009 1
0.76201029684771626 0.44836409196349009 1
0.7816278834336059 0.44836409196349009 1
0.80033035665086971 0.44836409196349009 1
0.81810390671743383 0.44836409196349009 1
0.83494380079293773 0.44836409196349009 1
0.85085354792966716 0.44836409196349009 1
0.86584398911986449 0.44836409196349009 1
0.87993234939109699 0.44836409196349009 1
0.89314128435238316 0.44836409196349009 1
0.90549794834623487 0.44836409196349009 1
0.91703310586062647 0.44836409196349009 1
0.92778030246194998 0.44836409196349009 1
0.93777510649552542 0.44836409196349009 1
0.94705442834523168 0.44836409196349009 1
0.95565592024967883 0.44836409196349009 1
0.96361745657462106 0.44836409196349009 1
0.97097669202509573 0.44836409196349009 1
0.97777069349574575 0.44836409196349009 1
0.98403564003146671 0.44836409196349009 1
0.98980658461942195 0.44836409196349009 1
0.99511727117141735 0.44836409196349009 1
1 0.44836409196349009 1
0 0.4741254000745021 1
0.0048827288285826498 0.4741254000745021 1
0.010193415380578108 0.4741254000745021 1
0.015964359968533293 0.4741254000745021 1
0.022229306504254309 0.4741254000745021 1
0.029023307974904211 0.4741254000745021 1
0.036382543425378944 0.4741254000745021 1
0.044344079750321175 0.4741254000745021 1
0.05294557165476832 0.4741254000745021 1
0.062224893504474577 0.4741254000745021 1
0.072219697538049965 0.4741254000745021 1
0.082966894139373526 0.4741254000745021 1
0.094502051653765073 0.4741254000745021 1
0.1068587156476169 0.4741254000745021 1
0.12006765060890301 0.4741254000745021 1
0.13415601088013551 0.4741254000745021 1
0.14914645207033284 0.4741254000745021 1
0.16505619920706233 0.4741254000745021 1
0.18189609328256623 0.4741254000745021 1
0.19966964334913023 0.4741254000745021 1
0.21837211656639416 0.4741254000745021 1
0.23798970315228379 0.4741254000745021 1
0.25849879653347779 0.4741254000745021 1
0.27986543060057029 0.4741254000745021 1
0.30204491534522315 0.4741254000745021 1
0.32498170888165034 0.4741254000745021 1
0.34860955768451718 0.4741254000745021 1
0.37285192778903486 0.4741254000745021 1
0.39762273795379011 0.4741254000745021 1
0.42282739194063157 0.4741254000745021 1
0.44836409196349009 0.4741254000745021 1
0.4741254000745021 0.4741254000745021 1
0.5 0.4741254000745021 1
0.5258745999254979 0.4741254000745021 1
0.55163590803650986 0.4741254000745021 1
0.57717260805936843 0.4741254000745021 1
0.60237726204620989 0.4741254000745021 1
0.62714807221096514 0.4741254000745021 1
0.65139044231548282 0.4741254000745021 1
0.67501829111834966 0.4741254000745021 1
0.69795508465477685 0.4741254000745021 1
0.72013456939942966 0.4741254000745021 1
0.74150120346652226 0.4741254000745021 1
0.76201029684771626 0.4741254000745021 1
0.7816278834336059 0.4741254000745021 1
0.80033035665086971 0.4741254000745021 1
0.81810390671743383 0.4741254000745021 1
0.83494380079293773 0.4741254000745021 1
0.85085354792966716 0.4741254000745021 1
0.86584398911986449 0.4741254000745021 1
0.87993234939109699 0.4741254000745021 1
0.89314128435238316 0.4741254000745021 1
0.90549794834623487 0.4741254000745021 1
0.91703310586062647 0.4741254000745021 1
0.92778030246194998 0.4741254000745021 1
0.93777510649552542 0.4741254000745021 1
0.94705442834523168 0.4741254000745021 1
0.95565592024967883 0.4741254000745021 1
0.96361745657462106 0.4741254000745021 1
0.97097669202509573 0.4741254000745021 1
0.97777069349574575 0.4741254000745021 1
0.98403564003146671 0.4741254000745021 1
0.98980658461942195 0.4741254000745021 1
0.99511727117141735 0.4741254000745021 1
1 0.4741254000745021 1
0 0.5 1
0.0048827288285826498 0.5 1
0.010193415380578108 0.5 1
0.015964359968533293 0.5 1
0.022229306504254309 0.5 1
0.029023307974904211 0.5 1
0.036382543425378944 0.5 1
0.044344079750321175 0.5 1
0.05294557165476832 0.5 1
0.062224893504474577 0.5 1
0.072219697538049965 0.5 1
0.082966894139373526 0.5 1
0.094502051653765073 0.5 1
0.1068587156476169 0.5 1
0.12006765060890301 0.5 1
0.13415601088013551 0.5 1
0.14914645207033284 0.5 1
0.16505619920706233 0.5 1
0.18189609328256623 0.5 1
0.19966964334913023 0.5 1
0.21837211656639416 0.5 1
0.23798970315228379 0.5 1
0.25849879653347779 0.5 1
0.27986543060057029 0.5 1
0.30204491534522315 0.5 1
0.32498170888165034 0.5 1
0.34860955768451718 0.5 1
0.37285192778903486 0.5 1
0.39762273795379011 0.5 1
0.42282739194063157 0.5 1
0.44836409196349009 0.5 1
0.4741254000745021 0.5 1
0.5 0.5 1
0.5258745999254979 0.5 1
0.55163590803650986 0.5 1
0.57717260805936843 0.5 1
0.60237726204620989 0.5 1
0.62714807221096514 0.5 1
0.65139044231548282 0.5 1
0.67501829111834966 0.5 1
0.69795508465477685 0.5 1
0.72013456939942966 0.5 1
0.74150120346652226 0.5 1
0.76201029684771626 0.5 1
0.7816278834336059 0.5 1
0.80033035665086971 0.5 1
0.81810390671743383 0.5 1
0.83494380079293773 0.5 1
0.85085354792966716 0.5 1
0.86584398911986449 0.5 1
0.87993234939109699 0.5 1
0.89314128435238316 0.5 1
0.90549794834623487 0.5 1
0.91703310586062647 0.5 1
0.92778030246194998 0.5 1
0.93777510649552542 0.5 1
0.94705442834523168 0.5 1
0.95565592024967883 0.5 1
0.96361745657462106 0.5 1
0.97097669202509573 0.5 1
0.97777069349574575 0.5 1
0.98403564003146671 0.5 1
0.98980658461942195 0.5 1
0.99511727117141735 0.5 1
1 0.5 1
0 0.5258745999254979 1
0.0048827288285826498 0.5258745999254979 1
0.010193415380578108 0.5258745999254979 1
0.015964359968533293 0.5258745999254979 1
0.022229306504254309 0.5258745999254979 1
0.029023307974904211 0.5258745999254979 1
0.036382543425378944 0.5258745999254979 1
0.044344079750321175 0.5258745999254979 1
0.05294557165476832 0.5258745999254979 1
0.062224893504474577 0.5258745999254979 1
0.072219697538049965 0.5258745999254979 1
0.082966894139373526 0.5258745999254979 1
0.094502051653765073 0.5258745999254979 1
0.1068587156476169 0.5258745999254979 1
0.12006765060890301 0.5258745999254979 1
0.13415601088013551 0.5258745999254979 1
0.14914645207033284 0.5258745999254979 1
0.16505619920706233 0.5258745999254979 1
0.18189609328256623 0.5258745999254979 1
0.19966964334913023 0.5258745999254979 1
0.21837211656639416 0.5258745999254979 1
0.23798970315228379 0.5258745999254979 1
0.25849879653347779 0.5258745999254979 1
0.27986543060057029 0.5258745999254979 1
0.30204491534522315 0.5258745999254979 1
0.32498170888165034 0.5258745999254979 1
0.34860955768451718 0.5258745999254979 1
0.37285192778903486 0.5258745999254979 1
0.39762273795379011 0.5258745999254979 1
0.42282739194063157 0.5258745999254979 1
0.44836409196349009 0.5258745999254979 1
0.4741254000745021 0.5258745999254979 1
0.5 0.5258745999254979 1
0.5258745999254979 0.5258745999254979 1
0.55163590803650986 0.5258745999254979 1
0.57717260805936843 0.5258745999254979 1
0.60237726204620989 0.5258745999254979 1
0.62714807221096514 0.5258745999254979 1
0.65139044231548282 0.5258745999254979 1
0.67501829111834966 0.5258745999254979 1
0.69795508465477685 0.5258745999254979 1
0.72013456939942966 0.5258745999254979 1
0.74150120346652226 0.5258745999254979 1
0.76201029684771626 0.5258745999254979 1
0.7816278834336059 0.5258745999254979 1
0.80033035665086971 0.5258745999254979 1
0.81810390671743383 0.5258745999254979 1
0.83494380079293773 0.5258745999254979 1
0.85085354792966716 0.5258745999254979 1
0.86584398911986449 0.5258745999254979 1
0.87993234939109699 0.5258745999254979 1
0.89314128435238316 0.5258745999254979 1
0.90549794834623487 0.5258745999254979 1
0.91703310586062647 0.5258745999254979 1
0.92778030246194998 0.5258745999254979 1
0.93777510649552542 0.5258745999254979 1
0.94705442834523168 0.5258745999254979 1
0.95565592024967883 0.5258745999254979 1
0.96361745657462106 0.5258745999254979 1
0.97097669202509573 0.5258745999254979 1
0.97777069349574575 0.5258745999254979 1
0.98403564003146671 0.5258745999254979 1
0.98980658461942195 0.5258745999254979 1
0.99511727117141735 0.5258745999254979 1
1 0.5258745999254979 1
0 0.55163590803650986 1
0.0048827288285826498 0.55163590803650986 1
0.010193415380578108 0.55163590803650986 1
0.015964359968533293 0.55163590803650986 1
0.022229306504254309 0.55163590803650986 1
0.029023307974904211 0.55163590803650986 1
0.036382543425378944 0.55163590803650986 1
0.044344079750321175 0.55163590803650986 1
0.05294557165476832 0.55163590803650986 1
0.062224893504474577 0.55163590803650986 1
0.072219697538049965 0.55163590803650986 1
0.082966894139373526 0.55163590803650986 1
0.094502051653765073 0.55163590803650986 1
0.1068587156476169 0.55163590803650986 1
0.12006765060890301 0.55163590803650986 1
0.13415601088013551 0.55163590803650986 1
0.14914645207033284 0.55163590803650986 1
0.16505619920706233 0.55163590803650986 1
0.18189609328256623 0.55163590803650986 1
0.19966964334913023 0.55163590803650986 1
0.21837211656639416 0.55163590803650986 1
0.23798970315228379 0.55163590803650986 1
0.25849879653347779 0.55163590803650986 1
0.27986543060057029 0.55163590803650986 1
0.30204491534522315 0.55163590803650986 1
0.32498170888165034 0.55163590803650986 1
0.34860955768451718 0.55163590803650986 1
0.37285192778903486 0.55163590803650986 1
0.39762273795379011 0.55163590803650986 1
0.42282739194063157 0.55163590803650986 1
0.44836409196349009 0.55163590803650986 1
0.4741254000745021 0.55163590803650986 1
0.5 0.55163590803650986 1
0.5258745999254979 0.55163590803650986 1
0.55163590803650986 0.55163590803650986 1
0.57717260805936843 0.55163590803650986 1
0.60237726204620989 0.55163590803650986 1
0.62714807221096514 0.55163590803650986 1
0.65139044231548282 0.55163590803650986 1
0.67501829111834966 0.55163590803650986 1
0.69795508465477685 0.55163590803650986 1
0.72013456939942966 0.55163590803650986 1
0.74150120346652226 0.55163590803650986 1
0.76201029684771626 0.55163590803650986 1
0.7816278834336059 0.55163590803650986 1
0.80033035665086971 0.55163590803650986 1
0.81810390671743383 0.55163590803650986 1
0.83494380079293773 0.55163590803650986 1
0.85085354792966716 0.55163590803650986 1
0.86584398911986449 0.55163590803650986 1
0.87993234939109699 0.55163590803650986 1
0.89314128435238316 0.55163590803650986 1
0.90549794834623487 0.55163590803650986 1
0.91703310586062647 0.55163590803650986 1
0.92778030246194998 0.55163590803650986 1
0.93777510649552542 0.55163590803650986 1
0.94705442834523168 0.55163590803650986 1
0.95565592024967883 0.55163590803650986 1
0.96361745657462106 0.55163590803650986 1
0.97097669202509573 0.55163590803650986 1
0.97777069349574575 0.55163590803650986 1
0.98403564003146671 0.55163590803650986 1
0.98980658461942195 0.55163590803650986 1
0.99511727117141735 0.55163590803650986 1
1 0.55163590803650986 1
0 0.57717260805936843 1
0.0048827288285826498 0.57717260805936843 1
0.010193415380578108 0.57717260805936843 1
0.015964359968533293 0.57717260805936843 1
0.022229306504254309 0.57717260805936843 1
0.029023307974904211 0.57717260805936843 1
0.036382543425378944 0.57717260805936843 1
0.044344079750321175 0.57717260805936843 1
0.05294557165476832 0.57717260805936843 1
0.062224893504474577 0.57717260805936843 1
0.072219697538049965 0.57717260805936843 1
0.082966894139373526 0.57717260805936843 1
0.094502051653765073 0.57717260805936843 1
0.1068587156476169 0.57717260805936843 1
0.12006765060890301 0.57717260805936843 1
0.13415601088013551 0.57717260805936843 1
0.14914645207033284 0.57717260805936843 1
0.16505619920706233 0.57717260805936843 1
0.18189609328256623 0.57717260805936843 1
0.19966964334913023 0.57717260805936843 1
0.21837211656639416 0.57717260805936843 1
0.23798970315228379 0.57717260805936843 1
0.25849879653347779 0.57717260805936843 1
0.27986543060057029 0.57717260805936843 1
0.30204491534522315 0.57717260805936843 1
0.32498170888165034 0.57717260805936843 1
0.34860955768451718 0.57717260805936843 1
0.37285192778903486 0.57717260805936843 1
0.39762273795379011 0.57717260805936843 1
0.42282739194063157 0.57717260805936843 1
0.44836409196349009 0.57717260805936843 1
0.4741254000745021 0.57717260805936843 1
0.5 0.57717260805936843 1
0.5258745999254979 0.57717260805936843 1
0.55163590803650986 0.57717260805936843 1
0.57717260805936843 0.57717260805936843 1
0.60237726204620989 0.57717260805936843 1
0.62714807221096514 0.57717260805936843 1
0.65139044231548282 0.57717260805936843 1
0.67501829111834966 0.57717260805936843 1
0.69795508465477685 0.57717260805936843 1
0.72013456939942966 0.57717260805936843 1
0.74150120346652226 0.57717260805936843 1
0.76201029684771626 0.57717260805936843 1
0.7816278834336059 0.57717260805936843 1
0.80033035665086971 0.57717260805936843 1
0.81810390671743383 0.57717260805936843 1
0.83494380079293773 0.57717260805936843 1
0.85085354792966716 0.57717260805936843 1
0.86584398911986449 0.57717260805936843 1
0.87993234939109699 0.57717260805936843 1
0.89314128435238316 0.57717260805936843 1
0.90549794834623487 0.57717260805936843 1
0.91703310586062647 0.57717260805936843 1
0.92778030246194998 0.57717260805936843 1
0.93777510649552542 0.57717260805936843 1
0.94705442834523168 0.57717260805936843 1
0.95565592024967883 0.57717260805936843 1
0.96361745657462106 0.57717260805936843 1
0.97097669202509573 0.57717260805936843 1
0.97777069349574575 0.57717260805936843 1
0.98403564003146671 0.57717260805936843 1
0.98980658461942195 0.57717260805936843 1
0.99511727117141735 0.57717260805936843 1
1 0.57717260805936843 1
0 0.60237726204620989 1
0.0048827288285826498 0.60237726204620989 1
0.010193415380578108 0.60237726204620989 1
0.015964359968533293 0.60237726204620989 1
0.022229306504254309 0.60237726204620989 1
0.029023307974904211 0.60237726204620989 1
0.036382543425378944 0.60237726204620989 1
0.044344079750321175 0.60237726204620989 1
0.05294557165476832 0.60237726204620989 1
0.062224893504474577 0.60237726204620989 1
0.072219697538049965 0.60237726204620989 1
0.082966894139373526 0.60237726204620989 1
0.094502051653765073 0.60237726204620989 1
0.1068587156476169 0.60237726204620989 1
0.12006765060890301 0.60237726204620989 1
0.13415601088013551 0.60237726204620989 1
0.14914645207033284 0.60237726204620989 1
0.16505619920706233 0.60237726204620989 1
0.18189609328256623 0.60237726204620989 1
0.19966964334913023 0.60237726204620989 1
0.21837211656639416 0.60237726204620989 1
0.23798970315228379 0.60237726204620989 1
0.25849879653347779 0.60237726204620989 1
0.27986543060057029 0.60237726204620989 1
0.30204491534522315 0.60237726204620989 1
0.32498170888165034 0.60237726204620989 1
0.34860955768451718 0.60237726204620989 1
0.37285192778903486 0.60237726204620989 1
0.39762273795379011 0.60237726204620989 1
0.42282739194063157 0.60237726204620989 1
0.44836409196349009 0.60237726204620989 1
0.4741254000745021 0.60237726204620989 1
0.5 0.60237726204620989 1
0.5258745999254979 0.60237726204620989 1
0.55163590803650986 0.60237726204620989 1
0.57717260805936843 0.60237726204620989 1
0.60237726204620989 0.60237726204620989 1
0.62714807221096514 0.60237726204620989 1
0.65139044231548282 0.60237726204620989 1
0.67501829111834966 0.60237726204620989 1
0.69795508465477685 0.60237726204620989 1
0.72013456939942966 0.60237726204620989 1
0.74150120346652226 0.60237726204620989 1
0.76201029684771626 0.60237726204620989 1
0.7816278834336059 0.60237726204620989 1
0.80033035665086971 0.60237726204620989 1
0.81810390671743383 0.60237726204620989 1
0.83494380079293773 0.60237726204620989 1
0.85085354792966716 0.60237726204620989 1
0.86584398911986449 0.60237726204620989 1
0.87993234939109699 0.60237726204620989 1
0.89314128435238316 0.60237726204620989 1
0.90549794834623487 0.60237726204620989 1
0.91703310586062647 0.60237726204620989 1
0.92778030246194998 0.60237726204620989 1
0.93777510649552542 0.60237726204620989 1
0.94705442834523168 0.60237726204620989 1
0.95565592024967883 0.60237726204620989 1
0.96361745657462106 0.60237726204620989 1
0.97097669202509573 0.60237726204620989 1
0.97777069349574575 0.60237726204620989 1
0.98403564003146671 0.60237726204620989 1
0.98980658461942195 0.60237726204620989 1
0.99511727117141735 0.60237726204620989 1
1 0.60237726204620989 1
0 0.62714807221096514 1
0.0048827288285826498 0.62714807221096514 1
0.010193415380578108 0.62714807221096514 1
0.015964359968533293 0.62714807221096514 1
0.022229306504254309 0.62714807221096514 1
0.029023307974904211 0.62714807221096514 1
0.036382543425378944 0.62714807221096514 1
0.044344079750321175 0.62714807221096514 1
0.05294557165476832 0.62714807221096514 1
0.062224893504474577 0.62714807221096514 1
0.072219697538049965 0.62714807221096514 1
0.082966894139373526 0.62714807221096514 1
0.094502051653765073 0.62714807221096514 1
0.1068587156476169 0.62714807221096514 1
0.12006765060890301 0.62714807221096514 1
0.13415601088013551 0.62714807221096514 1
0.14914645207033284 0.62714807221096514 1
0.16505619920706233 0.62714807221096514 1
0.18189609328256623 0.62714807221096514 1
0.19966964334913023 0.62714807221096514 1
0.21837211656639416 0.62714807221096514 1
0.23798970315228379 0.62714807221096514 1
0.25849879653347779 0.62714807221096514 1
0.27986543060057029 0.62714807221096514 1
0.30204491534522315 0.62714807221096514 1
0.32498170888165034 0.62714807221096514 1
0.34860955768451718 0.62714807221096514 1
0.37285192778903486 0.62714807221096514 1
0.39762273795379011 0.62714807221096514 1
0.42282739194063157 0.62714807221096514 1
0.44836409196349009 0.62714807221096514 1
0.4741254000745021 0.62714807221096514 1
0.5 0.62714807221096514 1
0.5258745999254979 0.62714807221096514 1
0.55163590803650986 0.62714807221096514 1
0.57717260805936843 0.62714807221096514 1
0.60237726204620989 0.62714807221096514 1
0.62714807221096514 0.62714807221096514 1
0.65139044231548282 0.62714807221096514 1
0.67501829111834966 0.62714807221096514 1
0.69795508465477685 0.62714807221096514 1
0.72013456939942966 0.62714807221096514 1
0.74150120346652226 0.62714807221096514 1
0.76201029684771626 0.62714807221096514 1
0.7816278834336059 0.62714807221096514 1
0.80033035665086971 0.62714807221096514 1
0.81810390671743383 0.62714807221096514 1
0.83494380079293773 0.62714807221096514 1
0.85085354792966716 0.62714807221096514 1
0.86584398911986449 0.62714807221096514 1
0.87993234939109699 0.62714807221096514 1
0.89314128435238316 0.62714807221096514 1
0.90549794834623487 0.62714807221096514 1
0.91703310586062647 0.62714807221096514 1
0.92778030246194998 0.62714807221096514 1
0.93777510649552542 0.62714807221096514 1
0.94705442834523168 0.62714807221096514 1
0.95565592024967883 0.62714807221096514 1
0.96361745657462106 0.62714807221096514 1
0.97097669202509573 0.62714807221096514 1
0.97777069349574575 0.62714807221096514 1
0.98403564003146671 0.62714807221096514 1
0.98980658461942195 0.62714807221096514 1
0.99511727117141735 0.62714807221096514 1
1 0.62714807221096514 1
0 0.65139044231548282 1
0.0048827288285826498 0.65139044231548282 1
0.010193415380578108 0.65139044231548282 1
0.015964359968533293 0.65139044231548282 1
0.022229306504254309 0.65139044231548282 1
0.029023307974904211 0.65139044231548282 1
0.036382543425378944 0.65139044231548282 1
0.044344079750321175 0.65139044231548282 1
0.05294557165476832 0.65139044231548282 1
0.062224893504474577 0.65139044231548282 1
0.072219697538049965 0.65139044231548282 1
0.082966894139373526 0.65139044231548282 1
0.094502051653765073 0.65139044231548282 1
0.1068587156476169 0.65139044231548282 1
0.12006765060890301 0.65139044231548282 1
0.13415601088013551 0.65139044231548282 1
0.14914645207033284 0.65139044231548282 1
0.16505619920706233 0.65139044231548282 1
0.18189609328256623 0.65139044231548282 1
0.19966964334913023 0.65139044231548282 1
0.21837211656639416 0.65139044231548282 1
0.23798970315228379 0.65139044231548282 1
0.25849879653347779 0.65139044231548282 1
0.27986543060057029 0.65139044231548282 1
0.30204491534522315 0.65139044231548282 1
0.32498170888165034 0.65139044231548282 1
0.34860955768451718 0.65139044231548282 1
0.37285192778903486 0.65139044231548282 1
0.39762273795379011 0.65139044231548282 1
0.42282739194063157 0.65139044231548282 1
0.44836409196349009 0.65139044231548282 1
0.4741254000745021 0.65139044231548282 1
0.5 0.65139044231548282 1
0.5258745999254979 0.65139044231548282 1
0.55163590803650986 0.65139044231548282 1
0.57717260805936843 0.65139044231548282 1
0.60237726204620989 0.65139044231548282 1
0.62714807221096514 0.65139044231548282 1
0.65139044231548282 0.65139044231548282 1
0.67501829111834966 0.65139044231548282 1
0.69795508465477685 0.65139044231548282 1
0.72013456939942966 0.65139044231548282 1
0.74150120346652226 0.65139044231548282 1
0.76201029684771626 0.65139044231548282 1
0.7816278834336059 0.65139044231548282 1
0.80033035665086971 0.65139044231548282 1
0.81810390671743383 0.65139044231548282 1
0.83494380079293773 0.65139044231548282 1
0.85085354792966716 0.65139044231548282 1
0.86584398911986449 0.65139044231548282 1
0.87993234939109699 0.65139044231548282 1
0.89314128435238316 0.65139044231548282 1
0.90549794834623487 0.65139044231548282 1
0.91703310586062647 0.65139044231548282 1
0.92778030246194998 0.65139044231548282 1
0.93777510649552542 0.65139044231548282 1
0.94705442834523168 0.65139044231548282 1
0.95565592024967883 0.65139044231548282 1
0.96361745657462106 0.65139044231548282 1
0.97097669202509573 0.65139044231548282 1
0.97777069349574575 0.65139044231548282 1
0.98403564003146671 0.65139044231548282 1
0.98980658461942195 0.65139044231548282 1
0.99511727117141735 0.65139044231548282 1
1 0.65139044231548282 1
0 0.67501829111834966 1
0.0048827288285826498 0.67501829111834966 1
0.010193415380578108 0.67501829111834966 1
0.015964359968533293 0.67501829111834966 1
0.022229306504254309 0.67501829111834966 1
0.029023307974904211 0.67501829111834966 1
0.036382543425378944 0.67501829111834966 1
0.044344079750321175 0.67501829111834966 1
0.05294557165476832 0.67501829111834966 1
0.062224893504474577 0.67501829111834966 1
0.072219697538049965 0.67501829111834966 1
0.082966894139373526 0.67501829111834966 1
0.094502051653765073 0.67501829111834966 1
0.1068587156476169 0.67501829111834966 1
0.12006765060890301 0.67501829111834966 1
0.13415601088013551 0.67501829111834966 1
0.14914645207033284 0.67501829111834966 1
0.16505619920706233 0.67501829111834966 1
0.18189609328256623 0.67501829111834966 1
0.19966964334913023 0.67501829111834966 1
0.21837211656639416 0.67501829111834966 1
0.23798970315228379 0.67501829111834966 1
0.25849879653347779 0.67501829111834966 1
0.27986543060057029 0.67501829111834966 1
0.30204491534522315 0.67501829111834966 1
0.32498170888165034 0.67501829111834966 1
0.34860955768451718 0.67501829111834966 1
0.37285192778903486 0.67501829111834966 1
0.39762273795379011 0.67501829111834966 1
0.42282739194063157 0.67501829111834966 1
0.44836409196349009 0.67501829111834966 1
0.4741254000745021 0.67501829111834966 1
0.5 0.67501829111834966 1
0.5258745999254979 0.67501829111834966 1
0.55163590803650986 0.67501829111834966 1
0.57717260805936843 0.67501829111834966 1
0.60237726204620989 0.67501829111834966 1
0.62714807221096514 0.67501829111834966 1
0.65139044231548282 0.67501829111834966 1
0.67501829111834966 0.67501829111834966 1
0.69795508465477685 0.67501829111834966 1
0.72013456939942966 0.67501829111834966 1
0.74150120346652226 0.67501829111834966 1
0.76201029684771626 0.67501829111834966 1
0.7816278834336059 0.67501829111834966 1
0.80033035665086971 0.67501829111834966 1
0.81810390671743383 0.67501829111834966 1
0.83494380079293773 0.67501829111834966 1
0.85085354792966716 0.67501829111834966 1
0.86584398911986449 0.67501829111834966 1
0.87993234939109699 0.67501829111834966 1
0.89314128435238316 0.67501829111834966 1
0.90549794834623487 0.67501829111834966 1
0.91703310586062647 0.67501829111834966 1
0.92778030246194998 0.67501829111834966 1
0.93777510649552542 0.67501829111834966 1
0.94705442834523168 0.67501829111834966 1
0.95565592024967883 0.67501829111834966 1
0.96361745657462106 0.67501829111834966 1
0.97097669202509573 0.67501829111834966 1
0.97777069349574575 0.67501829111834966 1
0.98403564003146671 0.67501829111834966 1
0.98980658461942195 0.67501829111834966 1
0.99511727117141735 0.67501829111834966 1
1 0.67501829111834966 1
0 0.69795508465477685 1
0.0048827288285826498 0.69795508465477685 1
0.010193415380578108 0.69795508465477685 1
0.015964359968533293 0.69795508465477685 1
0.022229306504254309 0.69795508465477685 1
0.029023307974904211 0.69795508465477685 1
0.036382543425378944 0.69795508465477685 1
0.044344079750321175 0.69795508465477685 1
0.05294557165476832 0.69795508465477685 1
0.062224893504474577 0.69795508465477685 1
0.072219697538049965 0.69795508465477685 1
0.082966894139373526 0.69795508465477685 1
0.094502051653765073 0.69795508465477685 1
0.1068587156476169 0.69795508465477685 1
0.12006765060890301 0.69795508465477685 1
0.13415601088013551 0.69795508465477685 1
0.14914645207033284 0.69795508465477685 1
0.16505619920706233 0.69795508465477685 1
0.18189609328256623 0.69795508465477685 1
0.19966964334913023 0.69795508465477685 1
0.21837211656639416 0.69795508465477685 1
0.23798970315228379 0.69795508465477685 1
0.25849879653347779 0.69795508465477685 1
0.27986543060057029 0.69795508465477685 1
0.30204491534522315 0.69795508465477685 1
0.32498170888165034 0.69795508465477685 1
0.34860955768451718 0.69795508465477685 1
0.37285192778903486 0.69795508465477685 1
0.39762273795379011 0.69795508465477685 1
0.42282739194063157 0.69795508465477685 1
0.44836409196349009 0.69795508465477685 1
0.4741254000745021 0.69795508465477685 1
0.5 0.69795508465477685 1
0.5258745999254979 0.69795508465477685 1
0.55163590803650986 0.69795508465477685 1
0.57717260805936843 0.69795508465477685 1
0.60237726204620989 0.69795508465477685 1
0.62714807221096514 0.69795508465477685 1
0.65139044231548282 0.69795508465477685 1
0.67501829111834966 0.69795508465477685 1
0.69795508465477685 0.69795508465477685 1
0.72013456939942966 0.69795508465477685 1
0.74150120346652226 0.69795508465477685 1
0.76201029684771626 0.69795508465477685 1
0.7816278834336059 0.69795508465477685 1
0.80033035665086971 0.69795508465477685 1
0.81810390671743383 0.69795508465477685 1
0.83494380079293773 0.69795508465477685 1
0.85085354792966716 0.69795508465477685 1
0.86584398911986449 0.69795508465477685 1
0.87993234939109699 0.69795508465477685 1
0.89314128435238316 0.69795508465477685 1
0.90549794834623487 0.69795508465477685 1
0.91703310586062647 0.69795508465477685 1
0.92778030246194998 0.69795508465477685 1
0.93777510649552542 0.69795508465477685 1
0.94705442834523168 0.69795508465477685 1
0.95565592024967883 0.69795508465477685 1
0.96361745657462106 0.69795508465477685 1
0.97097669202509573 0.69795508465477685 1
0.97777069349574575 0.69795508465477685 1
0.98403564003146671 0.69795508465477685 1
0.98980658461942195 0.69795508465477685 1
0.99511727117141735 0.69795508465477685 1
1 0.69795508465477685 1
0 0.72013456939942966 1
0.0048827288285826498 0.72013456939942966 1
0.010193415380578108 0.72013456939942966 1
0.015964359968533293 0.72013456939942966 1
0.022229306504254309 0.72013456939942966 1
0.029023307974904211 0.72013456939942966 1
0.036382543425378944 0.72013456939942966 1
0.044344079750321175 0.72013456939942966 1
0.05294557165476832 0.72013456939942966 1
0.062224893504474577 0.72013456939942966 1
0.072219697538049965 0.72013456939942966 1
0.082966894139373526 0.72013456939942966 1
0.094502051653765073 0.72013456939942966 1
0.1068587156476169 0.72013456939942966 1
0.12006765060890301 0.72013456939942966 1
0.13415601088013551 0.72013456939942966 1
0.14914645207033284 0.72013456939942966 1
0.16505619920706233 0.72013456939942966 1
0.18189609328256623 0.72013456939942966 1
0.19966964334913023 0.72013456939942966 1
0.21837211656639416 0.72013456939942966 1
0.23798970315228379 0.72013456939942966 1
0.25849879653347779 0.72013456939942966 1
0.27986543060057029 0.72013456939942966 1
0.30204491534522315 0.72013456939942966 1
0.32498170888165034 0.72013456939942966 1
0.34860955768451718 0.72013456939942966 1
0.37285192778903486 0.72013456939942966 1
0.39762273795379011 0.72013456939942966 1
0.42282739194063157 0.72013456939942966 1
0.44836409196349009 0.72013456939942966 1
0.4741254000745021 0.72013456939942966 1
0.5 0.72013456939942966 1
0.5258745999254979 0.72013456939942966 1
0.55163590803650986 0.72013456939942966 1
0.57717260805936843 0.72013456939942966 1
0.60237726204620989 0.72013456939942966 1
0.62714807221096514 0.72013456939942966 1
0.65139044231548282 0.72013456939942966 1
0.67501829111834966 0.72013456939942966 1
0.69795508465477685 0.72013456939942966 1
0.72013456939942966 0.72013456939942966 1
0.74150120346652226 0.72013456939942966 1
0.76201029684771626 0.72013456939942966 1
0.7816278834336059 0.72013456939942966 1
0.80033035665086971 0.72013456939942966 1
0.81810390671743383 0.72013456939942966 1
0.83494380079293773 0.72013456939942966 1
0.85085354792966716 0.72013456939942966 1
0.86584398911986449 0.72013456939942966 1
0.87993234939109699 0.72013456939942966 1
0.89314128435238316 0.72013456939942966 1
0.90549794834623487 0.72013456939942966 1
0.91703310586062647 0.72013456939942966 1
0.92778030246194998 0.72013456939942966 1
0.93777510649552542 0.72013456939942966 1
0.94705442834523168 0.72013456939942966 1
0.95565592024967883 0.72013456939942966 1
0.96361745657462106 0.72013456939942966 1
0.97097669202509573 0.72013456939942966 1
0.97777069349574575 0.72013456939942966 1
0.98403564003146671 0.72013456939942966 1
0.98980658461942195 0.72013456939942966 1
0.99511727117141735 0.72013456939942966 1
1 0.72013456939942966 1
0 0.74150120346652226 1
0.0048827288285826498 0.74150120346652226 1
0.010193415380578108 0.74150120346652226 1
0.015964359968533293 0.74150120346652226 1
0.022229306504254309 0.74150120346652226 1
0.029023307974904211 0.74150120346652226 1
0.036382543425378944 0.74150120346652226 1
0.044344079750321175 0.74150120346652226 1
0.05294557165476832 0.74150120346652226 1
0.062224893504474577 0.74150120346652226 1
0.072219697538049965 0.74150120346652226 1
0.082966894139373526 0.74150120346652226 1
0.094502051653765073 0.74150120346652226 1
0.1068587156476169 0.74150120346652226 1
0.12006765060890301 0.74150120346652226 1
0.13415601088013551 0.74150120346652226 1
0.14914645207033284 0.74150120346652226 1
0.16505619920706233 0.74150120346652226 1
0.18189609328256623 0.74150120346652226 1
0.19966964334913023 0.74150120346652226 1
0.21837211656639416 0.74150120346652226 1
0.23798970315228379 0.74150120346652226 1
0.25849879653347779 0.74150120346652226 1
0.27986543060057029 0.74150120346652226 1
0.30204491534522315 0.74150120346652226 1
0.32498170888165034 0.74150120346652226 1
0.34860955768451718 0.74150120346652226 1
0.37285192778903486 0.74150120346652226 1
0.39762273795379011 0.74150120346652226 1
0.42282739194063157 0.74150120346652226 1
0.44836409196349009 0.74150120346652226 1
0.4741254000745021 0.74150120346652226 1
0.5 0.74150120346652226 1
0.5258745999254979 0.74150120346652226 1
0.55163590803650986 0.74150120346652226 1
0.57717260805936843 0.74150120346652226 1
0.60237726204620989 0.74150120346652226 1
0.62714807221096514 0.74150120346652226 1
0.65139044231548282 0.74150120346652226 1
0.67501829111834966 0.74150120346652226 1
0.69795508465477685 0.74150120346652226 1
0.72013456939942966 0.74150120346652226 1
0.74150120346652226 0.74150120346652226 1
0.76201029684771626 0.74150120346652226 1
0.7816278834336059 0.74150120346652226 1
0.80033035665086971 0.74150120346652226 1
0.81810390671743383 0.74150120346652226 1
0.83494380079293773 0.74150120346652226 1
0.85085354792966716 0.74150120346652226 1
0.86584398911986449 0.74150120346652226 1
0.87993234939109699 0.74150120346652226 1
0.89314128435238316 0.74150120346652226 1
0.90549794834623487 0.74150120346652226 1
0.91703310586062647 0.74150120346652226 1
0.92778030246194998 0.74150120346652226 1
0.93777510649552542 0.74150120346652226 1
0.94705442834523168 0.74150120346652226 1
0.95565592024967883 0.74150120346652226 1
0.96361745657462106 0.74150120346652226 1
0.97097669202509573 0.74150120346652226 1
0.97777069349574575 0.74150120346652226 1
0.98403564003146671 0.74150120346652226 1
0.98980658461942195 0.74150120346652226 1
0.99511727117141735 0.74150120346652226 1
1 0.74150120346652226 1
0 0.76201029684771626 1
0.0048827288285826498 0.76201029684771626 1
0.010193415380578108 0.76201029684771626 1
0.015964359968533293 0.76201029684771626 1
0.022229306504254309 0.76201029684771626 1
0.029023307974904211 0.76201029684771626 1
0.036382543425378944 0.76201029684771626 1
0.044344079750321175 0.76201029684771626 1
0.05294557165476832 0.76201029684771626 1
0.062224893504474577 0.76201029684771626 1
0.072219697538049965 0.76201029684771626 1
0.082966894139373526 0.76201029684771626 1
0.094502051653765073 0.76201029684771626 1
0.1068587156476169 0.76201029684771626 1
0.12006765060890301 0.76201029684771626 1
0.13415601088013551 0.76201029684771626 1
0.14914645207033284 0.76201029684771626 1
0.16505619920706233 0.76201029684771626 1
0.18189609328256623 0.76201029684771626 1
0.19966964334913023 0.76201029684771626 1
0.21837211656639416 0.76201029684771626 1
0.23798970315228379 0.76201029684771626 1
0.25849879653347779 0.76201029684771626 1
0.27986543060057029 0.76201029684771626 1
0.30204491534522315 0.76201029684771626 1
0.32498170888165034 0.76201029684771626 1
0.34860955768451718 0.76201029684771626 1
0.37285192778903486 0.76201029684771626 1
0.39762273795379011 0.76201029684771626 1
0.42282739194063157 0.76201029684771626 1
0.44836409196349009 0.76201029684771626 1
0.4741254000745021 0.76201029684771626 1
0.5 0.76201029684771626 1
0.5258745999254979 0.76201029684771626 1
0.55163590803650986 0.76201029684771626 1
0.57717260805936843 0.76201029684771626 1
0.60237726204620989 0.76201029684771626 1
0.62714807221096514 0.76201029684771626 1
0.65139044231548282 0.76201029684771626 1
0.67501829111834966 0.76201029684771626 1
0.69795508465477685 0.76201029684771626 1
0.72013456939942966 0.76201029684771626 1
0.74150120346652226 0.76201029684771626 1
0.76201029684771626 0.76201029684771626 1
0.7816278834336059 0.76201029684771626 1
0.80033035665086971 0.76201029684771626 1
0.81810390671743383 0.76201029684771626 1
0.83494380079293773 0.76201029684771626 1
0.85085354792966716 0.76201029684771626 1
0.86584398911986449 0.76201029684771626 1
0.87993234939109699 0.76201029684771626 1
0.89314128435238316 0.76201029684771626 1
0.90549794834623487 0.76201029684771626 1
0.91703310586062647 0.76201029684771626 1
0.92778030246194998 0.76201029684771626 1
0.93777510649552542 0.76201029684771626 1
0.94705442834523168 0.76201029684771626 1
0.95565592024967883 0.76201029684771626 1
0.96361745657462106 0.76201029684771626 1
0.97097669202509573 0.76201029684771626 1
0.97777069349574575 0.76201029684771626 1
0.98403564003146671 0.76201029684771626 1
0.98980658461942195 0.76201029684771626 1
0.99511727117141735 0.76201029684771626 1
1 0.76201029684771626 1
0 0.7816278834336059 1
0.0048827288285826498 0.7816278834336059 1
0.010193415380578108 0.7816278834336059 1
0.015964359968533293 0.7816278834336059 1
0.022229306504254309 0.7816278834336059 1
0.029023307974904211 0.7816278834336059 1
0.036382543425378944 0.7816278834336059 1
0.044344079750321175 0.7816278834336059 1
0.05294557165476832 0.7816278834336059 1
0.062224893504474577 0.7816278834336059 1
0.072219697538049965 0.7816278834336059 1
0.082966894139373526 0.7816278834336059 1
0.094502051653765073 0.7816278834336059 1
0.1068587156476169 0.7816278834336059 1
0.12006765060890301 0.7816278834336059 1
0.13415601088013551 0.7816278834336059 1
0.14914645207033284 0.7816278834336059 1
0.16505619920706233 0.7816278834336059 1
0.18189609328256623 0.7816278834336059 1
0.19966964334913023 0.7816278834336059 1
0.21837211656639416 0.7816278834336059 1
0.23798970315228379 0.7816278834336059 1
0.25849879653347779 0.7816278834336059 1
0.27986543060057029 0.7816278834336059 1
0.30204491534522315 0.7816278834336059 1
0.32498170888165034 0.7816278834336059 1
0.34860955768451718 0.7816278834336059 1
0.37285192778903486 0.7816278834336059 1
0.39762273795379011 0.7816278834336059 1
0.42282739194063157 0.7816278834336059 1
0.44836409196349009 0.7816278834336059 1
0.4741254000745021 0.7816278834336059 1
0.5 0.7816278834336059 1
0.5258745999254979 0.7816278834336059 1
0.55163590803650986 0.7816278834336059 1
0.57717260805936843 0.7816278834336059 1
0.60237726204620989 0.7816278834336059 1
0.62714807221096514 0.7816278834336059 1
0.65139044231548282 0.7816278834336059 1
0.67501829111834966 0.7816278834336059 1
0.69795508465477685 0.7816278834336059 1
0.72013456939942966 0.7816278834336059 1
0.74150120346652226 0.7816278834336059 1
0.76201029684771626 0.7816278834336059 1
0.7816278834336059 0.7816278834336059 1
0.80033035665086971 0.7816278834336059 1
0.81810390671743383 0.7816278834336059 1
0.83494380079293773 0.7816278834336059 1
0.85085354792966716 0.7816278834336059 1
0.86584398911986449 0.7816278834336059 1
0.87993234939109699 0.7816278834336059 1
0.89314128435238316 0.7816278834336059 1
0.90549794834623487 0.7816278834336059 1
0.91703310586062647 0.7816278834336059 1
0.92778030246194998 0.7816278834336059 1
0.93777510649552542 0.7816278834336059 1
0.94705442834523168 0.7816278834336059 1
0.95565592024967883 0.7816278834336059 1
0.96361745657462106 0.7816278834336059 1
0.97097669202509573 0.7816278834336059 1
0.97777069349574575 0.7816278834336059 1
0.98403564003146671 0.7816278834336059 1
0.98980658461942195 0.7816278834336059 1
0.99511727117141735 0.7816278834336059 1
1 0.7816278834336059 1
0 0.80033035665086971 1
0.0048827288285826498 0.80033035665086971 1
0.010193415380578108 0.80033035665086971 1
0.015964359968533293 0.80033035665086971 1
0.022229306504254309 0.80033035665086971 1
0.029023307974904211 0.80033035665086971 1
0.036382543425378944 0.80033035665086971 1
0.044344079750321175 0.80033035665086971 1
0.05294557165476832 0.80033035665086971 1
0.062224893504474577 0.80033035665086971 1
0.072219697538049965 0.80033035665086971 1
0.082966894139373526 0.80033035665086971 1
0.094502051653765073 0.80033035665086971 1
0.1068587156476169 0.80033035665086971 1
0.12006765060890301 0.80033035665086971 1
0.13415601088013551 0.80033035665086971 1
0.14914645207033284 0.80033035665086971 1
0.16505619920706233 0.80033035665086971 1
0.18189609328256623 0.80033035665086971 1
0.19966964334913023 0.80033035665086971 1
0.21837211656639416 0.80033035665086971 1
0.23798970315228379 0.80033035665086971 1
0.25849879653347779 0.80033035665086971 1
0.27986543060057029 0.80033035665086971 1
0.30204491534522315 0.80033035665086971 1
0.32498170888165034 0.80033035665086971 1
0.34860955768451718 0.80033035665086971 1
0.37285192778903486 0.80033035665086971 1
0.39762273795379011 0.80033035665086971 1
0.42282739194063157 0.80033035665086971 1
0.44836409196349009 0.80033035665086971 1
0.4741254000745021 0.80033035665086971 1
0.5 0.80033035665086971 1
0.5258745999254979 0.80033035665086971 1
0.55163590803650986 0.80033035665086971 1
0.57717260805936843 0.80033035665086971 1
0.60237726204620989 0.80033035665086971 1
0.62714807221096514 0.80033035665086971 1
0.65139044231548282 0.80033035665086971 1
0.67501829111834966 0.80033035665086971 1
0.69795508465477685 0.80033035665086971 1
0.72013456939942966 0.80033035665086971 1
0.74150120346652226 0.80033035665086971 1
0.76201029684771626 0.80033035665086971 1
0.7816278834336059 0.80033035665086971 1
0.80033035665086971 0.80033035665086971 1
0.81810390671743383 0.80033035665086971 1
0.83494380079293773 0.80033035665086971 1
0.85085354792966716 0.80033035665086971 1
0.86584398911986449 0.80033035665086971 1
0.87993234939109699 0.80033035665086971 1
0.89314128435238316 0.80033035665086971 1
0.90549794834623487 0.80033035665086971 1
0.91703310586062647 0.80033035665086971 1
0.92778030246194998 0.80033035665086971 1
0.93777510649552542 0.80033035665086971 1
0.94705442834523168 0.80033035665086971 1
0.95565592024967883 0.80033035665086971 1
0.96361745657462106 0.80033035665086971 1
0.97097669202509573 0.80033035665086971 1
0.97777069349574575 0.80033035665086971 1
0.98403564003146671 0.80033035665086971 1
0.98980658461942195 0.80033035665086971 1
0.99511727117141735 0.80033035665086971 1
1 0.80033035665086971 1
0 0.81810390671743383 1
0.0048827288285826498 0.81810390671743383 1
0.010193415380578108 0.81810390671743383 1
0.015964359968533293 0.81810390671743383 1
0.022229306504254309 0.81810390671743383 1
0.029023307974904211 0.81810390671743383 1
0.036382543425378944 0.81810390671743383 1
0.044344079750321175 0.81810390671743383 1
0.05294557165476832 0.81810390671743383 1
0.062224893504474577 0.81810390671743383 1
0.072219697538049965 0.81810390671743383 1
0.082966894139373526 0.81810390671743383 1
0.094502051653765073 0.81810390671743383 1
0.1068587156476169 0.81810390671743383 1
0.12006765060890301 0.81810390671743383 1
0.13415601088013551 0.81810390671743383 1
0.14914645207033284 0.81810390671743383 1
0.16505619920706233 0.81810390671743383 1
0.18189609328256623 0.81810390671743383 1
0.19966964334913023 0.81810390671743383 1
0.21837211656639416 0.81810390671743383 1
0.23798970315228379 0.81810390671743383 1
0.25849879653347779 0.81810390671743383 1
0.27986543060057029 0.81810390671743383 1
0.30204491534522315 0.81810390671743383 1
0.32498170888165034 0.81810390671743383 1
0.34860955768451718 0.81810390671743383 1
0.37285192778903486 0.81810390671743383 1
0.39762273795379011 0.81810390671743383 1
0.42282739194063157 0.81810390671743383 1
0.44836409196349009 0.81810390671743383 1
0.4741254000745021 0.81810390671743383 1
0.5 0.81810390671743383 1
0.5258745999254979 0.81810390671743383 1
0.55163590803650986 0.81810390671743383 1
0.57717260805936843 0.81810390671743383 1
0.60237726204620989 0.81810390671743383 1
0.62714807221096514 0.81810390671743383 1
0.65139044231548282 0.81810390671743383 1
0.67501829111834966 0.81810390671743383 1
0.69795508465477685 0.81810390671743383 1
0.72013456939942966 0.81810390671743383 1
0.74150120346652226 0.81810390671743383 1
0.76201029684771626 0.81810390671743383 1
0.7816278834336059 0.81810390671743383 1
0.80033035665086971 0.81810390671743383 1
0.81810390671743383 0.81810390671743383 1
0.83494380079293773 0.81810390671743383 1
0.85085354792966716 0.81810390671743383 1
0.86584398911986449 0.81810390671743383 1
0.87993234939109699 0.81810390671743383 1
0.89314128435238316 0.81810390671743383 1
0.90549794834623487 0.81810390671743383 1
0.91703310586062647 0.81810390671743383 1
0.92778030246194998 0.81810390671743383 1
0.93777510649552542 0.81810390671743383 1
0.94705442834523168 0.81810390671743383 1
0.95565592024967883 0.81810390671743383 1
0.96361745657462106 0.81810390671743383 1
0.97097669202509573 0.81810390671743383 1
0.97777069349574575 0.81810390671743383 1
0.98403564003146671 0.81810390671743383 1
0.98980658461942195 0.81810390671743383 1
0.99511727117141735 0.81810390671743383 1
1 0.81810390671743383 1
0 0.83494380079293773 1
0.0048827288285826498 0.83494380079293773 1
0.010193415380578108 0.83494380079293773 1
0.015964359968533293 0.83494380079293773 1
0.022229306504254309 0.83494380079293773 1
0.029023307974904211 0.83494380079293773 1
0.036382543425378944 0.83494380079293773 1
0.044344079750321175 0.83494380079293773 1
0.05294557165476832 0.83494380079293773 1
0.062224893504474577 0.83494380079293773 1
0.072219697538049965 0.83494380079293773 1
0.082966894139373526 0.83494380079293773 1
0.094502051653765073 0.83494380079293773 1
0.1068587156476169 0.83494380079293773 1
0.12006765060890301 0.83494380079293773 1
0.13415601088013551 0.83494380079293773 1
0.14914645207033284 0.83494380079293773 1
0.16505619920706233 0.83494380079293773 1
0.18189609328256623 0.83494380079293773 1
0.19966964334913023 0.83494380079293773 1
0.21837211656639416 0.83494380079293773 1
0.23798970315228379 0.83494380079293773 1
0.25849879653347779 0.83494380079293773 1
0.27986543060057029 0.83494380079293773 1
0.30204491534522315 0.83494380079293773 1
0.32498170888165034 0.83494380079293773 1
0.34860955768451718 0.83494380079293773 1
0.37285192778903486 0.83494380079293773 1
0.39762273795379011 0.83494380079293773 1
0.42282739194063157 0.83494380079293773 1
0.44836409196349009 0.83494380079293773 1
0.4741254000745021 0.83494380079293773 1
0.5 0.83494380079293773 1
0.5258745999254979 0.83494380079293773 1
0.55163590803650986 0.83494380079293773 1
0.57717260805936843 0.83494380079293773 1
0.60237726204620989 0.83494380079293773 1
0.62714807221096514 0.83494380079293773 1
0.65139044231548282 0.83494380079293773 1
0.67501829111834966 0.83494380079293773 1
0.69795508465477685 0.83494380079293773 1
0.72013456939942966 0.83494380079293773 1
0.74150120346652226 0.83494380079293773 1
0.76201029684771626 0.83494380079293773 1
0.7816278834336059 0.83494380079293773 1
0.80033035665086971 0.83494380079293773 1
0.81810390671743383 0.83494380079293773 1
0.83494380079293773 0.83494380079293773 1
0.85085354792966716 0.83494380079293773 1
0.86584398911986449 0.83494380079293773 1
0.87993234939109699 0.83494380079293773 1
0.89314128435238316 0.83494380079293773 1
0.90549794834623487 0.83494380079293773 1
0.91703310586062647 0.83494380079293773 1
0.92778030246194998 0.83494380079293773 1
0.93777510649552542 0.83494380079293773 1
0.94705442834523168 0.83494380079293773 1
0.95565592024967883 0.83494380079293773 1
0.96361745657462106 0.83494380079293773 1
0.97097669202509573 0.83494380079293773 1
0.97777069349574575 0.83494380079293773 1
0.98403564003146671 0.83494380079293773 1
0.98980658461942195 0.83494380079293773 1
0.99511727117141735 0.83494380079293773 1
1 0.83494380079293773 1
0 0.85085354792966716 1
0.0048827288285826498 0.85085354792966716 1
0.010193415380578108 0.85085354792966716 1
0.015964359968533293 0.85085354792966716 1
0.022229306504254309 0.85085354792966716 1
0.029023307974904211 0.85085354792966716 1
0.036382543425378944 0.85085354792966716 1
0.044344079750321175 0.85085354792966716 1
0.05294557165476832 0.85085354792966716 1
0.062224893504474577 0.85085354792966716 1
0.072219697538049965 0.85085354792966716 1
0.082966894139373526 0.85085354792966716 1
0.094502051653765073 0.85085354792966716 1
0.1068587156476169 0.85085354792966716 1
0.12006765060890301 0.85085354792966716 1
0.13415601088013551 0.85085354792966716 1
0.14914645207033284 0.85085354792966716 1
0.16505619920706233 0.85085354792966716 1
0.18189609328256623 0.85085354792966716 1
0.19966964334913023 0.85085354792966716 1
0.21837211656639416 0.85085354792966716 1
0.23798970315228379 0.85085354792966716 1
0.25849879653347779 0.85085354792966716 1
0.27986543060057029 0.85085354792966716 1
0.30204491534522315 0.85085354792966716 1
0.32498170888165034 0.85085354792966716 1
0.34860955768451718 0.85085354792966716 1
0.37285192778903486 0.85085354792966716 1
0.39762273795379011 0.85085354792966716 1
0.42282739194063157 0.85085354792966716 1
0.44836409196349009 0.85085354792966716 1
0.4741254000745021 0.85085354792966716 1
0.5 0.85085354792966716 1
0.5258745999254979 0.85085354792966716 1
0.55163590803650986 0.85085354792966716 1
0.57717260805936843 0.85085354792966716 1
0.60237726204620989 0.85085354792966716 1
0.62714807221096514 0.85085354792966716 1
0.65139044231548282 0.85085354792966716 1
0.67501829111834966 0.85085354792966716 1
0.69795508465477685 0.85085354792966716 1
0.72013456939942966 0.85085354792966716 1
0.74150120346652226 0.85085354792966716 1
0.76201029684771626 0.85085354792966716 1
0.7816278834336059 0.85085354792966716 1
0.80033035665086971 0.85085354792966716 1
0.81810390671743383 0.85085354792966716 1
0.83494380079293773 0.85085354792966716 1
0.85085354792966716 0.85085354792966716 1
0.86584398911986449 0.85085354792966716 1
0.87993234939109699 0.85085354792966716 1
0.89314128435238316 0.85085354792966716 1
0.90549794834623487 0.85085354792966716 1
0.91703310586062647 0.85085354792966716 1
0.92778030246194998 0.85085354792966716 1
0.93777510649552542 0.85085354792966716 1
0.94705442834523168 0.85085354792966716 1
0.95565592024967883 0.85085354792966716 1
0.96361745657462106 0.85085354792966716 1
0.97097669202509573 0.85085354792966716 1
0.97777069349574575 0.85085354792966716 1
0.98403564003146671 0.85085354792966716 1
0.98980658461942195 0.85085354792966716 1
0.99511727117141735 0.85085354792966716 1
1 0.85085354792966716 1
0 0.86584398911986449 1
0.0048827288285826498 0.86584398911986449 1
0.010193415380578108 0.86584398911986449 1
0.015964359968533293 0.86584398911986449 1
0.022229306504254309 0.86584398911986449 1
0.029023307974904211 0.86584398911986449 1
0.036382543425378944 0.86584398911986449 1
0.044344079750321175 0.86584398911986449 1
0.05294557165476832 0.86584398911986449 1
0.062224893504474577 0.86584398911986449 1
0.072219697538049965 0.86584398911986449 1
0.082966894139373526 0.86584398911986449 1
0.094502051653765073 0.86584398911986449 1
0.1068587156476169 0.86584398911986449 1
0.12006765060890301 0.86584398911986449 1
0.13415601088013551 0.86584398911986449 1
0.14914645207033284 0.86584398911986449 1
0.16505619920706233 0.86584398911986449 1
0.18189609328256623 0.86584398911986449 1
0.19966964334913023 0.86584398911986449 1
0.21837211656639416 0.86584398911986449 1
0.23798970315228379 0.86584398911986449 1
0.25849879653347779 0.86584398911986449 1
0.27986543060057029 0.86584398911986449 1
0.30204491534522315 0.86584398911986449 1
0.32498170888165034 0.86584398911986449 1
0.34860955768451718 0.86584398911986449 1
0.37285192778903486 0.86584398911986449 1
0.39762273795379011 0.86584398911986449 1
0.42282739194063157 0.86584398911986449 1
0.44836409196349009 0.86584398911986449 1
0.4741254000745021 0.86584398911986449 1
0.5 0.86584398911986449 1
0.5258745999254979 0.86584398911986449 1
0.55163590803650986 0.86584398911986449 1
0.57717260805936843 0.86584398911986449 1
0.60237726204620989 0.86584398911986449 1
0.62714807221096514 0.86584398911986449 1
0.65139044231548282 0.86584398911986449 1
0.67501829111834966 0.86584398911986449 1
0.69795508465477685 0.86584398911986449 1
0.72013456939942966 0.86584398911986449 1
0.74150120346652226 0.86584398911986449 1
0.76201029684771626 0.86584398911986449 1
0.7816278834336059 0.86584398911986449 1
0.80033035665086971 0.86584398911986449 1
0.81810390671743383 0.86584398911986449 1
0.83494380079293773 0.86584398911986449 1
0.85085354792966716 0.86584398911986449 1
0.86584398911986449 0.86584398911986449 1
0.87993234939109699 0.86584398911986449 1
0.89314128435238316 0.86584398911986449 1
0.90549794834623487 0.86584398911986449 1
0.91703310586062647 0.86584398911986449 1
0.92778030246194998 0.86584398911986449 1
0.93777510649552542 0.86584398911986449 1
0.94705442834523168 0.86584398911986449 1
0.95565592024967883 0.86584398911986449 1
0.96361745657462106 0.86584398911986449 1
0.97097669202509573 0.86584398911986449 1
0.97777069349574575 0.86584398911986449 1
0.98403564003146671 0.86584398911986449 1
0.98980658461942195 0.86584398911986449 1
0.99511727117141735 0.86584398911986449 1
1 0.86584398911986449 1
0 0.87993234939109699 1
0.0048827288285826498 0.87993234939109699 1
0.010193415380578108 0.87993234939109699 1
0.015964359968533293 0.87993234939109699 1
0.022229306504254309 0.87993234939109699 1
0.029023307974904211 0.87993234939109699 1
0.036382543425378944 0.87993234939109699 1
0.044344079750321175 0.87993234939109699 1
0.05294557165476832 0.87993234939109699 1
0.062224893504474577 0.87993234939109699 1
0.072219697538049965 0.87993234939109699 1
0.082966894139373526 0.87993234939109699 1
0.094502051653765073 0.87993234939109699 1
0.1068587156476169 0.87993234939109699 1
0.12006765060890301 0.87993234939109699 1
0.13415601088013551 0.87993234939109699 1
0.14914645207033284 0.87993234939109699 1
0.16505619920706233 0.87993234939109699 1
0.18189609328256623 0.87993234939109699 1
0.19966964334913023 0.87993234939109699 1
0.21837211656639416 0.87993234939109699 1
0.23798970315228379 0.87993234939109699 1
0.25849879653347779 0.87993234939109699 1
0.27986543060057029 0.87993234939109699 1
0.30204491534522315 0.87993234939109699 1
0.32498170888165034 0.87993234939109699 1
0.34860955768451718 0.87993234939109699 1
0.37285192778903486 0.87993234939109699 1
0.39762273795379011 0.87993234939109699 1
0.42282739194063157 0.87993234939109699 1
0.44836409196349009 0.87993234939109699 1
0.4741254000745021 0.87993234939109699 1
0.5 0.87993234939109699 1
0.5258745999254979 0.87993234939109699 1
0.55163590803650986 0.87993234939109699 1
0.57717260805936843 0.87993234939109699 1
0.60237726204620989 0.87993234939109699 1
0.62714807221096514 0.87993234939109699 1
0.65139044231548282 0.87993234939109699 1
0.67501829111834966 0.87993234939109699 1
0.69795508465477685 0.87993234939109699 1
0.72013456939942966 0.87993234939109699 1
0.74150120346652226 0.87993234939109699 1
0.76201029684771626 0.87993234939109699 1
0.7816278834336059 0.87993234939109699 1
0.80033035665086971 0.87993234939109699 1
0.81810390671743383 0.87993234939109699 1
0.83494380079293773 0.87993234939109699 1
0.85085354792966716 0.87993234939109699 1
0.86584398911986449 0.87993234939109699 1
0.87993234939109699 0.87993234939109699 1
0.89314128435238316 0.87993234939109699 1
0.90549794834623487 0.87993234939109699 1
0.91703310586062647 0.87993234939109699 1
0.92778030246194998 0.87993234939109699 1
0.93777510649552542 0.87993234939109699 1
0.94705442834523168 0.87993234939109699 1
0.95565592024967883 0.87993234939109699 1
0.96361745657462106 0.87993234939109699 1
0.97097669202509573 0.87993234939109699 1
0.97777069349574575 0.87993234939109699 1
0.98403564003146671 0.87993234939109699 1
0.98980658461942195 0.87993234939109699 1
0.99511727117141735 0.87993234939109699 1
1 0.87993234939109699 1
0 0.89314128435238316 1
0.0048827288285826498 0.89314128435238316 1
0.010193415380578108 0.89314128435238316 1
0.015964359968533293 0.89314128435238316 1
0.022229306504254309 0.89314128435238316 1
0.029023307974904211 0.89314128435238316 1
0.036382543425378944 0.89314128435238316 1
0.044344079750321175 0.89314128435238316 1
0.05294557165476832 0.89314128435238316 1
0.062224893504474577 0.89314128435238316 1
0.072219697538049965 0.89314128435238316 1
0.082966894139373526 0.89314128435238316 1
0.094502051653765073 0.89314128435238316 1
0.1068587156476169 0.89314128435238316 1
0.12006765060890301 0.89314128435238316 1
0.13415601088013551 0.89314128435238316 1
0.14914645207033284 0.89314128435238316 1
0.16505619920706233 0.89314128435238316 1
0.18189609328256623 0.89314128435238316 1
0.19966964334913023 0.89314128435238316 1
0.21837211656639416 0.89314128435238316 1
0.23798970315228379 0.89314128435238316 1
0.25849879653347779 0.89314128435238316 1
0.27986543060057029 0.89314128435238316 1
0.30204491534522315 0.89314128435238316 1
0.32498170888165034 0.89314128435238316 1
0.34860955768451718 0.89314128435238316 1
0.37285192778903486 0.89314128435238316 1
0.39762273795379011 0.89314128435238316 1
0.42282739194063157 0.89314128435238316 1
0.44836409196349009 0.89314128435238316 1
0.4741254000745021 0.89314128435238316 1
0.5 0.89314128435238316 1
0.5258745999254979 0.89314128435238316 1
0.55163590803650986 0.89314128435238316 1
0.57717260805936843 0.89314128435238316 1
0.60237726204620989 0.89314128435238316 1
0.62714807221096514 0.89314128435238316 1
0.65139044231548282 0.89314128435238316 1
0.67501829111834966 0.89314128435238316 1
0.69795508465477685 0.89314128435238316 1
0.72013456939942966 0.89314128435238316 1
0.74150120346652226 0.89314128435238316 1
0.76201029684771626 0.89314128435238316 1
0.7816278834336059 0.89314128435238316 1
0.80033035665086971 0.89314128435238316 1
0.81810390671743383 0.89314128435238316 1
0.83494380079293773 0.89314128435238316 1
0.85085354792966716 0.89314128435238316 1
0.86584398911986449 0.89314128435238316 1
0.87993234939109699 0.89314128435238316 1
0.89314128435238316 0.89314128435238316 1
0.90549794834623487 0.89314128435238316 1
0.91703310586062647 0.89314128435238316 1
0.92778030246194998 0.89314128435238316 1
0.93777510649552542 0.89314128435238316 1
0.94705442834523168 0.89314128435238316 1
0.95565592024967883 0.89314128435238316 1
0.96361745657462106 0.89314128435238316 1
0.97097669202509573 0.89314128435238316 1
0.97777069349574575 0.89314128435238316 1
0.98403564003146671 0.89314128435238316 1
0.98980658461942195 0.89314128435238316 1
0.99511727117141735 0.89314128435238316 1
1 0.89314128435238316 1
0 0.90549794834623487 1
0.0048827288285826498 0.90549794834623487 1
0.010193415380578108 0.90549794834623487 1
0.015964359968533293 0.90549794834623487 1
0.022229306504254309 0.90549794834623487 1
0.029023307974904211 0.90549794834623487 1
0.036382543425378944 0.90549794834623487 1
0.044344079750321175 0.90549794834623487 1
0.05294557165476832 0.90549794834623487 1
0.062224893504474577 0.90549794834623487 1
0.072219697538049965 0.90549794834623487 1
0.082966894139373526 0.90549794834623487 1
0.094502051653765073 0.90549794834623487 1
0.1068587156476169 0.90549794834623487 1
0.12006765060890301 0.90549794834623487 1
0.13415601088013551 0.90549794834623487 1
0.14914645207033284 0.90549794834623487 1
0.16505619920706233 0.90549794834623487 1
0.18189609328256623 0.90549794834623487 1
0.19966964334913023 0.90549794834623487 1
0.21837211656639416 0.90549794834623487 1
0.23798970315228379 0.90549794834623487 1
0.25849879653347779 0.90549794834623487 1
0.27986543060057029 0.90549794834623487 1
0.30204491534522315 0.90549794834623487 1
0.32498170888165034 0.90549794834623487 1
0.34860955768451718 0.90549794834623487 1
0.37285192778903486 0.90549794834623487 1
0.39762273795379011 0.90549794834623487 1
0.42282739194063157 0.90549794834623487 1
0.44836409196349009 0.90549794834623487 1
0.4741254000745021 0.90549794834623487 1
0.5 0.90549794834623487 1
0.5258745999254979 0.90549794834623487 1
0.55163590803650986 0.90549794834623487 1
0.57717260805936843 0.90549794834623487 1
0.60237726204620989 0.90549794834623487 1
0.62714807221096514 0.90549794834623487 1
0.65139044231548282 0.90549794834623487 1
0.67501829111834966 0.90549794834623487 1
0.69795508465477685 0.90549794834623487 1
0.72013456939942966 0.90549794834623487 1
0.74150120346652226 0.90549794834623487 1
0.76201029684771626 0.90549794834623487 1
0.7816278834336059 0.90549794834623487 1
0.80033035665086971 0.90549794834623487 1
0.81810390671743383 0.90549794834623487 1
0.83494380079293773 0.90549794834623487 1
0.85085354792966716 0.90549794834623487 1
0.86584398911986449 0.90549794834623487 1
0.87993234939109699 0.90549794834623487 1
0.89314128435238316 0.90549794834623487 1
0.90549794834623487 0.90549794834623487 1
0.91703310586062647 0.90549794834623487 1
0.92778030246194998 0.90549794834623487 1
0.93777510649552542 0.90549794834623487 1
0.94705442834523168 0.90549794834623487 1
0.95565592024967883 0.90549794834623487 1
0.96361745657462106 0.90549794834623487 1
0.97097669202509573 0.90549794834623487 1
0.97777069349574575 0.90549794834623487 1
0.98403564003146671 0.90549794834623487 1
0.98980658461942195 0.90549794834623487 1
0.99511727117141735 0.90549794834623487 1
1 0.90549794834623487 1
0 0.91703310586062647 1
0.0048827288285826498 0.91703310586062647 1
0.010193415380578108 0.91703310586062647 1
0.015964359968533293 0.91703310586062647 1
0.022229306504254309 0.91703310586062647 1
0.029023307974904211 0.91703310586062647 1
0.036382543425378944 0.91703310586062647 1
0.044344079750321175 0.91703310586062647 1
0.05294557165476832 0.91703310586062647 1
0.062224893504474577 0.91703310586062647 1
0.072219697538049965 0.91703310586062647 1
0.082966894139373526 0.91703310586062647 1
0.094502051653765073 0.91703310586062647 1
0.1068587156476169 0.91703310586062647 1
0.12006765060890301 0.91703310586062647 1
0.13415601088013551 0.91703310586062647 1
0.14914645207033284 0.91703310586062647 1
0.16505619920706233 0.91703310586062647 1
0.18189609328256623 0.91703310586062647 1
0.19966964334913023 0.91703310586062647 1
0.21837211656639416 0.91703310586062647 1
0.23798970315228379 0.91703310586062647 1
0.25849879653347779 0.91703310586062647 1
0.27986543060057029 0.91703310586062647 1
0.30204491534522315 0.91703310586062647 1
0.32498170888165034 0.91703310586062647 1
0.34860955768451718 0.91703310586062647 1
0.37285192778903486 0.91703310586062647 1
0.39762273795379011 0.91703310586062647 1
0.42282739194063157 0.91703310586062647 1
0.44836409196349009 0.91703310586062647 1
0.4741254000745021 0.91703310586062647 1
0.5 0.91703310586062647 1
0.5258745999254979 0.91703310586062647 1
0.55163590803650986 0.91703310586062647 1
0.57717260805936843 0.91703310586062647 1
0.60237726204620989 0.91703310586062647 1
0.62714807221096514 0.91703310586062647 1
0.65139044231548282 0.91703310586062647 1
0.67501829111834966 0.91703310586062647 1
0.69795508465477685 0.91703310586062647 1
0.72013456939942966 0.91703310586062647 1
0.74150120346652226 0.91703310586062647 1
0.76201029684771626 0.91703310586062647 1
0.7816278834336059 0.91703310586062647 1
0.80033035665086971 0.91703310586062647 1
0.81810390671743383 0.91703310586062647 1
0.83494380079293773 0.91703310586062647 1
0.85085354792966716 0.91703310586062647 1
0.86584398911986449 0.91703310586062647 1
0.87993234939109699 0.91703310586062647 1
0.89314128435238316 0.91703310586062647 1
0.90549794834623487 0.91703310586062647 1
0.91703310586062647 0.91703310586062647 1
0.92778030246194998 0.91703310586062647 1
0.93777510649552542 0.91703310586062647 1
0.94705442834523168 0.91703310586062647 1
0.95565592024967883 0.91703310586062647 1
0.96361745657462106 0.91703310586062647 1
0.97097669202509573 0.91703310586062647 1
0.97777069349574575 0.91703310586062647 1
0.98403564003146671 0.91703310586062647 1
0.98980658461942195 0.91703310586062647 1
0.99511727117141735 0.91703310586062647 1
1 0.91703310586062647 1
0 0.92778030246194998 1
0.0048827288285826498 0.92778030246194998 1
0.010193415380578108 0.92778030246194998 1
0.015964359968533293 0.92778030246194998 1
0.022229306504254309 0.92778030246194998 1
0.029023307974904211 0.92778030246194998 1
0.036382543425378944 0.92778030246194998 1
0.044344079750321175 0.92778030246194998 1
0.05294557165476832 0.92778030246194998 1
0.062224893504474577 0.92778030246194998 1
0.072219697538049965 0.92778030246194998 1
0.082966894139373526 0.92778030246194998 1
0.094502051653765073 0.92778030246194998 1
0.1068587156476169 0.92778030246194998 1
0.12006765060890301 0.92778030246194998 1
0.13415601088013551 0.92778030246194998 1
0.14914645207033284 0.92778030246194998 1
0.16505619920706233 0.92778030246194998 1
0.18189609328256623 0.92778030246194998 1
0.19966964334913023 0.92778030246194998 1
0.21837211656639416 0.92778030246194998 1
0.23798970315228379 0.92778030246194998 1
0.25849879653347779 0.92778030246194998 1
0.27986543060057029 0.92778030246194998 1
0.30204491534522315 0.92778030246194998 1
0.32498170888165034 0.92778030246194998 1
0.34860955768451718 0.92778030246194998 1
0.37285192778903486 0.92778030246194998 1
0.39762273795379011 0.92778030246194998 1
0.42282739194063157 0.92778030246194998 1
0.44836409196349009 0.92778030246194998 1
0.4741254000745021 0.92778030246194998 1
0.5 0.92778030246194998 1
0.5258745999254979 0.92778030246194998 1
0.55163590803650986 0.92778030246194998 1
0.57717260805936843 0.92778030246194998 1
0.60237726204620989 0.92778030246194998 1
0.62714807221096514 0.92778030246194998 1
0.65139044231548282 0.92778030246194998 1
0.67501829111834966 0.92778030246194998 1
0.69795508465477685 0.92778030246194998 1
0.72013456939942966 0.92778030246194998 1
0.74150120346652226 0.92778030246194998 1
0.76201029684771626 0.92778030246194998 1
0.7816278834336059 0.92778030246194998 1
0.80033035665086971 0.92778030246194998 1
0.81810390671743383 0.92778030246194998 1
0.83494380079293773 0.92778030246194998 1
0.85085354792966716 0.92778030246194998 1
0.86584398911986449 0.92778030246194998 1
0.87993234939109699 0.92778030246194998 1
0.89314128435238316 0.92778030246194998 1
0.90549794834623487 0.92778030246194998 1
0.91703310586062647 0.92778030246194998 1
0.92778030246194998 0.92778030246194998 1
0.93777510649552542 0.92778030246194998 1
0.94705442834523168 0.92778030246194998 1
0.95565592024967883 0.92778030246194998 1
0.96361745657462106 0.92778030246194998 1
0.97097669202509573 0.92778030246194998 1
0.97777069349574575 0.92778030246194998 1
0.98403564003146671 0.92778030246194998 1
0.98980658461942195 0.92778030246194998 1
0.99511727117141735 0.92778030246194998 1
1 0.92778030246194998 1
0 0.93777510649552542 1
0.0048827288285826498 0.93777510649552542 1
0.010193415380578108 0.93777510649552542 1
0.015964359968533293 0.93777510649552542 1
0.022229306504254309 0.93777510649552542 1
0.029023307974904211 0.93777510649552542 1
0.036382543425378944 0.93777510649552542 1
0.044344079750321175 0.93777510649552542 1
0.05294557165476832 0.93777510649552542 1
0.062224893504474577 0.93777510649552542 1
0.072219697538049965 0.93777510649552542 1
0.082966894139373526 0.93777510649552542 1
0.094502051653765073 0.93777510649552542 1
0.1068587156476169 0.93777510649552542 1
0.12006765060890301 0.93777510649552542 1
0.13415601088013551 0.93777510649552542 1
0.14914645207033284 0.93777510649552542 1
0.16505619920706233 0.93777510649552542 1
0.18189609328256623 0.93777510649552542 1
0.19966964334913023 0.93777510649552542 1
0.21837211656639416 0.93777510649552542 1
0.23798970315228379 0.93777510649552542 1
0.25849879653347779 0.93777510649552542 1
0.27986543060057029 0.93777510649552542 1
0.30204491534522315 0.93777510649552542 1
0.32498170888165034 0.93777510649552542 1
0.34860955768451718 0.93777510649552542 1
0.37285192778903486 0.93777510649552542 1
0.39762273795379011 0.93777510649552542 1
0.42282739194063157 0.93777510649552542 1
0.44836409196349009 0.93777510649552542 1
0.4741254000745021 0.93777510649552542 1
0.5 0.93777510649552542 1
0.5258745999254979 0.93777510649552542 1
0.55163590803650986 0.93777510649552542 1
0.57717260805936843 0.93777510649552542 1
0.60237726204620989 0.93777510649552542 1
0.62714807221096514 0.93777510649552542 1
0.65139044231548282 0.93777510649552542 1
0.67501829111834966 0.93777510649552542 1
0.69795508465477685 0.93777510649552542 1
0.72013456939942966 0.93777510649552542 1
0.74150120346652226 0.93777510649552542 1
0.76201029684771626 0.93777510649552542 1
0.7816278834336059 0.93777510649552542 1
0.80033035665086971 0.93777510649552542 1
0.81810390671743383 0.93777510649552542 1
0.83494380079293773 0.93777510649552542 1
0.85085354792966716 0.93777510649552542 1
0.86584398911986449 0.93777510649552542 1
0.87993234939109699 0.93777510649552542 1
0.89314128435238316 0.93777510649552542 1
0.90549794834623487 0.93777510649552542 1
0.91703310586062647 0.93777510649552542 1
0.92778030246194998 0.93777510649552542 1
0.93777510649552542 0.93777510649552542 1
0.94705442834523168 0.93777510649552542 1
0.95565592024967883 0.93777510649552542 1
0.96361745657462106 0.93777510649552542 1
0.97097669202509573 0.93777510649552542 1
0.97777069349574575 0.93777510649552542 1
0.98403564003146671 0.93777510649552542 1
0.98980658461942195 0.93777510649552542 1
0.99511727117141735 0.93777510649552542 1
1 0.93777510649552542 1
0 0.94705442834523168 1
0.0048827288285826498 0.94705442834523168 1
0.010193415380578108 0.94705442834523168 1
0.015964359968533293 0.94705442834523168 1
0.022229306504254309 0.94705442834523168 1
0.029023307974904211 0.94705442834523168 1
0.036382543425378944 0.94705442834523168 1
0.044344079750321175 0.94705442834523168 1
0.05294557165476832 0.94705442834523168 1
0.062224893504474577 0.94705442834523168 1
0.072219697538049965 0.94705442834523168 1
0.082966894139373526 0.94705442834523168 1
0.094502051653765073 0.94705442834523168 1
0.1068587156476169 0.94705442834523168 1
0.12006765060890301 0.94705442834523168 1
0.13415601088013551 0.94705442834523168 1
0.14914645207033284 0.94705442834523168 1
0.16505619920706233 0.94705442834523168 1
0.18189609328256623 0.94705442834523168 1
0.19966964334913023 0.94705442834523168 1
0.21837211656639416 0.94705442834523168 1
0.23798970315228379 0.94705442834523168 1
0.25849879653347779 0.94705442834523168 1
0.27986543060057029 0.94705442834523168 1
0.30204491534522315 0.94705442834523168 1
0.32498170888165034 0.94705442834523168 1
0.34860955768451718 0.94705442834523168 1
0.37285192778903486 0.94705442834523168 1
0.39762273795379011 0.94705442834523168 1
0.42282739194063157 0.94705442834523168 1
0.44836409196349009 0.94705442834523168 1
0.4741254000745021 0.94705442834523168 1
0.5 0.94705442834523168 1
0.5258745999254979 0.94705442834523168 1
0.55163590803650986 0.94705442834523168 1
0.57717260805936843 0.94705442834523168 1
0.60237726204620989 0.94705442834523168 1
0.62714807221096514 0.94705442834523168 1
0.65139044231548282 0.94705442834523168 1
0.67501829111834966 0.94705442834523168 1
0.69795508465477685 0.94705442834523168 1
0.72013456939942966 0.94705442834523168 1
0.74150120346652226 0.94705442834523168 1
0.76201029684771626 0.94705442834523168 1
0.7816278834336059 0.94705442834523168 1
0.80033035665086971 0.94705442834523168 1
0.81810390671743383 0.94705442834523168 1
0.83494380079293773 0.94705442834523168 1
0.85085354792966716 0.94705442834523168 1
0.86584398911986449 0.94705442834523168 1
0.87993234939109699 0.94705442834523168 1
0.89314128435238316 0.94705442834523168 1
0.90549794834623487 0.94705442834523168 1
0.91703310586062647 0.94705442834523168 1
0.92778030246194998 0.94705442834523168 1
0.93777510649552542 0.94705442834523168 1
0.94705442834523168 0.94705442834523168 1
0.95565592024967883 0.94705442834523168 1
0.96361745657462106 0.94705442834523168 1
0.97097669202509573 0.94705442834523168 1
0.97777069349574575 0.94705442834523168 1
0.98403564003146671 0.94705442834523168 1
0.98980658461942195 0.94705442834523168 1
0.99511727117141735 0.94705442834523168 1
1 0.94705442834523168 1
0 0.95565592024967883 1
0.0048827288285826498 0.95565592024967883 1
0.010193415380578108 0.95565592024967883 1
0.015964359968533293 0.95565592024967883 1
0.022229306504254309 0.95565592024967883 1
0.029023307974904211 0.95565592024967883 1
0.036382543425378944 0.95565592024967883 1
0.044344079750321175 0.95565592024967883 1
0.05294557165476832 0.95565592024967883 1
0.062224893504474577 0.95565592024967883 1
0.072219697538049965 0.95565592024967883 1
0.082966894139373526 0.95565592024967883 1
0.094502051653765073 0.95565592024967883 1
0.1068587156476169 0.95565592024967883 1
0.12006765060890301 0.95565592024967883 1
0.13415601088013551 0.95565592024967883 1
0.14914645207033284 0.95565592024967883 1
0.16505619920706233 0.95565592024967883 1
0.18189609328256623 0.95565592024967883 1
0.19966964334913023 0.95565592024967883 1
0.21837211656639416 0.95565592024967883 1
0.23798970315228379 0.95565592024967883 1
0.25849879653347779 0.95565592024967883 1
0.27986543060057029 0.95565592024967883 1
0.30204491534522315 0.95565592024967883 1
0.32498170888165034 0.95565592024967883 1
0.34860955768451718 0.95565592024967883 1
0.37285192778903486 0.95565592024967883 1
0.39762273795379011 0.95565592024967883 1
0.42282739194063157 0.95565592024967883 1
0.44836409196349009 0.95565592024967883 1
0.4741254000745021 0.95565592024967883 1
0.5 0.95565592024967883 1
0.5258745999254979 0.95565592024967883 1
0.55163590803650986 0.95565592024967883 1
0.57717260805936843 0.95565592024967883 1
0.60237726204620989 0.95565592024967883 1
0.62714807221096514 0.95565592024967883 1
0.65139044231548282 0.95565592024967883 1
0.67501829111834966 0.95565592024967883 1
0.69795508465477685 0.95565592024967883 1
0.72013456939942966 0.95565592024967883 1
0.74150120346652226 0.95565592024967883 1
0.76201029684771626 0.95565592024967883 1
0.7816278834336059 0.95565592024967883 1
0.80033035665086971 0.95565592024967883 1
0.81810390671743383 0.95565592024967883 1
0.83494380079293773 0.95565592024967883 1
0.85085354792966716 0.95565592024967883 1
0.86584398911986449 0.95565592024967883 1
0.87993234939109699 0.95565592024967883 1
0.89314128435238316 0.95565592024967883 1
0.90549794834623487 0.95565592024967883 1
0.91703310586062647 0.95565592024967883 1
0.92778030246194998 0.95565592024967883 1
0.93777510649552542 0.95565592024967883 1
0.94705442834523168 0.95565592024967883 1
0.95565592024967883 0.95565592024967883 1
0.96361745657462106 0.95565592024967883 1
0.97097669202509573 0.95565592024967883 1
0.97777069349574575 0.95565592024967883 1
0.98403564003146671 0.95565592024967883 1
0.98980658461942195 0.95565592024967883 1
0.99511727117141735 0.95565592024967883 1
1 0.95565592024967883 1
0 0.96361745657462106 1
0.0048827288285826498 0.96361745657462106 1
0.010193415380578108 0.96361745657462106 1
0.015964359968533293 0.96361745657462106 1
0.022229306504254309 0.96361745657462106 1
0.029023307974904211 0.96361745657462106 1
0.036382543425378944 0.96361745657462106 1
0.044344079750321175 0.96361745657462106 1
0.05294557165476832 0.96361745657462106 1
0.062224893504474577 0.96361745657462106 1
0.072219697538049965 0.96361745657462106 1
0.082966894139373526 0.96361745657462106 1
0.094502051653765073 0.96361745657462106 1
0.1068587156476169 0.96361745657462106 1
0.12006765060890301 0.96361745657462106 1
0.13415601088013551 0.96361745657462106 1
0.14914645207033284 0.96361745657462106 1
0.16505619920706233 0.96361745657462106 1
0.18189609328256623 0.96361745657462106 1
0.19966964334913023 0.96361745657462106 1
0.21837211656639416 0.96361745657462106 1
0.23798970315228379 0.96361745657462106 1
0.25849879653347779 0.96361745657462106 1
0.27986543060057029 0.96361745657462106 1
0.30204491534522315 0.96361745657462106 1
0.32498170888165034 0.96361745657462106 1
0.34860955768451718 0.96361745657462106 1
0.37285192778903486 0.96361745657462106 1
0.39762273795379011 0.96361745657462106 1
0.42282739194063157 0.96361745657462106 1
0.44836409196349009 0.96361745657462106 1
0.4741254000745021 0.96361745657462106 1
0.5 0.96361745657462106 1
0.5258745999254979 0.96361745657462106 1
0.55163590803650986 0.96361745657462106 1
0.57717260805936843 0.96361745657462106 1
0.60237726204620989 0.96361745657462106 1
0.62714807221096514 0.96361745657462106 1
0.65139044231548282 0.96361745657462106 1
0.67501829111834966 0.96361745657462106 1
0.69795508465477685 0.96361745657462106 1
0.72013456939942966 0.96361745657462106 1
0.74150120346652226 0.96361745657462106 1
0.76201029684771626 0.96361745657462106 1
0.7816278834336059 0.96361745657462106 1
0.80033035665086971 0.96361745657462106 1
0.81810390671743383 0.96361745657462106 1
0.83494380079293773 0.96361745657462106 1
0.85085354792966716 0.96361745657462106 1
0.86584398911986449 0.96361745657462106 1
0.87993234939109699 0.96361745657462106 1
0.89314128435238316 0.96361745657462106 1
0.90549794834623487 0.96361745657462106 1
0.91703310586062647 0.96361745657462106 1
0.92778030246194998 0.96361745657462106 1
0.93777510649552542 0.96361745657462106 1
0.94705442834523168 0.96361745657462106 1
0.95565592024967883 0.96361745657462106 1
0.96361745657462106 0.96361745657462106 1
0.97097669202509573 0.96361745657462106 1
0.97777069349574575 0.96361745657462106 1
0.98403564003146671 0.96361745657462106 1
0.98980658461942195 0.96361745657462106 1
0.99511727117141735 0.96361745657462106 1
1 0.96361745657462106 1
0 0.97097669202509573 1
0.0048827288285826498 0.97097669202509573 1
0.010193415380578108 0.97097669202509573 1
0.015964359968533293 0.97097669202509573 1
0.022229306504254309 0.97097669202509573 1
0.029023307974904211 0.97097669202509573 1
0.036382543425378944 0.97097669202509573 1
0.044344079750321175 0.97097669202509573 1
0.05294557165476832 0.97097669202509573 1
0.062224893504474577 0.97097669202509573 1
0.072219697538049965 0.97097669202509573 1
0.082966894139373526 0.97097669202509573 1
0.094502051653765073 0.97097669202509573 1
0.1068587156476169 0.97097669202509573 1
0.12006765060890301 0.97097669202509573 1
0.13415601088013551 0.97097669202509573 1
0.14914645207033284 0.97097669202509573 1
0.16505619920706233 0.97097669202509573 1
0.18189609328256623 0.97097669202509573 1
0.19966964334913023 0.97097669202509573 1
0.21837211656639416 0.97097669202509573 1
0.23798970315228379 0.97097669202509573 1
0.25849879653347779 0.97097669202509573 1
0.27986543060057029 0.97097669202509573 1
0.30204491534522315 0.97097669202509573 1
0.32498170888165034 0.97097669202509573 1
0.34860955768451718 0.97097669202509573 1
0.37285192778903486 0.97097669202509573 1
0.39762273795379011 0.97097669202509573 1
0.42282739194063157 0.97097669202509573 1
0.44836409196349009 0.97097669202509573 1
0.4741254000745021 0.97097669202509573 1
0.5 0.97097669202509573 1
0.5258745999254979 0.97097669202509573 1
0.55163590803650986 0.97097669202509573 1
0.57717260805936843 0.97097669202509573 1
0.60237726204620989 0.97097669202509573 1
0.62714807221096514 0.97097669202509573 1
0.65139044231548282 0.97097669202509573 1
0.67501829111834966 0.97097669202509573 1
0.69795508465477685 0.97097669202509573 1
0.72013456939942966 0.97097669202509573 1
0.74150120346652226 0.97097669202509573 1
0.76201029684771626 0.97097669202509573 1
0.7816278834336059 0.97097669202509573 1
0.80033035665086971 0.97097669202509573 1
0.81810390671743383 0.97097669202509573 1
0.83494380079293773 0.97097669202509573 1
0.85085354792966716 0.97097669202509573 1
0.86584398911986449 0.97097669202509573 1
0.87993234939109699 0.97097669202509573 1
0.89314128435238316 0.97097669202509573 1
0.90549794834623487 0.97097669202509573 1
0.91703310586062647 0.97097669202509573 1
0.92778030246194998 0.97097669202509573 1
0.93777510649552542 0.97097669202509573 1
0.94705442834523168 0.97097669202509573 1
0.95565592024967883 0.97097669202509573 1
0.96361745657462106 0.97097669202509573 1
0.97097669202509573 0.97097669202509573 1
0.97777069349574575 0.97097669202509573 1
0.98403564003146671 0.97097669202509573 1
0.98980658461942195 0.97097669202509573 1
0.99511727117141735 0.97097669202509573 1
1 0.97097669202509573 1
0 0.97777069349574575 1
0.0048827288285826498 0.97777069349574575 1
0.010193415380578108 0.97777069349574575 1
0.015964359968533293 0.97777069349574575 1
0.022229306504254309 0.97777069349574575 1
0.029023307974904211 0.97777069349574575 1
0.036382543425378944 0.97777069349574575 1
0.044344079750321175 0.97777069349574575 1
0.05294557165476832 0.97777069349574575 1
0.062224893504474577 0.97777069349574575 1
0.072219697538049965 0.97777069349574575 1
0.082966894139373526 0.97777069349574575 1
0.094502051653765073 0.97777069349574575 1
0.1068587156476169 0.97777069349574575 1
0.12006765060890301 0.97777069349574575 1
0.13415601088013551 0.97777069349574575 1
0.14914645207033284 0.97777069349574575 1
0.16505619920706233 0.97777069349574575 1
0.18189609328256623 0.97777069349574575 1
0.19966964334913023 0.97777069349574575 1
0.21837211656639416 0.97777069349574575 1
0.23798970315228379 0.97777069349574575 1
0.25849879653347779 0.97777069349574575 1
0.27986543060057029 0.97777069349574575 1
0.30204491534522315 0.97777069349574575 1
0.32498170888165034 0.97777069349574575 1
0.34860955768451718 0.97777069349574575 1
0.37285192778903486 0.97777069349574575 1
0.39762273795379011 0.97777069349574575 1
0.42282739194063157 0.97777069349574575 1
0.44836409196349009 0.97777069349574575 1
0.4741254000745021 0.97777069349574575 1
0.5 0.97777069349574575 1
0.5258745999254979 0.97777069349574575 1
0.55163590803650986 0.97777069349574575 1
0.57717260805936843 0.97777069349574575 1
0.60237726204620989 0.97777069349574575 1
0.62714807221096514 0.97777069349574575 1
0.65139044231548282 0.97777069349574575 1
0.67501829111834966 0.97777069349574575 1
0.69795508465477685 0.97777069349574575 1
0.72013456939942966 0.97777069349574575 1
0.74150120346652226 0.97777069349574575 1
0.76201029684771626 0.97777069349574575 1
0.7816278834336059 0.97777069349574575 1
0.80033035665086971 0.97777069349574575 1
0.81810390671743383 0.97777069349574575 1
0.83494380079293773 0.97777069349574575 1
0.85085354792966716 0.97777069349574575 1
0.86584398911986449 0.97777069349574575 1
0.87993234939109699 0.97777069349574575 1
0.89314128435238316 0.97777069349574575 1
0.90549794834623487 0.97777069349574575 1
0.91703310586062647 0.97777069349574575 1
0.92778030246194998 0.97777069349574575 1
0.93777510649552542 0.97777069349574575 1
0.94705442834523168 0.97777069349574575 1
0.95565592024967883 0.97777069349574575 1
0.96361745657462106 0.97777069349574575 1
0.97097669202509573 0.97777069349574575 1
0.97777069349574575 0.97777069349574575 1
0.98403564003146671 0.97777069349574575 1
0.98980658461942195 0.97777069349574575 1
0.99511727117141735 0.97777069349574575 1
1 0.97777069349574575 1
0 0.98403564003146671 1
0.0048827288285826498 0.98403564003146671 1
0.010193415380578108 0.98403564003146671 1
0.015964359968533293 0.98403564003146671 1
0.022229306504254309 0.98403564003146671 1
0.029023307974904211 0.98403564003146671 1
0.036382543425378944 0.98403564003146671 1
0.044344079750321175 0.98403564003146671 1
0.05294557165476832 0.98403564003146671 1
0.062224893504474577 0.98403564003146671 1
0.072219697538049965 0.98403564003146671 1
0.082966894139373526 0.98403564003146671 1
0.094502051653765073 0.98403564003146671 1
0.1068587156476169 0.98403564003146671 1
0.12006765060890301 0.98403564003146671 1
0.13415601088013551 0.98403564003146671 1
0.14914645207033284 0.98403564003146671 1
0.16505619920706233 0.98403564003146671 1
0.18189609328256623 0.98403564003146671 1
0.19966964334913023 0.98403564003146671 1
0.21837211656639416 0.98403564003146671 1
0.23798970315228379 0.98403564003146671 1
0.25849879653347779 0.98403564003146671 1
0.27986543060057029 0.98403564003146671 1
0.30204491534522315 0.98403564003146671 1
0.32498170888165034 0.98403564003146671 1
0.34860955768451718 0.98403564003146671 1
0.37285192778903486 0.98403564003146671 1
0.39762273795379011 0.98403564003146671 1
0.42282739194063157 0.98403564003146671 1
0.44836409196349009 0.98403564003146671 1
0.4741254000745021 0.98403564003146671 1
0.5 0.98403564003146671 1
0.5258745999254979 0.98403564003146671 1
0.55163590803650986 0.98403564003146671 1
0.57717260805936843 0.98403564003146671 1
0.60237726204620989 0.98403564003146671 1
0.62714807221096514 0.98403564003146671 1
0.65139044231548282 0.98403564003146671 1
0.67501829111834966 0.98403564003146671 1
0.69795508465477685 0.98403564003146671 1
0.72013456939942966 0.98403564003146671 1
0.74150120346652226 0.98403564003146671 1
0.76201029684771626 0.98403564003146671 1
0.7816278834336059 0.98403564003146671 1
0.80033035665086971 0.98403564003146671 1
0.81810390671743383 0.98403564003146671 1
0.83494380079293773 0.98403564003146671 1
0.85085354792966716 0.98403564003146671 1
0.86584398911986449 0.98403564003146671 1
0.87993234939109699 0.98403564003146671 1
0.89314128435238316 0.98403564003146671 1
0.90549794834623487 0.98403564003146671 1
0.91703310586062647 0.98403564003146671 1
0.92778030246194998 0.98403564003146671 1
0.93777510649552542 0.98403564003146671 1
0.94705442834523168 0.98403564003146671 1
0.95565592024967883 0.98403564003146671 1
0.96361745657462106 0.98403564003146671 1
0.97097669202509573 0.98403564003146671 1
0.97777069349574575 0.98403564003146671 1
0.98403564003146671 0.98403564003146671 1
0.98980658461942195 0.98403564003146671 1
0.99511727117141735 0.98403564003146671 1
1 0.98403564003146671 1
0 0.98980658461942195 1
0.0048827288285826498 0.98980658461942195 1
0.010193415380578108 0.98980658461942195 1
0.015964359968533293 0.98980658461942195 1
0.022229306504254309 0.98980658461942195 1
0.029023307974904211 0.98980658461942195 1
0.036382543425378944 0.98980658461942195 1
0.044344079750321175 0.98980658461942195 1
0.05294557165476832 0.98980658461942195 1
0.062224893504474577 0.98980658461942195 1
0.072219697538049965 0.98980658461942195 1
0.082966894139373526 0.98980658461942195 1
0.094502051653765073 0.98980658461942195 1
0.1068587156476169 0.98980658461942195 1
0.12006765060890301 0.98980658461942195 1
0.13415601088013551 0.98980658461942195 1
0.14914645207033284 0.98980658461942195 1
0.16505619920706233 0.98980658461942195 1
0.18189609328256623 0.98980658461942195 1
0.19966964334913023 0.98980658461942195 1
0.21837211656639416 0.98980658461942195 1
0.23798970315228379 0.98980658461942195 1
0.25849879653347779 0.98980658461942195 1
0.27986543060057029 0.98980658461942195 1
0.30204491534522315 0.98980658461942195 1
0.32498170888165034 0.98980658461942195 1
0.34860955768451718 0.98980658461942195 1
0.37285192778903486 0.98980658461942195 1
0.39762273795379011 0.98980658461942195 1
0.42282739194063157 0.98980658461942195 1
0.44836409196349009 0.98980658461942195 1
0.4741254000745021 0.98980658461942195 1
0.5 0.98980658461942195 1
0.5258745999254979 0.98980658461942195 1
0.55163590803650986 0.98980658461942195 1
0.57717260805936843 0.98980658461942195 1
0.60237726204620989 0.98980658461942195 1
0.62714807221096514 0.98980658461942195 1
0.65139044231548282 0.98980658461942195 1
0.67501829111834966 0.98980658461942195 1
0.69795508465477685 0.98980658461942195 1
0.72013456939942966 0.98980658461942195 1
0.74150120346652226 0.98980658461942195 1
0.76201029684771626 0.98980658461942195 1
0.7816278834336059 0.98980658461942195 1
0.80033035665086971 0.98980658461942195 1
0.81810390671743383 0.98980658461942195 1
0.83494380079293773 0.98980658461942195 1
0.85085354792966716 0.98980658461942195 1
0.86584398911986449 0.98980658461942195 1
0.87993234939109699 0.98980658461942195 1
0.89314128435238316 0.98980658461942195 1
0.90549794834623487 0.98980658461942195 1
0.91703310586062647 0.98980658461942195 1
0.92778030246194998 0.98980658461942195 1
0.93777510649552542 0.98980658461942195 1
0.94705442834523168 0.98980658461942195 1
0.95565592024967883 0.98980658461942195 1
0.96361745657462106 0.98980658461942195 1
0.97097669202509573 0.98980658461942195 1
0.97777069349574575 0.98980658461942195 1
0.98403564003146671 0.98980658461942195 1
0.98980658461942195 0.98980658461942195 1
0.99511727117141735 0.98980658461942195 1
1 0.98980658461942195 1
0 0.99511727117141735 1
0.0048827288285826498 0.99511727117141735 1
0.010193415380578108 0.99511727117141735 1
0.015964359968533293 0.99511727117141735 1
0.022229306504254309 0.99511727117141735 1
0.029023307974904211 0.99511727117141735 1
0.036382543425378944 0.99511727117141735 1
0.044344079750321175 0.99511727117141735 1
0.05294557165476832 0.99511727117141735 1
0.062224893504474577 0.99511727117141735 1
0.072219697538049965 0.99511727117141735 1
0.082966894139373526 0.99511727117141735 1
0.094502051653765073 0.99511727117141735 1
0.1068587156476169 0.99511727117141735 1
0.12006765060890301 0.99511727117141735 1
0.13415601088013551 0.99511727117141735 1
0.14914645207033284 0.99511727117141735 1
0.16505619920706233 0.99511727117141735 1
0.18189609328256623 0.99511727117141735 1
0.19966964334913023 0.99511727117141735 1
0.21837211656639416 0.99511727117141735 1
0.23798970315228379 0.99511727117141735 1
0.25849879653347779 0.99511727117141735 1
0.27986543060057029 0.99511727117141735 1
0.30204491534522315 0.99511727117141735 1
0.32498170888165034 0.99511727117141735 1
0.34860955768451718 0.99511727117141735 1
0.37285192778903486 0.99511727117141735 1
0.39762273795379011 0.99511727117141735 1
0.42282739194063157 0.99511727117141735 1
0.44836409196349009 0.99511727117141735 1
0.4741254000745021 0.99511727117141735 1
0.5 0.99511727117141735 1
0.5258745999254979 0.99511727117141735 1
0.55163590803650986 0.99511727117141735 1
0.57717260805936843 0.99511727117141735 1
0.60237726204620989 0.99511727117141735 1
0.62714807221096514 0.99511727117141735 1
0.65139044231548282 0.99511727117141735 1
0.67501829111834966 0.99511727117141735 1
0.69795508465477685 0.99511727117141735 1
0.72013456939942966 0.99511727117141735 1
0.74150120346652226 0.99511727117141735 1
0.76201029684771626 0.99511727117141735 1
0.7816278834336059 0.99511727117141735 1
0.80033035665086971 0.99511727117141735 1
0.81810390671743383 0.99511727117141735 1
0.83494380079293773 0.99511727117141735 1
0.85085354792966716 0.99511727117141735 1
0.86584398911986449 0.99511727117141735 1
0.87993234939109699 0.99511727117141735 1
0.89314128435238316 0.99511727117141735 1
0.90549794834623487 0.99511727117141735 1
0.91703310586062647 0.99511727117141735 1
0.92778030246194998 0.99511727117141735 1
0.93777510649552542 0.99511727117141735 1
0.94705442834523168 0.99511727117141735 1
0.95565592024967883 0.99511727117141735 1
0.96361745657462106 0.99511727117141735 1
0.97097669202509573 0.99511727117141735 1
0.97777069349574575 0.99511727117141735 1
0.98403564003146671 0.99511727117141735 1
0.98980658461942195 0.99511727117141735 1
0.99511727117141735 0.99511727117141735 1
1 0.99511727117141735 1
0 1 1
0.0048827288285826498 1 1
0.010193415380578108 1 1
0.015964359968533293 1 1
0.022229306504254309 1 1
0.029023307974904211 1 1
0.036382543425378944 1 1
0.044344079750321175 1 1
0.05294557165476832 1 1
0.062224893504474577 1 1
0.072219697538049965 1 1
0.082966894139373526 1 1
0.094502051653765073 1 1
0.1068587156476169 1 1
0.12006765060890301 1 1
0.13415601088013551 1 1
0.14914645207033284 1 1
0.16505619920706233 1 1
0.18189609328256623 1 1
0.19966964334913023 1 1
0.21837211656639416 1 1
0.23798970315228379 1 1
0.25849879653347779 1 1
0.27986543060057029 1 1
0.30204491534522315 1 1
0.32498170888165034 1 1
0.34860955768451718 1 1
0.37285192778903486 1 1
0.39762273795379011 1 1
0.42282739194063157 1 1
0.44836409196349009 1 1
0.4741254000745021 1 1
0.5 1 1
0.5258745999254979 1 1
0.55163590803650986 1 1
0.57717260805936843 1 1
0.60237726204620989 1 1
0.62714807221096514 1 1
0.65139044231548282 1 1
0.67501829111834966 1 1
0.69795508465477685 1 1
0.72013456939942966 1 1
0.74150120346652226 1 1
0.76201029684771626 1 1
0.7816278834336059 1 1
0.80033035665086971 1 1
0.81810390671743383 1 1
0.83494380079293773 1 1
0.85085354792966716 1 1
0.86584398911986449 1 1
0.87993234939109699 1 1
0.89314128435238316 1 1
0.90549794834623487 1 1
0.91703310586062647 1 1
0.92778030246194998 1 1
0.93777510649552542 1 1
0.94705442834523168 1 1
0.95565592024967883 1 1
0.96361745657462106 1 1
0.97097669202509573 1 1
0.97777069349574575 1 1
0.98403564003146671 1 1
0.98980658461942195 1 1
0.99511727117141735 1 1
1 1 1
faces
16512
face 4 0 -1 0 0 4225 4290 65
face 4 0 1 -1 1 66 4291 4226
face 4 0 -1 2 0 1 4226 4225
face 4 0 64 -1 65 4290 4291 66
face 4 0 -1 4 0 65 66 1
face 4 0 -1 5 4225 4226 4291 4290
face 4 1 2 -1 2 67 4292 4227
face 4 1 -1 2 1 2 4227 4226
face 4 1 65 -1 66 4291 4292 67
face 4 1 -1 4 1 66 67 2
face 4 1 -1 5 4226 4227 4292 4291
face 4 2 3 -1 3 68 4293 4228
face 4 2 -1 2 2 3 4228 4227
face 4 2 66 -1 67 4292 4293 68
face 4 2 -1 4 2 67 68 3
face 4 2 -1 5 4227 4228 4293 4292
face 4 3 4 -1 4 69 4294 4229
face 4 3 -1 2 3 4 4229 4228
face 4 3 67 -1 68 4293 4294 69
face 4 3 -1 4 3 68 69 4
face 4 3 -1 5 4228 4229 4294 4293
face 4 4 5 -1 5 70 4295 4230
face 4 4 -1 2 4 5 4230 4229
face 4 4 68 -1 69 4294 4295 70
face 4 4 -1 4 4 69 70 5
face 4 4 -1 5 4229 4230 4295 4294
face 4 5 6 -1 6 71 4296 4231
face 4 5 -1 2 5 6 4231 4230
face 4 5 69 -1 70 4295 4296 71
face 4 5 -1 4 5 70 71 6
face 4 5 -1 5 4230 4231 4296 4295
face 4 6 7 -1 7 72 4297 4232
face 4 6 -1 2 6 7 4232 4231
face 4 6 70 -1 71 4296 4297 72
face 4 6 -1 4 6 71 72 7
face 4 6 -1 5 4231 4232 4297 4296
face 4 7 8 -1 8 73 4298 4233
face 4 7 -1 2 7 8 4233 4232
face 4 7 71 -1 72 4297 4298 73
face 4 7 -1 4 7 72 73 8
face 4 7 -1 5 4232 4233 4298 4297
face 4 8 9 -1 9 74 4299 4234
face 4 8 -1 2 8 9 4234 4233
face 4 8 72 -1 73 4298 4299 74
face 4 8 -1 4 8 73 74 9
face 4 8 -1 5 4233 4234 4299 4298
face 4 9 10 -1 10 75 4300 4235
face 4 9 -1 2 9 10 4235 4234
face 4 9 73 -1 74 4299 4300 75
face 4 9 -1 4 9 74 75 10
face 4 9 -1 5 4234 4235 4300 4299
face 4 10 11 -1 11 76 4301 4236
face 4 10 -1 2 10 11 4236 4235
face 4 10 74 -1 75 4300 4301 76
face 4 10 -1 4 10 75 76 11
face 4 10 -1 5 4235 4236 4301 4300
face 4 11 12 -1 12 77 4302 4237
face 4 11 -1 2 11 12 4237 4236
face 4 11 75 -1 76 4301 4302 77
face 4 11 -1 4 11 76 77 12
face 4 11 -1 5 4236 4237 4302 4301
face 4 12 13 -1 13 78 4303 4238
face 4 12 -1 2 12 13 4238 4237
face 4 12 76 -1 77 4302 4303 78
face 4 12 -1 4 12 77 78 13
face 4 12 -1 5 4237 4238 4303 4302
face 4 13 14 -1 14 79 4304 4239
face 4 13 -1 2 13 14 4239 4238
face 4 13 77 -1 78 4303 4304 79
face 4 13 -1 4 13 78 79 14
face 4 13 -1 5 4238 4239 4304 4303
face 4 14 15 -1 15 80 4305 4240
face 4 14 -1 2 14 15 4240 4239
face 4 14 78 -1 79 4304 4305 80
face 4 14 -1 4 14 79 80 15
face 4 14 -1 5 4239 4240 4305 4304
face 4 15 16 -1 16 81 4306 4241
face 4 15 -1 2 15 16 4241 4240
face 4 15 79 -1 80 4305 4306 81
face 4 15 -1 4 15 80 81 16
face 4 15 -1 5 4240 4241 4306 4305
face 4 16 17 -1 17 82 4307 4242
face 4 16 -1 2 16 17 4242 4241
face 4 16 80 -1 81 4306 4307 82
face 4 16 -1 4 16 81 82 17
face 4 16 -1 5 4241 4242 4307 4306
face 4 17 18 -1 18 83 4308 4243
face 4 17 -1 2 17 18 4243 4242
face 4 17 81 -1 82 4307 4308 83
face 4 17 -1 4 17 82 83 18
face 4 17 -1 5 4242 4243 4308 4307
face 4 18 19 -1 19 84 4309 4244
face 4 18 -1 2 18 19 4244 4243
face 4 18 82 -1 83 4308 4309 84
face 4 18 -1 4 18 83 84 19
face 4 18 -1 5 4243 4244 4309 4308
face 4 19 20 -1 20 85 4310 4245
face 4 19 -1 2 19 20 4245 4244
face 4 19 83 -1 84 4309 4310 85
face 4 19 -1 4 19 84 85 20
face 4 19 -1 5 4244 4245 4310 4309
face 4 20 21 -1 21 86 4311 4246
face 4 20 -1 2 20 21 4246 4245
face 4 20 84 -1 85 4310 4311 86
face 4 20 -1 4 20 85 86 21
face 4 20 -1 5 4245 4246 4311 4310
face 4 21 22 -1 22 87 4312 4247
face 4 21 -1 2 21 22 4247 4246
face 4 21 85 -1 86 4311 4312 87
face 4 21 -1 4 21 86 87 22
face 4 21 -1 5 4246 4247 4312 4311
face 4 22 23 -1 23 88 4313 4248
face 4 22 -1 2 22 23 4248 4247
face 4 22 86 -1 87 4312 4313 88
face 4 22 -1 4 22 87 88 23
face 4 22 -1 5 4247 4248 4313 4312
face 4 23 24 -1 24 89 4314 4249
face 4 23 -1 2 23 24 4249 4248
face 4 23 87 -1 88 4313 4314 89
face 4 23 -1 4 23 88 89 24
face 4 23 -1 5 4248 4249 4314 4313
face 4 24 25 -1 25 90 4315 4250
face 4 24 -1 2 24 25 4250 4249
face 4 24 88 -1 89 4314 4315 90
face 4 24 -1 4 24 89 90 25
face 4 24 -1 5 4249 4250 4315 4314
face 4 25 26 -1 26 91 4316 4251
face 4 25 -1 2 25 26 4251 4250
face 4 25 89 -1 90 4315 4316 91
face 4 25 -1 4 25 90 91 26
face 4 25 -1 5 4250 4251 4316 4315
face 4 26 27 -1 27 92 4317 4252
face 4 26 -1 2 26 27 4252 4251
face 4 26 90 -1 91 4316 4317 92
face 4 26 -1 4 26 91 92 27
face 4 26 -1 5 4251 4252 4317 4316
face 4 27 28 -1 28 93 4318 4253
face 4 27 -1 2 27 28 4253 4252
face 4 27 91 -1 92 4317 4318 93
face 4 27 -1 4 27 92 93 28
face 4 27 -1 5 4252 4253 4318 4317
face 4 28 29 -1 29 94 4319 4254
face 4 28 -1 2 28 29 4254 4253
face 4 28 92 -1 93 4318 4319 94
face 4 28 -1 4 28 93 94 29
face 4 28 -1 5 4253 4254 4319 4318
face 4 29 30 -1 30 95 4320 4255
face 4 29 -1 2 29 30 4255 4254
face 4 29 93 -1 94 4319 4320 95
face 4 29 -1 4 29 94 95 30
face 4 29 -1 5 4254 4255 4320 4319
face 4 30 31 -1 31 96 4321 4256
face 4 30 -1 2 30 31 4256 4255
face 4 30 94 -1 95 4320 4321 96
face 4 30 -1 4 30 95 96 31
face 4 30 -1 5 4255 4256 4321 4320
face 4 31 32 -1 32 97 4322 4257
face 4 31 -1 2 31 32 4257 4256
face 4 31 95 -1 96 4321 4322 97
face 4 31 -1 4 31 96 97 32
face 4 31 -1 5 4256 4257 4322 4321
face 4 32 33 -1 33 98 4323 4258
face 4 32 -1 2 32 33 4258 4257
face 4 32 96 -1 97 4322 4323 98
face 4 32 -1 4 32 97 98 33
face 4 32 -1 5 4257 4258 4323 4322
face 4 33 34 -1 34 99 4324 4259
face 4 33 -1 2 33 34 4259 4258
face 4 33 97 -1 98 4323 4324 99
face 4 33 -1 4 33 98 99 34
face 4 33 -1 5 4258 4259 4324 4323
face 4 34 35 -1 35 100 4325 4260
face 4 34 -1 2 34 35 4260 4259
face 4 34 98 -1 99 4324 4325 100
face 4 34 -1 4 34 99 100 35
face 4 34 -1 5 4259 4260 4325 4324
face 4 35 36 -1 36 101 4326 4261
face 4 35 -1 2 35 36 4261 4260
face 4 35 99 -1 100 4325 4326 101
face 4 35 -1 4 35 100 101 36
face 4 35 -1 5 4260 4261 4326 4325
face 4 36 37 -1 37 102 4327 4262
face 4 36 -1 2 36 37 4262 4261
face 4 36 100 -1 101 4326 4327 102
face 4 36 -1 4 36 101 102 37
face 4 36 -1 5 4261 4262 4327 4326
face 4 37 38 -1 38 103 4328 4263
face 4 37 -1 2 37 38 4263 4262
face 4 37 101 -1 102 4327 4328 103
face 4 37 -1 4 37 102 103 38
face 4 37 -1 5 4262 4263 4328 4327
face 4 38 39 -1 39 104 4329 4264
face 4 38 -1 2 38 39 4264 4263
face 4 38 102 -1 103 4328 4329 104
face 4 38 -1 4 38 103 104 39
face 4 38 -1 5 4263 4264 4329 4328
face 4 39 40 -1 40 105 4330 4265
face 4 39 -1 2 39 40 4265 4264
face 4 39 103 -1 104 4329 4330 105
face 4 39 -1 4 39 104 105 40
face 4 39 -1 5 4264 4265 4330 4329
face 4 40 41 -1 41 106 4331 4266
face 4 40 -1 2 40 41 4266 4265
face 4 40 104 -1 105 4330 4331 106
face 4 40 -1 4 40 105 106 41
face 4 40 -1 5 4265 4266 4331 4330
face 4 41 42 -1 42 107 4332 4267
face 4 41 -1 2 41 42 4267 4266
face 4 41 105 -1 106 4331 4332 107
face 4 41 -1 4 41 106 107 42
face 4 41 -1 5 4266 4267 4332 4331
face 4 42 43 -1 43 108 4333 4268
face 4 42 -1 2 42 43 4268 4267
face 4 42 106 -1 107 4332 4333 108
face 4 42 -1 4 42 107 108 43
face 4 42 -1 5 4267 4268 4333 4332
face 4 43 44 -1 44 109 4334 4269
face 4 43 -1 2 43 44 4269 4268
face 4 43 107 -1 108 4333 4334 109
face 4 43 -1 4 43 108 109 44
face 4 43 -1 5 4268 4269 4334 4333
face 4 44 45 -1 45 110 4335 4270
face 4 44 -1 2 44 45 4270 4269
face 4 44 108 -1 109 4334 4335 110
face 4 44 -1 4 44 109 110 45
face 4 44 -1 5 4269 4270 4335 4334
face 4 45 46 -1 46 111 4336 4271
face 4 45 -1 2 45 46 4271 4270
face 4 45 109 -1 110 4335 4336 111
face 4 45 -1 4 45 110 111 46
face 4 45 -1 5 4270 4271 4336 4335
face 4 46 47 -1 47 112 4337 4272
face 4 46 -1 2 46 47 4272 4271
face 4 46 110 -1 111 4336 4337 112
face 4 46 -1 4 46 111 112 47
face 4 46 -1 5 4271 4272 4337 4336
face 4 47 48 -1 48 113 4338 4273
face 4 47 -1 2 47 48 4273 4272
face 4 47 111 -1 112 4337 4338 113
face 4 47 -1 4 47 112 113 48
face 4 47 -1 5 4272 4273 4338 4337
face 4 48 49 -1 49 114 4339 4274
face 4 48 -1 2 48 49 4274 4273
face 4 48 112 -1 113 4338 4339 114
face 4 48 -1 4 48 113 114 49
face 4 48 -1 5 4273 4274 4339 4338
face 4 49 50 -1 50 115 4340 4275
face 4 49 -1 2 49 50 4275 4274
face 4 49 113 -1 114 4339 4340 115
face 4 49 -1 4 49 114 115 50
face 4 49 -1 5 4274 4275 4340 4339
face 4 50 51 -1 51 116 4341 4276
face 4 50 -1 2 50 51 4276 4275
face 4 50 114 -1 115 4340 4341 116
face 4 50 -1 4 50 115 116 51
face 4 50 -1 5 4275 4276 4341 4340
face 4 51 52 -1 52 117 4342 4277
face 4 51 -1 2 51 52 4277 4276
face 4 51 115 -1 116 4341 4342 117
face 4 51 -1 4 51 116 117 52
face 4 51 -1 5 4276 4277 4342 4341
face 4 52 53 -1 53 118 4343 4278
face 4 52 -1 2 52 53 4278 4277
face 4 52 116 -1 117 4342 4343 118
face 4 52 -1 4 52 117 118 53
face 4 52 -1 5 4277 4278 4343 4342
face 4 53 54 -1 54 119 4344 4279
face 4 53 -1 2 53 54 4279 4278
face 4 53 117 -1 118 4343 4344 119
face 4 53 -1 4 53 118 119 54
face 4 53 -1 5 4278 4279 4344 4343
face 4 54 55 -1 55 120 4345 4280
face 4 54 -1 2 54 55 4280 4279
face 4 54 118 -1 119 4344 4345 120
face 4 54 -1 4 54 119 120 55
face 4 54 -1 5 4279 4280 4345 4344
face 4 55 56 -1 56 121 4346 4281
face 4 55 -1 2 55 56 4281 4280
face 4 55 119 -1 120 4345 4346 121
face 4 55 -1 4 55 120 121 56
face 4 55 -1 5 4280 4281 4346 4345
face 4 56 57 -1 57 122 4347 4282
face 4 56 -1 2 56 57 4282 4281
face 4 56 120 -1 121 4346 4347 122
face 4 56 -1 4 56 121 122 57
face 4 56 -1 5 4281 4282 4347 4346
face 4 57 58 -1 58 123 4348 4283
face 4 57 -1 2 57 58 4283 4282
face 4 57 121 -1 122 4347 4348 123
face 4 57 -1 4 57 122 123 58
face 4 57 -1 5 4282 4283 4348 4347
face 4 58 59 -1 59 124 4349 4284
face 4 58 -1 2 58 59 4284 4283
face 4 58 122 -1 123 4348 4349 124
face 4 58 -1 4 58 123 124 59
face 4 58 -1 5 4283 4284 4349 4348
face 4 59 60 -1 60 125 4350 4285
face 4 59 -1 2 59 60 4285 4284
face 4 59 123 -1 124 4349 4350 125
face 4 59 -1 4 59 124 125 60
face 4 59 -1 5 4284 4285 4350 4349
face 4 60 61 -1 61 126 4351 4286
face 4 60 -1 2 60 61 4286 4285
face 4 60 124 -1 125 4350 4351 126
face 4 60 -1 4 60 125 126 61
face 4 60 -1 5 4285 4286 4351 4350
face 4 61 62 -1 62 127 4352 4287
face 4 61 -1 2 61 62 4287 4286
face 4 61 125 -1 126 4351 4352 127
face 4 61 -1 4 61 126 127 62
face 4 61 -1 5 4286 4287 4352 4351
face 4 62 63 -1 63 128 4353 4288
face 4 62 -1 2 62 63 4288 4287
face 4 62 126 -1 127 4352 4353 128
face 4 62 -1 4 62 127 128 63
face 4 62 -1 5 4287 4288 4353 4352
face 4 63 -1 1 64 129 4354 4289
face 4 63 -1 2 63 64 4289 4288
face 4 63 127 -1 128 4353 4354 129
face 4 63 -1 4 63 128 129 64
face 4 63 -1 5 4288 4289 4354 4353
face 4 64 -1 0 65 4290 4355 130
face 4 64 65 -1 66 131 4356 4291
face 4 64 128 -1 130 4355 4356 131
face 4 64 -1 4 65 130 131 66
face 4 64 -1 5 4290 4291 4356 4355
face 4 65 66 -1 67 132 4357 4292
face 4 65 129 -1 131 4356 4357 132
face 4 65 -1 4 66 131 132 67
face 4 65 -1 5 4291 4292 4357 4356
face 4 66 67 -1 68 133 4358 4293
face 4 66 130 -1 132 4357 4358 133
face 4 66 -1 4 67 132 133 68
face 4 66 -1 5 4292 4293 4358 4357
face 4 67 68 -1 69 134 4359 4294
face 4 67 131 -1 133 4358 4359 134
face 4 67 -1 4 68 133 134 69
face 4 67 -1 5 4293 4294 4359 4358
face 4 68 69 -1 70 135 4360 4295
face 4 68 132 -1 134 4359 4360 135
face 4 68 -1 4 69 134 135 70
face 4 68 -1 5 4294 4295 4360 4359
face 4 69 70 -1 71 136 4361 4296
face 4 69 133 -1 135 4360 4361 136
face 4 69 -1 4 70 135 136 71
face 4 69 -1 5 4295 4296 4361 4360
face 4 70 71 -1 72 137 4362 4297
face 4 70 134 -1 136 4361 4362 137
face 4 70 -1 4 71 136 137 72
face 4 70 -1 5 4296 4297 4362 4361
face 4 71 72 -1 73 138 4363 4298
face 4 71 135 -1 137 4362 4363 138
face 4 71 -1 4 72 137 138 73
face 4 71 -1 5 4297 4298 4363 4362
face 4 72 73 -1 74 139 4364 4299
face 4 72 136 -1 138 4363 4364 139
face 4 72 -1 4 73 138 139 74
face 4 72 -1 5 4298 4299 4364 4363
face 4 73 74 -1 75 140 4365 4300
face 4 73 137 -1 139 4364 4365 140
face 4 73 -1 4 74 139 140 75
face 4 73 -1 5 4299 4300 4365 4364
face 4 74 75 -1 76 141 4366 4301
face 4 74 138 -1 140 4365 4366 141
face 4 74 -1 4 75 140 141 76
face 4 74 -1 5 4300 4301 4366 4365
face 4 75 76 -1 77 142 4367 4302
face 4 75 139 -1 141 4366 4367 142
face 4 75 -1 4 76 141 142 77
face 4 75 -1 5 4301 4302 4367 4366
face 4 76 77 -1 78 143 4368 4303
face 4 76 140 -1 142 4367 4368 143
face 4 76 -1 4 77 142 143 78
face 4 76 -1 5 4302 4303 4368 4367
face 4 77 78 -1 79 144 4369 4304
face 4 77 141 -1 143 4368 4369 144
face 4 77 -1 4 78 143 144 79
face 4 77 -1 5 4303 4304 4369 4368
face 4 78 79 -1 80 145 4370 4305
face 4 78 142 -1 144 4369 4370 145
face 4 78 -1 4 79 144 145 80
face 4 78 -1 5 4304 4305 4370 4369
face 4 79 80 -1 81 146 4371 4306
face 4 79 143 -1 145 4370 4371 146
face 4 79 -1 4 80 145 146 81
face 4 79 -1 5 4305 4306 4371 4370
face 4 80 81 -1 82 147 4372 4307
face 4 80 144 -1 146 4371 4372 147
face 4 80 -1 4 81 146 147 82
face 4 80 -1 5 4306 4307 4372 4371
face 4 81 82 -1 83 148 4373 4308
face 4 81 145 -1 147 4372 4373 148
face 4 81 -1 4 82 147 148 83
face 4 81 -1 5 4307 4308 4373 4372
face 4 82 83 -1 84 149 4374 4309
face 4 82 146 -1 148 4373 4374 149
face 4 82 -1 4 83 148 149 84
face 4 82 -1 5 4308 4309 4374 4373
face 4 83 84 -1 85 150 4375 4310
face 4 83 147 -1 149 4374 4375 150
face 4 83 -1 4 84 149 150 85
face 4 83 -1 5 4309 4310 4375 4374
face 4 84 85 -1 86 151 4376 4311
face 4 84 148 -1 150 4375 4376 151
face 4 84 -1 4 85 150 151 86
face 4 84 -1 5 4310 4311 4376 4375
face 4 85 86 -1 87 152 4377 4312
face 4 85 149 -1 151 4376 4377 152
face 4 85 -1 4 86 151 152 87
face 4 85 -1 5 4311 4312 4377 4376
face 4 86 87 -1 88 153 4378 4313
face 4 86 150 -1 152 4377 4378 153
face 4 86 -1 4 87 152 153 88
face 4 86 -1 5 4312 4313 4378 4377
face 4 87 88 -1 89 154 4379 4314
face 4 87 151 -1 153 4378 4379 154
face 4 87 -1 4 88 153 154 89
face 4 87 -1 5 4313 4314 4379 4378
face 4 88 89 -1 90 155 4380 4315
face 4 88 152 -1 154 4379 4380 155
face 4 88 -1 4 89 154 155 90
face 4 88 -1 5 4314 4315 4380 4379
face 4 89 90 -1 91 156 4381 4316
face 4 89 153 -1 155 4380 4381 156
face 4 89 -1 4 90 155 156 91
face 4 89 -1 5 4315 4316 4381 4380
face 4 90 91 -1 92 157 4382 4317
face 4 90 154 -1 156 4381 4382 157
face 4 90 -1 4 91 156 157 92
face 4 90 -1 5 4316 4317 4382 4381
face 4 91 92 -1 93 158 4383 4318
face 4 91 155 -1 157 4382 4383 158
face 4 91 -1 4 92 157 158 93
face 4 91 -1 5 4317 4318 4383 4382
face 4 92 93 -1 94 159 4384 4319
face 4 92 156 -1 158 4383 4384 159
face 4 92 -1 4 93 158 159 94
face 4 92 -1 5 4318 4319 4384 4383
face 4 93 94 -1 95 160 4385 4320
face 4 93 157 -1 159 4384 4385 160
face 4 93 -1 4 94 159 160 95
face 4 93 -1 5 4319 4320 4385 4384
face 4 94 95 -1 96 161 4386 4321
face 4 94 158 -1 160 4385 4386 161
face 4 94 -1 4 95 160 161 96
face 4 94 -1 5 4320 4321 4386 4385
face 4 95 96 -1 97 162 4387 4322
face 4 95 159 -1 161 4386 4387 162
face 4 95 -1 4 96 161 162 97
face 4 95 -1 5 4321 4322 4387 4386
face 4 96 97 -1 98 163 4388 4323
face 4 96 160 -1 162 4387 4388 163
face 4 96 -1 4 97 162 163 98
face 4 96 -1 5 4322 4323 4388 4387
face 4 97 98 -1 99 164 4389 4324
face 4 97 161 -1 163 4388 4389 164
face 4 97 -1 4 98 163 164 99
face 4 97 -1 5 4323 4324 4389 4388
face 4 98 99 -1 100 165 4390 4325
face 4 98 162 -1 164 4389 4390 165
face 4 98 -1 4 99 164 165 100
face 4 98 -1 5 4324 4325 4390 4389
face 4 99 100 -1 101 166 4391 4326
face 4 99 163 -1 165 4390 4391 166
face 4 99 -1 4 100 165 166 101
face 4 99 -1 5 4325 4326 4391 4390
face 4 100 101 -1 102 167 4392 4327
face 4 100 164 -1 166 4391 4392 167
face 4 100 -1 4 101 166 167 102
face 4 100 -1 5 4326 4327 4392 4391
face 4 101 102 -1 103 168 4393 4328
face 4 101 165 -1 167 4392 4393 168
face 4 101 -1 4 102 167 168 103
face 4 101 -1 5 4327 4328 4393 4392
face 4 102 103 -1 104 169 4394 4329
face 4 102 166 -1 168 4393 4394 169
face 4 102 -1 4 103 168 169 104
face 4 102 -1 5 4328 4329 4394 4393
face 4 103 104 -1 105 170 4395 4330
face 4 103 167 -1 169 4394 4395 170
face 4 103 -1 4 104 169 170 105
face 4 103 -1 5 4329 4330 4395 4394
face 4 104 105 -1 106 171 4396 4331
face 4 104 168 -1 170 4395 4396 171
face 4 104 -1 4 105 170 171 106
face 4 104 -1 5 4330 4331 4396 4395
face 4 105 106 -1 107 172 4397 4332
face 4 105 169 -1 171 4396 4397 172
face 4 105 -1 4 106 171 172 107
face 4 105 -1 5 4331 4332 4397 4396
face 4 106 107 -1 108 173 4398 4333
face 4 106 170 -1 172 4397 4398 173
face 4 106 -1 4 107 172 173 108
face 4 106 -1 5 4332 4333 4398 4397
face 4 107 108 -1 109 174 4399 4334
face 4 107 171 -1 173 4398 4399 174
face 4 107 -1 4 108 173 174 109
face 4 107 -1 5 4333 4334 4399 4398
face 4 108 109 -1 110 175 4400 4335
face 4 108 172 -1 174 4399 4400 175
face 4 108 -1 4 109 174 175 110
face 4 108 -1 5 4334 4335 4400 4399
face 4 109 110 -1 111 176 4401 4336
face 4 109 173 -1 175 4400 4401 176
face 4 109 -1 4 110 175 176 111
face 4 109 -1 5 4335 4336 4401 4400
face 4 110 111 -1 112 177 4402 4337
face 4 110 174 -1 176 4401 4402 177
face 4 110 -1 4 111 176 177 112
face 4 110 -1 5 4336 4337 4402 4401
face 4 111 112 -1 113 178 4403 4338
face 4 111 175 -1 177 4402 4403 178
face 4 111 -1 4 112 177 178 113
face 4 111 -1 5 4337 4338 4403 4402
face 4 112 113 -1 114 179 4404 4339
face 4 112 176 -1 178 4403 4404 179
face 4 112 -1 4 113 178 179 114
face 4 112 -1 5 4338 4339 4404 4403
face 4 113 114 -1 115 180 4405 4340
face 4 113 177 -1 179 4404 4405 180
face 4 113 -1 4 114 179 180 115
face 4 113 -1 5 4339 4340 4405 4404
face 4 114 115 -1 116 181 4406 4341
face 4 114 178 -1 180 4405 4406 181
face 4 114 -1 4 115 180 181 116
face 4 114 -1 5 4340 4341 4406 4405
face 4 115 116 -1 117 182 4407 4342
face 4 115 179 -1 181 4406 4407 182
face 4 115 -1 4 116 181 182 117
face 4 115 -1 5 4341 4342 4407 4406
face 4 116 117 -1 118 183 4408 4343
face 4 116 180 -1 182 4407 4408 183
face 4 116 -1 4 117 182 183 118
face 4 116 -1 5 4342 4343 4408 4407
face 4 117 118 -1 119 184 4409 4344
face 4 117 181 -1 183 4408 4409 184
face 4 117 -1 4 118 183 184 119
face 4 117 -1 5 4343 4344 4409 4408
face 4 118 119 -1 120 185 4410 4345
face 4 118 182 -1 184 4409 4410 185
face 4 118 -1 4 119 184 185 120
face 4 118 -1 5 4344 4345 4410 4409
face 4 119 120 -1 121 186 4411 4346
face 4 119 183 -1 185 4410 4411 186
face 4 119 -1 4 120 185 186 121
face 4 119 -1 5 4345 4346 4411 4410
face 4 120 121 -1 122 187 4412 4347
face 4 120 184 -1 186 4411 4412 187
face 4 120 -1 4 121 186 187 122
face 4 120 -1 5 4346 4347 4412 4411
face 4 121 122 -1 123 188 4413 4348
face 4 121 185 -1 187 4412 4413 188
face 4 121 -1 4 122 187 188 123
face 4 121 -1 5 4347 4348 4413 4412
face 4 122 123 -1 124 189 4414 4349
face 4 122 186 -1 188 4413 4414 189
face 4 122 -1 4 123 188 189 124
face 4 122 -1 5 4348 4349 4414 4413
face 4 123 124 -1 125 190 4415 4350
face 4 123 187 -1 189 4414 4415 190
face 4 123 -1 4 124 189 190 125
face 4 123 -1 5 4349 4350 4415 4414
face 4 124 125 -1 126 191 4416 4351
face 4 124 188 -1 190 4415 4416 191
face 4 124 -1 4 125 190 191 126
face 4 124 -1 5 4350 4351 4416 4415
face 4 125 126 -1 127 192 4417 4352
face 4 125 189 -1 191 4416 4417 192
face 4 125 -1 4 126 191 192 127
face 4 125 -1 5 4351 4352 4417 4416
face 4 126 127 -1 128 193 4418 4353
face 4 126 190 -1 192 4417 4418 193
face 4 126 -1 4 127 192 193 128
face 4 126 -1 5 4352 4353 4418 4417
face 4 127 -1 1 129 194 4419 4354
face 4 127 191 -1 193 4418 4419 194
face 4 127 -1 4 128 193 194 129
face 4 127 -1 5 4353 4354 4419 4418
face 4 128 -1 0 130 4355 4420 195
face 4 128 129 -1 131 196 4421 4356
face 4 128 192 -1 195 4420 4421 196
face 4 128 -1 4 130 195 196 131
face 4 128 -1 5 4355 4356 4421 4420
face 4 129 130 -1 132 197 4422 4357
face 4 129 193 -1 196 4421 4422 197
face 4 129 -1 4 131 196 197 132
face 4 129 -1 5 4356 4357 4422 4421
face 4 130 131 -1 133 198 4423 4358
face 4 130 194 -1 197 4422 4423 198
face 4 130 -1 4 132 197 198 133
face 4 130 -1 5 4357 4358 4423 4422
face 4 131 132 -1 134 199 4424 4359
face 4 131 195 -1 198 4423 4424 199
face 4 131 -1 4 133 198 199 134
face 4 131 -1 5 4358 4359 4424 4423
face 4 132 133 -1 135 200 4425 4360
face 4 132 196 -1 199 4424 4425 200
face 4 132 -1 4 134 199 200 135
face 4 132 -1 5 4359 4360 4425 4424
face 4 133 134 -1 136 201 4426 4361
face 4 133 197 -1 200 4425 4426 201
face 4 133 -1 4 135 200 201 136
face 4 133 -1 5 4360 4361 4426 4425
face 4 134 135 -1 137 202 4427 4362
face 4 134 198 -1 201 4426 4427 202
face 4 134 -1 4 136 201 202 137
face 4 134 -1 5 4361 4362 4427 4426
face 4 135 136 -1 138 203 4428 4363
face 4 135 199 -1 202 4427 4428 203
face 4 135 -1 4 137 202 203 138
face 4 135 -1 5 4362 4363 4428 4427
face 4 136 137 -1 139 204 4429 4364
face 4 136 200 -1 203 4428 4429 204
face 4 136 -1 4 138 203 204 139
face 4 136 -1 5 4363 4364 4429 4428
face 4 137 138 -1 140 205 4430 4365
face 4 137 201 -1 204 4429 4430 205
face 4 137 -1 4 139 204 205 140
face 4 137 -1 5 4364 4365 4430 4429
face 4 138 139 -1 141 206 4431 4366
face 4 138 202 -1 205 4430 4431 206
face 4 138 -1 4 140 205 206 141
face 4 138 -1 5 4365 4366 4431 4430
face 4 139 140 -1 142 207 4432 4367
face 4 139 203 -1 206 4431 4432 207
face 4 139 -1 4 141 206 207 142
face 4 139 -1 5 4366 4367 4432 4431
face 4 140 141 -1 143 208 4433 4368
face 4 140 204 -1 207 4432 4433 208
face 4 140 -1 4 142 207 208 143
face 4 140 -1 5 4367 4368 4433 4432
face 4 141 142 -1 144 209 4434 4369
face 4 141 205 -1 208 4433 4434 209
face 4 141 -1 4 143 208 209 144
face 4 141 -1 5 4368 4369 4434 4433
face 4 142 143 -1 145 210 4435 4370
face 4 142 206 -1 209 4434 4435 210
face 4 142 -1 4 144 209 210 145
face 4 142 -1 5 4369 4370 4435 4434
face 4 143 144 -1 146 211 4436 4371
face 4 143 207 -1 210 4435 4436 211
face 4 143 -1 4 145 210 211 146
face 4 143 -1 5 4370 4371 4436 4435
face 4 144 145 -1 147 212 4437 4372
face 4 144 208 -1 211 4436 4437 212
face 4 144 -1 4 146 211 212 147
face 4 144 -1 5 4371 4372 4437 4436
face 4 145 146 -1 148 213 4438 4373
face 4 145 209 -1 212 4437 4438 213
face 4 145 -1 4 147 212 213 148
face 4 145 -1 5 4372 4373 4438 4437
face 4 146 147 -1 149 214 4439 4374
face 4 146 210 -1 213 4438 4439 214
face 4 146 -1 4 148 213 214 149
face 4 146 -1 5 4373 4374 4439 4438
face 4 147 148 -1 150 215 4440 4375
face 4 147 211 -1 214 4439 4440 215
face 4 147 -1 4 149 214 215 150
face 4 147 -1 5 4374 4375 4440 4439
face 4 148 149 -1 151 216 4441 4376
face 4 148 212 -1 215 4440 4441 216
face 4 148 -1 4 150 215 216 151
face 4 148 -1 5 4375 4376 4441 4440
face 4 149 150 -1 152 217 4442 4377
face 4 149 213 -1 216 4441 4442 217
face 4 149 -1 4 151 216 217 152
face 4 149 -1 5 4376 4377 4442 4441
face 4 150 151 -1 153 218 4443 4378
face 4 150 214 -1 217 4442 4443 218
face 4 150 -1 4 152 217 218 153
face 4 150 -1 5 4377 4378 4443 4442
face 4 151 152 -1 154 219 4444 4379
face 4 151 215 -1 218 4443 4444 219
face 4 151 -1 4 153 218 219 154
face 4 151 -1 5 4378 4379 4444 4443
face 4 152 153 -1 155 220 4445 4380
face 4 152 216 -1 219 4444 4445 220
face 4 152 -1 4 154 219 220 155
face 4 152 -1 5 4379 4380 4445 4444
face 4 153 154 -1 156 221 4446 4381
face 4 153 217 -1 220 4445 4446 221
face 4 153 -1 4 155 220 221 156
face 4 153 -1 5 4380 4381 4446 4445
face 4 154 155 -1 157 222 4447 4382
face 4 154 218 -1 221 4446 4447 222
face 4 154 -1 4 156 221 222 157
face 4 154 -1 5 4381 4382 4447 4446
face 4 155 156 -1 158 223 4448 4383
face 4 155 219 -1 222 4447 4448 223
face 4 155 -1 4 157 222 223 158
face 4 155 -1 5 4382 4383 4448 4447
face 4 156 157 -1 159 224 4449 4384
face 4 156 220 -1 223 4448 4449 224
face 4 156 -1 4 158 223 224 159
face 4 156 -1 5 4383 4384 4449 4448
face 4 157 158 -1 160 225 4450 4385
face 4 157 221 -1 224 4449 4450 225
face 4 157 -1 4 159 224 225 160
face 4 157 -1 5 4384 4385 4450 4449
face 4 158 159 -1 161 226 4451 4386
face 4 158 222 -1 225 4450 4451 226
face 4 158 -1 4 160 225 226 161
face 4 158 -1 5 4385 4386 4451 4450
face 4 159 160 -1 162 227 4452 4387
face 4 159 223 -1 226 4451 4452 227
face 4 159 -1 4 161 226 227 162
face 4 159 -1 5 4386 4387 4452 4451
face 4 160 161 -1 163 228 4453 4388
face 4 160 224 -1 227 4452 4453 228
face 4 160 -1 4 162 227 228 163
face 4 160 -1 5 4387 4388 4453 4452
face 4 161 162 -1 164 229 4454 4389
face 4 161 225 -1 228 4453 4454 229
face 4 161 -1 4 163 228 229 164
face 4 161 -1 5 4388 4389 4454 4453
face 4 162 163 -1 165 230 4455 4390
face 4 162 226 -1 229 4454 4455 230
face 4 162 -1 4 164 229 230 165
face 4 162 -1 5 4389 4390 4455 4454
face 4 163 164 -1 166 231 4456 4391
face 4 163 227 -1 230 4455 4456 231
face 4 163 -1 4 165 230 231 166
face 4 163 -1 5 4390 4391 4456 4455
face 4 164 165 -1 167 232 4457 4392
face 4 164 228 -1 231 4456 4457 232
face 4 164 -1 4 166 231 232 167
face 4 164 -1 5 4391 4392 4457 4456
face 4 165 166 -1 168 233 4458 4393
face 4 165 229 -1 232 4457 4458 233
face 4 165 -1 4 167 232 233 168
face 4 165 -1 5 4392 4393 4458 4457
face 4 166 167 -1 169 234 4459 4394
face 4 166 230 -1 233 4458 4459 234
face 4 166 -1 4 168 233 234 169
face 4 166 -1 5 4393 4394 4459 4458
face 4 167 168 -1 170 235 4460 4395
face 4 167 231 -1 234 4459 4460 235
face 4 167 -1 4 169 234 235 170
face 4 167 -1 5 4394 4395 4460 4459
face 4 168 169 -1 171 236 4461 4396
face 4 168 232 -1 235 4460 4461 236
face 4 168 -1 4 170 235 236 171
face 4 168 -1 5 4395 4396 4461 4460
face 4 169 170 -1 172 237 4462 4397
face 4 169 233 -1 236 4461 4462 237
face 4 169 -1 4 171 236 237 172
face 4 169 -1 5 4396 4397 4462 4461
face 4 170 171 -1 173 238 4463 4398
face 4 170 234 -1 237 4462 4463 238
face 4 170 -1 4 172 237 238 173
face 4 170 -1 5 4397 4398 4463 4462
face 4 171 172 -1 174 239 4464 4399
face 4 171 235 -1 238 4463 4464 239
face 4 171 -1 4 173 238 239 174
face 4 171 -1 5 4398 4399 4464 4463
face 4 172 173 -1 175 240 4465 4400
face 4 172 236 -1 239 4464 4465 240
face 4 172 -1 4 174 239 240 175
face 4 172 -1 5 4399 4400 4465 4464
face 4 173 174 -1 176 241 4466 4401
face 4 173 237 -1 240 4465 4466 241
face 4 173 -1 4 175 240 241 176
face 4 173 -1 5 4400 4401 4466 4465
face 4 174 175 -1 177 242 4467 4402
face 4 174 238 -1 241 4466 4467 242
face 4 174 -1 4 176 241 242 177
face 4 174 -1 5 4401 4402 4467 4466
face 4 175 176 -1 178 243 4468 4403
face 4 175 239 -1 242 4467 4468 243
face 4 175 -1 4 177 242 243 178
face 4 175 -1 5 4402 4403 4468 4467
face 4 176 177 -1 179 244 4469 4404
face 4 176 240 -1 243 4468 4469 244
face 4 176 -1 4 178 243 244 179
face 4 176 -1 5 4403 4404 4469 4468
face 4 177 178 -1 180 245 4470 4405
face 4 177 241 -1 244 4469 4470 245
face 4 177 -1 4 179 244 245 180
face 4 177 -1 5 4404 4405 4470 4469
face 4 178 179 -1 181 246 4471 4406
face 4 178 242 -1 245 4470 4471 246
face 4 178 -1 4 180 245 246 181
face 4 178 -1 5 4405 4406 4471 4470
face 4 179 180 -1 182 247 4472 4407
face 4 179 243 -1 246 4471 4472 247
face 4 179 -1 4 181 246 247 182
face 4 179 -1 5 4406 4407 4472 4471
face 4 180 181 -1 183 248 4473 4408
face 4 180 244 -1 247 4472 4473 248
face 4 180 -1 4 182 247 248 183
face 4 180 -1 5 4407 4408 4473 4472
face 4 181 182 -1 184 249 4474 4409
face 4 181 245 -1 248 4473 4474 249
face 4 181 -1 4 183 248 249 184
face 4 181 -1 5 4408 4409 4474 4473
face 4 182 183 -1 185 250 4475 4410
face 4 182 246 -1 249 4474 4475 250
face 4 182 -1 4 184 249 250 185
face 4 182 -1 5 4409 4410 4475 4474
face 4 183 184 -1 186 251 4476 4411
face 4 183 247 -1 250 4475 4476 251
face 4 183 -1 4 185 250 251 186
face 4 183 -1 5 4410 4411 4476 4475
face 4 184 185 -1 187 252 4477 4412
face 4 184 248 -1 251 4476 4477 252
face 4 184 -1 4 186 251 252 187
face 4 184 -1 5 4411 4412 4477 4476
face 4 185 186 -1 188 253 4478 4413
face 4 185 249 -1 252 4477 4478 253
face 4 185 -1 4 187 252 253 188
face 4 185 -1 5 4412 4413 4478 4477
face 4 186 187 -1 189 254 4479 4414
face 4 186 250 -1 253 4478 4479 254
face 4 186 -1 4 188 253 254 189
face 4 186 -1 5 4413 4414 4479 4478
face 4 187 188 -1 190 255 4480 4415
face 4 187 251 -1 254 4479 4480 255
face 4 187 -1 4 189 254 255 190
face 4 187 -1 5 4414 4415 4480 4479
face 4 188 189 -1 191 256 4481 4416
face 4 188 252 -1 255 4480 4481 256
face 4 188 -1 4 190 255 256 191
face 4 188 -1 5 4415 4416 4481 4480
face 4 189 190 -1 192 257 4482 4417
face 4 189 253 -1 256 4481 4482 257
face 4 189 -1 4 191 256 257 192
face 4 189 -1 5 4416 4417 4482 4481
face 4 190 191 -1 193 258 4483 4418
face 4 190 254 -1 257 4482 4483 258
face 4 190 -1 4 192 257 258 193
face 4 190 -1 5 4417 4418 4483 4482
face 4 191 -1 1 194 259 4484 4419
face 4 191 255 -1 258 4483 4484 259
face 4 191 -1 4 193 258 259 194
face 4 191 -1 5 4418 4419 4484 4483
face 4 192 -1 0 195 4420 4485 260
face 4 192 193 -1 196 261 4486 4421
face 4 192 256 -1 260 4485 4486 261
face 4 192 -1 4 195 260 261 196
face 4 192 -1 5 4420 4421 4486 4485
face 4 193 194 -1 197 262 4487 4422
face 4 193 257 -1 261 4486 4487 262
face 4 193 -1 4 196 261 262 197
face 4 193 -1 5 4421 4422 4487 4486
face 4 194 195 -1 198 263 4488 4423
face 4 194 258 -1 262 4487 4488 263
face 4 194 -1 4 197 262 263 198
face 4 194 -1 5 4422 4423 4488 4487
face 4 195 196 -1 199 264 4489 4424
face 4 195 259 -1 263 4488 4489 264
face 4 195 -1 4 198 263 264 199
face 4 195 -1 5 4423 4424 4489 4488
face 4 196 197 -1 200 265 4490 4425
face 4 196 260 -1 264 4489 4490 265
face 4 196 -1 4 199 264 265 200
face 4 196 -1 5 4424 4425 4490 4489
face 4 197 198 -1 201 266 4491 4426
face 4 197 261 -1 265 4490 4491 266
face 4 197 -1 4 200 265 266 201
face 4 197 -1 5 4425 4426 4491 4490
face 4 198 199 -1 202 267 4492 4427
face 4 198 262 -1 266 4491 4492 267
face 4 198 -1 4 201 266 267 202
face 4 198 -1 5 4426 4427 4492 4491
face 4 199 200 -1 203 268 4493 4428
face 4 199 263 -1 267 4492 4493 268
face 4 199 -1 4 202 267 268 203
face 4 199 -1 5 4427 4428 4493 4492
face 4 200 201 -1 204 269 4494 4429
face 4 200 264 -1 268 4493 4494 269
face 4 200 -1 4 203 268 269 204
face 4 200 -1 5 4428 4429 4494 4493
face 4 201 202 -1 205 270 4495 4430
face 4 201 265 -1 269 4494 4495 270
face 4 201 -1 4 204 269 270 205
face 4 201 -1 5 4429 4430 4495 4494
face 4 202 203 -1 206 271 4496 4431
face 4 202 266 -1 270 4495 4496 271
face 4 202 -1 4 205 270 271 206
face 4 202 -1 5 4430 4431 4496 4495
face 4 203 204 -1 207 272 4497 4432
face 4 203 267 -1 271 4496 4497 272
face 4 203 -1 4 206 271 272 207
face 4 203 -1 5 4431 4432 4497 4496
face 4 204 205 -1 208 273 4498 4433
face 4 204 268 -1 272 4497 4498 273
face 4 204 -1 4 207 272 273 208
face 4 204 -1 5 4432 4433 4498 4497
face 4 205 206 -1 209 274 4499 4434
face 4 205 269 -1 273 4498 4499 274
face 4 205 -1 4 208 273 274 209
face 4 205 -1 5 4433 4434 4499 4498
face 4 206 207 -1 210 275 4500 4435
face 4 206 270 -1 274 4499 4500 275
face 4 206 -1 4 209 274 275 210
face 4 206 -1 5 4434 4435 4500 4499
face 4 207 208 -1 211 276 4501 4436
face 4 207 271 -1 275 4500 4501 276
face 4 207 -1 4 210 275 276 211
face 4 207 -1 5 4435 4436 4501 4500
face 4 208 209 -1 212 277 4502 4437
face 4 208 272 -1 276 4501 4502 277
face 4 208 -1 4 211 276 277 212
face 4 208 -1 5 4436 4437 4502 4501
face 4 209 210 -1 213 278 4503 4438
face 4 209 273 -1 277 4502 4503 278
face 4 209 -1 4 212 277 278 213
face 4 209 -1 5 4437 4438 4503 4502
face 4 210 211 -1 214 279 4504 4439
face 4 210 274 -1 278 4503 4504 279
face 4 210 -1 4 213 278 279 214
face 4 210 -1 5 4438 4439 4504 4503
face 4 211 212 -1 215 280 4505 4440
face 4 211 275 -1 279 4504 4505 280
face 4 211 -1 4 214 279 280 215
face 4 211 -1 5 4439 4440 4505 4504
face 4 212 213 -1 216 281 4506 4441
face 4 212 276 -1 280 4505 4506 281
face 4 212 -1 4 215 280 281 216
face 4 212 -1 5 4440 4441 4506 4505
face 4 213 214 -1 217 282 4507 4442
face 4 213 277 -1 281 4506 4507 282
face 4 213 -1 4 216 281 282 217
face 4 213 -1 5 4441 4442 4507 4506
face 4 214 215 -1 218 283 4508 4443
face 4 214 278 -1 282 4507 4508 283
face 4 214 -1 4 217 282 283 218
face 4 214 -1 5 4442 4443 4508 4507
face 4 215 216 -1 219 284 4509 4444
face 4 215 279 -1 283 4508 4509 284
face 4 215 -1 4 218 283 284 219
face 4 215 -1 5 4443 4444 4509 4508
face 4 216 217 -1 220 285 4510 4445
face 4 216 280 -1 284 4509 4510 285
face 4 216 -1 4 219 284 285 220
face 4 216 -1 5 4444 4445 4510 4509
face 4 217 218 -1 221 286 4511 4446
face 4 217 281 -1 285 4510 4511 286
face 4 217 -1 4 220 285 286 221
face 4 217 -1 5 4445 4446 4511 4510
face 4 218 219 -1 222 287 4512 4447
face 4 218 282 -1 286 4511 4512 287
face 4 218 -1 4 221 286 287 222
face 4 218 -1 5 4446 4447 4512 4511
face 4 219 220 -1 223 288 4513 4448
face 4 219 283 -1 287 4512 4513 288
face 4 219 -1 4 222 287 288 223
face 4 219 -1 5 4447 4448 4513 4512
face 4 220 221 -1 224 289 4514 4449
face 4 220 284 -1 288 4513 4514 289
face 4 220 -1 4 223 288 289 224
face 4 220 -1 5 4448 4449 4514 4513
face 4 221 222 -1 225 290 4515 4450
face 4 221 285 -1 289 4514 4515 290
face 4 221 -1 4 224 289 290 225
face 4 221 -1 5 4449 4450 4515 4514
face 4 222 223 -1 226 291 4516 4451
face 4 222 286 -1 290 4515 4516 291
face 4 222 -1 4 225 290 291 226
face 4 222 -1 5 4450 4451 4516 4515
face 4 223 224 -1 227 292 4517 4452
face 4 223 287 -1 291 4516 4517 292
face 4 223 -1 4 226 291 292 227
face 4 223 -1 5 4451 4452 4517 4516
face 4 224 225 -1 228 293 4518 4453
face 4 224 288 -1 292 4517 4518 293
face 4 224 -1 4 227 292 293 228
face 4 224 -1 5 4452 4453 4518 4517
face 4 225 226 -1 229 294 4519 4454
face 4 225 289 -1 293 4518 4519 294
face 4 225 -1 4 228 293 294 229
face 4 225 -1 5 4453 4454 4519 4518
face 4 226 227 -1 230 295 4520 4455
face 4 226 290 -1 294 4519 4520 295
face 4 226 -1 4 229 294 295 230
face 4 226 -1 5 4454 4455 4520 4519
face 4 227 228 -1 231 296 4521 4456
face 4 227 291 -1 295 4520 4521 296
face 4 227 -1 4 230 295 296 231
face 4 227 -1 5 4455 4456 4521 4520
face 4 228 229 -1 232 297 4522 4457
face 4 228 292 -1 296 4521 4522 297
face 4 228 -1 4 231 296 297 232
face 4 228 -1 5 4456 4457 4522 4521
face 4 229 230 -1 233 298 4523 4458
face 4 229 293 -1 297 4522 4523 298
face 4 229 -1 4 232 297 298 233
face 4 229 -1 5 4457 4458 4523 4522
face 4 230 231 -1 234 299 4524 4459
face 4 230 294 -1 298 4523 4524 299
face 4 230 -1 4 233 298 299 234
face 4 230 -1 5 4458 4459 4524 4523
face 4 231 232 -1 235 300 4525 4460
face 4 231 295 -1 299 4524 4525 300
face 4 231 -1 4 234 299 300 235
face 4 231 -1 5 4459 4460 4525 4524
face 4 232 233 -1 236 301 4526 4461
face 4 232 296 -1 300 4525 4526 301
face 4 232 -1 4 235 300 301 236
face 4 232 -1 5 4460 4461 4526 4525
face 4 233 234 -1 237 302 4527 4462
face 4 233 297 -1 301 4526 4527 302
face 4 233 -1 4 236 301 302 237
face 4 233 -1 5 4461 4462 4527 4526
face 4 234 235 -1 238 303 4528 4463
face 4 234 298 -1 302 4527 4528 303
face 4 234 -1 4 237 302 303 238
face 4 234 -1 5 4462 4463 4528 4527
face 4 235 236 -1 239 304 4529 4464
face 4 235 299 -1 303 4528 4529 304
face 4 235 -1 4 238 303 304 239
face 4 235 -1 5 4463 4464 4529 4528
face 4 236 237 -1 240 305 4530 4465
face 4 236 300 -1 304 4529 4530 305
face 4 236 -1 4 239 304 305 240
face 4 236 -1 5 4464 4465 4530 4529
face 4 237 238 -1 241 306 4531 4466
face 4 237 301 -1 305 4530 4531 306
face 4 237 -1 4 240 305 306 241
face 4 237 -1 5 4465 4466 4531 4530
face 4 238 239 -1 242 307 4532 4467
face 4 238 302 -1 306 4531 4532 307
face 4 238 -1 4 241 306 307 242
face 4 238 -1 5 4466 4467 4532 4531
face 4 239 240 -1 243 308 4533 4468
face 4 239 303 -1 307 4532 4533 308
face 4 239 -1 4 242 307 308 243
face 4 239 -1 5 4467 4468 4533 4532
face 4 240 241 -1 244 309 4534 4469
face 4 240 304 -1 308 4533 4534 309
face 4 240 -1 4 243 308 309 244
face 4 240 -1 5 4468 4469 4534 4533
face 4 241 242 -1 245 310 4535 4470
face 4 241 305 -1 309 4534 4535 310
face 4 241 -1 4 244 309 310 245
face 4 241 -1 5 4469 4470 4535 4534
face 4 242 243 -1 246 311 4536 4471
face 4 242 306 -1 310 4535 4536 311
face 4 242 -1 4 245 310 311 246
face 4 242 -1 5 4470 4471 4536 4535
face 4 243 244 -1 247 312 4537 4472
face 4 243 307 -1 311 4536 4537 312
face 4 243 -1 4 246 311 312 247
face 4 243 -1 5 4471 4472 4537 4536
face 4 244 245 -1 248 313 4538 4473
face 4 244 308 -1 312 4537 4538 313
face 4 244 -1 4 247 312 313 248
face 4 244 -1 5 4472 4473 4538 4537
face 4 245 246 -1 249 314 4539 4474
face 4 245 309 -1 313 4538 4539 314
face 4 245 -1 4 248 313 314 249
face 4 245 -1 5 4473 4474 4539 4538
face 4 246 247 -1 250 315 4540 4475
face 4 246 310 -1 314 4539 4540 315
face 4 246 -1 4 249 314 315 250
face 4 246 -1 5 4474 4475 4540 4539
face 4 247 248 -1 251 316 4541 4476
face 4 247 311 -1 315 4540 4541 316
face 4 247 -1 4 250 315 316 251
face 4 247 -1 5 4475 4476 4541 4540
face 4 248 249 -1 252 317 4542 4477
face 4 248 312 -1 316 4541 4542 317
face 4 248 -1 4 251 316 317 252
face 4 248 -1 5 4476 4477 4542 4541
face 4 249 250 -1 253 318 4543 4478
face 4 249 313 -1 317 4542 4543 318
face 4 249 -1 4 252 317 318 253
face 4 249 -1 5 4477 4478 4543 4542
face 4 250 251 -1 254 319 4544 4479
face 4 250 314 -1 318 4543 4544 319
face 4 250 -1 4 253 318 319 254
face 4 250 -1 5 4478 4479 4544 4543
face 4 251 252 -1 255 320 4545 4480
face 4 251 315 -1 319 4544 4545 320
face 4 251 -1 4 254 319 320 255
face 4 251 -1 5 4479 4480 4545 4544
face 4 252 253 -1 256 321 4546 4481
face 4 252 316 -1 320 4545 4546 321
face 4 252 -1 4 255 320 321 256
face 4 252 -1 5 4480 4481 4546 4545
face 4 253 254 -1 257 322 4547 4482
face 4 253 317 -1 321 4546 4547 322
face 4 253 -1 4 256 321 322 257
face 4 253 -1 5 4481 4482 4547 4546
face 4 254 255 -1 258 323 4548 4483
face 4 254 318 -1 322 4547 4548 323
face 4 254 -1 4 257 322 323 258
face 4 254 -1 5 4482 4483 4548 4547
face 4 255 -1 1 259 324 4549 4484
face 4 255 319 -1 323 4548 4549 324
face 4 255 -1 4 258 323 324 259
face 4 255 -1 5 4483 4484 4549 4548
face 4 256 -1 0 260 4485 4550 325
face 4 256 257 -1 261 326 4551 4486
face 4 256 320 -1 325 4550 4551 326
face 4 256 -1 4 260 325 326 261
face 4 256 -1 5 4485 4486 4551 4550
face 4 257 258 -1 262 327 4552 4487
face 4 257 321 -1 326 4551 4552 327
face 4 257 -1 4 261 326 327 262
face 4 257 -1 5 4486 4487 4552 4551
face 4 258 259 -1 263 328 4553 4488
face 4 258 322 -1 327 4552 4553 328
face 4 258 -1 4 262 327 328 263
face 4 258 -1 5 4487 4488 4553 4552
face 4 259 260 -1 264 329 4554 4489
face 4 259 323 -1 328 4553 4554 329
face 4 259 -1 4 263 328 329 264
face 4 259 -1 5 4488 4489 4554 4553
face 4 260 261 -1 265 330 4555 4490
face 4 260 324 -1 329 4554 4555 330
face 4 260 -1 4 264 329 330 265
face 4 260 -1 5 4489 4490 4555 4554
face 4 261 262 -1 266 331 4556 4491
face 4 261 325 -1 330 4555 4556 331
face 4 261 -1 4 265 330 331 266
face 4 261 -1 5 4490 4491 4556 4555
face 4 262 263 -1 267 332 4557 4492
face 4 262 326 -1 331 4556 4557 332
face 4 262 -1 4 266 331 332 267
face 4 262 -1 5 4491 4492 4557 4556
face 4 263 264 -1 268 333 4558 4493
face 4 263 327 -1 332 4557 4558 333
face 4 263 -1 4 267 332 333 268
face 4 263 -1 5 4492 4493 4558 4557
face 4 264 265 -1 269 334 4559 4494
face 4 264 328 -1 333 4558 4559 334
face 4 264 -1 4 268 333 334 269
face 4 264 -1 5 4493 4494 4559 4558
face 4 265 266 -1 270 335 4560 4495
face 4 265 329 -1 334 4559 4560 335
face 4 265 -1 4 269 334 335 270
face 4 265 -1 5 4494 4495 4560 4559
face 4 266 267 -1 271 336 4561 4496
face 4 266 330 -1 335 4560 4561 336
face 4 266 -1 4 270 335 336 271
face 4 266 -1 5 4495 4496 4561 4560
face 4 267 268 -1 272 337 4562 4497
face 4 267 331 -1 336 4561 4562 337
face 4 267 -1 4 271 336 337 272
face 4 267 -1 5 4496 4497 4562 4561
face 4 268 269 -1 273 338 4563 4498
face 4 268 332 -1 337 4562 4563 338
face 4 268 -1 4 272 337 338 273
face 4 268 -1 5 4497 4498 4563 4562
face 4 269 270 -1 274 339 4564 4499
face 4 269 333 -1 338 4563 4564 339
face 4 269 -1 4 273 338 339 274
face 4 269 -1 5 4498 4499 4564 4563
face 4 270 271 -1 275 340 4565 4500
face 4 270 334 -1 339 4564 4565 340
face 4 270 -1 4 274 339 340 275
face 4 270 -1 5 4499 4500 4565 4564
face 4 271 272 -1 276 341 4566 4501
face 4 271 335 -1 340 4565 4566 341
face 4 271 -1 4 275 340 341 276
face 4 271 -1 5 4500 4501 4566 4565
face 4 272 273 -1 277 342 4567 4502
face 4 272 336 -1 341 4566 4567 342
face 4 272 -1 4 276 341 342 277
face 4 272 -1 5 4501 4502 4567 4566
face 4 273 274 -1 278 343 4568 4503
face 4 273 337 -1 342 4567 4568 343
face 4 273 -1 4 277 342 343 278
face 4 273 -1 5 4502 4503 4568 4567
face 4 274 275 -1 279 344 4569 4504
face 4 274 338 -1 343 4568 4569 344
face 4 274 -1 4 278 343 344 279
face 4 274 -1 5 4503 4504 4569 4568
face 4 275 276 -1 280 345 4570 4505
face 4 275 339 -1 344 4569 4570 345
face 4 275 -1 4 279 344 345 280
face 4 275 -1 5 4504 4505 4570 4569
face 4 276 277 -1 281 346 4571 4506
face 4 276 340 -1 345 4570 4571 346
face 4 276 -1 4 280 345 346 281
face 4 276 -1 5 4505 4506 4571 4570
face 4 277 278 -1 282 347 4572 4507
face 4 277 341 -1 346 4571 4572 347
face 4 277 -1 4 281 346 347 282
face 4 277 -1 5 4506 4507 4572 4571
face 4 278 279 -1 283 348 4573 4508
face 4 278 342 -1 347 4572 4573 348
face 4 278 -1 4 282 347 348 283
face 4 278 -1 5 4507 4508 4573 4572
face 4 279 280 -1 284 349 4574 4509
face 4 279 343 -1 348 4573 4574 349
face 4 279 -1 4 283 348 349 284
face 4 279 -1 5 4508 4509 4574 4573
face 4 280 281 -1 285 350 4575 4510
face 4 280 344 -1 349 4574 4575 350
face 4 280 -1 4 284 349 350 285
face 4 280 -1 5 4509 4510 4575 4574
face 4 281 282 -1 286 351 4576 4511
face 4 281 345 -1 350 4575 4576 351
face 4 281 -1 4 285 350 351 286
face 4 281 -1 5 4510 4511 4576 4575
face 4 282 283 -1 287 352 4577 4512
face 4 282 346 -1 351 4576 4577 352
face 4 282 -1 4 286 351 352 287
face 4 282 -1 5 4511 4512 4577 4576
face 4 283 284 -1 288 353 4578 4513
face 4 283 347 -1 352 4577 4578 353
face 4 283 -1 4 287 352 353 288
face 4 283 -1 5 4512 4513 4578 4577
face 4 284 285 -1 289 354 4579 4514
face 4 284 348 -1 353 4578 4579 354
face 4 284 -1 4 288 353 354 289
face 4 284 -1 5 4513 4514 4579 4578
face 4 285 286 -1 290 355 4580 4515
face 4 285 349 -1 354 4579 4580 355
face 4 285 -1 4 289 354 355 290
face 4 285 -1 5 4514 4515 4580 4579
face 4 286 287 -1 291 356 4581 4516
face 4 286 350 -1 355 4580 4581 356
face 4 286 -1 4 290 355 356 291
face 4 286 -1 5 4515 4516 4581 4580
face 4 287 288 -1 292 357 4582 4517
face 4 287 351 -1 356 4581 4582 357
face 4 287 -1 4 291 356 357 292
face 4 287 -1 5 4516 4517 4582 4581
face 4 288 289 -1 293 358 4583 4518
face 4 288 352 -1 357 4582 4583 358
face 4 288 -1 4 292 357 358 293
face 4 288 -1 5 4517 4518 4583 4582
face 4 289 290 -1 294 359 4584 4519
face 4 289 353 -1 358 4583 4584 359
face 4 289 -1 4 293 358 359 294
face 4 289 -1 5 4518 4519 4584 4583
face 4 290 291 -1 295 360 4585 4520
face 4 290 354 -1 359 4584 4585 360
face 4 290 -1 4 294 359 360 295
face 4 290 -1 5 4519 4520 4585 4584
face 4 291 292 -1 296 361 4586 4521
face 4 291 355 -1 360 4585 4586 361
face 4 291 -1 4 295 360 361 296
face 4 291 -1 5 4520 4521 4586 4585
face 4 292 293 -1 297 362 4587 4522
face 4 292 356 -1 361 4586 4587 362
face 4 292 -1 4 296 361 362 297
face 4 292 -1 5 4521 4522 4587 4586
face 4 293 294 -1 298 363 4588 4523
face 4 293 357 -1 362 4587 4588 363
face 4 293 -1 4 297 362 363 298
face 4 293 -1 5 4522 4523 4588 4587
face 4 294 295 -1 299 364 4589 4524
face 4 294 358 -1 363 4588 4589 364
face 4 294 -1 4 298 363 364 299
face 4 294 -1 5 4523 4524 4589 4588
face 4 295 296 -1 300 365 4590 4525
face 4 295 359 -1 364 4589 4590 365
face 4 295 -1 4 299 364 365 300
face 4 295 -1 5 4524 4525 4590 4589
face 4 296 297 -1 301 366 4591 4526
face 4 296 360 -1 365 4590 4591 366
face 4 296 -1 4 300 365 366 301
face 4 296 -1 5 4525 4526 4591 4590
face 4 297 298 -1 302 367 4592 4527
face 4 297 361 -1 366 4591 4592 367
face 4 297 -1 4 301 366 367 302
face 4 297 -1 5 4526 4527 4592 4591
face 4 298 299 -1 303 368 4593 4528
face 4 298 362 -1 367 4592 4593 368
face 4 298 -1 4 302 367 368 303
face 4 298 -1 5 4527 4528 4593 4592
face 4 299 300 -1 304 369 4594 4529
face 4 299 363 -1 368 4593 4594 369
face 4 299 -1 4 303 368 369 304
face 4 299 -1 5 4528 4529 4594 4593
face 4 300 301 -1 305 370 4595 4530
face 4 300 364 -1 369 4594 4595 370
face 4 300 -1 4 304 369 370 305
face 4 300 -1 5 4529 4530 4595 4594
face 4 301 302 -1 306 371 4596 4531
face 4 301 365 -1 370 4595 4596 371
face 4 301 -1 4 305 370 371 306
face 4 301 -1 5 4530 4531 4596 4595
face 4 302 303 -1 307 372 4597 4532
face 4 302 366 -1 371 4596 4597 372
face 4 302 -1 4 306 371 372 307
face 4 302 -1 5 4531 4532 4597 4596
face 4 303 304 -1 308 373 4598 4533
face 4 303 367 -1 372 4597 4598 373
face 4 303 -1 4 307 372 373 308
face 4 303 -1 5 4532 4533 4598 4597
face 4 304 305 -1 309 374 4599 4534
face 4 304 368 -1 373 4598 4599 374
face 4 304 -1 4 308 373 374 309
face 4 304 -1 5 4533 4534 4599 4598
face 4 305 306 -1 310 375 4600 4535
face 4 305 369 -1 374 4599 4600 375
face 4 305 -1 4 309 374 375 310
face 4 305 -1 5 4534 4535 4600 4599
face 4 306 307 -1 311 376 4601 4536
face 4 306 370 -1 375 4600 4601 376
face 4 306 -1 4 310 375 376 311
face 4 306 -1 5 4535 4536 4601 4600
face 4 307 308 -1 312 377 4602 4537
face 4 307 371 -1 376 4601 4602 377
face 4 307 -1 4 311 376 377 312
face 4 307 -1 5 4536 4537 4602 4601
face 4 308 309 -1 313 378 4603 4538
face 4 308 372 -1 377 4602 4603 378
face 4 308 -1 4 312 377 378 313
face 4 308 -1 5 4537 4538 4603 4602
face 4 309 310 -1 314 379 4604 4539
face 4 309 373 -1 378 4603 4604 379
face 4 309 -1 4 313 378 379 314
face 4 309 -1 5 4538 4539 4604 4603
face 4 310 311 -1 315 380 4605 4540
face 4 310 374 -1 379 4604 4605 380
face 4 310 -1 4 314 379 380 315
face 4 310 -1 5 4539 4540 4605 4604
face 4 311 312 -1 316 381 4606 4541
face 4 311 375 -1 380 4605 4606 381
face 4 311 -1 4 315 380 381 316
face 4 311 -1 5 4540 4541 4606 4605
face 4 312 313 -1 317 382 4607 4542
face 4 312 376 -1 381 4606 4607 382
face 4 312 -1 4 316 381 382 317
face 4 312 -1 5 4541 4542 4607 4606
face 4 313 314 -1 318 383 4608 4543
face 4 313 377 -1 382 4607 4608 383
face 4 313 -1 4 317 382 383 318
face 4 313 -1 5 4542 4543 4608 4607
face 4 314 315 -1 319 384 4609 4544
face 4 314 378 -1 383 4608 4609 384
face 4 314 -1 4 318 383 384 319
face 4 314 -1 5 4543 4544 4609 4608
face 4 315 316 -1 320 385 4610 4545
face 4 315 379 -1 384 4609 4610 385
face 4 315 -1 4 319 384 385 320
face 4 315 -1 5 4544 4545 4610 4609
face 4 316 317 -1 321 386 4611 4546
face 4 316 380 -1 385 4610 4611 386
face 4 316 -1 4 320 385 386 321
face 4 316 -1 5 4545 4546 4611 4610
face 4 317 318 -1 322 387 4612 4547
face 4 317 381 -1 386 4611 4612 387
face 4 317 -1 4 321 386 387 322
face 4 317 -1 5 4546 4547 4612 4611
face 4 318 319 -1 323 388 4613 4548
face 4 318 382 -1 387 4612 4613 388
face 4 318 -1 4 322 387 388 323
face 4 318 -1 5 4547 4548 4613 4612
face 4 319 -1 1 324 389 4614 4549
face 4 319 383 -1 388 4613 4614 389
face 4 319 -1 4 323 388 389 324
face 4 319 -1 5 4548 4549 4614 4613
face 4 320 -1 0 325 4550 4615 390
face 4 320 321 -1 326 391 4616 4551
face 4 320 384 -1 390 4615 4616 391
face 4 320 -1 4 325 390 391 326
face 4 320 -1 5 4550 4551 4616 4615
face 4 321 322 -1 327 392 4617 4552
face 4 321 385 -1 391 4616 4617 392
face 4 321 -1 4 326 391 392 327
face 4 321 -1 5 4551 4552 4617 4616
face 4 322 323 -1 328 393 4618 4553
face 4 322 386 -1 392 4617 4618 393
face 4 322 -1 4 327 392 393 328
face 4 322 -1 5 4552 4553 4618 4617
face 4 323 324 -1 329 394 4619 4554
face 4 323 387 -1 393 4618 4619 394
face 4 323 -1 4 328 393 394 329
face 4 323 -1 5 4553 4554 4619 4618
face 4 324 325 -1 330 395 4620 4555
face 4 324 388 -1 394 4619 4620 395
face 4 324 -1 4 329 394 395 330
face 4 324 -1 5 4554 4555 4620 4619
face 4 325 326 -1 331 396 4621 4556
face 4 325 389 -1 395 4620 4621 396
face 4 325 -1 4 330 395 396 331
face 4 325 -1 5 4555 4556 4621 4620
face 4 326 327 -1 332 397 4622 4557
face 4 326 390 -1 396 4621 4622 397
face 4 326 -1 4 331 396 397 332
face 4 326 -1 5 4556 4557 4622 4621
face 4 327 328 -1 333 398 4623 4558
face 4 327 391 -1 397 4622 4623 398
face 4 327 -1 4 332 397 398 333
face 4 327 -1 5 4557 4558 4623 4622
face 4 328 329 -1 334 399 4624 4559
face 4 328 392 -1 398 4623 4624 399
face 4 328 -1 4 333 398 399 334
face 4 328 -1 5 4558 4559 4624 4623
face 4 329 330 -1 335 400 4625 4560
face 4 329 393 -1 399 4624 4625 400
face 4 329 -1 4 334 399 400 335
face 4 329 -1 5 4559 4560 4625 4624
face 4 330 331 -1 336 401 4626 4561
face 4 330 394 -1 400 4625 4626 401
face 4 330 -1 4 335 400 401 336
face 4 330 -1 5 4560 4561 4626 4625
face 4 331 332 -1 337 402 4627 4562
face 4 331 395 -1 401 4626 4627 402
face 4 331 -1 4 336 401 402 337
face 4 331 -1 5 4561 4562 4627 4626
face 4 332 333 -1 338 403 4628 4563
face 4 332 396 -1 402 4627 4628 403
face 4 332 -1 4 337 402 403 338
face 4 332 -1 5 4562 4563 4628 4627
face 4 333 334 -1 339 404 4629 4564
face 4 333 397 -1 403 4628 4629 404
face 4 333 -1 4 338 403 404 339
face 4 333 -1 5 4563 4564 4629 4628
face 4 334 335 -1 340 405 4630 4565
face 4 334 398 -1 404 4629 4630 405
face 4 334 -1 4 339 404 405 340
face 4 334 -1 5 4564 4565 4630 4629
face 4 335 336 -1 341 406 4631 4566
face 4 335 399 -1 405 4630 4631 406
face 4 335 -1 4 340 405 406 341
face 4 335 -1 5 4565 4566 4631 4630
face 4 336 337 -1 342 407 4632 4567
face 4 336 400 -1 406 4631 4632 407
face 4 336 -1 4 341 406 407 342
face 4 336 -1 5 4566 4567 4632 4631
face 4 337 338 -1 343 408 4633 4568
face 4 337 401 -1 407 4632 4633 408
face 4 337 -1 4 342 407 408 343
face 4 337 -1 5 4567 4568 4633 4632
face 4 338 339 -1 344 409 4634 4569
face 4 338 402 -1 408 4633 4634 409
face 4 338 -1 4 343 408 409 344
face 4 338 -1 5 4568 4569 4634 4633
face 4 339 340 -1 345 410 4635 4570
face 4 339 403 -1 409 4634 4635 410
face 4 339 -1 4 344 409 410 345
face 4 339 -1 5 4569 4570 4635 4634
face 4 340 341 -1 346 411 4636 4571
face 4 340 404 -1 410 4635 4636 411
face 4 340 -1 4 345 410 411 346
face 4 340 -1 5 4570 4571 4636 4635
face 4 341 342 -1 347 412 4637 4572
face 4 341 405 -1 411 4636 4637 412
face 4 341 -1 4 346 411 412 347
face 4 341 -1 5 4571 4572 4637 4636
face 4 342 343 -1 348 413 4638 4573
face 4 342 406 -1 412 4637 4638 413
face 4 342 -1 4 347 412 413 348
face 4 342 -1 5 4572 4573 4638 4637
face 4 343 344 -1 349 414 4639 4574
face 4 343 407 -1 413 4638 4639 414
face 4 343 -1 4 348 413 414 349
face 4 343 -1 5 4573 4574 4639 4638
face 4 344 345 -1 350 415 4640 4575
face 4 344 408 -1 414 4639 4640 415
face 4 344 -1 4 349 414 415 350
face 4 344 -1 5 4574 4575 4640 4639
face 4 345 346 -1 351 416 4641 4576
face 4 345 409 -1 415 4640 4641 416
face 4 345 -1 4 350 415 416 351
face 4 345 -1 5 4575 4576 4641 4640
face 4 346 347 -1 352 417 4642 4577
face 4 346 410 -1 416 4641 4642 417
face 4 346 -1 4 351 416 417 352
face 4 346 -1 5 4576 4577 4642 4641
face 4 347 348 -1 353 418 4643 4578
face 4 347 411 -1 417 4642 4643 418
face 4 347 -1 4 352 417 418 353
face 4 347 -1 5 4577 4578 4643 4642
face 4 348 349 -1 354 419 4644 4579
face 4 348 412 -1 418 4643 4644 419
face 4 348 -1 4 353 418 419 354
face 4 348 -1 5 4578 4579 4644 4643
face 4 349 350 -1 355 420 4645 4580
face 4 349 413 -1 419 4644 4645 420
face 4 349 -1 4 354 419 420 355
face 4 349 -1 5 4579 4580 4645 4644
face 4 350 351 -1 356 421 4646 4581
face 4 350 414 -1 420 4645 4646 421
face 4 350 -1 4 355 420 421 356
face 4 350 -1 5 4580 4581 4646 4645
face 4 351 352 -1 357 422 4647 4582
face 4 351 415 -1 421 4646 4647 422
face 4 351 -1 4 356 421 422 357
face 4 351 -1 5 4581 4582 4647 4646
face 4 352 353 -1 358 423 4648 4583
face 4 352 416 -1 422 4647 4648 423
face 4 352 -1 4 357 422 423 358
face 4 352 -1 5 4582 4583 4648 4647
face 4 353 354 -1 359 424 4649 4584
face 4 353 417 -1 423 4648 4649 424
face 4 353 -1 4 358 423 424 359
face 4 353 -1 5 4583 4584 4649 4648
face 4 354 355 -1 360 425 4650 4585
face 4 354 418 -1 424 4649 4650 425
face 4 354 -1 4 359 424 425 360
face 4 354 -1 5 4584 4585 4650 4649
face 4 355 356 -1 361 426 4651 4586
face 4 355 419 -1 425 4650 4651 426
face 4 355 -1 4 360 425 426 361
face 4 355 -1 5 4585 4586 4651 4650
face 4 356 357 -1 362 427 4652 4587
face 4 356 420 -1 426 4651 4652 427
face 4 356 -1 4 361 426 427 362
face 4 356 -1 5 4586 4587 4652 4651
face 4 357 358 -1 363 428 4653 4588
face 4 357 421 -1 427 4652 4653 428
face 4 357 -1 4 362 427 428 363
face 4 357 -1 5 4587 4588 4653 4652
face 4 358 359 -1 364 429 4654 4589
face 4 358 422 -1 428 4653 4654 429
face 4 358 -1 4 363 428 429 364
face 4 358 -1 5 4588 4589 4654 4653
face 4 359 360 -1 365 430 4655 4590
face 4 359 423 -1 429 4654 4655 430
face 4 359 -1 4 364 429 430 365
face 4 359 -1 5 4589 4590 4655 4654
face 4 360 361 -1 366 431 4656 4591
face 4 360 424 -1 430 4655 4656 431
face 4 360 -1 4 365 430 431 366
face 4 360 -1 5 4590 4591 4656 4655
face 4 361 362 -1 367 432 4657 4592
face 4 361 425 -1 431 4656 4657 432
face 4 361 -1 4 366 431 432 367
face 4 361 -1 5 4591 4592 4657 4656
face 4 362 363 -1 368 433 4658 4593
face 4 362 426 -1 432 4657 4658 433
face 4 362 -1 4 367 432 433 368
face 4 362 -1 5 4592 4593 4658 4657
face 4 363 364 -1 369 434 4659 4594
face 4 363 427 -1 433 4658 4659 434
face 4 363 -1 4 368 433 434 369
face 4 363 -1 5 4593 4594 4659 4658
face 4 364 365 -1 370 435 4660 4595
face 4 364 428 -1 434 4659 4660 435
face 4 364 -1 4 369 434 435 370
face 4 364 -1 5 4594 4595 4660 4659
face 4 365 366 -1 371 436 4661 4596
face 4 365 429 -1 435 4660 4661 436
face 4 365 -1 4 370 435 436 371
face 4 365 -1 5 4595 4596 4661 4660
face 4 366 367 -1 372 437 4662 4597
face 4 366 430 -1 436 4661 4662 437
face 4 366 -1 4 371 436 437 372
face 4 366 -1 5 4596 4597 4662 4661
face 4 367 368 -1 373 438 4663 4598
face 4 367 431 -1 437 4662 4663 438
face 4 367 -1 4 372 437 438 373
face 4 367 -1 5 4597 4598 4663 4662
face 4 368 369 -1 374 439 4664 4599
face 4 368 432 -1 438 4663 4664 439
face 4 368 -1 4 373 438 439 374
face 4 368 -1 5 4598 4599 4664 4663
face 4 369 370 -1 375 440 4665 4600
face 4 369 433 -1 439 4664 4665 440
face 4 369 -1 4 374 439 440 375
face 4 369 -1 5 4599 4600 4665 4664
face 4 370 371 -1 376 441 4666 4601
face 4 370 434 -1 440 4665 4666 441
face 4 370 -1 4 375 440 441 376
face 4 370 -1 5 4600 4601 4666 4665
face 4 371 372 -1 377 442 4667 4602
face 4 371 435 -1 441 4666 4667 442
face 4 371 -1 4 376 441 442 377
face 4 371 -1 5 4601 4602 4667 4666
face 4 372 373 -1 378 443 4668 4603
face 4 372 436 -1 442 4667 4668 443
face 4 372 -1 4 377 442 443 378
face 4 372 -1 5 4602 4603 4668 4667
face 4 373 374 -1 379 444 4669 4604
face 4 373 437 -1 443 4668 4669 444
face 4 373 -1 4 378 443 444 379
face 4 373 -1 5 4603 4604 4669 4668
face 4 374 375 -1 380 445 4670 4605
face 4 374 438 -1 444 4669 4670 445
face 4 374 -1 4 379 444 445 380
face 4 374 -1 5 4604 4605 4670 4669
face 4 375 376 -1 381 446 4671 4606
face 4 375 439 -1 445 4670 4671 446
face 4 375 -1 4 380 445 446 381
face 4 375 -1 5 4605 4606 4671 4670
face 4 376 377 -1 382 447 4672 4607
face 4 376 440 -1 446 4671 4672 447
face 4 376 -1 4 381 446 447 382
face 4 376 -1 5 4606 4607 4672 4671
face 4 377 378 -1 383 448 4673 4608
face 4 377 441 -1 447 4672 4673 448
face 4 377 -1 4 382 447 448 383
face 4 377 -1 5 4607 4608 4673 4672
face 4 378 379 -1 384 449 4674 4609
face 4 378 442 -1 448 4673 4674 449
face 4 378 -1 4 383 448 449 384
face 4 378 -1 5 4608 4609 4674 4673
face 4 379 380 -1 385 450 4675 4610
face 4 379 443 -1 449 4674 4675 450
face 4 379 -1 4 384 449 450 385
face 4 379 -1 5 4609 4610 4675 4674
face 4 380 381 -1 386 451 4676 4611
face 4 380 444 -1 450 4675 4676 451
face 4 380 -1 4 385 450 451 386
face 4 380 -1 5 4610 4611 4676 4675
face 4 381 382 -1 387 452 4677 4612
face 4 381 445 -1 451 4676 4677 452
face 4 381 -1 4 386 451 452 387
face 4 381 -1 5 4611 4612 4677 4676
face 4 382 383 -1 388 453 4678 4613
face 4 382 446 -1 452 4677 4678 453
face 4 382 -1 4 387 452 453 388
face 4 382 -1 5 4612 4613 4678 4677
face 4 383 -1 1 389 454 4679 4614
face 4 383 447 -1 453 4678 4679 454
face 4 383 -1 4 388 453 454 389
face 4 383 -1 5 4613 4614 4679 4678
face 4 384 -1 0 390 4615 4680 455
face 4 384 385 -1 391 456 4681 4616
face 4 384 448 -1 455 4680 4681 456
face 4 384 -1 4 390 455 456 391
face 4 384 -1 5 4615 4616 4681 4680
face 4 385 386 -1 392 457 4682 4617
face 4 385 449 -1 456 4681 4682 457
face 4 385 -1 4 391 456 457 392
face 4 385 -1 5 4616 4617 4682 4681
face 4 386 387 -1 393 458 4683 4618
face 4 386 450 -1 457 4682 4683 458
face 4 386 -1 4 392 457 458 393
face 4 386 -1 5 4617 4618 4683 4682
face 4 387 388 -1 394 459 4684 4619
face 4 387 451 -1 458 4683 4684 459
face 4 387 -1 4 393 458 459 394
face 4 387 -1 5 4618 4619 4684 4683
face 4 388 389 -1 395 460 4685 4620
face 4 388 452 -1 459 4684 4685 460
face 4 388 -1 4 394 459 460 395
face 4 388 -1 5 4619 4620 4685 4684
face 4 389 390 -1 396 461 4686 4621
face 4 389 453 -1 460 4685 4686 461
face 4 389 -1 4 395 460 461 396
face 4 389 -1 5 4620 4621 4686 4685
face 4 390 391 -1 397 462 4687 4622
face 4 390 454 -1 461 4686 4687 462
face 4 390 -1 4 396 461 462 397
face 4 390 -1 5 4621 4622 4687 4686
face 4 391 392 -1 398 463 4688 4623
face 4 391 455 -1 462 4687 4688 463
face 4 391 -1 4 397 462 463 398
face 4 391 -1 5 4622 4623 4688 4687
face 4 392 393 -1 399 464 4689 4624
face 4 392 456 -1 463 4688 4689 464
face 4 392 -1 4 398 463 464 399
face 4 392 -1 5 4623 4624 4689 4688
face 4 393 394 -1 400 465 4690 4625
face 4 393 457 -1 464 4689 4690 465
face 4 393 -1 4 399 464 465 400
face 4 393 -1 5 4624 4625 4690 4689
face 4 394 395 -1 401 466 4691 4626
face 4 394 458 -1 465 4690 4691 466
face 4 394 -1 4 400 465 466 401
face 4 394 -1 5 4625 4626 4691 4690
face 4 395 396 -1 402 467 4692 4627
face 4 395 459 -1 466 4691 4692 467
face 4 395 -1 4 401 466 467 402
face 4 395 -1 5 4626 4627 4692 4691
face 4 396 397 -1 403 468 4693 4628
face 4 396 460 -1 467 4692 4693 468
face 4 396 -1 4 402 467 468 403
face 4 396 -1 5 4627 4628 4693 4692
face 4 397 398 -1 404 469 4694 4629
face 4 397 461 -1 468 4693 4694 469
face 4 397 -1 4 403 468 469 404
face 4 397 -1 5 4628 4629 4694 4693
face 4 398 399 -1 405 470 4695 4630
face 4 398 462 -1 469 4694 4695 470
face 4 398 -1 4 404 469 470 405
face 4 398 -1 5 4629 4630 4695 4694
face 4 399 400 -1 406 471 4696 4631
face 4 399 463 -1 470 4695 4696 471
face 4 399 -1 4 405 470 471 406
face 4 399 -1 5 4630 4631 4696 4695
face 4 400 401 -1 407 472 4697 4632
face 4 400 464 -1 471 4696 4697 472
face 4 400 -1 4 406 471 472 407
face 4 400 -1 5 4631 4632 4697 4696
face 4 401 402 -1 408 473 4698 4633
face 4 401 465 -1 472 4697 4698 473
face 4 401 -1 4 407 472 473 408
face 4 401 -1 5 4632 4633 4698 4697
face 4 402 403 -1 409 474 4699 4634
face 4 402 466 -1 473 4698 4699 474
face 4 402 -1 4 408 473 474 409
face 4 402 -1 5 4633 4634 4699 4698
face 4 403 404 -1 410 475 4700 4635
face 4 403 467 -1 474 4699 4700 475
face 4 403 -1 4 409 474 475 410
face 4 403 -1 5 4634 4635 4700 4699
face 4 404 405 -1 411 476 4701 4636
face 4 404 468 -1 475 4700 4701 476
face 4 404 -1 4 410 475 476 411
face 4 404 -1 5 4635 4636 4701 4700
face 4 405 406 -1 412 477 4702 4637
face 4 405 469 -1 476 4701 4702 477
face 4 405 -1 4 411 476 477 412
face 4 405 -1 5 4636 4637 4702 4701
face 4 406 407 -1 413 478 4703 4638
face 4 406 470 -1 477 4702 4703 478
face 4 406 -1 4 412 477 478 413
face 4 406 -1 5 4637 4638 4703 4702
face 4 407 408 -1 414 479 4704 4639
face 4 407 471 -1 478 4703 4704 479
face 4 407 -1 4 413 478 479 414
face 4 407 -1 5 4638 4639 4704 4703
face 4 408 409 -1 415 480 4705 4640
face 4 408 472 -1 479 4704 4705 480
face 4 408 -1 4 414 479 480 415
face 4 408 -1 5 4639 4640 4705 4704
face 4 409 410 -1 416 481 4706 4641
face 4 409 473 -1 480 4705 4706 481
face 4 409 -1 4 415 480 481 416
face 4 409 -1 5 4640 4641 4706 4705
face 4 410 411 -1 417 482 4707 4642
face 4 410 474 -1 481 4706 4707 482
face 4 410 -1 4 416 481 482 417
face 4 410 -1 5 4641 4642 4707 4706
face 4 411 412 -1 418 483 4708 4643
face 4 411 475 -1 482 4707 4708 483
face 4 411 -1 4 417 482 483 418
face 4 411 -1 5 4642 4643 4708 4707
face 4 412 413 -1 419 484 4709 4644
face 4 412 476 -1 483 4708 4709 484
face 4 412 -1 4 418 483 484 419
face 4 412 -1 5 4643 4644 4709 4708
face 4 413 414 -1 420 485 4710 4645
face 4 413 477 -1 484 4709 4710 485
face 4 413 -1 4 419 484 485 420
face 4 413 -1 5 4644 4645 4710 4709
face 4 414 415 -1 421 486 4711 4646
face 4 414 478 -1 485 4710 4711 486
face 4 414 -1 4 420 485 486 421
face 4 414 -1 5 4645 4646 4711 4710
face 4 415 416 -1 422 487 4712 4647
face 4 415 479 -1 486 4711 4712 487
face 4 415 -1 4 421 486 487 422
face 4 415 -1 5 4646 4647 4712 4711
face 4 416 417 -1 423 488 4713 4648
face 4 416 480 -1 487 4712 4713 488
face 4 416 -1 4 422 487 488 423
face 4 416 -1 5 4647 4648 4713 4712
face 4 417 418 -1 424 489 4714 4649
face 4 417 481 -1 488 4713 4714 489
face 4 417 -1 4 423 488 489 424
face 4 417 -1 5 4648 4649 4714 4713
face 4 418 419 -1 425 490 4715 4650
face 4 418 482 -1 489 4714 4715 490
face 4 418 -1 4 424 489 490 425
face 4 418 -1 5 4649 4650 4715 4714
face 4 419 420 -1 426 491 4716 4651
face 4 419 483 -1 490 4715 4716 491
face 4 419 -1 4 425 490 491 426
face 4 419 -1 5 4650 4651 4716 4715
face 4 420 421 -1 427 492 4717 4652
face 4 420 484 -1 491 4716 4717 492
face 4 420 -1 4 426 491 492 427
face 4 420 -1 5 4651 4652 4717 4716
face 4 421 422 -1 428 493 4718 4653
face 4 421 485 -1 492 4717 4718 493
face 4 421 -1 4 427 492 493 428
face 4 421 -1 5 4652 4653 4718 4717
face 4 422 423 -1 429 494 4719 4654
face 4 422 486 -1 493 4718 4719 494
face 4 422 -1 4 428 493 494 429
face 4 422 -1 5 4653 4654 4719 4718
face 4 423 424 -1 430 495 4720 4655
face 4 423 487 -1 494 4719 4720 495
face 4 423 -1 4 429 494 495 430
face 4 423 -1 5 4654 4655 4720 4719
face 4 424 425 -1 431 496 4721 4656
face 4 424 488 -1 495 4720 4721 496
face 4 424 -1 4 430 495 496 431
face 4 424 -1 5 4655 4656 4721 4720
face 4 425 426 -1 432 497 4722 4657
face 4 425 489 -1 496 4721 4722 497
face 4 425 -1 4 431 496 497 432
face 4 425 -1 5 4656 4657 4722 4721
face 4 426 427 -1 433 498 4723 4658
face 4 426 490 -1 497 4722 4723 498
face 4 426 -1 4 432 497 498 433
face 4 426 -1 5 4657 4658 4723 4722
face 4 427 428 -1 434 499 4724 4659
face 4 427 491 -1 498 4723 4724 499
face 4 427 -1 4 433 498 499 434
face 4 427 -1 5 4658 4659 4724 4723
face 4 428 429 -1 435 500 4725 4660
face 4 428 492 -1 499 4724 4725 500
face 4 428 -1 4 434 499 500 435
face 4 428 -1 5 4659 4660 4725 4724
face 4 429 430 -1 436 501 4726 4661
face 4 429 493 -1 500 4725 4726 501
face 4 429 -1 4 435 500 501 436
face 4 429 -1 5 4660 4661 4726 4725
face 4 430 431 -1 437 502 4727 4662
face 4 430 494 -1 501 4726 4727 502
face 4 430 -1 4 436 501 502 437
face 4 430 -1 5 4661 4662 4727 4726
face 4 431 432 -1 438 503 4728 4663
face 4 431 495 -1 502 4727 4728 503
face 4 431 -1 4 437 502 503 438
face 4 431 -1 5 4662 4663 4728 4727
face 4 432 433 -1 439 504 4729 4664
face 4 432 496 -1 503 4728 4729 504
face 4 432 -1 4 438 503 504 439
face 4 432 -1 5 4663 4664 4729 4728
face 4 433 434 -1 440 505 4730 4665
face 4 433 497 -1 504 4729 4730 505
face 4 433 -1 4 439 504 505 440
face 4 433 -1 5 4664 4665 4730 4729
face 4 434 435 -1 441 506 4731 4666
face 4 434 498 -1 505 4730 4731 506
face 4 434 -1 4 440 505 506 441
face 4 434 -1 5 4665 4666 4731 4730
face 4 435 436 -1 442 507 4732 4667
face 4 435 499 -1 506 4731 4732 507
face 4 435 -1 4 441 506 507 442
face 4 435 -1 5 4666 4667 4732 4731
face 4 436 437 -1 443 508 4733 4668
face 4 436 500 -1 507 4732 4733 508
face 4 436 -1 4 442 507 508 443
face 4 436 -1 5 4667 4668 4733 4732
face 4 437 438 -1 444 509 4734 4669
face 4 437 501 -1 508 4733 4734 509
face 4 437 -1 4 443 508 509 444
face 4 437 -1 5 4668 4669 4734 4733
face 4 438 439 -1 445 510 4735 4670
face 4 438 502 -1 509 4734 4735 510
face 4 438 -1 4 444 509 510 445
face 4 438 -1 5 4669 4670 4735 4734
face 4 439 440 -1 446 511 4736 4671
face 4 439 503 -1 510 4735 4736 511
face 4 439 -1 4 445 510 511 446
face 4 439 -1 5 4670 4671 4736 4735
face 4 440 441 -1 447 512 4737 4672
face 4 440 504 -1 511 4736 4737 512
face 4 440 -1 4 446 511 512 447
face 4 440 -1 5 4671 4672 4737 4736
face 4 441 442 -1 448 513 4738 4673
face 4 441 505 -1 512 4737 4738 513
face 4 441 -1 4 447 512 513 448
face 4 441 -1 5 4672 4673 4738 4737
face 4 442 443 -1 449 514 4739 4674
face 4 442 506 -1 513 4738 4739 514
face 4 442 -1 4 448 513 514 449
face 4 442 -1 5 4673 4674 4739 4738
face 4 443 444 -1 450 515 4740 4675
face 4 443 507 -1 514 4739 4740 515
face 4 443 -1 4 449 514 515 450
face 4 443 -1 5 4674 4675 4740 4739
face 4 444 445 -1 451 516 4741 4676
face 4 444 508 -1 515 4740 4741 516
face 4 444 -1 4 450 515 516 451
face 4 444 -1 5 4675 4676 4741 4740
face 4 445 446 -1 452 517 4742 4677
face 4 445 509 -1 516 4741 4742 517
face 4 445 -1 4 451 516 517 452
face 4 445 -1 5 4676 4677 4742 4741
face 4 446 447 -1 453 518 4743 4678
face 4 446 510 -1 517 4742 4743 518
face 4 446 -1 4 452 517 518 453
face 4 446 -1 5 4677 4678 4743 4742
face 4 447 -1 1 454 519 4744 4679
face 4 447 511 -1 518 4743 4744 519
face 4 447 -1 4 453 518 519 454
face 4 447 -1 5 4678 4679 4744 4743
face 4 448 -1 0 455 4680 4745 520
face 4 448 449 -1 456 521 4746 4681
face 4 448 512 -1 520 4745 4746 521
face 4 448 -1 4 455 520 521 456
face 4 448 -1 5 4680 4681 4746 4745
face 4 449 450 -1 457 522 4747 4682
face 4 449 513 -1 521 4746 4747 522
face 4 449 -1 4 456 521 522 457
face 4 449 -1 5 4681 4682 4747 4746
face 4 450 451 -1 458 523 4748 4683
face 4 450 514 -1 522 4747 4748 523
face 4 450 -1 4 457 522 523 458
face 4 450 -1 5 4682 4683 4748 4747
face 4 451 452 -1 459 524 4749 4684
face 4 451 515 -1 523 4748 4749 524
face 4 451 -1 4 458 523 524 459
face 4 451 -1 5 4683 4684 4749 4748
face 4 452 453 -1 460 525 4750 4685
face 4 452 516 -1 524 4749 4750 525
face 4 452 -1 4 459 524 525 460
face 4 452 -1 5 4684 4685 4750 4749
face 4 453 454 -1 461 526 4751 4686
face 4 453 517 -1 525 4750 4751 526
face 4 453 -1 4 460 525 526 461
face 4 453 -1 5 4685 4686 4751 4750
face 4 454 455 -1 462 527 4752 4687
face 4 454 518 -1 526 4751 4752 527
face 4 454 -1 4 461 526 527 462
face 4 454 -1 5 4686 4687 4752 4751
face 4 455 456 -1 463 528 4753 4688
face 4 455 519 -1 527 4752 4753 528
face 4 455 -1 4 462 527 528 463
face 4 455 -1 5 4687 4688 4753 4752
face 4 456 457 -1 464 529 4754 4689
face 4 456 520 -1 528 4753 4754 529
face 4 456 -1 4 463 528 529 464
face 4 456 -1 5 4688 4689 4754 4753
face 4 457 458 -1 465 530 4755 4690
face 4 457 521 -1 529 4754 4755 530
face 4 457 -1 4 464 529 530 465
face 4 457 -1 5 4689 4690 4755 4754
face 4 458 459 -1 466 531 4756 4691
face 4 458 522 -1 530 4755 4756 531
face 4 458 -1 4 465 530 531 466
face 4 458 -1 5 4690 4691 4756 4755
face 4 459 460 -1 467 532 4757 4692
face 4 459 523 -1 531 4756 4757 532
face 4 459 -1 4 466 531 532 467
face 4 459 -1 5 4691 4692 4757 4756
face 4 460 461 -1 468 533 4758 4693
face 4 460 524 -1 532 4757 4758 533
face 4 460 -1 4 467 532 533 468
face 4 460 -1 5 4692 4693 4758 4757
face 4 461 462 -1 469 534 4759 4694
face 4 461 525 -1 533 4758 4759 534
face 4 461 -1 4 468 533 534 469
face 4 461 -1 5 4693 4694 4759 4758
face 4 462 463 -1 470 535 4760 4695
face 4 462 526 -1 534 4759 4760 535
face 4 462 -1 4 469 534 535 470
face 4 462 -1 5 4694 4695 4760 4759
face 4 463 464 -1 471 536 4761 4696
face 4 463 527 -1 535 4760 4761 536
face 4 463 -1 4 470 535 536 471
face 4 463 -1 5 4695 4696 4761 4760
face 4 464 465 -1 472 537 4762 4697
face 4 464 528 -1 536 4761 4762 537
face 4 464 -1 4 471 536 537 472
face 4 464 -1 5 4696 4697 4762 4761
face 4 465 466 -1 473 538 4763 4698
face 4 465 529 -1 537 4762 4763 538
face 4 465 -1 4 472 537 538 473
face 4 465 -1 5 4697 4698 4763 4762
face 4 466 467 -1 474 539 4764 4699
face 4 466 530 -1 538 4763 4764 539
face 4 466 -1 4 473 538 539 474
face 4 466 -1 5 4698 4699 4764 4763
face 4 467 468 -1 475 540 4765 4700
face 4 467 531 -1 539 4764 4765 540
face 4 467 -1 4 474 539 540 475
face 4 467 -1 5 4699 4700 4765 4764
face 4 468 469 -1 476 541 4766 4701
face 4 468 532 -1 540 4765 4766 541
face 4 468 -1 4 475 540 541 476
face 4 468 -1 5 4700 4701 4766 4765
face 4 469 470 -1 477 542 4767 4702
face 4 469 533 -1 541 4766 4767 542
face 4 469 -1 4 476 541 542 477
face 4 469 -1 5 4701 4702 4767 4766
face 4 470 471 -1 478 543 4768 4703
face 4 470 534 -1 542 4767 4768 543
face 4 470 -1 4 477 542 543 478
face 4 470 -1 5 4702 4703 4768 4767
face 4 471 472 -1 479 544 4769 4704
face 4 471 535 -1 543 4768 4769 544
face 4 471 -1 4 478 543 544 479
face 4 471 -1 5 4703 4704 4769 4768
face 4 472 473 -1 480 545 4770 4705
face 4 472 536 -1 544 4769 4770 545
face 4 472 -1 4 479 544 545 480
face 4 472 -1 5 4704 4705 4770 4769
face 4 473 474 -1 481 546 4771 4706
face 4 473 537 -1 545 4770 4771 546
face 4 473 -1 4 480 545 546 481
face 4 473 -1 5 4705 4706 4771 4770
face 4 474 475 -1 482 547 4772 4707
face 4 474 538 -1 546 4771 4772 547
face 4 474 -1 4 481 546 547 482
face 4 474 -1 5 4706 4707 4772 4771
face 4 475 476 -1 483 548 4773 4708
face 4 475 539 -1 547 4772 4773 548
face 4 475 -1 4 482 547 548 483
face 4 475 -1 5 4707 4708 4773 4772
face 4 476 477 -1 484 549 4774 4709
face 4 476 540 -1 548 4773 4774 549
face 4 476 -1 4 483 548 549 484
face 4 476 -1 5 4708 4709 4774 4773
face 4 477 478 -1 485 550 4775 4710
face 4 477 541 -1 549 4774 4775 550
face 4 477 -1 4 484 549 550 485
face 4 477 -1 5 4709 4710 4775 4774
face 4 478 479 -1 486 551 4776 4711
face 4 478 542 -1 550 4775 4776 551
face 4 478 -1 4 485 550 551 486
face 4 478 -1 5 4710 4711 4776 4775
face 4 479 480 -1 487 552 4777 4712
face 4 479 543 -1 551 4776 4777 552
face 4 479 -1 4 486 551 552 487
face 4 479 -1 5 4711 4712 4777 4776
face 4 480 481 -1 488 553 4778 4713
face 4 480 544 -1 552 4777 4778 553
face 4 480 -1 4 487 552 553 488
face 4 480 -1 5 4712 4713 4778 4777
face 4 481 482 -1 489 554 4779 4714
face 4 481 545 -1 553 4778 4779 554
face 4 481 -1 4 488 553 554 489
face 4 481 -1 5 4713 4714 4779 4778
face 4 482 483 -1 490 555 4780 4715
face 4 482 546 -1 554 4779 4780 555
face 4 482 -1 4 489 554 555 490
face 4 482 -1 5 4714 4715 4780 4779
face 4 483 484 -1 491 556 4781 4716
face 4 483 547 -1 555 4780 4781 556
face 4 483 -1 4 490 555 556 491
face 4 483 -1 5 4715 4716 4781 4780
face 4 484 485 -1 492 557 4782 4717
face 4 484 548 -1 556 4781 4782 557
face 4 484 -1 4 491 556 557 492
face 4 484 -1 5 4716 4717 4782 4781
face 4 485 486 -1 493 558 4783 4718
face 4 485 549 -1 557 4782 4783 558
face 4 485 -1 4 492 557 558 493
face 4 485 -1 5 4717 4718 4783 4782
face 4 486 487 -1 494 559 4784 4719
face 4 486 550 -1 558 4783 4784 559
face 4 486 -1 4 493 558 559 494
face 4 486 -1 5 4718 4719 4784 4783
face 4 487 488 -1 495 560 4785 4720
face 4 487 551 -1 559 4784 4785 560
face 4 487 -1 4 494 559 560 495
face 4 487 -1 5 4719 4720 4785 4784
face 4 488 489 -1 496 561 4786 4721
face 4 488 552 -1 560 4785 4786 561
face 4 488 -1 4 495 560 561 496
face 4 488 -1 5 4720 4721 4786 4785
face 4 489 490 -1 497 562 4787 4722
face 4 489 553 -1 561 4786 4787 562
face 4 489 -1 4 496 561 562 497
face 4 489 -1 5 4721 4722 4787 4786
face 4 490 491 -1 498 563 4788 4723
face 4 490 554 -1 562 4787 4788 563
face 4 490 -1 4 497 562 563 498
face 4 490 -1 5 4722 4723 4788 4787
face 4 491 492 -1 499 564 4789 4724
face 4 491 555 -1 563 4788 4789 564
face 4 491 -1 4 498 563 564 499
face 4 491 -1 5 4723 4724 4789 4788
face 4 492 493 -1 500 565 4790 4725
face 4 492 556 -1 564 4789 4790 565
face 4 492 -1 4 499 564 565 500
face 4 492 -1 5 4724 4725 4790 4789
face 4 493 494 -1 501 566 4791 4726
face 4 493 557 -1 565 4790 4791 566
face 4 493 -1 4 500 565 566 501
face 4 493 -1 5 4725 4726 4791 4790
face 4 494 495 -1 502 567 4792 4727
face 4 494 558 -1 566 4791 4792 567
face 4 494 -1 4 501 566 567 502
face 4 494 -1 5 4726 4727 4792 4791
face 4 495 496 -1 503 568 4793 4728
face 4 495 559 -1 567 4792 4793 568
face 4 495 -1 4 502 567 568 503
face 4 495 -1 5 4727 4728 4793 4792
face 4 496 497 -1 504 569 4794 4729
face 4 496 560 -1 568 4793 4794 569
face 4 496 -1 4 503 568 569 504
face 4 496 -1 5 4728 4729 4794 4793
face 4 497 498 -1 505 570 4795 4730
face 4 497 561 -1 569 4794 4795 570
face 4 497 -1 4 504 569 570 505
face 4 497 -1 5 4729 4730 4795 4794
face 4 498 499 -1 506 571 4796 4731
face 4 498 562 -1 570 4795 4796 571
face 4 498 -1 4 505 570 571 506
face 4 498 -1 5 4730 4731 4796 4795
face 4 499 500 -1 507 572 4797 4732
face 4 499 563 -1 571 4796 4797 572
face 4 499 -1 4 506 571 572 507
face 4 499 -1 5 4731 4732 4797 4796
face 4 500 501 -1 508 573 4798 4733
face 4 500 564 -1 572 4797 4798 573
face 4 500 -1 4 507 572 573 508
face 4 500 -1 5 4732 4733 4798 4797
face 4 501 502 -1 509 574 4799 4734
face 4 501 565 -1 573 4798 4799 574
face 4 501 -1 4 508 573 574 509
face 4 501 -1 5 4733 4734 4799 4798
face 4 502 503 -1 510 575 4800 4735
face 4 502 566 -1 574 4799 4800 575
face 4 502 -1 4 509 574 575 510
face 4 502 -1 5 4734 4735 4800 4799
face 4 503 504 -1 511 576 4801 4736
face 4 503 567 -1 575 4800 4801 576
face 4 503 -1 4 510 575 576 511
face 4 503 -1 5 4735 4736 4801 4800
face 4 504 505 -1 512 577 4802 4737
face 4 504 568 -1 576 4801 4802 577
face 4 504 -1 4 511 576 577 512
face 4 504 -1 5 4736 4737 4802 4801
face 4 505 506 -1 513 578 4803 4738
face 4 505 569 -1 577 4802 4803 578
face 4 505 -1 4 512 577 578 513
face 4 505 -1 5 4737 4738 4803 4802
face 4 506 507 -1 514 579 4804 4739
face 4 506 570 -1 578 4803 4804 579
face 4 506 -1 4 513 578 579 514
face 4 506 -1 5 4738 4739 4804 4803
face 4 507 508 -1 515 580 4805 4740
face 4 507 571 -1 579 4804 4805 580
face 4 507 -1 4 514 579 580 515
face 4 507 -1 5 4739 4740 4805 4804
face 4 508 509 -1 516 581 4806 4741
face 4 508 572 -1 580 4805 4806 581
face 4 508 -1 4 515 580 581 516
face 4 508 -1 5 4740 4741 4806 4805
face 4 509 510 -1 517 582 4807 4742
face 4 509 573 -1 581 4806 4807 582
face 4 509 -1 4 516 581 582 517
face 4 509 -1 5 4741 4742 4807 4806
face 4 510 511 -1 518 583 4808 4743
face 4 510 574 -1 582 4807 4808 583
face 4 510 -1 4 517 582 583 518
face 4 510 -1 5 4742 4743 4808 4807
face 4 511 -1 1 519 584 4809 4744
face 4 511 575 -1 583 4808 4809 584
face 4 511 -1 4 518 583 584 519
face 4 511 -1 5 4743 4744 4809 4808
face 4 512 -1 0 520 4745 4810 585
face 4 512 513 -1 521 586 4811 4746
face 4 512 576 -1 585 4810 4811 586
face 4 512 -1 4 520 585 586 521
face 4 512 -1 5 4745 4746 4811 4810
face 4 513 514 -1 522 587 4812 4747
face 4 513 577 -1 586 4811 4812 587
face 4 513 -1 4 521 586 587 522
face 4 513 -1 5 4746 4747 4812 4811
face 4 514 515 -1 523 588 4813 4748
face 4 514 578 -1 587 4812 4813 588
face 4 514 -1 4 522 587 588 523
face 4 514 -1 5 4747 4748 4813 4812
face 4 515 516 -1 524 589 4814 4749
face 4 515 579 -1 588 4813 4814 589
face 4 515 -1 4 523 588 589 524
face 4 515 -1 5 4748 4749 4814 4813
face 4 516 517 -1 525 590 4815 4750
face 4 516 580 -1 589 4814 4815 590
face 4 516 -1 4 524 589 590 525
face 4 516 -1 5 4749 4750 4815 4814
face 4 517 518 -1 526 591 4816 4751
face 4 517 581 -1 590 4815 4816 591
face 4 517 -1 4 525 590 591 526
face 4 517 -1 5 4750 4751 4816 4815
face 4 518 519 -1 527 592 4817 4752
face 4 518 582 -1 591 4816 4817 592
face 4 518 -1 4 526 591 592 527
face 4 518 -1 5 4751 4752 4817 4816
face 4 519 520 -1 528 593 4818 4753
face 4 519 583 -1 592 4817 4818 593
face 4 519 -1 4 527 592 593 528
face 4 519 -1 5 4752 4753 4818 4817
face 4 520 521 -1 529 594 4819 4754
face 4 520 584 -1 593 4818 4819 594
face 4 520 -1 4 528 593 594 529
face 4 520 -1 5 4753 4754 4819 4818
face 4 521 522 -1 530 595 4820 4755
face 4 521 585 -1 594 4819 4820 595
face 4 521 -1 4 529 594 595 530
face 4 521 -1 5 4754 4755 4820 4819
face 4 522 523 -1 531 596 4821 4756
face 4 522 586 -1 595 4820 4821 596
face 4 522 -1 4 530 595 596 531
face 4 522 -1 5 4755 4756 4821 4820
face 4 523 524 -1 532 597 4822 4757
face 4 523 587 -1 596 4821 4822 597
face 4 523 -1 4 531 596 597 532
face 4 523 -1 5 4756 4757 4822 4821
face 4 524 525 -1 533 598 4823 4758
face 4 524 588 -1 597 4822 4823 598
face 4 524 -1 4 532 597 598 533
face 4 524 -1 5 4757 4758 4823 4822
face 4 525 526 -1 534 599 4824 4759
face 4 525 589 -1 598 4823 4824 599
face 4 525 -1 4 533 598 599 534
face 4 525 -1 5 4758 4759 4824 4823
face 4 526 527 -1 535 600 4825 4760
face 4 526 590 -1 599 4824 4825 600
face 4 526 -1 4 534 599 600 535
face 4 526 -1 5 4759 4760 4825 4824
face 4 527 528 -1 536 601 4826 4761
face 4 527 591 -1 600 4825 4826 601
face 4 527 -1 4 535 600 601 536
face 4 527 -1 5 4760 4761 4826 4825
face 4 528 529 -1 537 602 4827 4762
face 4 528 592 -1 601 4826 4827 602
face 4 528 -1 4 536 601 602 537
face 4 528 -1 5 4761 4762 4827 4826
face 4 529 530 -1 538 603 4828 4763
face 4 529 593 -1 602 4827 4828 603
face 4 529 -1 4 537 602 603 538
face 4 529 -1 5 4762 4763 4828 4827
face 4 530 531 -1 539 604 4829 4764
face 4 530 594 -1 603 4828 4829 604
face 4 530 -1 4 538 603 604 539
face 4 530 -1 5 4763 4764 4829 4828
face 4 531 532 -1 540 605 4830 4765
face 4 531 595 -1 604 4829 4830 605
face 4 531 -1 4 539 604 605 540
face 4 531 -1 5 4764 4765 4830 4829
face 4 532 533 -1 541 606 4831 4766
face 4 532 596 -1 605 4830 4831 606
face 4 532 -1 4 540 605 606 541
face 4 532 -1 5 4765 4766 4831 4830
face 4 533 534 -1 542 607 4832 4767
face 4 533 597 -1 606 4831 4832 607
face 4 533 -1 4 541 606 607 542
face 4 533 -1 5 4766 4767 4832 4831
face 4 534 535 -1 543 608 4833 4768
face 4 534 598 -1 607 4832 4833 608
face 4 534 -1 4 542 607 608 543
face 4 534 -1 5 4767 4768 4833 4832
face 4 535 536 -1 544 609 4834 4769
face 4 535 599 -1 608 4833 4834 609
face 4 535 -1 4 543 608 609 544
face 4 535 -1 5 4768 4769 4834 4833
face 4 536 537 -1 545 610 4835 4770
face 4 536 600 -1 609 4834 4835 610
face 4 536 -1 4 544 609 610 545
face 4 536 -1 5 4769 4770 4835 4834
face 4 537 538 -1 546 611 4836 4771
face 4 537 601 -1 610 4835 4836 611
face 4 537 -1 4 545 610 611 546
face 4 537 -1 5 4770 4771 4836 4835
face 4 538 539 -1 547 612 4837 4772
face 4 538 602 -1 611 4836 4837 612
face 4 538 -1 4 546 611 612 547
face 4 538 -1 5 4771 4772 4837 4836
face 4 539 540 -1 548 613 4838 4773
face 4 539 603 -1 612 4837 4838 613
face 4 539 -1 4 547 612 613 548
face 4 539 -1 5 4772 4773 4838 4837
face 4 540 541 -1 549 614 4839 4774
face 4 540 604 -1 613 4838 4839 614
face 4 540 -1 4 548 613 614 549
face 4 540 -1 5 4773 4774 4839 4838
face 4 541 542 -1 550 615 4840 4775
face 4 541 605 -1 614 4839 4840 615
face 4 541 -1 4 549 614 615 550
face 4 541 -1 5 4774 4775 4840 4839
face 4 542 543 -1 551 616 4841 4776
face 4 542 606 -1 615 4840 4841 616
face 4 542 -1 4 550 615 616 551
face 4 542 -1 5 4775 4776 4841 4840
face 4 543 544 -1 552 617 4842 4777
face 4 543 607 -1 616 4841 4842 617
face 4 543 -1 4 551 616 617 552
face 4 543 -1 5 4776 4777 4842 4841
face 4 544 545 -1 553 618 4843 4778
face 4 544 608 -1 617 4842 4843 618
face 4 544 -1 4 552 617 618 553
face 4 544 -1 5 4777 4778 4843 4842
face 4 545 546 -1 554 619 4844 4779
face 4 545 609 -1 618 4843 4844 619
face 4 545 -1 4 553 618 619 554
face 4 545 -1 5 4778 4779 4844 4843
face 4 546 547 -1 555 620 4845 4780
face 4 546 610 -1 619 4844 4845 620
face 4 546 -1 4 554 619 620 555
face 4 546 -1 5 4779 4780 4845 4844
face 4 547 548 -1 556 621 4846 4781
face 4 547 611 -1 620 4845 4846 621
face 4 547 -1 4 555 620 621 556
face 4 547 -1 5 4780 4781 4846 4845
face 4 548 549 -1 557 622 4847 4782
face 4 548 612 -1 621 4846 4847 622
face 4 548 -1 4 556 621 622 557
face 4 548 -1 5 4781 4782 4847 4846
face 4 549 550 -1 558 623 4848 4783
face 4 549 613 -1 622 4847 4848 623
face 4 549 -1 4 557 622 623 558
face 4 549 -1 5 4782 4783 4848 4847
face 4 550 551 -1 559 624 4849 4784
face 4 550 614 -1 623 4848 4849 624
face 4 550 -1 4 558 623 624 559
face 4 550 -1 5 4783 4784 4849 4848
face 4 551 552 -1 560 625 4850 4785
face 4 551 615 -1 624 4849 4850 625
face 4 551 -1 4 559 624 625 560
face 4 551 -1 5 4784 4785 4850 4849
face 4 552 553 -1 561 626 4851 4786
face 4 552 616 -1 625 4850 4851 626
face 4 552 -1 4 560 625 626 561
face 4 552 -1 5 4785 4786 4851 4850
face 4 553 554 -1 562 627 4852 4787
face 4 553 617 -1 626 4851 4852 627
face 4 553 -1 4 561 626 627 562
face 4 553 -1 5 4786 4787 4852 4851
face 4 554 555 -1 563 628 4853 4788
face 4 554 618 -1 627 4852 4853 628
face 4 554 -1 4 562 627 628 563
face 4 554 -1 5 4787 4788 4853 4852
face 4 555 556 -1 564 629 4854 4789
face 4 555 619 -1 628 4853 4854 629
face 4 555 -1 4 563 628 629 564
face 4 555 -1 5 4788 4789 4854 4853
face 4 556 557 -1 565 630 4855 4790
face 4 556 620 -1 629 4854 4855 630
face 4 556 -1 4 564 629 630 565
face 4 556 -1 5 4789 4790 4855 4854
face 4 557 558 -1 566 631 4856 4791
face 4 557 621 -1 630 4855 4856 631
face 4 557 -1 4 565 630 631 566
face 4 557 -1 5 4790 4791 4856 4855
face 4 558 559 -1 567 632 4857 4792
face 4 558 622 -1 631 4856 4857 632
face 4 558 -1 4 566 631 632 567
face 4 558 -1 5 4791 4792 4857 4856
face 4 559 560 -1 568 633 4858 4793
face 4 559 623 -1 632 4857 4858 633
face 4 559 -1 4 567 632 633 568
face 4 559 -1 5 4792 4793 4858 4857
face 4 560 561 -1 569 634 4859 4794
face 4 560 624 -1 633 4858 4859 634
face 4 560 -1 4 568 633 634 569
face 4 560 -1 5 4793 4794 4859 4858
face 4 561 562 -1 570 635 4860 4795
face 4 561 625 -1 634 4859 4860 635
face 4 561 -1 4 569 634 635 570
face 4 561 -1 5 4794 4795 4860 4859
face 4 562 563 -1 571 636 4861 4796
face 4 562 626 -1 635 4860 4861 636
face 4 562 -1 4 570 635 636 571
face 4 562 -1 5 4795 4796 4861 4860
face 4 563 564 -1 572 637 4862 4797
face 4 563 627 -1 636 4861 4862 637
face 4 563 -1 4 571 636 637 572
face 4 563 -1 5 4796 4797 4862 4861
face 4 564 565 -1 573 638 4863 4798
face 4 564 628 -1 637 4862 4863 638
face 4 564 -1 4 572 637 638 573
face 4 564 -1 5 4797 4798 4863 4862
face 4 565 566 -1 574 639 4864 4799
face 4 565 629 -1 638 4863 4864 639
face 4 565 -1 4 573 638 639 574
face 4 565 -1 5 4798 4799 4864 4863
face 4 566 567 -1 575 640 4865 4800
face 4 566 630 -1 639 4864 4865 640
face 4 566 -1 4 574 639 640 575
face 4 566 -1 5 4799 4800 4865 4864
face 4 567 568 -1 576 641 4866 4801
face 4 567 631 -1 640 4865 4866 641
face 4 567 -1 4 575 640 641 576
face 4 567 -1 5 4800 4801 4866 4865
face 4 568 569 -1 577 642 4867 4802
face 4 568 632 -1 641 4866 4867 642
face 4 568 -1 4 576 641 642 577
face 4 568 -1 5 4801 4802 4867 4866
face 4 569 570 -1 578 643 4868 4803
face 4 569 633 -1 642 4867 4868 643
face 4 569 -1 4 577 642 643 578
face 4 569 -1 5 4802 4803 4868 4867
face 4 570 571 -1 579 644 4869 4804
face 4 570 634 -1 643 4868 4869 644
face 4 570 -1 4 578 643 644 579
face 4 570 -1 5 4803 4804 4869 4868
face 4 571 572 -1 580 645 4870 4805
face 4 571 635 -1 644 4869 4870 645
face 4 571 -1 4 579 644 645 580
face 4 571 -1 5 4804 4805 4870 4869
face 4 572 573 -1 581 646 4871 4806
face 4 572 636 -1 645 4870 4871 646
face 4 572 -1 4 580 645 646 581
face 4 572 -1 5 4805 4806 4871 4870
face 4 573 574 -1 582 647 4872 4807
face 4 573 637 -1 646 4871 4872 647
face 4 573 -1 4 581 646 647 582
face 4 573 -1 5 4806 4807 4872 4871
face 4 574 575 -1 583 648 4873 4808
face 4 574 638 -1 647 4872 4873 648
face 4 574 -1 4 582 647 648 583
face 4 574 -1 5 4807 4808 4873 4872
face 4 575 -1 1 584 649 4874 4809
face 4 575 639 -1 648 4873 4874 649
face 4 575 -1 4 583 648 649 584
face 4 575 -1 5 4808 4809 4874 4873
face 4 576 -1 0 585 4810 4875 650
face 4 576 577 -1 586 651 4876 4811
face 4 576 640 -1 650 4875 4876 651
face 4 576 -1 4 585 650 651 586
face 4 576 -1 5 4810 4811 4876 4875
face 4 577 578 -1 587 652 4877 4812
face 4 577 641 -1 651 4876 4877 652
face 4 577 -1 4 586 651 652 587
face 4 577 -1 5 4811 4812 4877 4876
face 4 578 579 -1 588 653 4878 4813
face 4 578 642 -1 652 4877 4878 653
face 4 578 -1 4 587 652 653 588
face 4 578 -1 5 4812 4813 4878 4877
face 4 579 580 -1 589 654 4879 4814
face 4 579 643 -1 653 4878 4879 654
face 4 579 -1 4 588 653 654 589
face 4 579 -1 5 4813 4814 4879 4878
face 4 580 581 -1 590 655 4880 4815
face 4 580 644 -1 654 4879 4880 655
face 4 580 -1 4 589 654 655 590
face 4 580 -1 5 4814 4815 4880 4879
face 4 581 582 -1 591 656 4881 4816
face 4 581 645 -1 655 4880 4881 656
face 4 581 -1 4 590 655 656 591
face 4 581 -1 5 4815 4816 4881 4880
face 4 582 583 -1 592 657 4882 4817
face 4 582 646 -1 656 4881 4882 657
face 4 582 -1 4 591 656 657 592
face 4 582 -1 5 4816 4817 4882 4881
face 4 583 584 -1 593 658 4883 4818
face 4 583 647 -1 657 4882 4883 658
face 4 583 -1 4 592 657 658 593
face 4 583 -1 5 4817 4818 4883 4882
face 4 584 585 -1 594 659 4884 4819
face 4 584 648 -1 658 4883 4884 659
face 4 584 -1 4 593 658 659 594
face 4 584 -1 5 4818 4819 4884 4883
face 4 585 586 -1 595 660 4885 4820
face 4 585 649 -1 659 4884 4885 660
face 4 585 -1 4 594 659 660 595
face 4 585 -1 5 4819 4820 4885 4884
face 4 586 587 -1 596 661 4886 4821
face 4 586 650 -1 660 4885 4886 661
face 4 586 -1 4 595 660 661 596
face 4 586 -1 5 4820 4821 4886 4885
face 4 587 588 -1 597 662 4887 4822
face 4 587 651 -1 661 4886 4887 662
face 4 587 -1 4 596 661 662 597
face 4 587 -1 5 4821 4822 4887 4886
face 4 588 589 -1 598 663 4888 4823
face 4 588 652 -1 662 4887 4888 663
face 4 588 -1 4 597 662 663 598
face 4 588 -1 5 4822 4823 4888 4887
face 4 589 590 -1 599 664 4889 4824
face 4 589 653 -1 663 4888 4889 664
face 4 589 -1 4 598 663 664 599
face 4 589 -1 5 4823 4824 4889 4888
face 4 590 591 -1 600 665 4890 4825
face 4 590 654 -1 664 4889 4890 665
face 4 590 -1 4 599 664 665 600
face 4 590 -1 5 4824 4825 4890 4889
face 4 591 592 -1 601 666 4891 4826
face 4 591 655 -1 665 4890 4891 666
face 4 591 -1 4 600 665 666 601
face 4 591 -1 5 4825 4826 4891 4890
face 4 592 593 -1 602 667 4892 4827
face 4 592 656 -1 666 4891 4892 667
face 4 592 -1 4 601 666 667 602
face 4 592 -1 5 4826 4827 4892 4891
face 4 593 594 -1 603 668 4893 4828
face 4 593 657 -1 667 4892 4893 668
face 4 593 -1 4 602 667 668 603
face 4 593 -1 5 4827 4828 4893 4892
face 4 594 595 -1 604 669 4894 4829
face 4 594 658 -1 668 4893 4894 669
face 4 594 -1 4 603 668 669 604
face 4 594 -1 5 4828 4829 4894 4893
face 4 595 596 -1 605 670 4895 4830
face 4 595 659 -1 669 4894 4895 670
face 4 595 -1 4 604 669 670 605
face 4 595 -1 5 4829 4830 4895 4894
face 4 596 597 -1 606 671 4896 4831
face 4 596 660 -1 670 4895 4896 671
face 4 596 -1 4 605 670 671 606
face 4 596 -1 5 4830 4831 4896 4895
face 4 597 598 -1 607 672 4897 4832
face 4 597 661 -1 671 4896 4897 672
face 4 597 -1 4 606 671 672 607
face 4 597 -1 5 4831 4832 4897 4896
face 4 598 599 -1 608 673 4898 4833
face 4 598 662 -1 672 4897 4898 673
face 4 598 -1 4 607 672 673 608
face 4 598 -1 5 4832 4833 4898 4897
face 4 599 600 -1 609 674 4899 4834
face 4 599 663 -1 673 4898 4899 674
face 4 599 -1 4 608 673 674 609
face 4 599 -1 5 4833 4834 4899 4898
face 4 600 601 -1 610 675 4900 4835
face 4 600 664 -1 674 4899 4900 675
face 4 600 -1 4 609 674 675 610
face 4 600 -1 5 4834 4835 4900 4899
face 4 601 602 -1 611 676 4901 4836
face 4 601 665 -1 675 4900 4901 676
face 4 601 -1 4 610 675 676 611
face 4 601 -1 5 4835 4836 4901 4900
face 4 602 603 -1 612 677 4902 4837
face 4 602 666 -1 676 4901 4902 677
face 4 602 -1 4 611 676 677 612
face 4 602 -1 5 4836 4837 4902 4901
face 4 603 604 -1 613 678 4903 4838
face 4 603 667 -1 677 4902 4903 678
face 4 603 -1 4 612 677 678 613
face 4 603 -1 5 4837 4838 4903 4902
face 4 604 605 -1 614 679 4904 4839
face 4 604 668 -1 678 4903 4904 679
face 4 604 -1 4 613 678 679 614
face 4 604 -1 5 4838 4839 4904 4903
face 4 605 606 -1 615 680 4905 4840
face 4 605 669 -1 679 4904 4905 680
face 4 605 -1 4 614 679 680 615
face 4 605 -1 5 4839 4840 4905 4904
face 4 606 607 -1 616 681 4906 4841
face 4 606 670 -1 680 4905 4906 681
face 4 606 -1 4 615 680 681 616
face 4 606 -1 5 4840 4841 4906 4905
face 4 607 608 -1 617 682 4907 4842
face 4 607 671 -1 681 4906 4907 682
face 4 607 -1 4 616 681 682 617
face 4 607 -1 5 4841 4842 4907 4906
face 4 608 609 -1 618 683 4908 4843
face 4 608 672 -1 682 4907 4908 683
face 4 608 -1 4 617 682 683 618
face 4 608 -1 5 4842 4843 4908 4907
face 4 609 610 -1 619 684 4909 4844
face 4 609 673 -1 683 4908 4909 684
face 4 609 -1 4 618 683 684 619
face 4 609 -1 5 4843 4844 4909 4908
face 4 610 611 -1 620 685 4910 4845
face 4 610 674 -1 684 4909 4910 685
face 4 610 -1 4 619 684 685 620
face 4 610 -1 5 4844 4845 4910 4909
face 4 611 612 -1 621 686 4911 4846
face 4 611 675 -1 685 4910 4911 686
face 4 611 -1 4 620 685 686 621
face 4 611 -1 5 4845 4846 4911 4910
face 4 612 613 -1 622 687 4912 4847
face 4 612 676 -1 686 4911 4912 687
face 4 612 -1 4 621 686 687 622
face 4 612 -1 5 4846 4847 4912 4911
face 4 613 614 -1 623 688 4913 4848
face 4 613 677 -1 687 4912 4913 688
face 4 613 -1 4 622 687 688 623
face 4 613 -1 5 4847 4848 4913 4912
face 4 614 615 -1 624 689 4914 4849
face 4 614 678 -1 688 4913 4914 689
face 4 614 -1 4 623 688 689 624
face 4 614 -1 5 4848 4849 4914 4913
face 4 615 616 -1 625 690 4915 4850
face 4 615 679 -1 689 4914 4915 690
face 4 615 -1 4 624 689 690 625
face 4 615 -1 5 4849 4850 4915 4914
face 4 616 617 -1 626 691 4916 4851
face 4 616 680 -1 690 4915 4916 691
face 4 616 -1 4 625 690 691 626
face 4 616 -1 5 4850 4851 4916 4915
face 4 617 618 -1 627 692 4917 4852
face 4 617 681 -1 691 4916 4917 692
face 4 617 -1 4 626 691 692 627
face 4 617 -1 5 4851 4852 4917 4916
face 4 618 619 -1 628 693 4918 4853
face 4 618 682 -1 692 4917 4918 693
face 4 618 -1 4 627 692 693 628
face 4 618 -1 5 4852 4853 4918 4917
face 4 619 620 -1 629 694 4919 4854
face 4 619 683 -1 693 4918 4919 694
face 4 619 -1 4 628 693 694 629
face 4 619 -1 5 4853 4854 4919 4918
face 4 620 621 -1 630 695 4920 4855
face 4 620 684 -1 694 4919 4920 695
face 4 620 -1 4 629 694 695 630
face 4 620 -1 5 4854 4855 4920 4919
face 4 621 622 -1 631 696 4921 4856
face 4 621 685 -1 695 4920 4921 696
face 4 621 -1 4 630 695 696 631
face 4 621 -1 5 4855 4856 4921 4920
face 4 622 623 -1 632 697 4922 4857
face 4 622 686 -1 696 4921 4922 697
face 4 622 -1 4 631 696 697 632
face 4 622 -1 5 4856 4857 4922 4921
face 4 623 624 -1 633 698 4923 4858
face 4 623 687 -1 697 4922 4923 698
face 4 623 -1 4 632 697 698 633
face 4 623 -1 5 4857 4858 4923 4922
face 4 624 625 -1 634 699 4924 4859
face 4 624 688 -1 698 4923 4924 699
face 4 624 -1 4 633 698 699 634
face 4 624 -1 5 4858 4859 4924 4923
face 4 625 626 -1 635 700 4925 4860
face 4 625 689 -1 699 4924 4925 700
face 4 625 -1 4 634 699 700 635
face 4 625 -1 5 4859 4860 4925 4924
face 4 626 627 -1 636 701 4926 4861
face 4 626 690 -1 700 4925 4926 701
face 4 626 -1 4 635 700 701 636
face 4 626 -1 5 4860 4861 4926 4925
face 4 627 628 -1 637 702 4927 4862
face 4 627 691 -1 701 4926 4927 702
face 4 627 -1 4 636 701 702 637
face 4 627 -1 5 4861 4862 4927 4926
face 4 628 629 -1 638 703 4928 4863
face 4 628 692 -1 702 4927 4928 703
face 4 628 -1 4 637 702 703 638
face 4 628 -1 5 4862 4863 4928 4927
face 4 629 630 -1 639 704 4929 4864
face 4 629 693 -1 703 4928 4929 704
face 4 629 -1 4 638 703 704 639
face 4 629 -1 5 4863 4864 4929 4928
face 4 630 631 -1 640 705 4930 4865
face 4 630 694 -1 704 4929 4930 705
face 4 630 -1 4 639 704 705 640
face 4 630 -1 5 4864 4865 4930 4929
face 4 631 632 -1 641 706 4931 4866
face 4 631 695 -1 705 4930 4931 706
face 4 631 -1 4 640 705 706 641
face 4 631 -1 5 4865 4866 4931 4930
face 4 632 633 -1 642 707 4932 4867
face 4 632 696 -1 706 4931 4932 707
face 4 632 -1 4 641 706 707 642
face 4 632 -1 5 4866 4867 4932 4931
face 4 633 634 -1 643 708 4933 4868
face 4 633 697 -1 707 4932 4933 708
face 4 633 -1 4 642 707 708 643
face 4 633 -1 5 4867 4868 4933 4932
face 4 634 635 -1 644 709 4934 4869
face 4 634 698 -1 708 4933 4934 709
face 4 634 -1 4 643 708 709 644
face 4 634 -1 5 4868 4869 4934 4933
face 4 635 636 -1 645 710 4935 4870
face 4 635 699 -1 709 4934 4935 710
face 4 635 -1 4 644 709 710 645
face 4 635 -1 5 4869 4870 4935 4934
face 4 636 637 -1 646 711 4936 4871
face 4 636 700 -1 710 4935 4936 711
face 4 636 -1 4 645 710 711 646
face 4 636 -1 5 4870 4871 4936 4935
face 4 637 638 -1 647 712 4937 4872
face 4 637 701 -1 711 4936 4937 712
face 4 637 -1 4 646 711 712 647
face 4 637 -1 5 4871 4872 4937 4936
face 4 638 639 -1 648 713 4938 4873
face 4 638 702 -1 712 4937 4938 713
face 4 638 -1 4 647 712 713 648
face 4 638 -1 5 4872 4873 4938 4937
face 4 639 -1 1 649 714 4939 4874
face 4 639 703 -1 713 4938 4939 714
face 4 639 -1 4 648 713 714 649
face 4 639 -1 5 4873 4874 4939 4938
face 4 640 -1 0 650 4875 4940 715
face 4 640 641 -1 651 716 4941 4876
face 4 640 704 -1 715 4940 4941 716
face 4 640 -1 4 650 715 716 651
face 4 640 -1 5 4875 4876 4941 4940
face 4 641 642 -1 652 717 4942 4877
face 4 641 705 -1 716 4941 4942 717
face 4 641 -1 4 651 716 717 652
face 4 641 -1 5 4876 4877 4942 4941
face 4 642 643 -1 653 718 4943 4878
face 4 642 706 -1 717 4942 4943 718
face 4 642 -1 4 652 717 718 653
face 4 642 -1 5 4877 4878 4943 4942
face 4 643 644 -1 654 719 4944 4879
face 4 643 707 -1 718 4943 4944 719
face 4 643 -1 4 653 718 719 654
face 4 643 -1 5 4878 4879 4944 4943
face 4 644 645 -1 655 720 4945 4880
face 4 644 708 -1 719 4944 4945 720
face 4 644 -1 4 654 719 720 655
face 4 644 -1 5 4879 4880 4945 4944
face 4 645 646 -1 656 721 4946 4881
face 4 645 709 -1 720 4945 4946 721
face 4 645 -1 4 655 720 721 656
face 4 645 -1 5 4880 4881 4946 4945
face 4 646 647 -1 657 722 4947 4882
face 4 646 710 -1 721 4946 4947 722
face 4 646 -1 4 656 721 722 657
face 4 646 -1 5 4881 4882 4947 4946
face 4 647 648 -1 658 723 4948 4883
face 4 647 711 -1 722 4947 4948 723
face 4 647 -1 4 657 722 723 658
face 4 647 -1 5 4882 4883 4948 4947
face 4 648 649 -1 659 724 4949 4884
face 4 648 712 -1 723 4948 4949 724
face 4 648 -1 4 658 723 724 659
face 4 648 -1 5 4883 4884 4949 4948
face 4 649 650 -1 660 725 4950 4885
face 4 649 713 -1 724 4949 4950 725
face 4 649 -1 4 659 724 725 660
face 4 649 -1 5 4884 4885 4950 4949
face 4 650 651 -1 661 726 4951 4886
face 4 650 714 -1 725 4950 4951 726
face 4 650 -1 4 660 725 726 661
face 4 650 -1 5 4885 4886 4951 4950
face 4 651 652 -1 662 727 4952 4887
face 4 651 715 -1 726 4951 4952 727
face 4 651 -1 4 661 726 727 662
face 4 651 -1 5 4886 4887 4952 4951
face 4 652 653 -1 663 728 4953 4888
face 4 652 716 -1 727 4952 4953 728
face 4 652 -1 4 662 727 728 663
face 4 652 -1 5 4887 4888 4953 4952
face 4 653 654 -1 664 729 4954 4889
face 4 653 717 -1 728 4953 4954 729
face 4 653 -1 4 663 728 729 664
face 4 653 -1 5 4888 4889 4954 4953
face 4 654 655 -1 665 730 4955 4890
face 4 654 718 -1 729 4954 4955 730
face 4 654 -1 4 664 729 730 665
face 4 654 -1 5 4889 4890 4955 4954
face 4 655 656 -1 666 731 4956 4891
face 4 655 719 -1 730 4955 4956 731
face 4 655 -1 4 665 730 731 666
face 4 655 -1 5 4890 4891 4956 4955
face 4 656 657 -1 667 732 4957 4892
face 4 656 720 -1 731 4956 4957 732
face 4 656 -1 4 666 731 732 667
face 4 656 -1 5 4891 4892 4957 4956
face 4 657 658 -1 668 733 4958 4893
face 4 657 721 -1 732 4957 4958 733
face 4 657 -1 4 667 732 733 668
face 4 657 -1 5 4892 4893 4958 4957
face 4 658 659 -1 669 734 4959 4894
face 4 658 722 -1 733 4958 4959 734
face 4 658 -1 4 668 733 734 669
face 4 658 -1 5 4893 4894 4959 4958
face 4 659 660 -1 670 735 4960 4895
face 4 659 723 -1 734 4959 4960 735
face 4 659 -1 4 669 734 735 670
face 4 659 -1 5 4894 4895 4960 4959
face 4 660 661 -1 671 736 4961 4896
face 4 660 724 -1 735 4960 4961 736
face 4 660 -1 4 670 735 736 671
face 4 660 -1 5 4895 4896 4961 4960
face 4 661 662 -1 672 737 4962 4897
face 4 661 725 -1 736 4961 4962 737
face 4 661 -1 4 671 736 737 672
face 4 661 -1 5 4896 4897 4962 4961
face 4 662 663 -1 673 738 4963 4898
face 4 662 726 -1 737 4962 4963 738
face 4 662 -1 4 672 737 738 673
face 4 662 -1 5 4897 4898 4963 4962
face 4 663 664 -1 674 739 4964 4899
face 4 663 727 -1 738 4963 4964 739
face 4 663 -1 4 673 738 739 674
face 4 663 -1 5 4898 4899 4964 4963
face 4 664 665 -1 675 740 4965 4900
face 4 664 728 -1 739 4964 4965 740
face 4 664 -1 4 674 739 740 675
face 4 664 -1 5 4899 4900 4965 4964
face 4 665 666 -1 676 741 4966 4901
face 4 665 729 -1 740 4965 4966 741
face 4 665 -1 4 675 740 741 676
face 4 665 -1 5 4900 4901 4966 4965
face 4 666 667 -1 677 742 4967 4902
face 4 666 730 -1 741 4966 4967 742
face 4 666 -1 4 676 741 742 677
face 4 666 -1 5 4901 4902 4967 4966
face 4 667 668 -1 678 743 4968 4903
face 4 667 731 -1 742 4967 4968 743
face 4 667 -1 4 677 742 743 678
face 4 667 -1 5 4902 4903 4968 4967
face 4 668 669 -1 679 744 4969 4904
face 4 668 732 -1 743 4968 4969 744
face 4 668 -1 4 678 743 744 679
face 4 668 -1 5 4903 4904 4969 4968
face 4 669 670 -1 680 745 4970 4905
face 4 669 733 -1 744 4969 4970 745
face 4 669 -1 4 679 744 745 680
face 4 669 -1 5 4904 4905 4970 4969
face 4 670 671 -1 681 746 4971 4906
face 4 670 734 -1 745 4970 4971 746
face 4 670 -1 4 680 745 746 681
face 4 670 -1 5 4905 4906 4971 4970
face 4 671 672 -1 682 747 4972 4907
face 4 671 735 -1 746 4971 4972 747
face 4 671 -1 4 681 746 747 682
face 4 671 -1 5 4906 4907 4972 4971
face 4 672 673 -1 683 748 4973 4908
face 4 672 736 -1 747 4972 4973 748
face 4 672 -1 4 682 747 748 683
face 4 672 -1 5 4907 4908 4973 4972
face 4 673 674 -1 684 749 4974 4909
face 4 673 737 -1 748 4973 4974 749
face 4 673 -1 4 683 748 749 684
face 4 673 -1 5 4908 4909 4974 4973
face 4 674 675 -1 685 750 4975 4910
face 4 674 738 -1 749 4974 4975 750
face 4 674 -1 4 684 749 750 685
face 4 674 -1 5 4909 4910 4975 4974
face 4 675 676 -1 686 751 4976 4911
face 4 675 739 -1 750 4975 4976 751
face 4 675 -1 4 685 750 751 686
face 4 675 -1 5 4910 4911 4976 4975
face 4 676 677 -1 687 752 4977 4912
face 4 676 740 -1 751 4976 4977 752
face 4 676 -1 4 686 751 752 687
face 4 676 -1 5 4911 4912 4977 4976
face 4 677 678 -1 688 753 4978 4913
face 4 677 741 -1 752 4977 4978 753
face 4 677 -1 4 687 752 753 688
face 4 677 -1 5 4912 4913 4978 4977
face 4 678 679 -1 689 754 4979 4914
face 4 678 742 -1 753 4978 4979 754
face 4 678 -1 4 688 753 754 689
face 4 678 -1 5 4913 4914 4979 4978
face 4 679 680 -1 690 755 4980 4915
face 4 679 743 -1 754 4979 4980 755
face 4 679 -1 4 689 754 755 690
face 4 679 -1 5 4914 4915 4980 4979
face 4 680 681 -1 691 756 4981 4916
face 4 680 744 -1 755 4980 4981 756
face 4 680 -1 4 690 755 756 691
face 4 680 -1 5 4915 4916 4981 4980
face 4 681 682 -1 692 757 4982 4917
face 4 681 745 -1 756 4981 4982 757
face 4 681 -1 4 691 756 757 692
face 4 681 -1 5 4916 4917 4982 4981
face 4 682 683 -1 693 758 4983 4918
face 4 682 746 -1 757 4982 4983 758
face 4 682 -1 4 692 757 758 693
face 4 682 -1 5 4917 4918 4983 4982
face 4 683 684 -1 694 759 4984 4919
face 4 683 747 -1 758 4983 4984 759
face 4 683 -1 4 693 758 759 694
face 4 683 -1 5 4918 4919 4984 4983
face 4 684 685 -1 695 760 4985 4920
face 4 684 748 -1 759 4984 4985 760
face 4 684 -1 4 694 759 760 695
face 4 684 -1 5 4919 4920 4985 4984
face 4 685 686 -1 696 761 4986 4921
face 4 685 749 -1 760 4985 4986 761
face 4 685 -1 4 695 760 761 696
face 4 685 -1 5 4920 4921 4986 4985
face 4 686 687 -1 697 762 4987 4922
face 4 686 750 -1 761 4986 4987 762
face 4 686 -1 4 696 761 762 697
face 4 686 -1 5 4921 4922 4987 4986
face 4 687 688 -1 698 763 4988 4923
face 4 687 751 -1 762 4987 4988 763
face 4 687 -1 4 697 762 763 698
face 4 687 -1 5 4922 4923 4988 4987
face 4 688 689 -1 699 764 4989 4924
face 4 688 752 -1 763 4988 4989 764
face 4 688 -1 4 698 763 764 699
face 4 688 -1 5 4923 4924 4989 4988
face 4 689 690 -1 700 765 4990 4925
face 4 689 753 -1 764 4989 4990 765
face 4 689 -1 4 699 764 765 700
face 4 689 -1 5 4924 4925 4990 4989
face 4 690 691 -1 701 766 4991 4926
face 4 690 754 -1 765 4990 4991 766
face 4 690 -1 4 700 765 766 701
face 4 690 -1 5 4925 4926 4991 4990
face 4 691 692 -1 702 767 4992 4927
face 4 691 755 -1 766 4991 4992 767
face 4 691 -1 4 701 766 767 702
face 4 691 -1 5 4926 4927 4992 4991
face 4 692 693 -1 703 768 4993 4928
face 4 692 756 -1 767 4992 4993 768
face 4 692 -1 4 702 767 768 703
face 4 692 -1 5 4927 4928 4993 4992
face 4 693 694 -1 704 769 4994 4929
face 4 693 757 -1 768 4993 4994 769
face 4 693 -1 4 703 768 769 704
face 4 693 -1 5 4928 4929 4994 4993
face 4 694 695 -1 705 770 4995 4930
face 4 694 758 -1 769 4994 4995 770
face 4 694 -1 4 704 769 770 705
face 4 694 -1 5 4929 4930 4995 4994
face 4 695 696 -1 706 771 4996 4931
face 4 695 759 -1 770 4995 4996 771
face 4 695 -1 4 705 770 771 706
face 4 695 -1 5 4930 4931 4996 4995
face 4 696 697 -1 707 772 4997 4932
face 4 696 760 -1 771 4996 4997 772
face 4 696 -1 4 706 771 772 707
face 4 696 -1 5 4931 4932 4997 4996
face 4 697 698 -1 708 773 4998 4933
face 4 697 761 -1 772 4997 4998 773
face 4 697 -1 4 707 772 773 708
face 4 697 -1 5 4932 4933 4998 4997
face 4 698 699 -1 709 774 4999 4934
face 4 698 762 -1 773 4998 4999 774
face 4 698 -1 4 708 773 774 709
face 4 698 -1 5 4933 4934 4999 4998
face 4 699 700 -1 710 775 5000 4935
face 4 699 763 -1 774 4999 5000 775
face 4 699 -1 4 709 774 775 710
face 4 699 -1 5 4934 4935 5000 4999
face 4 700 701 -1 711 776 5001 4936
face 4 700 764 -1 775 5000 5001 776
face 4 700 -1 4 710 775 776 711
face 4 700 -1 5 4935 4936 5001 5000
face 4 701 702 -1 712 777 5002 4937
face 4 701 765 -1 776 5001 5002 777
face 4 701 -1 4 711 776 777 712
face 4 701 -1 5 4936 4937 5002 5001
face 4 702 703 -1 713 778 5003 4938
face 4 702 766 -1 777 5002 5003 778
face 4 702 -1 4 712 777 778 713
face 4 702 -1 5 4937 4938 5003 5002
face 4 703 -1 1 714 779 5004 4939
face 4 703 767 -1 778 5003 5004 779
face 4 703 -1 4 713 778 779 714
face 4 703 -1 5 4938 4939 5004 5003
face 4 704 -1 0 715 4940 5005 780
face 4 704 705 -1 716 781 5006 4941
face 4 704 768 -1 780 5005 5006 781
face 4 704 -1 4 715 780 781 716
face 4 704 -1 5 4940 4941 5006 5005
face 4 705 706 -1 717 782 5007 4942
face 4 705 769 -1 781 5006 5007 782
face 4 705 -1 4 716 781 782 717
face 4 705 -1 5 4941 4942 5007 5006
face 4 706 707 -1 718 783 5008 4943
face 4 706 770 -1 782 5007 5008 783
face 4 706 -1 4 717 782 783 718
face 4 706 -1 5 4942 4943 5008 5007
face 4 707 708 -1 719 784 5009 4944
face 4 707 771 -1 783 5008 5009 784
face 4 707 -1 4 718 783 784 719
face 4 707 -1 5 4943 4944 5009 5008
face 4 708 709 -1 720 785 5010 4945
face 4 708 772 -1 784 5009 5010 785
face 4 708 -1 4 719 784 785 720
face 4 708 -1 5 4944 4945 5010 5009
face 4 709 710 -1 721 786 5011 4946
face 4 709 773 -1 785 5010 5011 786
face 4 709 -1 4 720 785 786 721
face 4 709 -1 5 4945 4946 5011 5010
face 4 710 711 -1 722 787 5012 4947
face 4 710 774 -1 786 5011 5012 787
face 4 710 -1 4 721 786 787 722
face 4 710 -1 5 4946 4947 5012 5011
face 4 711 712 -1 723 788 5013 4948
face 4 711 775 -1 787 5012 5013 788
face 4 711 -1 4 722 787 788 723
face 4 711 -1 5 4947 4948 5013 5012
face 4 712 713 -1 724 789 5014 4949
face 4 712 776 -1 788 5013 5014 789
face 4 712 -1 4 723 788 789 724
face 4 712 -1 5 4948 4949 5014 5013
face 4 713 714 -1 725 790 5015 4950
face 4 713 777 -1 789 5014 5015 790
face 4 713 -1 4 724 789 790 725
face 4 713 -1 5 4949 4950 5015 5014
face 4 714 715 -1 726 791 5016 4951
face 4 714 778 -1 790 5015 5016 791
face 4 714 -1 4 725 790 791 726
face 4 714 -1 5 4950 4951 5016 5015
face 4 715 716 -1 727 792 5017 4952
face 4 715 779 -1 791 5016 5017 792
face 4 715 -1 4 726 791 792 727
face 4 715 -1 5 4951 4952 5017 5016
face 4 716 717 -1 728 793 5018 4953
face 4 716 780 -1 792 5017 5018 793
face 4 716 -1 4 727 792 793 728
face 4 716 -1 5 4952 4953 5018 5017
face 4 717 718 -1 729 794 5019 4954
face 4 717 781 -1 793 5018 5019 794
face 4 717 -1 4 728 793 794 729
face 4 717 -1 5 4953 4954 5019 5018
face 4 718 719 -1 730 795 5020 4955
face 4 718 782 -1 794 5019 5020 795
face 4 718 -1 4 729 794 795 730
face 4 718 -1 5 4954 4955 5020 5019
face 4 719 720 -1 731 796 5021 4956
face 4 719 783 -1 795 5020 5021 796
face 4 719 -1 4 730 795 796 731
face 4 719 -1 5 4955 4956 5021 5020
face 4 720 721 -1 732 797 5022 4957
face 4 720 784 -1 796 5021 5022 797
face 4 720 -1 4 731 796 797 732
face 4 720 -1 5 4956 4957 5022 5021
face 4 721 722 -1 733 798 5023 4958
face 4 721 785 -1 797 5022 5023 798
face 4 721 -1 4 732 797 798 733
face 4 721 -1 5 4957 4958 5023 5022
face 4 722 723 -1 734 799 5024 4959
face 4 722 786 -1 798 5023 5024 799
face 4 722 -1 4 733 798 799 734
face 4 722 -1 5 4958 4959 5024 5023
face 4 723 724 -1 735 800 5025 4960
face 4 723 787 -1 799 5024 5025 800
face 4 723 -1 4 734 799 800 735
face 4 723 -1 5 4959 4960 5025 5024
face 4 724 725 -1 736 801 5026 4961
face 4 724 788 -1 800 5025 5026 801
face 4 724 -1 4 735 800 801 736
face 4 724 -1 5 4960 4961 5026 5025
face 4 725 726 -1 737 802 5027 4962
face 4 725 789 -1 801 5026 5027 802
face 4 725 -1 4 736 801 802 737
face 4 725 -1 5 4961 4962 5027 5026
face 4 726 727 -1 738 803 5028 4963
face 4 726 790 -1 802 5027 5028 803
face 4 726 -1 4 737 802 803 738
face 4 726 -1 5 4962 4963 5028 5027
face 4 727 728 -1 739 804 5029 4964
face 4 727 791 -1 803 5028 5029 804
face 4 727 -1 4 738 803 804 739
face 4 727 -1 5 4963 4964 5029 5028
face 4 728 729 -1 740 805 5030 4965
face 4 728 792 -1 804 5029 5030 805
face 4 728 -1 4 739 804 805 740
face 4 728 -1 5 4964 4965 5030 5029
face 4 729 730 -1 741 806 5031 4966
face 4 729 793 -1 805 5030 5031 806
face 4 729 -1 4 740 805 806 741
face 4 729 -1 5 4965 4966 5031 5030
face 4 730 731 -1 742 807 5032 4967
face 4 730 794 -1 806 5031 5032 807
face 4 730 -1 4 741 806 807 742
face 4 730 -1 5 4966 4967 5032 5031
face 4 731 732 -1 743 808 5033 4968
face 4 731 795 -1 807 5032 5033 808
face 4 731 -1 4 742 807 808 743
face 4 731 -1 5 4967 4968 5033 5032
face 4 732 733 -1 744 809 5034 4969
face 4 732 796 -1 808 5033 5034 809
face 4 732 -1 4 743 808 809 744
face 4 732 -1 5 4968 4969 5034 5033
face 4 733 734 -1 745 810 5035 4970
face 4 733 797 -1 809 5034 5035 810
face 4 733 -1 4 744 809 810 745
face 4 733 -1 5 4969 4970 5035 5034
face 4 734 735 -1 746 811 5036 4971
face 4 734 798 -1 810 5035 5036 811
face 4 734 -1 4 745 810 811 746
face 4 734 -1 5 4970 4971 5036 5035
face 4 735 736 -1 747 812 5037 4972
face 4 735 799 -1 811 5036 5037 812
face 4 735 -1 4 746 811 812 747
face 4 735 -1 5 4971 4972 5037 5036
face 4 736 737 -1 748 813 5038 4973
face 4 736 800 -1 812 5037 5038 813
face 4 736 -1 4 747 812 813 748
face 4 736 -1 5 4972 4973 5038 5037
face 4 737 738 -1 749 814 5039 4974
face 4 737 801 -1 813 5038 5039 814
face 4 737 -1 4 748 813 814 749
face 4 737 -1 5 4973 4974 5039 5038
face 4 738 739 -1 750 815 5040 4975
face 4 738 802 -1 814 5039 5040 815
face 4 738 -1 4 749 814 815 750
face 4 738 -1 5 4974 4975 5040 5039
face 4 739 740 -1 751 816 5041 4976
face 4 739 803 -1 815 5040 5041 816
face 4 739 -1 4 750 815 816 751
face 4 739 -1 5 4975 4976 5041 5040
face 4 740 741 -1 752 817 5042 4977
face 4 740 804 -1 816 5041 5042 817
face 4 740 -1 4 751 816 817 752
face 4 740 -1 5 4976 4977 5042 5041
face 4 741 742 -1 753 818 5043 4978
face 4 741 805 -1 817 5042 5043 818
face 4 741 -1 4 752 817 818 753
face 4 741 -1 5 4977 4978 5043 5042
face 4 742 743 -1 754 819 5044 4979
face 4 742 806 -1 818 5043 5044 819
face 4 742 -1 4 753 818 819 754
face 4 742 -1 5 4978 4979 5044 5043
face 4 743 744 -1 755 820 5045 4980
face 4 743 807 -1 819 5044 5045 820
face 4 743 -1 4 754 819 820 755
face 4 743 -1 5 4979 4980 5045 5044
face 4 744 745 -1 756 821 5046 4981
face 4 744 808 -1 820 5045 5046 821
face 4 744 -1 4 755 820 821 756
face 4 744 -1 5 4980 4981 5046 5045
face 4 745 746 -1 757 822 5047 4982
face 4 745 809 -1 821 5046 5047 822
face 4 745 -1 4 756 821 822 757
face 4 745 -1 5 4981 4982 5047 5046
face 4 746 747 -1 758 823 5048 4983
face 4 746 810 -1 822 5047 5048 823
face 4 746 -1 4 757 822 823 758
face 4 746 -1 5 4982 4983 5048 5047
face 4 747 748 -1 759 824 5049 4984
face 4 747 811 -1 823 5048 5049 824
face 4 747 -1 4 758 823 824 759
face 4 747 -1 5 4983 4984 5049 5048
face 4 748 749 -1 760 825 5050 4985
face 4 748 812 -1 824 5049 5050 825
face 4 748 -1 4 759 824 825 760
face 4 748 -1 5 4984 4985 5050 5049
face 4 749 750 -1 761 826 5051 4986
face 4 749 813 -1 825 5050 5051 826
face 4 749 -1 4 760 825 826 761
face 4 749 -1 5 4985 4986 5051 5050
face 4 750 751 -1 762 827 5052 4987
face 4 750 814 -1 826 5051 5052 827
face 4 750 -1 4 761 826 827 762
face 4 750 -1 5 4986 4987 5052 5051
face 4 751 752 -1 763 828 5053 4988
face 4 751 815 -1 827 5052 5053 828
face 4 751 -1 4 762 827 828 763
face 4 751 -1 5 4987 4988 5053 5052
face 4 752 753 -1 764 829 5054 4989
face 4 752 816 -1 828 5053 5054 829
face 4 752 -1 4 763 828 829 764
face 4 752 -1 5 4988 4989 5054 5053
face 4 753 754 -1 765 830 5055 4990
face 4 753 817 -1 829 5054 5055 830
face 4 753 -1 4 764 829 830 765
face 4 753 -1 5 4989 4990 5055 5054
face 4 754 755 -1 766 831 5056 4991
face 4 754 818 -1 830 5055 5056 831
face 4 754 -1 4 765 830 831 766
face 4 754 -1 5 4990 4991 5056 5055
face 4 755 756 -1 767 832 5057 4992
face 4 755 819 -1 831 5056 5057 832
face 4 755 -1 4 766 831 832 767
face 4 755 -1 5 4991 4992 5057 5056
face 4 756 757 -1 768 833 5058 4993
face 4 756 820 -1 832 5057 5058 833
face 4 756 -1 4 767 832 833 768
face 4 756 -1 5 4992 4993 5058 5057
face 4 757 758 -1 769 834 5059 4994
face 4 757 821 -1 833 5058 5059 834
face 4 757 -1 4 768 833 834 769
face 4 757 -1 5 4993 4994 5059 5058
face 4 758 759 -1 770 835 5060 4995
face 4 758 822 -1 834 5059 5060 835
face 4 758 -1 4 769 834 835 770
face 4 758 -1 5 4994 4995 5060 5059
face 4 759 760 -1 771 836 5061 4996
face 4 759 823 -1 835 5060 5061 836
face 4 759 -1 4 770 835 836 771
face 4 759 -1 5 4995 4996 5061 5060
face 4 760 761 -1 772 837 5062 4997
face 4 760 824 -1 836 5061 5062 837
face 4 760 -1 4 771 836 837 772
face 4 760 -1 5 4996 4997 5062 5061
face 4 761 762 -1 773 838 5063 4998
face 4 761 825 -1 837 5062 5063 838
face 4 761 -1 4 772 837 838 773
face 4 761 -1 5 4997 4998 5063 5062
face 4 762 763 -1 774 839 5064 4999
face 4 762 826 -1 838 5063 5064 839
face 4 762 -1 4 773 838 839 774
face 4 762 -1 5 4998 4999 5064 5063
face 4 763 764 -1 775 840 5065 5000
face 4 763 827 -1 839 5064 5065 840
face 4 763 -1 4 774 839 840 775
face 4 763 -1 5 4999 5000 5065 5064
face 4 764 765 -1 776 841 5066 5001
face 4 764 828 -1 840 5065 5066 841
face 4 764 -1 4 775 840 841 776
face 4 764 -1 5 5000 5001 5066 5065
face 4 765 766 -1 777 842 5067 5002
face 4 765 829 -1 841 5066 5067 842
face 4 765 -1 4 776 841 842 777
face 4 765 -1 5 5001 5002 5067 5066
face 4 766 767 -1 778 843 5068 5003
face 4 766 830 -1 842 5067 5068 843
face 4 766 -1 4 777 842 843 778
face 4 766 -1 5 5002 5003 5068 5067
face 4 767 -1 1 779 844 5069 5004
face 4 767 831 -1 843 5068 5069 844
face 4 767 -1 4 778 843 844 779
face 4 767 -1 5 5003 5004 5069 5068
face 4 768 -1 0 780 5005 5070 845
face 4 768 769 -1 781 846 5071 5006
face 4 768 832 -1 845 5070 5071 846
face 4 768 -1 4 780 845 846 781
face 4 768 -1 5 5005 5006 5071 5070
face 4 769 770 -1 782 847 5072 5007
face 4 769 833 -1 846 5071 5072 847
face 4 769 -1 4 781 846 847 782
face 4 769 -1 5 5006 5007 5072 5071
face 4 770 771 -1 783 848 5073 5008
face 4 770 834 -1 847 5072 5073 848
face 4 770 -1 4 782 847 848 783
face 4 770 -1 5 5007 5008 5073 5072
face 4 771 772 -1 784 849 5074 5009
face 4 771 835 -1 848 5073 5074 849
face 4 771 -1 4 783 848 849 784
face 4 771 -1 5 5008 5009 5074 5073
face 4 772 773 -1 785 850 5075 5010
face 4 772 836 -1 849 5074 5075 850
face 4 772 -1 4 784 849 850 785
face 4 772 -1 5 5009 5010 5075 5074
face 4 773 774 -1 786 851 5076 5011
face 4 773 837 -1 850 5075 5076 851
face 4 773 -1 4 785 850 851 786
face 4 773 -1 5 5010 5011 5076 5075
face 4 774 775 -1 787 852 5077 5012
face 4 774 838 -1 851 5076 5077 852
face 4 774 -1 4 786 851 852 787
face 4 774 -1 5 5011 5012 5077 5076
face 4 775 776 -1 788 853 5078 5013
face 4 775 839 -1 852 5077 5078 853
face 4 775 -1 4 787 852 853 788
face 4 775 -1 5 5012 5013 5078 5077
face 4 776 777 -1 789 854 5079 5014
face 4 776 840 -1 853 5078 5079 854
face 4 776 -1 4 788 853 854 789
face 4 776 -1 5 5013 5014 5079 5078
face 4 777 778 -1 790 855 5080 5015
face 4 777 841 -1 854 5079 5080 855
face 4 777 -1 4 789 854 855 790
face 4 777 -1 5 5014 5015 5080 5079
face 4 778 779 -1 791 856 5081 5016
face 4 778 842 -1 855 5080 5081 856
face 4 778 -1 4 790 855 856 791
face 4 778 -1 5 5015 5016 5081 5080
face 4 779 780 -1 792 857 5082 5017
face 4 779 843 -1 856 5081 5082 857
face 4 779 -1 4 791 856 857 792
face 4 779 -1 5 5016 5017 5082 5081
face 4 780 781 -1 793 858 5083 5018
face 4 780 844 -1 857 5082 5083 858
face 4 780 -1 4 792 857 858 793
face 4 780 -1 5 5017 5018 5083 5082
face 4 781 782 -1 794 859 5084 5019
face 4 781 845 -1 858 5083 5084 859
face 4 781 -1 4 793 858 859 794
face 4 781 -1 5 5018 5019 5084 5083
face 4 782 783 -1 795 860 5085 5020
face 4 782 846 -1 859 5084 5085 860
face 4 782 -1 4 794 859 860 795
face 4 782 -1 5 5019 5020 5085 5084
face 4 783 784 -1 796 861 5086 5021
face 4 783 847 -1 860 5085 5086 861
face 4 783 -1 4 795 860 861 796
face 4 783 -1 5 5020 5021 5086 5085
face 4 784 785 -1 797 862 5087 5022
face 4 784 848 -1 861 5086 5087 862
face 4 784 -1 4 796 861 862 797
face 4 784 -1 5 5021 5022 5087 5086
face 4 785 786 -1 798 863 5088 5023
face 4 785 849 -1 862 5087 5088 863
face 4 785 -1 4 797 862 863 798
face 4 785 -1 5 5022 5023 5088 5087
face 4 786 787 -1 799 864 5089 5024
face 4 786 850 -1 863 5088 5089 864
face 4 786 -1 4 798 863 864 799
face 4 786 -1 5 5023 5024 5089 5088
face 4 787 788 -1 800 865 5090 5025
face 4 787 851 -1 864 5089 5090 865
face 4 787 -1 4 799 864 865 800
face 4 787 -1 5 5024 5025 5090 5089
face 4 788 789 -1 801 866 5091 5026
face 4 788 852 -1 865 5090 5091 866
face 4 788 -1 4 800 865 866 801
face 4 788 -1 5 5025 5026 5091 5090
face 4 789 790 -1 802 867 5092 5027
face 4 789 853 -1 866 5091 5092 867
face 4 789 -1 4 801 866 867 802
face 4 789 -1 5 5026 5027 5092 5091
face 4 790 791 -1 803 868 5093 5028
face 4 790 854 -1 867 5092 5093 868
face 4 790 -1 4 802 867 868 803
face 4 790 -1 5 5027 5028 5093 5092
face 4 791 792 -1 804 869 5094 5029
face 4 791 855 -1 868 5093 5094 869
face 4 791 -1 4 803 868 869 804
face 4 791 -1 5 5028 5029 5094 5093
face 4 792 793 -1 805 870 5095 5030
face 4 792 856 -1 869 5094 5095 870
face 4 792 -1 4 804 869 870 805
face 4 792 -1 5 5029 5030 5095 5094
face 4 793 794 -1 806 871 5096 5031
face 4 793 857 -1 870 5095 5096 871
face 4 793 -1 4 805 870 871 806
face 4 793 -1 5 5030 5031 5096 5095
face 4 794 795 -1 807 872 5097 5032
face 4 794 858 -1 871 5096 5097 872
face 4 794 -1 4 806 871 872 807
face 4 794 -1 5 5031 5032 5097 5096
face 4 795 796 -1 808 873 5098 5033
face 4 795 859 -1 872 5097 5098 873
face 4 795 -1 4 807 872 873 808
face 4 795 -1 5 5032 5033 5098 5097
face 4 796 797 -1 809 874 5099 5034
face 4 796 860 -1 873 5098 5099 874
face 4 796 -1 4 808 873 874 809
face 4 796 -1 5 5033 5034 5099 5098
face 4 797 798 -1 810 875 5100 5035
face 4 797 861 -1 874 5099 5100 875
face 4 797 -1 4 809 874 875 810
face 4 797 -1 5 5034 5035 5100 5099
face 4 798 799 -1 811 876 5101 5036
face 4 798 862 -1 875 5100 5101 876
face 4 798 -1 4 810 875 876 811
face 4 798 -1 5 5035 5036 5101 5100
face 4 799 800 -1 812 877 5102 5037
face 4 799 863 -1 876 5101 5102 877
face 4 799 -1 4 811 876 877 812
face 4 799 -1 5 5036 5037 5102 5101
face 4 800 801 -1 813 878 5103 5038
face 4 800 864 -1 877 5102 5103 878
face 4 800 -1 4 812 877 878 813
face 4 800 -1 5 5037 5038 5103 5102
face 4 801 802 -1 814 879 5104 5039
face 4 801 865 -1 878 5103 5104 879
face 4 801 -1 4 813 878 879 814
face 4 801 -1 5 5038 5039 5104 5103
face 4 802 803 -1 815 880 5105 5040
face 4 802 866 -1 879 5104 5105 880
face 4 802 -1 4 814 879 880 815
face 4 802 -1 5 5039 5040 5105 5104
face 4 803 804 -1 816 881 5106 5041
face 4 803 867 -1 880 5105 5106 881
face 4 803 -1 4 815 880 881 816
face 4 803 -1 5 5040 5041 5106 5105
face 4 804 805 -1 817 882 5107 5042
face 4 804 868 -1 881 5106 5107 882
face 4 804 -1 4 816 881 882 817
face 4 804 -1 5 5041 5042 5107 5106
face 4 805 806 -1 818 883 5108 5043
face 4 805 869 -1 882 5107 5108 883
face 4 805 -1 4 817 882 883 818
face 4 805 -1 5 5042 5043 5108 5107
face 4 806 807 -1 819 884 5109 5044
face 4 806 870 -1 883 5108 5109 884
face 4 806 -1 4 818 883 884 819
face 4 806 -1 5 5043 5044 5109 5108
face 4 807 808 -1 820 885 5110 5045
face 4 807 871 -1 884 5109 5110 885
face 4 807 -1 4 819 884 885 820
face 4 807 -1 5 5044 5045 5110 5109
face 4 808 809 -1 821 886 5111 5046
face 4 808 872 -1 885 5110 5111 886
face 4 808 -1 4 820 885 886 821
face 4 808 -1 5 5045 5046 5111 5110
face 4 809 810 -1 822 887 5112 5047
face 4 809 873 -1 886 5111 5112 887
face 4 809 -1 4 821 886 887 822
face 4 809 -1 5 5046 5047 5112 5111
face 4 810 811 -1 823 888 5113 5048
face 4 810 874 -1 887 5112 5113 888
face 4 810 -1 4 822 887 888 823
face 4 810 -1 5 5047 5048 5113 5112
face 4 811 812 -1 824 889 5114 5049
face 4 811 875 -1 888 5113 5114 889
face 4 811 -1 4 823 888 889 824
face 4 811 -1 5 5048 5049 5114 5113
face 4 812 813 -1 825 890 5115 5050
face 4 812 876 -1 889 5114 5115 890
face 4 812 -1 4 824 889 890 825
face 4 812 -1 5 5049 5050 5115 5114
face 4 813 814 -1 826 891 5116 5051
face 4 813 877 -1 890 5115 5116 891
face 4 813 -1 4 825 890 891 826
face 4 813 -1 5 5050 5051 5116 5115
face 4 814 815 -1 827 892 5117 5052
face 4 814 878 -1 891 5116 5117 892
face 4 814 -1 4 826 891 892 827
face 4 814 -1 5 5051 5052 5117 5116
face 4 815 816 -1 828 893 5118 5053
face 4 815 879 -1 892 5117 5118 893
face 4 815 -1 4 827 892 893 828
face 4 815 -1 5 5052 5053 5118 5117
face 4 816 817 -1 829 894 5119 5054
face 4 816 880 -1 893 5118 5119 894
face 4 816 -1 4 828 893 894 829
face 4 816 -1 5 5053 5054 5119 5118
face 4 817 818 -1 830 895 5120 5055
face 4 817 881 -1 894 5119 5120 895
face 4 817 -1 4 829 894 895 830
face 4 817 -1 5 5054 5055 5120 5119
face 4 818 819 -1 831 896 5121 5056
face 4 818 882 -1 895 5120 5121 896
face 4 818 -1 4 830 895 896 831
face 4 818 -1 5 5055 5056 5121 5120
face 4 819 820 -1 832 897 5122 5057
face 4 819 883 -1 896 5121 5122 897
face 4 819 -1 4 831 896 897 832
face 4 819 -1 5 5056 5057 5122 5121
face 4 820 821 -1 833 898 5123 5058
face 4 820 884 -1 897 5122 5123 898
face 4 820 -1 4 832 897 898 833
face 4 820 -1 5 5057 5058 5123 5122
face 4 821 822 -1 834 899 5124 5059
face 4 821 885 -1 898 5123 5124 899
face 4 821 -1 4 833 898 899 834
face 4 821 -1 5 5058 5059 5124 5123
face 4 822 823 -1 835 900 5125 5060
face 4 822 886 -1 899 5124 5125 900
face 4 822 -1 4 834 899 900 835
face 4 822 -1 5 5059 5060 5125 5124
face 4 823 824 -1 836 901 5126 5061
face 4 823 887 -1 900 5125 5126 901
face 4 823 -1 4 835 900 901 836
face 4 823 -1 5 5060 5061 5126 5125
face 4 824 825 -1 837 902 5127 5062
face 4 824 888 -1 901 5126 5127 902
face 4 824 -1 4 836 901 902 837
face 4 824 -1 5 5061 5062 5127 5126
face 4 825 826 -1 838 903 5128 5063
face 4 825 889 -1 902 5127 5128 903
face 4 825 -1 4 837 902 903 838
face 4 825 -1 5 5062 5063 5128 5127
face 4 826 827 -1 839 904 5129 5064
face 4 826 890 -1 903 5128 5129 904
face 4 826 -1 4 838 903 904 839
face 4 826 -1 5 5063 5064 5129 5128
face 4 827 828 -1 840 905 5130 5065
face 4 827 891 -1 904 5129 5130 905
face 4 827 -1 4 839 904 905 840
face 4 827 -1 5 5064 5065 5130 5129
face 4 828 829 -1 841 906 5131 5066
face 4 828 892 -1 905 5130 5131 906
face 4 828 -1 4 840 905 906 841
face 4 828 -1 5 5065 5066 5131 5130
face 4 829 830 -1 842 907 5132 5067
face 4 829 893 -1 906 5131 5132 907
face 4 829 -1 4 841 906 907 842
face 4 829 -1 5 5066 5067 5132 5131
face 4 830 831 -1 843 908 5133 5068
face 4 830 894 -1 907 5132 5133 908
face 4 830 -1 4 842 907 908 843
face 4 830 -1 5 5067 5068 5133 5132
face 4 831 -1 1 844 909 5134 5069
face 4 831 895 -1 908 5133 5134 909
face 4 831 -1 4 843 908 909 844
face 4 831 -1 5 5068 5069 5134 5133
face 4 832 -1 0 845 5070 5135 910
face 4 832 833 -1 846 911 5136 5071
face 4 832 896 -1 910 5135 5136 911
face 4 832 -1 4 845 910 911 846
face 4 832 -1 5 5070 5071 5136 5135
face 4 833 834 -1 847 912 5137 5072
face 4 833 897 -1 911 5136 5137 912
face 4 833 -1 4 846 911 912 847
face 4 833 -1 5 5071 5072 5137 5136
face 4 834 835 -1 848 913 5138 5073
face 4 834 898 -1 912 5137 5138 913
face 4 834 -1 4 847 912 913 848
face 4 834 -1 5 5072 5073 5138 5137
face 4 835 836 -1 849 914 5139 5074
face 4 835 899 -1 913 5138 5139 914
face 4 835 -1 4 848 913 914 849
face 4 835 -1 5 5073 5074 5139 5138
face 4 836 837 -1 850 915 5140 5075
face 4 836 900 -1 914 5139 5140 915
face 4 836 -1 4 849 914 915 850
face 4 836 -1 5 5074 5075 5140 5139
face 4 837 838 -1 851 916 5141 5076
face 4 837 901 -1 915 5140 5141 916
face 4 837 -1 4 850 915 916 851
face 4 837 -1 5 5075 5076 5141 5140
face 4 838 839 -1 852 917 5142 5077
face 4 838 902 -1 916 5141 5142 917
face 4 838 -1 4 851 916 917 852
face 4 838 -1 5 5076 5077 5142 5141
face 4 839 840 -1 853 918 5143 5078
face 4 839 903 -1 917 5142 5143 918
face 4 839 -1 4 852 917 918 853
face 4 839 -1 5 5077 5078 5143 5142
face 4 840 841 -1 854 919 5144 5079
face 4 840 904 -1 918 5143 5144 919
face 4 840 -1 4 853 918 919 854
face 4 840 -1 5 5078 5079 5144 5143
face 4 841 842 -1 855 920 5145 5080
face 4 841 905 -1 919 5144 5145 920
face 4 841 -1 4 854 919 920 855
face 4 841 -1 5 5079 5080 5145 5144
face 4 842 843 -1 856 921 5146 5081
face 4 842 906 -1 920 5145 5146 921
face 4 842 -1 4 855 920 921 856
face 4 842 -1 5 5080 5081 5146 5145
face 4 843 844 -1 857 922 5147 5082
face 4 843 907 -1 921 5146 5147 922
face 4 843 -1 4 856 921 922 857
face 4 843 -1 5 5081 5082 5147 5146
face 4 844 845 -1 858 923 5148 5083
face 4 844 908 -1 922 5147 5148 923
face 4 844 -1 4 857 922 923 858
face 4 844 -1 5 5082 5083 5148 5147
face 4 845 846 -1 859 924 5149 5084
face 4 845 909 -1 923 5148 5149 924
face 4 845 -1 4 858 923 924 859
face 4 845 -1 5 5083 5084 5149 5148
face 4 846 847 -1 860 925 5150 5085
face 4 846 910 -1 924 5149 5150 925
face 4 846 -1 4 859 924 925 860
face 4 846 -1 5 5084 5085 5150 5149
face 4 847 848 -1 861 926 5151 5086
face 4 847 911 -1 925 5150 5151 926
face 4 847 -1 4 860 925 926 861
face 4 847 -1 5 5085 5086 5151 5150
face 4 848 849 -1 862 927 5152 5087
face 4 848 912 -1 926 5151 5152 927
face 4 848 -1 4 861 926 927 862
face 4 848 -1 5 5086 5087 5152 5151
face 4 849 850 -1 863 928 5153 5088
face 4 849 913 -1 927 5152 5153 928
face 4 849 -1 4 862 927 928 863
face 4 849 -1 5 5087 5088 5153 5152
face 4 850 851 -1 864 929 5154 5089
face 4 850 914 -1 928 5153 5154 929
face 4 850 -1 4 863 928 929 864
face 4 850 -1 5 5088 5089 5154 5153
face 4 851 852 -1 865 930 5155 5090
face 4 851 915 -1 929 5154 5155 930
face 4 851 -1 4 864 929 930 865
face 4 851 -1 5 5089 5090 5155 5154
face 4 852 853 -1 866 931 5156 5091
face 4 852 916 -1 930 5155 5156 931
face 4 852 -1 4 865 930 931 866
face 4 852 -1 5 5090 5091 5156 5155
face 4 853 854 -1 867 932 5157 5092
face 4 853 917 -1 931 5156 5157 932
face 4 853 -1 4 866 931 932 867
face 4 853 -1 5 5091 5092 5157 5156
face 4 854 855 -1 868 933 5158 5093
face 4 854 918 -1 932 5157 5158 933
face 4 854 -1 4 867 932 933 868
face 4 854 -1 5 5092 5093 5158 5157
face 4 855 856 -1 869 934 5159 5094
face 4 855 919 -1 933 5158 5159 934
face 4 855 -1 4 868 933 934 869
face 4 855 -1 5 5093 5094 5159 5158
face 4 856 857 -1 870 935 5160 5095
face 4 856 920 -1 934 5159 5160 935
face 4 856 -1 4 869 934 935 870
face 4 856 -1 5 5094 5095 5160 5159
face 4 857 858 -1 871 936 5161 5096
face 4 857 921 -1 935 5160 5161 936
face 4 857 -1 4 870 935 936 871
face 4 857 -1 5 5095 5096 5161 5160
face 4 858 859 -1 872 937 5162 5097
face 4 858 922 -1 936 5161 5162 937
face 4 858 -1 4 871 936 937 872
face 4 858 -1 5 5096 5097 5162 5161
face 4 859 860 -1 873 938 5163 5098
face 4 859 923 -1 937 5162 5163 938
face 4 859 -1 4 872 937 938 873
face 4 859 -1 5 5097 5098 5163 5162
face 4 860 861 -1 874 939 5164 5099
face 4 860 924 -1 938 5163 5164 939
face 4 860 -1 4 873 938 939 874
face 4 860 -1 5 5098 5099 5164 5163
face 4 861 862 -1 875 940 5165 5100
face 4 861 925 -1 939 5164 5165 940
face 4 861 -1 4 874 939 940 875
face 4 861 -1 5 5099 5100 5165 5164
face 4 862 863 -1 876 941 5166 5101
face 4 862 926 -1 940 5165 5166 941
face 4 862 -1 4 875 940 941 876
face 4 862 -1 5 5100 5101 5166 5165
face 4 863 864 -1 877 942 5167 5102
face 4 863 927 -1 941 5166 5167 942
face 4 863 -1 4 876 941 942 877
face 4 863 -1 5 5101 5102 5167 5166
face 4 864 865 -1 878 943 5168 5103
face 4 864 928 -1 942 5167 5168 943
face 4 864 -1 4 877 942 943 878
face 4 864 -1 5 5102 5103 5168 5167
face 4 865 866 -1 879 944 5169 5104
face 4 865 929 -1 943 5168 5169 944
face 4 865 -1 4 878 943 944 879
face 4 865 -1 5 5103 5104 5169 5168
face 4 866 867 -1 880 945 5170 5105
face 4 866 930 -1 944 5169 5170 945
face 4 866 -1 4 879 944 945 880
face 4 866 -1 5 5104 5105 5170 5169
face 4 867 868 -1 881 946 5171 5106
face 4 867 931 -1 945 5170 5171 946
face 4 867 -1 4 880 945 946 881
face 4 867 -1 5 5105 5106 5171 5170
face 4 868 869 -1 882 947 5172 5107
face 4 868 932 -1 946 5171 5172 947
face 4 868 -1 4 881 946 947 882
face 4 868 -1 5 5106 5107 5172 5171
face 4 869 870 -1 883 948 5173 5108
face 4 869 933 -1 947 5172 5173 948
face 4 869 -1 4 882 947 948 883
face 4 869 -1 5 5107 5108 5173 5172
face 4 870 871 -1 884 949 5174 5109
face 4 870 934 -1 948 5173 5174 949
face 4 870 -1 4 883 948 949 884
face 4 870 -1 5 5108 5109 5174 5173
face 4 871 872 -1 885 950 5175 5110
face 4 871 935 -1 949 5174 5175 950
face 4 871 -1 4 884 949 950 885
face 4 871 -1 5 5109 5110 5175 5174
face 4 872 873 -1 886 951 5176 5111
face 4 872 936 -1 950 5175 5176 951
face 4 872 -1 4 885 950 951 886
face 4 872 -1 5 5110 5111 5176 5175
face 4 873 874 -1 887 952 5177 5112
face 4 873 937 -1 951 5176 5177 952
face 4 873 -1 4 886 951 952 887
face 4 873 -1 5 5111 5112 5177 5176
face 4 874 875 -1 888 953 5178 5113
face 4 874 938 -1 952 5177 5178 953
face 4 874 -1 4 887 952 953 888
face 4 874 -1 5 5112 5113 5178 5177
face 4 875 876 -1 889 954 5179 5114
face 4 875 939 -1 953 5178 5179 954
face 4 875 -1 4 888 953 954 889
face 4 875 -1 5 5113 5114 5179 5178
face 4 876 877 -1 890 955 5180 5115
face 4 876 940 -1 954 5179 5180 955
face 4 876 -1 4 889 954 955 890
face 4 876 -1 5 5114 5115 5180 5179
face 4 877 878 -1 891 956 5181 5116
face 4 877 941 -1 955 5180 5181 956
face 4 877 -1 4 890 955 956 891
face 4 877 -1 5 5115 5116 5181 5180
face 4 878 879 -1 892 957 5182 5117
face 4 878 942 -1 956 5181 5182 957
face 4 878 -1 4 891 956 957 892
face 4 878 -1 5 5116 5117 5182 5181
face 4 879 880 -1 893 958 5183 5118
face 4 879 943 -1 957 5182 5183 958
face 4 879 -1 4 892 957 958 893
face 4 879 -1 5 5117 5118 5183 5182
face 4 880 881 -1 894 959 5184 5119
face 4 880 944 -1 958 5183 5184 959
face 4 880 -1 4 893 958 959 894
face 4 880 -1 5 5118 5119 5184 5183
face 4 881 882 -1 895 960 5185 5120
face 4 881 945 -1 959 5184 5185 960
face 4 881 -1 4 894 959 960 895
face 4 881 -1 5 5119 5120 5185 5184
face 4 882 883 -1 896 961 5186 5121
face 4 882 946 -1 960 5185 5186 961
face 4 882 -1 4 895 960 961 896
face 4 882 -1 5 5120 5121 5186 5185
face 4 883 884 -1 897 962 5187 5122
face 4 883 947 -1 961 5186 5187 962
face 4 883 -1 4 896 961 962 897
face 4 883 -1 5 5121 5122 5187 5186
face 4 884 885 -1 898 963 5188 5123
face 4 884 948 -1 962 5187 5188 963
face 4 884 -1 4 897 962 963 898
face 4 884 -1 5 5122 5123 5188 5187
face 4 885 886 -1 899 964 5189 5124
face 4 885 949 -1 963 5188 5189 964
face 4 885 -1 4 898 963 964 899
face 4 885 -1 5 5123 5124 5189 5188
face 4 886 887 -1 900 965 5190 5125
face 4 886 950 -1 964 5189 5190 965
face 4 886 -1 4 899 964 965 900
face 4 886 -1 5 5124 5125 5190 5189
face 4 887 888 -1 901 966 5191 5126
face 4 887 951 -1 965 5190 5191 966
face 4 887 -1 4 900 965 966 901
face 4 887 -1 5 5125 5126 5191 5190
face 4 888 889 -1 902 967 5192 5127
face 4 888 952 -1 966 5191 5192 967
face 4 888 -1 4 901 966 967 902
face 4 888 -1 5 5126 5127 5192 5191
face 4 889 890 -1 903 968 5193 5128
face 4 889 953 -1 967 5192 5193 968
face 4 889 -1 4 902 967 968 903
face 4 889 -1 5 5127 5128 5193 5192
face 4 890 891 -1 904 969 5194 5129
face 4 890 954 -1 968 5193 5194 969
face 4 890 -1 4 903 968 969 904
face 4 890 -1 5 5128 5129 5194 5193
face 4 891 892 -1 905 970 5195 5130
face 4 891 955 -1 969 5194 5195 970
face 4 891 -1 4 904 969 970 905
face 4 891 -1 5 5129 5130 5195 5194
face 4 892 893 -1 906 971 5196 5131
face 4 892 956 -1 970 5195 5196 971
face 4 892 -1 4 905 970 971 906
face 4 892 -1 5 5130 5131 5196 5195
face 4 893 894 -1 907 972 5197 5132
face 4 893 957 -1 971 5196 5197 972
face 4 893 -1 4 906 971 972 907
face 4 893 -1 5 5131 5132 5197 5196
face 4 894 895 -1 908 973 5198 5133
face 4 894 958 -1 972 5197 5198 973
face 4 894 -1 4 907 972 973 908
face 4 894 -1 5 5132 5133 5198 5197
face 4 895 -1 1 909 974 5199 5134
face 4 895 959 -1 973 5198 5199 974
face 4 895 -1 4 908 973 974 909
face 4 895 -1 5 5133 5134 5199 5198
face 4 896 -1 0 910 5135 5200 975
face 4 896 897 -1 911 976 5201 5136
face 4 896 960 -1 975 5200 5201 976
face 4 896 -1 4 910 975 976 911
face 4 896 -1 5 5135 5136 5201 5200
face 4 897 898 -1 912 977 5202 5137
face 4 897 961 -1 976 5201 5202 977
face 4 897 -1 4 911 976 977 912
face 4 897 -1 5 5136 5137 5202 5201
face 4 898 899 -1 913 978 5203 5138
face 4 898 962 -1 977 5202 5203 978
face 4 898 -1 4 912 977 978 913
face 4 898 -1 5 5137 5138 5203 5202
face 4 899 900 -1 914 979 5204 5139
face 4 899 963 -1 978 5203 5204 979
face 4 899 -1 4 913 978 979 914
face 4 899 -1 5 5138 5139 5204 5203
face 4 900 901 -1 915 980 5205 5140
face 4 900 964 -1 979 5204 5205 980
face 4 900 -1 4 914 979 980 915
face 4 900 -1 5 5139 5140 5205 5204
face 4 901 902 -1 916 981 5206 5141
face 4 901 965 -1 980 5205 5206 981
face 4 901 -1 4 915 980 981 916
face 4 901 -1 5 5140 5141 5206 5205
face 4 902 903 -1 917 982 5207 5142
face 4 902 966 -1 981 5206 5207 982
face 4 902 -1 4 916 981 982 917
face 4 902 -1 5 5141 5142 5207 5206
face 4 903 904 -1 918 983 5208 5143
face 4 903 967 -1 982 5207 5208 983
face 4 903 -1 4 917 982 983 918
face 4 903 -1 5 5142 5143 5208 5207
face 4 904 905 -1 919 984 5209 5144
face 4 904 968 -1 983 5208 5209 984
face 4 904 -1 4 918 983 984 919
face 4 904 -1 5 5143 5144 5209 5208
face 4 905 906 -1 920 985 5210 5145
face 4 905 969 -1 984 5209 5210 985
face 4 905 -1 4 919 984 985 920
face 4 905 -1 5 5144 5145 5210 5209
face 4 906 907 -1 921 986 5211 5146
face 4 906 970 -1 985 5210 5211 986
face 4 906 -1 4 920 985 986 921
face 4 906 -1 5 5145 5146 5211 5210
face 4 907 908 -1 922 987 5212 5147
face 4 907 971 -1 986 5211 5212 987
face 4 907 -1 4 921 986 987 922
face 4 907 -1 5 5146 5147 5212 5211
face 4 908 909 -1 923 988 5213 5148
face 4 908 972 -1 987 5212 5213 988
face 4 908 -1 4 922 987 988 923
face 4 908 -1 5 5147 5148 5213 5212
face 4 909 910 -1 924 989 5214 5149
face 4 909 973 -1 988 5213 5214 989
face 4 909 -1 4 923 988 989 924
face 4 909 -1 5 5148 5149 5214 5213
face 4 910 911 -1 925 990 5215 5150
face 4 910 974 -1 989 5214 5215 990
face 4 910 -1 4 924 989 990 925
face 4 910 -1 5 5149 5150 5215 5214
face 4 911 912 -1 926 991 5216 5151
face 4 911 975 -1 990 5215 5216 991
face 4 911 -1 4 925 990 991 926
face 4 911 -1 5 5150 5151 5216 5215
face 4 912 913 -1 927 992 5217 5152
face 4 912 976 -1 991 5216 5217 992
face 4 912 -1 4 926 991 992 927
face 4 912 -1 5 5151 5152 5217 5216
face 4 913 914 -1 928 993 5218 5153
face 4 913 977 -1 992 5217 5218 993
face 4 913 -1 4 927 992 993 928
face 4 913 -1 5 5152 5153 5218 5217
face 4 914 915 -1 929 994 5219 5154
face 4 914 978 -1 993 5218 5219 994
face 4 914 -1 4 928 993 994 929
face 4 914 -1 5 5153 5154 5219 5218
face 4 915 916 -1 930 995 5220 5155
face 4 915 979 -1 994 5219 5220 995
face 4 915 -1 4 929 994 995 930
face 4 915 -1 5 5154 5155 5220 5219
face 4 916 917 -1 931 996 5221 5156
face 4 916 980 -1 995 5220 5221 996
face 4 916 -1 4 930 995 996 931
face 4 916 -1 5 5155 5156 5221 5220
face 4 917 918 -1 932 997 5222 5157
face 4 917 981 -1 996 5221 5222 997
face 4 917 -1 4 931 996 997 932
face 4 917 -1 5 5156 5157 5222 5221
face 4 918 919 -1 933 998 5223 5158
face 4 918 982 -1 997 5222 5223 998
face 4 918 -1 4 932 997 998 933
face 4 918 -1 5 5157 5158 5223 5222
face 4 919 920 -1 934 999 5224 5159
face 4 919 983 -1 998 5223 5224 999
face 4 919 -1 4 933 998 999 934
face 4 919 -1 5 5158 5159 5224 5223
face 4 920 921 -1 935 1000 5225 5160
face 4 920 984 -1 999 5224 5225 1000
face 4 920 -1 4 934 999 1000 935
face 4 920 -1 5 5159 5160 5225 5224
face 4 921 922 -1 936 1001 5226 5161
face 4 921 985 -1 1000 5225 5226 1001
face 4 921 -1 4 935 1000 1001 936
face 4 921 -1 5 5160 5161 5226 5225
face 4 922 923 -1 937 1002 5227 5162
face 4 922 986 -1 1001 5226 5227 1002
face 4 922 -1 4 936 1001 1002 937
face 4 922 -1 5 5161 5162 5227 5226
face 4 923 924 -1 938 1003 5228 5163
face 4 923 987 -1 1002 5227 5228 1003
face 4 923 -1 4 937 1002 1003 938
face 4 923 -1 5 5162 5163 5228 5227
face 4 924 925 -1 939 1004 5229 5164
face 4 924 988 -1 1003 5228 5229 1004
face 4 924 -1 4 938 1003 1004 939
face 4 924 -1 5 5163 5164 5229 5228
face 4 925 926 -1 940 1005 5230 5165
face 4 925 989 -1 1004 5229 5230 1005
face 4 925 -1 4 939 1004 1005 940
face 4 925 -1 5 5164 5165 5230 5229
face 4 926 927 -1 941 1006 5231 5166
face 4 926 990 -1 1005 5230 5231 1006
face 4 926 -1 4 940 1005 1006 941
face 4 926 -1 5 5165 5166 5231 5230
face 4 927 928 -1 942 1007 5232 5167
face 4 927 991 -1 1006 5231 5232 1007
face 4 927 -1 4 941 1006 1007 942
face 4 927 -1 5 5166 5167 5232 5231
face 4 928 929 -1 943 1008 5233 5168
face 4 928 992 -1 1007 5232 5233 1008
face 4 928 -1 4 942 1007 1008 943
face 4 928 -1 5 5167 5168 5233 5232
face 4 929 930 -1 944 1009 5234 5169
face 4 929 993 -1 1008 5233 5234 1009
face 4 929 -1 4 943 1008 1009 944
face 4 929 -1 5 5168 5169 5234 5233
face 4 930 931 -1 945 1010 5235 5170
face 4 930 994 -1 1009 5234 5235 1010
face 4 930 -1 4 944 1009 1010 945
face 4 930 -1 5 5169 5170 5235 5234
face 4 931 932 -1 946 1011 5236 5171
face 4 931 995 -1 1010 5235 5236 1011
face 4 931 -1 4 945 1010 1011 946
face 4 931 -1 5 5170 5171 5236 5235
face 4 932 933 -1 947 1012 5237 5172
face 4 932 996 -1 1011 5236 5237 1012
face 4 932 -1 4 946 1011 1012 947
face 4 932 -1 5 5171 5172 5237 5236
face 4 933 934 -1 948 1013 5238 5173
face 4 933 997 -1 1012 5237 5238 1013
face 4 933 -1 4 947 1012 1013 948
face 4 933 -1 5 5172 5173 5238 5237
face 4 934 935 -1 949 1014 5239 5174
face 4 934 998 -1 1013 5238 5239 1014
face 4 934 -1 4 948 1013 1014 949
face 4 934 -1 5 5173 5174 5239 5238
face 4 935 936 -1 950 1015 5240 5175
face 4 935 999 -1 1014 5239 5240 1015
face 4 935 -1 4 949 1014 1015 950
face 4 935 -1 5 5174 5175 5240 5239
face 4 936 937 -1 951 1016 5241 5176
face 4 936 1000 -1 1015 5240 5241 1016
face 4 936 -1 4 950 1015 1016 951
face 4 936 -1 5 5175 5176 5241 5240
face 4 937 938 -1 952 1017 5242 5177
face 4 937 1001 -1 1016 5241 5242 1017
face 4 937 -1 4 951 1016 1017 952
face 4 937 -1 5 5176 5177 5242 5241
face 4 938 939 -1 953 1018 5243 5178
face 4 938 1002 -1 1017 5242 5243 1018
face 4 938 -1 4 952 1017 1018 953
face 4 938 -1 5 5177 5178 5243 5242
face 4 939 940 -1 954 1019 5244 5179
face 4 939 1003 -1 1018 5243 5244 1019
face 4 939 -1 4 953 1018 1019 954
face 4 939 -1 5 5178 5179 5244 5243
face 4 940 941 -1 955 1020 5245 5180
face 4 940 1004 -1 1019 5244 5245 1020
face 4 940 -1 4 954 1019 1020 955
face 4 940 -1 5 5179 5180 5245 5244
face 4 941 942 -1 956 1021 5246 5181
face 4 941 1005 -1 1020 5245 5246 1021
face 4 941 -1 4 955 1020 1021 956
face 4 941 -1 5 5180 5181 5246 5245
face 4 942 943 -1 957 1022 5247 5182
face 4 942 1006 -1 1021 5246 5247 1022
face 4 942 -1 4 956 1021 1022 957
face 4 942 -1 5 5181 5182 5247 5246
face 4 943 944 -1 958 1023 5248 5183
face 4 943 1007 -1 1022 5247 5248 1023
face 4 943 -1 4 957 1022 1023 958
face 4 943 -1 5 5182 5183 5248 5247
face 4 944 945 -1 959 1024 5249 5184
face 4 944 1008 -1 1023 5248 5249 1024
face 4 944 -1 4 958 1023 1024 959
face 4 944 -1 5 5183 5184 5249 5248
face 4 945 946 -1 960 1025 5250 5185
face 4 945 1009 -1 1024 5249 5250 1025
face 4 945 -1 4 959 1024 1025 960
face 4 945 -1 5 5184 5185 5250 5249
face 4 946 947 -1 961 1026 5251 5186
face 4 946 1010 -1 1025 5250 5251 1026
face 4 946 -1 4 960 1025 1026 961
face 4 946 -1 5 5185 5186 5251 5250
face 4 947 948 -1 962 1027 5252 5187
face 4 947 1011 -1 1026 5251 5252 1027
face 4 947 -1 4 961 1026 1027 962
face 4 947 -1 5 5186 5187 5252 5251
face 4 948 949 -1 963 1028 5253 5188
face 4 948 1012 -1 1027 5252 5253 1028
face 4 948 -1 4 962 1027 1028 963
face 4 948 -1 5 5187 5188 5253 5252
face 4 949 950 -1 964 1029 5254 5189
face 4 949 1013 -1 1028 5253 5254 1029
face 4 949 -1 4 963 1028 1029 964
face 4 949 -1 5 5188 5189 5254 5253
face 4 950 951 -1 965 1030 5255 5190
face 4 950 1014 -1 1029 5254 5255 1030
face 4 950 -1 4 964 1029 1030 965
face 4 950 -1 5 5189 5190 5255 5254
face 4 951 952 -1 966 1031 5256 5191
face 4 951 1015 -1 1030 5255 5256 1031
face 4 951 -1 4 965 1030 1031 966
face 4 951 -1 5 5190 5191 5256 5255
face 4 952 953 -1 967 1032 5257 5192
face 4 952 1016 -1 1031 5256 5257 1032
face 4 952 -1 4 966 1031 1032 967
face 4 952 -1 5 5191 5192 5257 5256
face 4 953 954 -1 968 1033 5258 5193
face 4 953 1017 -1 1032 5257 5258 1033
face 4 953 -1 4 967 1032 1033 968
face 4 953 -1 5 5192 5193 5258 5257
face 4 954 955 -1 969 1034 5259 5194
face 4 954 1018 -1 1033 5258 5259 1034
face 4 954 -1 4 968 1033 1034 969
face 4 954 -1 5 5193 5194 5259 5258
face 4 955 956 -1 970 1035 5260 5195
face 4 955 1019 -1 1034 5259 5260 1035
face 4 955 -1 4 969 1034 1035 970
face 4 955 -1 5 5194 5195 5260 5259
face 4 956 957 -1 971 1036 5261 5196
face 4 956 1020 -1 1035 5260 5261 1036
face 4 956 -1 4 970 1035 1036 971
face 4 956 -1 5 5195 5196 5261 5260
face 4 957 958 -1 972 1037 5262 5197
face 4 957 1021 -1 1036 5261 5262 1037
face 4 957 -1 4 971 1036 1037 972
face 4 957 -1 5 5196 5197 5262 5261
face 4 958 959 -1 973 1038 5263 5198
face 4 958 1022 -1 1037 5262 5263 1038
face 4 958 -1 4 972 1037 1038 973
face 4 958 -1 5 5197 5198 5263 5262
face 4 959 -1 1 974 1039 5264 5199
face 4 959 1023 -1 1038 5263 5264 1039
face 4 959 -1 4 973 1038 1039 974
face 4 959 -1 5 5198 5199 5264 5263
face 4 960 -1 0 975 5200 5265 1040
face 4 960 961 -1 976 1041 5266 5201
face 4 960 1024 -1 1040 5265 5266 1041
face 4 960 -1 4 975 1040 1041 976
face 4 960 -1 5 5200 5201 5266 5265
face 4 961 962 -1 977 1042 5267 5202
face 4 961 1025 -1 1041 5266 5267 1042
face 4 961 -1 4 976 1041 1042 977
face 4 961 -1 5 5201 5202 5267 5266
face 4 962 963 -1 978 1043 5268 5203
face 4 962 1026 -1 1042 5267 5268 1043
face 4 962 -1 4 977 1042 1043 978
face 4 962 -1 5 5202 5203 5268 5267
face 4 963 964 -1 979 1044 5269 5204
face 4 963 1027 -1 1043 5268 5269 1044
face 4 963 -1 4 978 1043 1044 979
face 4 963 -1 5 5203 5204 5269 5268
face 4 964 965 -1 980 1045 5270 5205
face 4 964 1028 -1 1044 5269 5270 1045
face 4 964 -1 4 979 1044 1045 980
face 4 964 -1 5 5204 5205 5270 5269
face 4 965 966 -1 981 1046 5271 5206
face 4 965 1029 -1 1045 5270 5271 1046
face 4 965 -1 4 980 1045 1046 981
face 4 965 -1 5 5205 5206 5271 5270
face 4 966 967 -1 982 1047 5272 5207
face 4 966 1030 -1 1046 5271 5272 1047
face 4 966 -1 4 981 1046 1047 982
face 4 966 -1 5 5206 5207 5272 5271
face 4 967 968 -1 983 1048 5273 5208
face 4 967 1031 -1 1047 5272 5273 1048
face 4 967 -1 4 982 1047 1048 983
face 4 967 -1 5 5207 5208 5273 5272
face 4 968 969 -1 984 1049 5274 5209
face 4 968 1032 -1 1048 5273 5274 1049
face 4 968 -1 4 983 1048 1049 984
face 4 968 -1 5 5208 5209 5274 5273
face 4 969 970 -1 985 1050 5275 5210
face 4 969 1033 -1 1049 5274 5275 1050
face 4 969 -1 4 984 1049 1050 985
face 4 969 -1 5 5209 5210 5275 5274
face 4 970 971 -1 986 1051 5276 5211
face 4 970 1034 -1 1050 5275 5276 1051
face 4 970 -1 4 985 1050 1051 986
face 4 970 -1 5 5210 5211 5276 5275
face 4 971 972 -1 987 1052 5277 5212
face 4 971 1035 -1 1051 5276 5277 1052
face 4 971 -1 4 986 1051 1052 987
face 4 971 -1 5 5211 5212 5277 5276
face 4 972 973 -1 988 1053 5278 5213
face 4 972 1036 -1 1052 5277 5278 1053
face 4 972 -1 4 987 1052 1053 988
face 4 972 -1 5 5212 5213 5278 5277
face 4 973 974 -1 989 1054 5279 5214
face 4 973 1037 -1 1053 5278 5279 1054
face 4 973 -1 4 988 1053 1054 989
face 4 973 -1 5 5213 5214 5279 5278
face 4 974 975 -1 990 1055 5280 5215
face 4 974 1038 -1 1054 5279 5280 1055
face 4 974 -1 4 989 1054 1055 990
face 4 974 -1 5 5214 5215 5280 5279
face 4 975 976 -1 991 1056 5281 5216
face 4 975 1039 -1 1055 5280 5281 1056
face 4 975 -1 4 990 1055 1056 991
face 4 975 -1 5 5215 5216 5281 5280
face 4 976 977 -1 992 1057 5282 5217
face 4 976 1040 -1 1056 5281 5282 1057
face 4 976 -1 4 991 1056 1057 992
face 4 976 -1 5 5216 5217 5282 5281
face 4 977 978 -1 993 1058 5283 5218
face 4 977 1041 -1 1057 5282 5283 1058
face 4 977 -1 4 992 1057 1058 993
face 4 977 -1 5 5217 5218 5283 5282
face 4 978 979 -1 994 1059 5284 5219
face 4 978 1042 -1 1058 5283 5284 1059
face 4 978 -1 4 993 1058 1059 994
face 4 978 -1 5 5218 5219 5284 5283
face 4 979 980 -1 995 1060 5285 5220
face 4 979 1043 -1 1059 5284 5285 1060
face 4 979 -1 4 994 1059 1060 995
face 4 979 -1 5 5219 5220 5285 5284
face 4 980 981 -1 996 1061 5286 5221
face 4 980 1044 -1 1060 5285 5286 1061
face 4 980 -1 4 995 1060 1061 996
face 4 980 -1 5 5220 5221 5286 5285
face 4 981 982 -1 997 1062 5287 5222
face 4 981 1045 -1 1061 5286 5287 1062
face 4 981 -1 4 996 1061 1062 997
face 4 981 -1 5 5221 5222 5287 5286
face 4 982 983 -1 998 1063 5288 5223
face 4 982 1046 -1 1062 5287 5288 1063
face 4 982 -1 4 997 1062 1063 998
face 4 982 -1 5 5222 5223 5288 5287
face 4 983 984 -1 999 1064 5289 5224
face 4 983 1047 -1 1063 5288 5289 1064
face 4 983 -1 4 998 1063 1064 999
face 4 983 -1 5 5223 5224 5289 5288
face 4 984 985 -1 1000 1065 5290 5225
face 4 984 1048 -1 1064 5289 5290 1065
face 4 984 -1 4 999 1064 1065 1000
face 4 984 -1 5 5224 5225 5290 5289
face 4 985 986 -1 1001 1066 5291 5226
face 4 985 1049 -1 1065 5290 5291 1066
face 4 985 -1 4 1000 1065 1066 1001
face 4 985 -1 5 5225 5226 5291 5290
face 4 986 987 -1 1002 1067 5292 5227
face 4 986 1050 -1 1066 5291 5292 1067
face 4 986 -1 4 1001 1066 1067 1002
face 4 986 -1 5 5226 5227 5292 5291
face 4 987 988 -1 1003 1068 5293 5228
face 4 987 1051 -1 1067 5292 5293 1068
face 4 987 -1 4 1002 1067 1068 1003
face 4 987 -1 5 5227 5228 5293 5292
face 4 988 989 -1 1004 1069 5294 5229
face 4 988 1052 -1 1068 5293 5294 1069
face 4 988 -1 4 1003 1068 1069 1004
face 4 988 -1 5 5228 5229 5294 5293
face 4 989 990 -1 1005 1070 5295 5230
face 4 989 1053 -1 1069 5294 5295 1070
face 4 989 -1 4 1004 1069 1070 1005
face 4 989 -1 5 5229 5230 5295 5294
face 4 990 991 -1 1006 1071 5296 5231
face 4 990 1054 -1 1070 5295 5296 1071
face 4 990 -1 4 1005 1070 1071 1006
face 4 990 -1 5 5230 5231 5296 5295
face 4 991 992 -1 1007 1072 5297 5232
face 4 991 1055 -1 1071 5296 5297 1072
face 4 991 -1 4 1006 1071 1072 1007
face 4 991 -1 5 5231 5232 5297 5296
face 4 992 993 -1 1008 1073 5298 5233
face 4 992 1056 -1 1072 5297 5298 1073
face 4 992 -1 4 1007 1072 1073 1008
face 4 992 -1 5 5232 5233 5298 5297
face 4 993 994 -1 1009 1074 5299 5234
face 4 993 1057 -1 1073 5298 5299 1074
face 4 993 -1 4 1008 1073 1074 1009
face 4 993 -1 5 5233 5234 5299 5298
face 4 994 995 -1 1010 1075 5300 5235
face 4 994 1058 -1 1074 5299 5300 1075
face 4 994 -1 4 1009 1074 1075 1010
face 4 994 -1 5 5234 5235 5300 5299
face 4 995 996 -1 1011 1076 5301 5236
face 4 995 1059 -1 1075 5300 5301 1076
face 4 995 -1 4 1010 1075 1076 1011
face 4 995 -1 5 5235 5236 5301 5300
face 4 996 997 -1 1012 1077 5302 5237
face 4 996 1060 -1 1076 5301 5302 1077
face 4 996 -1 4 1011 1076 1077 1012
face 4 996 -1 5 5236 5237 5302 5301
face 4 997 998 -1 1013 1078 5303 5238
face 4 997 1061 -1 1077 5302 5303 1078
face 4 997 -1 4 1012 1077 1078 1013
face 4 997 -1 5 5237 5238 5303 5302
face 4 998 999 -1 1014 1079 5304 5239
face 4 998 1062 -1 1078 5303 5304 1079
face 4 998 -1 4 1013 1078 1079 1014
face 4 998 -1 5 5238 5239 5304 5303
face 4 999 1000 -1 1015 1080 5305 5240
face 4 999 1063 -1 1079 5304 5305 1080
face 4 999 -1 4 1014 1079 1080 1015
face 4 999 -1 5 5239 5240 5305 5304
face 4 1000 1001 -1 1016 1081 5306 5241
face 4 1000 1064 -1 1080 5305 5306 1081
face 4 1000 -1 4 1015 1080 1081 1016
face 4 1000 -1 5 5240 5241 5306 5305
face 4 1001 1002 -1 1017 1082 5307 5242
face 4 1001 1065 -1 1081 5306 5307 1082
face 4 1001 -1 4 1016 1081 1082 1017
face 4 1001 -1 5 5241 5242 5307 5306
face 4 1002 1003 -1 1018 1083 5308 5243
face 4 1002 1066 -1 1082 5307 5308 1083
face 4 1002 -1 4 1017 1082 1083 1018
face 4 1002 -1 5 5242 5243 5308 5307
face 4 1003 1004 -1 1019 1084 5309 5244
face 4 1003 1067 -1 1083 5308 5309 1084
face 4 1003 -1 4 1018 1083 1084 1019
face 4 1003 -1 5 5243 5244 5309 5308
face 4 1004 1005 -1 1020 1085 5310 5245
face 4 1004 1068 -1 1084 5309 5310 1085
face 4 1004 -1 4 1019 1084 1085 1020
face 4 1004 -1 5 5244 5245 5310 5309
face 4 1005 1006 -1 1021 1086 5311 5246
face 4 1005 1069 -1 1085 5310 5311 1086
face 4 1005 -1 4 1020 1085 1086 1021
face 4 1005 -1 5 5245 5246 5311 5310
face 4 1006 1007 -1 1022 1087 5312 5247
face 4 1006 1070 -1 1086 5311 5312 1087
face 4 1006 -1 4 1021 1086 1087 1022
face 4 1006 -1 5 5246 5247 5312 5311
face 4 1007 1008 -1 1023 1088 5313 5248
face 4 1007 1071 -1 1087 5312 5313 1088
face 4 1007 -1 4 1022 1087 1088 1023
face 4 1007 -1 5 5247 5248 5313 5312
face 4 1008 1009 -1 1024 1089 5314 5249
face 4 1008 1072 -1 1088 5313 5314 1089
face 4 1008 -1 4 1023 1088 1089 1024
face 4 1008 -1 5 5248 5249 5314 5313
face 4 1009 1010 -1 1025 1090 5315 5250
face 4 1009 1073 -1 1089 5314 5315 1090
face 4 1009 -1 4 1024 1089 1090 1025
face 4 1009 -1 5 5249 5250 5315 5314
face 4 1010 1011 -1 1026 1091 5316 5251
face 4 1010 1074 -1 1090 5315 5316 1091
face 4 1010 -1 4 1025 1090 1091 1026
face 4 1010 -1 5 5250 5251 5316 5315
face 4 1011 1012 -1 1027 1092 5317 5252
face 4 1011 1075 -1 1091 5316 5317 1092
face 4 1011 -1 4 1026 1091 1092 1027
face 4 1011 -1 5 5251 5252 5317 5316
face 4 1012 1013 -1 1028 1093 5318 5253
face 4 1012 1076 -1 1092 5317 5318 1093
face 4 1012 -1 4 1027 1092 1093 1028
face 4 1012 -1 5 5252 5253 5318 5317
face 4 1013 1014 -1 1029 1094 5319 5254
face 4 1013 1077 -1 1093 5318 5319 1094
face 4 1013 -1 4 1028 1093 1094 1029
face 4 1013 -1 5 5253 5254 5319 5318
face 4 1014 1015 -1 1030 1095 5320 5255
face 4 1014 1078 -1 1094 5319 5320 1095
face 4 1014 -1 4 1029 1094 1095 1030
face 4 1014 -1 5 5254 5255 5320 5319
face 4 1015 1016 -1 1031 1096 5321 5256
face 4 1015 1079 -1 1095 5320 5321 1096
face 4 1015 -1 4 1030 1095 1096 1031
face 4 1015 -1 5 5255 5256 5321 5320
face 4 1016 1017 -1 1032 1097 5322 5257
face 4 1016 1080 -1 1096 5321 5322 1097
face 4 1016 -1 4 1031 1096 1097 1032
face 4 1016 -1 5 5256 5257 5322 5321
face 4 1017 1018 -1 1033 1098 5323 5258
face 4 1017 1081 -1 1097 5322 5323 1098
face 4 1017 -1 4 1032 1097 1098 1033
face 4 1017 -1 5 5257 5258 5323 5322
face 4 1018 1019 -1 1034 1099 5324 5259
face 4 1018 1082 -1 1098 5323 5324 1099
face 4 1018 -1 4 1033 1098 1099 1034
face 4 1018 -1 5 5258 5259 5324 5323
face 4 1019 1020 -1 1035 1100 5325 5260
face 4 1019 1083 -1 1099 5324 5325 1100
face 4 1019 -1 4 1034 1099 1100 1035
face 4 1019 -1 5 5259 5260 5325 5324
face 4 1020 1021 -1 1036 1101 5326 5261
face 4 1020 1084 -1 1100 5325 5326 1101
face 4 1020 -1 4 1035 1100 1101 1036
face 4 1020 -1 5 5260 5261 5326 5325
face 4 1021 1022 -1 1037 1102 5327 5262
face 4 1021 1085 -1 1101 5326 5327 1102
face 4 1021 -1 4 1036 1101 1102 1037
face 4 1021 -1 5 5261 5262 5327 5326
face 4 1022 1023 -1 1038 1103 5328 5263
face 4 1022 1086 -1 1102 5327 5328 1103
face 4 1022 -1 4 1037 1102 1103 1038
face 4 1022 -1 5 5262 5263 5328 5327
face 4 1023 -1 1 1039 1104 5329 5264
face 4 1023 1087 -1 1103 5328 5329 1104
face 4 1023 -1 4 1038 1103 1104 1039
face 4 1023 -1 5 5263 5264 5329 5328
face 4 1024 -1 0 1040 5265 5330 1105
face 4 1024 1025 -1 1041 1106 5331 5266
face 4 1024 1088 -1 1105 5330 5331 1106
face 4 1024 -1 4 1040 1105 1106 1041
face 4 1024 -1 5 5265 5266 5331 5330
face 4 1025 1026 -1 1042 1107 5332 5267
face 4 1025 1089 -1 1106 5331 5332 1107
face 4 1025 -1 4 1041 1106 1107 1042
face 4 1025 -1 5 5266 5267 5332 5331
face 4 1026 1027 -1 1043 1108 5333 5268
face 4 1026 1090 -1 1107 5332 5333 1108
face 4 1026 -1 4 1042 1107 1108 1043
face 4 1026 -1 5 5267 5268 5333 5332
face 4 1027 1028 -1 1044 1109 5334 5269
face 4 1027 1091 -1 1108 5333 5334 1109
face 4 1027 -1 4 1043 1108 1109 1044
face 4 1027 -1 5 5268 5269 5334 5333
face 4 1028 1029 -1 1045 1110 5335 5270
face 4 1028 1092 -1 1109 5334 5335 1110
face 4 1028 -1 4 1044 1109 1110 1045
face 4 1028 -1 5 5269 5270 5335 5334
face 4 1029 1030 -1 1046 1111 5336 5271
face 4 1029 1093 -1 1110 5335 5336 1111
face 4 1029 -1 4 1045 1110 1111 1046
face 4 1029 -1 5 5270 5271 5336 5335
face 4 1030 1031 -1 1047 1112 5337 5272
face 4 1030 1094 -1 1111 5336 5337 1112
face 4 1030 -1 4 1046 1111 1112 1047
face 4 1030 -1 5 5271 5272 5337 5336
face 4 1031 1032 -1 1048 1113 5338 5273
face 4 1031 1095 -1 1112 5337 5338 1113
face 4 1031 -1 4 1047 1112 1113 1048
face 4 1031 -1 5 5272 5273 5338 5337
face 4 1032 1033 -1 1049 1114 5339 5274
face 4 1032 1096 -1 1113 5338 5339 1114
face 4 1032 -1 4 1048 1113 1114 1049
face 4 1032 -1 5 5273 5274 5339 5338
face 4 1033 1034 -1 1050 1115 5340 5275
face 4 1033 1097 -1 1114 5339 5340 1115
face 4 1033 -1 4 1049 1114 1115 1050
face 4 1033 -1 5 5274 5275 5340 5339
face 4 1034 1035 -1 1051 1116 5341 5276
face 4 1034 1098 -1 1115 5340 5341 1116
face 4 1034 -1 4 1050 1115 1116 1051
face 4 1034 -1 5 5275 5276 5341 5340
face 4 1035 1036 -1 1052 1117 5342 5277
face 4 1035 1099 -1 1116 5341 5342 1117
face 4 1035 -1 4 1051 1116 1117 1052
face 4 1035 -1 5 5276 5277 5342 5341
face 4 1036 1037 -1 1053 1118 5343 5278
face 4 1036 1100 -1 1117 5342 5343 1118
face 4 1036 -1 4 1052 1117 1118 1053
face 4 1036 -1 5 5277 5278 5343 5342
face 4 1037 1038 -1 1054 1119 5344 5279
face 4 1037 1101 -1 1118 5343 5344 1119
face 4 1037 -1 4 1053 1118 1119 1054
face 4 1037 -1 5 5278 5279 5344 5343
face 4 1038 1039 -1 1055 1120 5345 5280
face 4 1038 1102 -1 1119 5344 5345 1120
face 4 1038 -1 4 1054 1119 1120 1055
face 4 1038 -1 5 5279 5280 5345 5344
face 4 1039 1040 -1 1056 1121 5346 5281
face 4 1039 1103 -1 1120 5345 5346 1121
face 4 1039 -1 4 1055 1120 1121 1056
face 4 1039 -1 5 5280 5281 5346 5345
face 4 1040 1041 -1 1057 1122 5347 5282
face 4 1040 1104 -1 1121 5346 5347 1122
face 4 1040 -1 4 1056 1121 1122 1057
face 4 1040 -1 5 5281 5282 5347 5346
face 4 1041 1042 -1 1058 1123 5348 5283
face 4 1041 1105 -1 1122 5347 5348 1123
face 4 1041 -1 4 1057 1122 1123 1058
face 4 1041 -1 5 5282 5283 5348 5347
face 4 1042 1043 -1 1059 1124 5349 5284
face 4 1042 1106 -1 1123 5348 5349 1124
face 4 1042 -1 4 1058 1123 1124 1059
face 4 1042 -1 5 5283 5284 5349 5348
face 4 1043 1044 -1 1060 1125 5350 5285
face 4 1043 1107 -1 1124 5349 5350 1125
face 4 1043 -1 4 1059 1124 1125 1060
face 4 1043 -1 5 5284 5285 5350 5349
face 4 1044 1045 -1 1061 1126 5351 5286
face 4 1044 1108 -1 1125 5350 5351 1126
face 4 1044 -1 4 1060 1125 1126 1061
face 4 1044 -1 5 5285 5286 5351 5350
face 4 1045 1046 -1 1062 1127 5352 5287
face 4 1045 1109 -1 1126 5351 5352 1127
face 4 1045 -1 4 1061 1126 1127 1062
face 4 1045 -1 5 5286 5287 5352 5351
face 4 1046 1047 -1 1063 1128 5353 5288
face 4 1046 1110 -1 1127 5352 5353 1128
face 4 1046 -1 4 1062 1127 1128 1063
face 4 1046 -1 5 5287 5288 5353 5352
face 4 1047 1048 -1 1064 1129 5354 5289
face 4 1047 1111 -1 1128 5353 5354 1129
face 4 1047 -1 4 1063 1128 1129 1064
face 4 1047 -1 5 5288 5289 5354 5353
face 4 1048 1049 -1 1065 1130 5355 5290
face 4 1048 1112 -1 1129 5354 5355 1130
face 4 1048 -1 4 1064 1129 1130 1065
face 4 1048 -1 5 5289 5290 5355 5354
face 4 1049 1050 -1 1066 1131 5356 5291
face 4 1049 1113 -1 1130 5355 5356 1131
face 4 1049 -1 4 1065 1130 1131 1066
face 4 1049 -1 5 5290 5291 5356 5355
face 4 1050 1051 -1 1067 1132 5357 5292
face 4 1050 1114 -1 1131 5356 5357 1132
face 4 1050 -1 4 1066 1131 1132 1067
face 4 1050 -1 5 5291 5292 5357 5356
face 4 1051 1052 -1 1068 1133 5358 5293
face 4 1051 1115 -1 1132 5357 5358 1133
face 4 1051 -1 4 1067 1132 1133 1068
face 4 1051 -1 5 5292 5293 5358 5357
face 4 1052 1053 -1 1069 1134 5359 5294
face 4 1052 1116 -1 1133 5358 5359 1134
face 4 1052 -1 4 1068 1133 1134 1069
face 4 1052 -1 5 5293 5294 5359 5358
face 4 1053 1054 -1 1070 1135 5360 5295
face 4 1053 1117 -1 1134 5359 5360 1135
face 4 1053 -1 4 1069 1134 1135 1070
face 4 1053 -1 5 5294 5295 5360 5359
face 4 1054 1055 -1 1071 1136 5361 5296
face 4 1054 1118 -1 1135 5360 5361 1136
face 4 1054 -1 4 1070 1135 1136 1071
face 4 1054 -1 5 5295 5296 5361 5360
face 4 1055 1056 -1 1072 1137 5362 5297
face 4 1055 1119 -1 1136 5361 5362 1137
face 4 1055 -1 4 1071 1136 1137 1072
face 4 1055 -1 5 5296 5297 5362 5361
face 4 1056 1057 -1 1073 1138 5363 5298
face 4 1056 1120 -1 1137 5362 5363 1138
face 4 1056 -1 4 1072 1137 1138 1073
face 4 1056 -1 5 5297 5298 5363 5362
face 4 1057 1058 -1 1074 1139 5364 5299
face 4 1057 1121 -1 1138 5363 5364 1139
face 4 1057 -1 4 1073 1138 1139 1074
face 4 1057 -1 5 5298 5299 5364 5363
face 4 1058 1059 -1 1075 1140 5365 5300
face 4 1058 1122 -1 1139 5364 5365 1140
face 4 1058 -1 4 1074 1139 1140 1075
face 4 1058 -1 5 5299 5300 5365 5364
face 4 1059 1060 -1 1076 1141 5366 5301
face 4 1059 1123 -1 1140 5365 5366 1141
face 4 1059 -1 4 1075 1140 1141 1076
face 4 1059 -1 5 5300 5301 5366 5365
face 4 1060 1061 -1 1077 1142 5367 5302
face 4 1060 1124 -1 1141 5366 5367 1142
face 4 1060 -1 4 1076 1141 1142 1077
face 4 1060 -1 5 5301 5302 5367 5366
face 4 1061 1062 -1 1078 1143 5368 5303
face 4 1061 1125 -1 1142 5367 5368 1143
face 4 1061 -1 4 1077 1142 1143 1078
face 4 1061 -1 5 5302 5303 5368 5367
face 4 1062 1063 -1 1079 1144 5369 5304
face 4 1062 1126 -1 1143 5368 5369 1144
face 4 1062 -1 4 1078 1143 1144 1079
face 4 1062 -1 5 5303 5304 5369 5368
face 4 1063 1064 -1 1080 1145 5370 5305
face 4 1063 1127 -1 1144 5369 5370 1145
face 4 1063 -1 4 1079 1144 1145 1080
face 4 1063 -1 5 5304 5305 5370 5369
face 4 1064 1065 -1 1081 1146 5371 5306
face 4 1064 1128 -1 1145 5370 5371 1146
face 4 1064 -1 4 1080 1145 1146 1081
face 4 1064 -1 5 5305 5306 5371 5370
face 4 1065 1066 -1 1082 1147 5372 5307
face 4 1065 1129 -1 1146 5371 5372 1147
face 4 1065 -1 4 1081 1146 1147 1082
face 4 1065 -1 5 5306 5307 5372 5371
face 4 1066 1067 -1 1083 1148 5373 5308
face 4 1066 1130 -1 1147 5372 5373 1148
face 4 1066 -1 4 1082 1147 1148 1083
face 4 1066 -1 5 5307 5308 5373 5372
face 4 1067 1068 -1 1084 1149 5374 5309
face 4 1067 1131 -1 1148 5373 5374 1149
face 4 1067 -1 4 1083 1148 1149 1084
face 4 1067 -1 5 5308 5309 5374 5373
face 4 1068 1069 -1 1085 1150 5375 5310
face 4 1068 1132 -1 1149 5374 5375 1150
face 4 1068 -1 4 1084 1149 1150 1085
face 4 1068 -1 5 5309 5310 5375 5374
face 4 1069 1070 -1 1086 1151 5376 5311
face 4 1069 1133 -1 1150 5375 5376 1151
face 4 1069 -1 4 1085 1150 1151 1086
face 4 1069 -1 5 5310 5311 5376 5375
face 4 1070 1071 -1 1087 1152 5377 5312
face 4 1070 1134 -1 1151 5376 5377 1152
face 4 1070 -1 4 1086 1151 1152 1087
face 4 1070 -1 5 5311 5312 5377 5376
face 4 1071 1072 -1 1088 1153 5378 5313
face 4 1071 1135 -1 1152 5377 5378 1153
face 4 1071 -1 4 1087 1152 1153 1088
face 4 1071 -1 5 5312 5313 5378 5377
face 4 1072 1073 -1 1089 1154 5379 5314
face 4 1072 1136 -1 1153 5378 5379 1154
face 4 1072 -1 4 1088 1153 1154 1089
face 4 1072 -1 5 5313 5314 5379 5378
face 4 1073 1074 -1 1090 1155 5380 5315
face 4 1073 1137 -1 1154 5379 5380 1155
face 4 1073 -1 4 1089 1154 1155 1090
face 4 1073 -1 5 5314 5315 5380 5379
face 4 1074 1075 -1 1091 1156 5381 5316
face 4 1074 1138 -1 1155 5380 5381 1156
face 4 1074 -1 4 1090 1155 1156 1091
face 4 1074 -1 5 5315 5316 5381 5380
face 4 1075 1076 -1 1092 1157 5382 5317
face 4 1075 1139 -1 1156 5381 5382 1157
face 4 1075 -1 4 1091 1156 1157 1092
face 4 1075 -1 5 5316 5317 5382 5381
face 4 1076 1077 -1 1093 1158 5383 5318
face 4 1076 1140 -1 1157 5382 5383 1158
face 4 1076 -1 4 1092 1157 1158 1093
face 4 1076 -1 5 5317 5318 5383 5382
face 4 1077 1078 -1 1094 1159 5384 5319
face 4 1077 1141 -1 1158 5383 5384 1159
face 4 1077 -1 4 1093 1158 1159 1094
face 4 1077 -1 5 5318 5319 5384 5383
face 4 1078 1079 -1 1095 1160 5385 5320
face 4 1078 1142 -1 1159 5384 5385 1160
face 4 1078 -1 4 1094 1159 1160 1095
face 4 1078 -1 5 5319 5320 5385 5384
face 4 1079 1080 -1 1096 1161 5386 5321
face 4 1079 1143 -1 1160 5385 5386 1161
face 4 1079 -1 4 1095 1160 1161 1096
face 4 1079 -1 5 5320 5321 5386 5385
face 4 1080 1081 -1 1097 1162 5387 5322
face 4 1080 1144 -1 1161 5386 5387 1162
face 4 1080 -1 4 1096 1161 1162 1097
face 4 1080 -1 5 5321 5322 5387 5386
face 4 1081 1082 -1 1098 1163 5388 5323
face 4 1081 1145 -1 1162 5387 5388 1163
face 4 1081 -1 4 1097 1162 1163 1098
face 4 1081 -1 5 5322 5323 5388 5387
face 4 1082 1083 -1 1099 1164 5389 5324
face 4 1082 1146 -1 1163 5388 5389 1164
face 4 1082 -1 4 1098 1163 1164 1099
face 4 1082 -1 5 5323 5324 5389 5388
face 4 1083 1084 -1 1100 1165 5390 5325
face 4 1083 1147 -1 1164 5389 5390 1165
face 4 1083 -1 4 1099 1164 1165 1100
face 4 1083 -1 5 5324 5325 5390 5389
face 4 1084 1085 -1 1101 1166 5391 5326
face 4 1084 1148 -1 1165 5390 5391 1166
face 4 1084 -1 4 1100 1165 1166 1101
face 4 1084 -1 5 5325 5326 5391 5390
face 4 1085 1086 -1 1102 1167 5392 5327
face 4 1085 1149 -1 1166 5391 5392 1167
face 4 1085 -1 4 1101 1166 1167 1102
face 4 1085 -1 5 5326 5327 5392 5391
face 4 1086 1087 -1 1103 1168 5393 5328
face 4 1086 1150 -1 1167 5392 5393 1168
face 4 1086 -1 4 1102 1167 1168 1103
face 4 1086 -1 5 5327 5328 5393 5392
face 4 1087 -1 1 1104 1169 5394 5329
face 4 1087 1151 -1 1168 5393 5394 1169
face 4 1087 -1 4 1103 1168 1169 1104
face 4 1087 -1 5 5328 5329 5394 5393
face 4 1088 -1 0 1105 5330 5395 1170
face 4 1088 1089 -1 1106 1171 5396 5331
face 4 1088 1152 -1 1170 5395 5396 1171
face 4 1088 -1 4 1105 1170 1171 1106
face 4 1088 -1 5 5330 5331 5396 5395
face 4 1089 1090 -1 1107 1172 5397 5332
face 4 1089 1153 -1 1171 5396 5397 1172
face 4 1089 -1 4 1106 1171 1172 1107
face 4 1089 -1 5 5331 5332 5397 5396
face 4 1090 1091 -1 1108 1173 5398 5333
face 4 1090 1154 -1 1172 5397 5398 1173
face 4 1090 -1 4 1107 1172 1173 1108
face 4 1090 -1 5 5332 5333 5398 5397
face 4 1091 1092 -1 1109 1174 5399 5334
face 4 1091 1155 -1 1173 5398 5399 1174
face 4 1091 -1 4 1108 1173 1174 1109
face 4 1091 -1 5 5333 5334 5399 5398
face 4 1092 1093 -1 1110 1175 5400 5335
face 4 1092 1156 -1 1174 5399 5400 1175
face 4 1092 -1 4 1109 1174 1175 1110
face 4 1092 -1 5 5334 5335 5400 5399
face 4 1093 1094 -1 1111 1176 5401 5336
face 4 1093 1157 -1 1175 5400 5401 1176
face 4 1093 -1 4 1110 1175 1176 1111
face 4 1093 -1 5 5335 5336 5401 5400
face 4 1094 1095 -1 1112 1177 5402 5337
face 4 1094 1158 -1 1176 5401 5402 1177
face 4 1094 -1 4 1111 1176 1177 1112
face 4 1094 -1 5 5336 5337 5402 5401
face 4 1095 1096 -1 1113 1178 5403 5338
face 4 1095 1159 -1 1177 5402 5403 1178
face 4 1095 -1 4 1112 1177 1178 1113
face 4 1095 -1 5 5337 5338 5403 5402
face 4 1096 1097 -1 1114 1179 5404 5339
face 4 1096 1160 -1 1178 5403 5404 1179
face 4 1096 -1 4 1113 1178 1179 1114
face 4 1096 -1 5 5338 5339 5404 5403
face 4 1097 1098 -1 1115 1180 5405 5340
face 4 1097 1161 -1 1179 5404 5405 1180
face 4 1097 -1 4 1114 1179 1180 1115
face 4 1097 -1 5 5339 5340 5405 5404
face 4 1098 1099 -1 1116 1181 5406 5341
face 4 1098 1162 -1 1180 5405 5406 1181
face 4 1098 -1 4 1115 1180 1181 1116
face 4 1098 -1 5 5340 5341 5406 5405
face 4 1099 1100 -1 1117 1182 5407 5342
face 4 1099 1163 -1 1181 5406 5407 1182
face 4 1099 -1 4 1116 1181 1182 1117
face 4 1099 -1 5 5341 5342 5407 5406
face 4 1100 1101 -1 1118 1183 5408 5343
face 4 1100 1164 -1 1182 5407 5408 1183
face 4 1100 -1 4 1117 1182 1183 1118
face 4 1100 -1 5 5342 5343 5408 5407
face 4 1101 1102 -1 1119 1184 5409 5344
face 4 1101 1165 -1 1183 5408 5409 1184
face 4 1101 -1 4 1118 1183 1184 1119
face 4 1101 -1 5 5343 5344 5409 5408
face 4 1102 1103 -1 1120 1185 5410 5345
face 4 1102 1166 -1 1184 5409 5410 1185
face 4 1102 -1 4 1119 1184 1185 1120
face 4 1102 -1 5 5344 5345 5410 5409
face 4 1103 1104 -1 1121 1186 5411 5346
face 4 1103 1167 -1 1185 5410 5411 1186
face 4 1103 -1 4 1120 1185 1186 1121
face 4 1103 -1 5 5345 5346 5411 5410
face 4 1104 1105 -1 1122 1187 5412 5347
face 4 1104 1168 -1 1186 5411 5412 1187
face 4 1104 -1 4 1121 1186 1187 1122
face 4 1104 -1 5 5346 5347 5412 5411
face 4 1105 1106 -1 1123 1188 5413 5348
face 4 1105 1169 -1 1187 5412 5413 1188
face 4 1105 -1 4 1122 1187 1188 1123
face 4 1105 -1 5 5347 5348 5413 5412
face 4 1106 1107 -1 1124 1189 5414 5349
face 4 1106 1170 -1 1188 5413 5414 1189
face 4 1106 -1 4 1123 1188 1189 1124
face 4 1106 -1 5 5348 5349 5414 5413
face 4 1107 1108 -1 1125 1190 5415 5350
face 4 1107 1171 -1 1189 5414 5415 1190
face 4 1107 -1 4 1124 1189 1190 1125
face 4 1107 -1 5 5349 5350 5415 5414
face 4 1108 1109 -1 1126 1191 5416 5351
face 4 1108 1172 -1 1190 5415 5416 1191
face 4 1108 -1 4 1125 1190 1191 1126
face 4 1108 -1 5 5350 5351 5416 5415
face 4 1109 1110 -1 1127 1192 5417 5352
face 4 1109 1173 -1 1191 5416 5417 1192
face 4 1109 -1 4 1126 1191 1192 1127
face 4 1109 -1 5 5351 5352 5417 5416
face 4 1110 1111 -1 1128 1193 5418 5353
face 4 1110 1174 -1 1192 5417 5418 1193
face 4 1110 -1 4 1127 1192 1193 1128
face 4 1110 -1 5 5352 5353 5418 5417
face 4 1111 1112 -1 1129 1194 5419 5354
face 4 1111 1175 -1 1193 5418 5419 1194
face 4 1111 -1 4 1128 1193 1194 1129
face 4 1111 -1 5 5353 5354 5419 5418
face 4 1112 1113 -1 1130 1195 5420 5355
face 4 1112 1176 -1 1194 5419 5420 1195
face 4 1112 -1 4 1129 1194 1195 1130
face 4 1112 -1 5 5354 5355 5420 5419
face 4 1113 1114 -1 1131 1196 5421 5356
face 4 1113 1177 -1 1195 5420 5421 1196
face 4 1113 -1 4 1130 1195 1196 1131
face 4 1113 -1 5 5355 5356 5421 5420
face 4 1114 1115 -1 1132 1197 5422 5357
face 4 1114 1178 -1 1196 5421 5422 1197
face 4 1114 -1 4 1131 1196 1197 1132
face 4 1114 -1 5 5356 5357 5422 5421
face 4 1115 1116 -1 1133 1198 5423 5358
face 4 1115 1179 -1 1197 5422 5423 1198
face 4 1115 -1 4 1132 1197 1198 1133
face 4 1115 -1 5 5357 5358 5423 5422
face 4 1116 1117 -1 1134 1199 5424 5359
face 4 1116 1180 -1 1198 5423 5424 1199
face 4 1116 -1 4 1133 1198 1199 1134
face 4 1116 -1 5 5358 5359 5424 5423
face 4 1117 1118 -1 1135 1200 5425 5360
face 4 1117 1181 -1 1199 5424 5425 1200
face 4 1117 -1 4 1134 1199 1200 1135
face 4 1117 -1 5 5359 5360 5425 5424
face 4 1118 1119 -1 1136 1201 5426 5361
face 4 1118 1182 -1 1200 5425 5426 1201
face 4 1118 -1 4 1135 1200 1201 1136
face 4 1118 -1 5 5360 5361 5426 5425
face 4 1119 1120 -1 1137 1202 5427 5362
face 4 1119 1183 -1 1201 5426 5427 1202
face 4 1119 -1 4 1136 1201 1202 1137
face 4 1119 -1 5 5361 5362 5427 5426
face 4 1120 1121 -1 1138 1203 5428 5363
face 4 1120 1184 -1 1202 5427 5428 1203
face 4 1120 -1 4 1137 1202 1203 1138
face 4 1120 -1 5 5362 5363 5428 5427
face 4 1121 1122 -1 1139 1204 5429 5364
face 4 1121 1185 -1 1203 5428 5429 1204
face 4 1121 -1 4 1138 1203 1204 1139
face 4 1121 -1 5 5363 5364 5429 5428
face 4 1122 1123 -1 1140 1205 5430 5365
face 4 1122 1186 -1 1204 5429 5430 1205
face 4 1122 -1 4 1139 1204 1205 1140
face 4 1122 -1 5 5364 5365 5430 5429
face 4 1123 1124 -1 1141 1206 5431 5366
face 4 1123 1187 -1 1205 5430 5431 1206
face 4 1123 -1 4 1140 1205 1206 1141
face 4 1123 -1 5 5365 5366 5431 5430
face 4 1124 1125 -1 1142 1207 5432 5367
face 4 1124 1188 -1 1206 5431 5432 1207
face 4 1124 -1 4 1141 1206 1207 1142
face 4 1124 -1 5 5366 5367 5432 5431
face 4 1125 1126 -1 1143 1208 5433 5368
face 4 1125 1189 -1 1207 5432 5433 1208
face 4 1125 -1 4 1142 1207 1208 1143
face 4 1125 -1 5 5367 5368 5433 5432
face 4 1126 1127 -1 1144 1209 5434 5369
face 4 1126 1190 -1 1208 5433 5434 1209
face 4 1126 -1 4 1143 1208 1209 1144
face 4 1126 -1 5 5368 5369 5434 5433
face 4 1127 1128 -1 1145 1210 5435 5370
face 4 1127 1191 -1 1209 5434 5435 1210
face 4 1127 -1 4 1144 1209 1210 1145
face 4 1127 -1 5 5369 5370 5435 5434
face 4 1128 1129 -1 1146 1211 5436 5371
face 4 1128 1192 -1 1210 5435 5436 1211
face 4 1128 -1 4 1145 1210 1211 1146
face 4 1128 -1 5 5370 5371 5436 5435
face 4 1129 1130 -1 1147 1212 5437 5372
face 4 1129 1193 -1 1211 5436 5437 1212
face 4 1129 -1 4 1146 1211 1212 1147
face 4 1129 -1 5 5371 5372 5437 5436
face 4 1130 1131 -1 1148 1213 5438 5373
face 4 1130 1194 -1 1212 5437 5438 1213
face 4 1130 -1 4 1147 1212 1213 1148
face 4 1130 -1 5 5372 5373 5438 5437
face 4 1131 1132 -1 1149 1214 5439 5374
face 4 1131 1195 -1 1213 5438 5439 1214
face 4 1131 -1 4 1148 1213 1214 1149
face 4 1131 -1 5 5373 5374 5439 5438
face 4 1132 1133 -1 1150 1215 5440 5375
face 4 1132 1196 -1 1214 5439 5440 1215
face 4 1132 -1 4 1149 1214 1215 1150
face 4 1132 -1 5 5374 5375 5440 5439
face 4 1133 1134 -1 1151 1216 5441 5376
face 4 1133 1197 -1 1215 5440 5441 1216
face 4 1133 -1 4 1150 1215 1216 1151
face 4 1133 -1 5 5375 5376 5441 5440
face 4 1134 1135 -1 1152 1217 5442 5377
face 4 1134 1198 -1 1216 5441 5442 1217
face 4 1134 -1 4 1151 1216 1217 1152
face 4 1134 -1 5 5376 5377 5442 5441
face 4 1135 1136 -1 1153 1218 5443 5378
face 4 1135 1199 -1 1217 5442 5443 1218
face 4 1135 -1 4 1152 1217 1218 1153
face 4 1135 -1 5 5377 5378 5443 5442
face 4 1136 1137 -1 1154 1219 5444 5379
face 4 1136 1200 -1 1218 5443 5444 1219
face 4 1136 -1 4 1153 1218 1219 1154
face 4 1136 -1 5 5378 5379 5444 5443
face 4 1137 1138 -1 1155 1220 5445 5380
face 4 1137 1201 -1 1219 5444 5445 1220
face 4 1137 -1 4 1154 1219 1220 1155
face 4 1137 -1 5 5379 5380 5445 5444
face 4 1138 1139 -1 1156 1221 5446 5381
face 4 1138 1202 -1 1220 5445 5446 1221
face 4 1138 -1 4 1155 1220 1221 1156
face 4 1138 -1 5 5380 5381 5446 5445
face 4 1139 1140 -1 1157 1222 5447 5382
face 4 1139 1203 -1 1221 5446 5447 1222
face 4 1139 -1 4 1156 1221 1222 1157
face 4 1139 -1 5 5381 5382 5447 5446
face 4 1140 1141 -1 1158 1223 5448 5383
face 4 1140 1204 -1 1222 5447 5448 1223
face 4 1140 -1 4 1157 1222 1223 1158
face 4 1140 -1 5 5382 5383 5448 5447
face 4 1141 1142 -1 1159 1224 5449 5384
face 4 1141 1205 -1 1223 5448 5449 1224
face 4 1141 -1 4 1158 1223 1224 1159
face 4 1141 -1 5 5383 5384 5449 5448
face 4 1142 1143 -1 1160 1225 5450 5385
face 4 1142 1206 -1 1224 5449 5450 1225
face 4 1142 -1 4 1159 1224 1225 1160
face 4 1142 -1 5 5384 5385 5450 5449
face 4 1143 1144 -1 1161 1226 5451 5386
face 4 1143 1207 -1 1225 5450 5451 1226
face 4 1143 -1 4 1160 1225 1226 1161
face 4 1143 -1 5 5385 5386 5451 5450
face 4 1144 1145 -1 1162 1227 5452 5387
face 4 1144 1208 -1 1226 5451 5452 1227
face 4 1144 -1 4 1161 1226 1227 1162
face 4 1144 -1 5 5386 5387 5452 5451
face 4 1145 1146 -1 1163 1228 5453 5388
face 4 1145 1209 -1 1227 5452 5453 1228
face 4 1145 -1 4 1162 1227 1228 1163
face 4 1145 -1 5 5387 5388 5453 5452
face 4 1146 1147 -1 1164 1229 5454 5389
face 4 1146 1210 -1 1228 5453 5454 1229
face 4 1146 -1 4 1163 1228 1229 1164
face 4 1146 -1 5 5388 5389 5454 5453
face 4 1147 1148 -1 1165 1230 5455 5390
face 4 1147 1211 -1 1229 5454 5455 1230
face 4 1147 -1 4 1164 1229 1230 1165
face 4 1147 -1 5 5389 5390 5455 5454
face 4 1148 1149 -1 1166 1231 5456 5391
face 4 1148 1212 -1 1230 5455 5456 1231
face 4 1148 -1 4 1165 1230 1231 1166
face 4 1148 -1 5 5390 5391 5456 5455
face 4 1149 1150 -1 1167 1232 5457 5392
face 4 1149 1213 -1 1231 5456 5457 1232
face 4 1149 -1 4 1166 1231 1232 1167
face 4 1149 -1 5 5391 5392 5457 5456
face 4 1150 1151 -1 1168 1233 5458 5393
face 4 1150 1214 -1 1232 5457 5458 1233
face 4 1150 -1 4 1167 1232 1233 1168
face 4 1150 -1 5 5392 5393 5458 5457
face 4 1151 -1 1 1169 1234 5459 5394
face 4 1151 1215 -1 1233 5458 5459 1234
face 4 1151 -1 4 1168 1233 1234 1169
face 4 1151 -1 5 5393 5394 5459 5458
face 4 1152 -1 0 1170 5395 5460 1235
face 4 1152 1153 -1 1171 1236 5461 5396
face 4 1152 1216 -1 1235 5460 5461 1236
face 4 1152 -1 4 1170 1235 1236 1171
face 4 1152 -1 5 5395 5396 5461 5460
face 4 1153 1154 -1 1172 1237 5462 5397
face 4 1153 1217 -1 1236 5461 5462 1237
face 4 1153 -1 4 1171 1236 1237 1172
face 4 1153 -1 5 5396 5397 5462 5461
face 4 1154 1155 -1 1173 1238 5463 5398
face 4 1154 1218 -1 1237 5462 5463 1238
face 4 1154 -1 4 1172 1237 1238 1173
face 4 1154 -1 5 5397 5398 5463 5462
face 4 1155 1156 -1 1174 1239 5464 5399
face 4 1155 1219 -1 1238 5463 5464 1239
face 4 1155 -1 4 1173 1238 1239 1174
face 4 1155 -1 5 5398 5399 5464 5463
face 4 1156 1157 -1 1175 1240 5465 5400
face 4 1156 1220 -1 1239 5464 5465 1240
face 4 1156 -1 4 1174 1239 1240 1175
face 4 1156 -1 5 5399 5400 5465 5464
face 4 1157 1158 -1 1176 1241 5466 5401
face 4 1157 1221 -1 1240 5465 5466 1241
face 4 1157 -1 4 1175 1240 1241 1176
face 4 1157 -1 5 5400 5401 5466 5465
face 4 1158 1159 -1 1177 1242 5467 5402
face 4 1158 1222 -1 1241 5466 5467 1242
face 4 1158 -1 4 1176 1241 1242 1177
face 4 1158 -1 5 5401 5402 5467 5466
face 4 1159 1160 -1 1178 1243 5468 5403
face 4 1159 1223 -1 1242 5467 5468 1243
face 4 1159 -1 4 1177 1242 1243 1178
face 4 1159 -1 5 5402 5403 5468 5467
face 4 1160 1161 -1 1179 1244 5469 5404
face 4 1160 1224 -1 1243 5468 5469 1244
face 4 1160 -1 4 1178 1243 1244 1179
face 4 1160 -1 5 5403 5404 5469 5468
face 4 1161 1162 -1 1180 1245 5470 5405
face 4 1161 1225 -1 1244 5469 5470 1245
face 4 1161 -1 4 1179 1244 1245 1180
face 4 1161 -1 5 5404 5405 5470 5469
face 4 1162 1163 -1 1181 1246 5471 5406
face 4 1162 1226 -1 1245 5470 5471 1246
face 4 1162 -1 4 1180 1245 1246 1181
face 4 1162 -1 5 5405 5406 5471 5470
face 4 1163 1164 -1 1182 1247 5472 5407
face 4 1163 1227 -1 1246 5471 5472 1247
face 4 1163 -1 4 1181 1246 1247 1182
face 4 1163 -1 5 5406 5407 5472 5471
face 4 1164 1165 -1 1183 1248 5473 5408
face 4 1164 1228 -1 1247 5472 5473 1248
face 4 1164 -1 4 1182 1247 1248 1183
face 4 1164 -1 5 5407 5408 5473 5472
face 4 1165 1166 -1 1184 1249 5474 5409
face 4 1165 1229 -1 1248 5473 5474 1249
face 4 1165 -1 4 1183 1248 1249 1184
face 4 1165 -1 5 5408 5409 5474 5473
face 4 1166 1167 -1 1185 1250 5475 5410
face 4 1166 1230 -1 1249 5474 5475 1250
face 4 1166 -1 4 1184 1249 1250 1185
face 4 1166 -1 5 5409 5410 5475 5474
face 4 1167 1168 -1 1186 1251 5476 5411
face 4 1167 1231 -1 1250 5475 5476 1251
face 4 1167 -1 4 1185 1250 1251 1186
face 4 1167 -1 5 5410 5411 5476 5475
face 4 1168 1169 -1 1187 1252 5477 5412
face 4 1168 1232 -1 1251 5476 5477 1252
face 4 1168 -1 4 1186 1251 1252 1187
face 4 1168 -1 5 5411 5412 5477 5476
face 4 1169 1170 -1 1188 1253 5478 5413
face 4 1169 1233 -1 1252 5477 5478 1253
face 4 1169 -1 4 1187 1252 1253 1188
face 4 1169 -1 5 5412 5413 5478 5477
face 4 1170 1171 -1 1189 1254 5479 5414
face 4 1170 1234 -1 1253 5478 5479 1254
face 4 1170 -1 4 1188 1253 1254 1189
face 4 1170 -1 5 5413 5414 5479 5478
face 4 1171 1172 -1 1190 1255 5480 5415
face 4 1171 1235 -1 1254 5479 5480 1255
face 4 1171 -1 4 1189 1254 1255 1190
face 4 1171 -1 5 5414 5415 5480 5479
face 4 1172 1173 -1 1191 1256 5481 5416
face 4 1172 1236 -1 1255 5480 5481 1256
face 4 1172 -1 4 1190 1255 1256 1191
face 4 1172 -1 5 5415 5416 5481 5480
face 4 1173 1174 -1 1192 1257 5482 5417
face 4 1173 1237 -1 1256 5481 5482 1257
face 4 1173 -1 4 1191 1256 1257 1192
face 4 1173 -1 5 5416 5417 5482 5481
face 4 1174 1175 -1 1193 1258 5483 5418
face 4 1174 1238 -1 1257 5482 5483 1258
face 4 1174 -1 4 1192 1257 1258 1193
face 4 1174 -1 5 5417 5418 5483 5482
face 4 1175 1176 -1 1194 1259 5484 5419
face 4 1175 1239 -1 1258 5483 5484 1259
face 4 1175 -1 4 1193 1258 1259 1194
face 4 1175 -1 5 5418 5419 5484 5483
face 4 1176 1177 -1 1195 1260 5485 5420
face 4 1176 1240 -1 1259 5484 5485 1260
face 4 1176 -1 4 1194 1259 1260 1195
face 4 1176 -1 5 5419 5420 5485 5484
face 4 1177 1178 -1 1196 1261 5486 5421
face 4 1177 1241 -1 1260 5485 5486 1261
face 4 1177 -1 4 1195 1260 1261 1196
face 4 1177 -1 5 5420 5421 5486 5485
face 4 1178 1179 -1 1197 1262 5487 5422
face 4 1178 1242 -1 1261 5486 5487 1262
face 4 1178 -1 4 1196 1261 1262 1197
face 4 1178 -1 5 5421 5422 5487 5486
face 4 1179 1180 -1 1198 1263 5488 5423
face 4 1179 1243 -1 1262 5487 5488 1263
face 4 1179 -1 4 1197 1262 1263 1198
face 4 1179 -1 5 5422 5423 5488 5487
face 4 1180 1181 -1 1199 1264 5489 5424
face 4 1180 1244 -1 1263 5488 5489 1264
face 4 1180 -1 4 1198 1263 1264 1199
face 4 1180 -1 5 5423 5424 5489 5488
face 4 1181 1182 -1 1200 1265 5490 5425
face 4 1181 1245 -1 1264 5489 5490 1265
face 4 1181 -1 4 1199 1264 1265 1200
face 4 1181 -1 5 5424 5425 5490 5489
face 4 1182 1183 -1 1201 1266 5491 5426
face 4 1182 1246 -1 1265 5490 5491 1266
face 4 1182 -1 4 1200 1265 1266 1201
face 4 1182 -1 5 5425 5426 5491 5490
face 4 1183 1184 -1 1202 1267 5492 5427
face 4 1183 1247 -1 1266 5491 5492 1267
face 4 1183 -1 4 1201 1266 1267 1202
face 4 1183 -1 5 5426 5427 5492 5491
face 4 1184 1185 -1 1203 1268 5493 5428
face 4 1184 1248 -1 1267 5492 5493 1268
face 4 1184 -1 4 1202 1267 1268 1203
face 4 1184 -1 5 5427 5428 5493 5492
face 4 1185 1186 -1 1204 1269 5494 5429
face 4 1185 1249 -1 1268 5493 5494 1269
face 4 1185 -1 4 1203 1268 1269 1204
face 4 1185 -1 5 5428 5429 5494 5493
face 4 1186 1187 -1 1205 1270 5495 5430
face 4 1186 1250 -1 1269 5494 5495 1270
face 4 1186 -1 4 1204 1269 1270 1205
face 4 1186 -1 5 5429 5430 5495 5494
face 4 1187 1188 -1 1206 1271 5496 5431
face 4 1187 1251 -1 1270 5495 5496 1271
face 4 1187 -1 4 1205 1270 1271 1206
face 4 1187 -1 5 5430 5431 5496 5495
face 4 1188 1189 -1 1207 1272 5497 5432
face 4 1188 1252 -1 1271 5496 5497 1272
face 4 1188 -1 4 1206 1271 1272 1207
face 4 1188 -1 5 5431 5432 5497 5496
face 4 1189 1190 -1 1208 1273 5498 5433
face 4 1189 1253 -1 1272 5497 5498 1273
face 4 1189 -1 4 1207 1272 1273 1208
face 4 1189 -1 5 5432 5433 5498 5497
face 4 1190 1191 -1 1209 1274 5499 5434
face 4 1190 1254 -1 1273 5498 5499 1274
face 4 1190 -1 4 1208 1273 1274 1209
face 4 1190 -1 5 5433 5434 5499 5498
face 4 1191 1192 -1 1210 1275 5500 5435
face 4 1191 1255 -1 1274 5499 5500 1275
face 4 1191 -1 4 1209 1274 1275 1210
face 4 1191 -1 5 5434 5435 5500 5499
face 4 1192 1193 -1 1211 1276 5501 5436
face 4 1192 1256 -1 1275 5500 5501 1276
face 4 1192 -1 4 1210 1275 1276 1211
face 4 1192 -1 5 5435 5436 5501 5500
face 4 1193 1194 -1 1212 1277 5502 5437
face 4 1193 1257 -1 1276 5501 5502 1277
face 4 1193 -1 4 1211 1276 1277 1212
face 4 1193 -1 5 5436 5437 5502 5501
face 4 1194 1195 -1 1213 1278 5503 5438
face 4 1194 1258 -1 1277 5502 5503 1278
face 4 1194 -1 4 1212 1277 1278 1213
face 4 1194 -1 5 5437 5438 5503 5502
face 4 1195 1196 -1 1214 1279 5504 5439
face 4 1195 1259 -1 1278 5503 5504 1279
face 4 1195 -1 4 1213 1278 1279 1214
face 4 1195 -1 5 5438 5439 5504 5503
face 4 1196 1197 -1 1215 1280 5505 5440
face 4 1196 1260 -1 1279 5504 5505 1280
face 4 1196 -1 4 1214 1279 1280 1215
face 4 1196 -1 5 5439 5440 5505 5504
face 4 1197 1198 -1 1216 1281 5506 5441
face 4 1197 1261 -1 1280 5505 5506 1281
face 4 1197 -1 4 1215 1280 1281 1216
face 4 1197 -1 5 5440 5441 5506 5505
face 4 1198 1199 -1 1217 1282 5507 5442
face 4 1198 1262 -1 1281 5506 5507 1282
face 4 1198 -1 4 1216 1281 1282 1217
face 4 1198 -1 5 5441 5442 5507 5506
face 4 1199 1200 -1 1218 1283 5508 5443
face 4 1199 1263 -1 1282 5507 5508 1283
face 4 1199 -1 4 1217 1282 1283 1218
face 4 1199 -1 5 5442 5443 5508 5507
face 4 1200 1201 -1 1219 1284 5509 5444
face 4 1200 1264 -1 1283 5508 5509 1284
face 4 1200 -1 4 1218 1283 1284 1219
face 4 1200 -1 5 5443 5444 5509 5508
face 4 1201 1202 -1 1220 1285 5510 5445
face 4 1201 1265 -1 1284 5509 5510 1285
face 4 1201 -1 4 1219 1284 1285 1220
face 4 1201 -1 5 5444 5445 5510 5509
face 4 1202 1203 -1 1221 1286 5511 5446
face 4 1202 1266 -1 1285 5510 5511 1286
face 4 1202 -1 4 1220 1285 1286 1221
face 4 1202 -1 5 5445 5446 5511 5510
face 4 1203 1204 -1 1222 1287 5512 5447
face 4 1203 1267 -1 1286 5511 5512 1287
face 4 1203 -1 4 1221 1286 1287 1222
face 4 1203 -1 5 5446 5447 5512 5511
face 4 1204 1205 -1 1223 1288 5513 5448
face 4 1204 1268 -1 1287 5512 5513 1288
face 4 1204 -1 4 1222 1287 1288 1223
face 4 1204 -1 5 5447 5448 5513 5512
face 4 1205 1206 -1 1224 1289 5514 5449
face 4 1205 1269 -1 1288 5513 5514 1289
face 4 1205 -1 4 1223 1288 1289 1224
face 4 1205 -1 5 5448 5449 5514 5513
face 4 1206 1207 -1 1225 1290 5515 5450
face 4 1206 1270 -1 1289 5514 5515 1290
face 4 1206 -1 4 1224 1289 1290 1225
face 4 1206 -1 5 5449 5450 5515 5514
face 4 1207 1208 -1 1226 1291 5516 5451
face 4 1207 1271 -1 1290 5515 5516 1291
face 4 1207 -1 4 1225 1290 1291 1226
face 4 1207 -1 5 5450 5451 5516 5515
face 4 1208 1209 -1 1227 1292 5517 5452
face 4 1208 1272 -1 1291 5516 5517 1292
face 4 1208 -1 4 1226 1291 1292 1227
face 4 1208 -1 5 5451 5452 5517 5516
face 4 1209 1210 -1 1228 1293 5518 5453
face 4 1209 1273 -1 1292 5517 5518 1293
face 4 1209 -1 4 1227 1292 1293 1228
face 4 1209 -1 5 5452 5453 5518 5517
face 4 1210 1211 -1 1229 1294 5519 5454
face 4 1210 1274 -1 1293 5518 5519 1294
face 4 1210 -1 4 1228 1293 1294 1229
face 4 1210 -1 5 5453 5454 5519 5518
face 4 1211 1212 -1 1230 1295 5520 5455
face 4 1211 1275 -1 1294 5519 5520 1295
face 4 1211 -1 4 1229 1294 1295 1230
face 4 1211 -1 5 5454 5455 5520 5519
face 4 1212 1213 -1 1231 1296 5521 5456
face 4 1212 1276 -1 1295 5520 5521 1296
face 4 1212 -1 4 1230 1295 1296 1231
face 4 1212 -1 5 5455 5456 5521 5520
face 4 1213 1214 -1 1232 1297 5522 5457
face 4 1213 1277 -1 1296 5521 5522 1297
face 4 1213 -1 4 1231 1296 1297 1232
face 4 1213 -1 5 5456 5457 5522 5521
face 4 1214 1215 -1 1233 1298 5523 5458
face 4 1214 1278 -1 1297 5522 5523 1298
face 4 1214 -1 4 1232 1297 1298 1233
face 4 1214 -1 5 5457 5458 5523 5522
face 4 1215 -1 1 1234 1299 5524 5459
face 4 1215 1279 -1 1298 5523 5524 1299
face 4 1215 -1 4 1233 1298 1299 1234
face 4 1215 -1 5 5458 5459 5524 5523
face 4 1216 -1 0 1235 5460 5525 1300
face 4 1216 1217 -1 1236 1301 5526 5461
face 4 1216 1280 -1 1300 5525 5526 1301
face 4 1216 -1 4 1235 1300 1301 1236
face 4 1216 -1 5 5460 5461 5526 5525
face 4 1217 1218 -1 1237 1302 5527 5462
face 4 1217 1281 -1 1301 5526 5527 1302
face 4 1217 -1 4 1236 1301 1302 1237
face 4 1217 -1 5 5461 5462 5527 5526
face 4 1218 1219 -1 1238 1303 5528 5463
face 4 1218 1282 -1 1302 5527 5528 1303
face 4 1218 -1 4 1237 1302 1303 1238
face 4 1218 -1 5 5462 5463 5528 5527
face 4 1219 1220 -1 1239 1304 5529 5464
face 4 1219 1283 -1 1303 5528 5529 1304
face 4 1219 -1 4 1238 1303 1304 1239
face 4 1219 -1 5 5463 5464 5529 5528
face 4 1220 1221 -1 1240 1305 5530 5465
face 4 1220 1284 -1 1304 5529 5530 1305
face 4 1220 -1 4 1239 1304 1305 1240
face 4 1220 -1 5 5464 5465 5530 5529
face 4 1221 1222 -1 1241 1306 5531 5466
face 4 1221 1285 -1 1305 5530 5531 1306
face 4 1221 -1 4 1240 1305 1306 1241
face 4 1221 -1 5 5465 5466 5531 5530
face 4 1222 1223 -1 1242 1307 5532 5467
face 4 1222 1286 -1 1306 5531 5532 1307
face 4 1222 -1 4 1241 1306 1307 1242
face 4 1222 -1 5 5466 5467 5532 5531
face 4 1223 1224 -1 1243 1308 5533 5468
face 4 1223 1287 -1 1307 5532 5533 1308
face 4 1223 -1 4 1242 1307 1308 1243
face 4 1223 -1 5 5467 5468 5533 5532
face 4 1224 1225 -1 1244 1309 5534 5469
face 4 1224 1288 -1 1308 5533 5534 1309
face 4 1224 -1 4 1243 1308 1309 1244
face 4 1224 -1 5 5468 5469 5534 5533
face 4 1225 1226 -1 1245 1310 5535 5470
face 4 1225 1289 -1 1309 5534 5535 1310
face 4 1225 -1 4 1244 1309 1310 1245
face 4 1225 -1 5 5469 5470 5535 5534
face 4 1226 1227 -1 1246 1311 5536 5471
face 4 1226 1290 -1 1310 5535 5536 1311
face 4 1226 -1 4 1245 1310 1311 1246
face 4 1226 -1 5 5470 5471 5536 5535
face 4 1227 1228 -1 1247 1312 5537 5472
face 4 1227 1291 -1 1311 5536 5537 1312
face 4 1227 -1 4 1246 1311 1312 1247
face 4 1227 -1 5 5471 5472 5537 5536
face 4 1228 1229 -1 1248 1313 5538 5473
face 4 1228 1292 -1 1312 5537 5538 1313
face 4 1228 -1 4 1247 1312 1313 1248
face 4 1228 -1 5 5472 5473 5538 5537
face 4 1229 1230 -1 1249 1314 5539 5474
face 4 1229 1293 -1 1313 5538 5539 1314
face 4 1229 -1 4 1248 1313 1314 1249
face 4 1229 -1 5 5473 5474 5539 5538
face 4 1230 1231 -1 1250 1315 5540 5475
face 4 1230 1294 -1 1314 5539 5540 1315
face 4 1230 -1 4 1249 1314 1315 1250
face 4 1230 -1 5 5474 5475 5540 5539
face 4 1231 1232 -1 1251 1316 5541 5476
face 4 1231 1295 -1 1315 5540 5541 1316
face 4 1231 -1 4 1250 1315 1316 1251
face 4 1231 -1 5 5475 5476 5541 5540
face 4 1232 1233 -1 1252 1317 5542 5477
face 4 1232 1296 -1 1316 5541 5542 1317
face 4 1232 -1 4 1251 1316 1317 1252
face 4 1232 -1 5 5476 5477 5542 5541
face 4 1233 1234 -1 1253 1318 5543 5478
face 4 1233 1297 -1 1317 5542 5543 1318
face 4 1233 -1 4 1252 1317 1318 1253
face 4 1233 -1 5 5477 5478 5543 5542
face 4 1234 1235 -1 1254 1319 5544 5479
face 4 1234 1298 -1 1318 5543 5544 1319
face 4 1234 -1 4 1253 1318 1319 1254
face 4 1234 -1 5 5478 5479 5544 5543
face 4 1235 1236 -1 1255 1320 5545 5480
face 4 1235 1299 -1 1319 5544 5545 1320
face 4 1235 -1 4 1254 1319 1320 1255
face 4 1235 -1 5 5479 5480 5545 5544
face 4 1236 1237 -1 1256 1321 5546 5481
face 4 1236 1300 -1 1320 5545 5546 1321
face 4 1236 -1 4 1255 1320 1321 1256
face 4 1236 -1 5 5480 5481 5546 5545
face 4 1237 1238 -1 1257 1322 5547 5482
face 4 1237 1301 -1 1321 5546 5547 1322
face 4 1237 -1 4 1256 1321 1322 1257
face 4 1237 -1 5 5481 5482 5547 5546
face 4 1238 1239 -1 1258 1323 5548 5483
face 4 1238 1302 -1 1322 5547 5548 1323
face 4 1238 -1 4 1257 1322 1323 1258
face 4 1238 -1 5 5482 5483 5548 5547
face 4 1239 1240 -1 1259 1324 5549 5484
face 4 1239 1303 -1 1323 5548 5549 1324
face 4 1239 -1 4 1258 1323 1324 1259
face 4 1239 -1 5 5483 5484 5549 5548
face 4 1240 1241 -1 1260 1325 5550 5485
face 4 1240 1304 -1 1324 5549 5550 1325
face 4 1240 -1 4 1259 1324 1325 1260
face 4 1240 -1 5 5484 5485 5550 5549
face 4 1241 1242 -1 1261 1326 5551 5486
face 4 1241 1305 -1 1325 5550 5551 1326
face 4 1241 -1 4 1260 1325 1326 1261
face 4 1241 -1 5 5485 5486 5551 5550
face 4 1242 1243 -1 1262 1327 5552 5487
face 4 1242 1306 -1 1326 5551 5552 1327
face 4 1242 -1 4 1261 1326 1327 1262
face 4 1242 -1 5 5486 5487 5552 5551
face 4 1243 1244 -1 1263 1328 5553 5488
face 4 1243 1307 -1 1327 5552 5553 1328
face 4 1243 -1 4 1262 1327 1328 1263
face 4 1243 -1 5 5487 5488 5553 5552
face 4 1244 1245 -1 1264 1329 5554 5489
face 4 1244 1308 -1 1328 5553 5554 1329
face 4 1244 -1 4 1263 1328 1329 1264
face 4 1244 -1 5 5488 5489 5554 5553
face 4 1245 1246 -1 1265 1330 5555 5490
face 4 1245 1309 -1 1329 5554 5555 1330
face 4 1245 -1 4 1264 1329 1330 1265
face 4 1245 -1 5 5489 5490 5555 5554
face 4 1246 1247 -1 1266 1331 5556 5491
face 4 1246 1310 -1 1330 5555 5556 1331
face 4 1246 -1 4 1265 1330 1331 1266
face 4 1246 -1 5 5490 5491 5556 5555
face 4 1247 1248 -1 1267 1332 5557 5492
face 4 1247 1311 -1 1331 5556 5557 1332
face 4 1247 -1 4 1266 1331 1332 1267
face 4 1247 -1 5 5491 5492 5557 5556
face 4 1248 1249 -1 1268 1333 5558 5493
face 4 1248 1312 -1 1332 5557 5558 1333
face 4 1248 -1 4 1267 1332 1333 1268
face 4 1248 -1 5 5492 5493 5558 5557
face 4 1249 1250 -1 1269 1334 5559 5494
face 4 1249 1313 -1 1333 5558 5559 1334
face 4 1249 -1 4 1268 1333 1334 1269
face 4 1249 -1 5 5493 5494 5559 5558
face 4 1250 1251 -1 1270 1335 5560 5495
face 4 1250 1314 -1 1334 5559 5560 1335
face 4 1250 -1 4 1269 1334 1335 1270
face 4 1250 -1 5 5494 5495 5560 5559
face 4 1251 1252 -1 1271 1336 5561 5496
face 4 1251 1315 -1 1335 5560 5561 1336
face 4 1251 -1 4 1270 1335 1336 1271
face 4 1251 -1 5 5495 5496 5561 5560
face 4 1252 1253 -1 1272 1337 5562 5497
face 4 1252 1316 -1 1336 5561 5562 1337
face 4 1252 -1 4 1271 1336 1337 1272
face 4 1252 -1 5 5496 5497 5562 5561
face 4 1253 1254 -1 1273 1338 5563 5498
face 4 1253 1317 -1 1337 5562 5563 1338
face 4 1253 -1 4 1272 1337 1338 1273
face 4 1253 -1 5 5497 5498 5563 5562
face 4 1254 1255 -1 1274 1339 5564 5499
face 4 1254 1318 -1 1338 5563 5564 1339
face 4 1254 -1 4 1273 1338 1339 1274
face 4 1254 -1 5 5498 5499 5564 5563
face 4 1255 1256 -1 1275 1340 5565 5500
face 4 1255 1319 -1 1339 5564 5565 1340
face 4 1255 -1 4 1274 1339 1340 1275
face 4 1255 -1 5 5499 5500 5565 5564
face 4 1256 1257 -1 1276 1341 5566 5501
face 4 1256 1320 -1 1340 5565 5566 1341
face 4 1256 -1 4 1275 1340 1341 1276
face 4 1256 -1 5 5500 5501 5566 5565
face 4 1257 1258 -1 1277 1342 5567 5502
face 4 1257 1321 -1 1341 5566 5567 1342
face 4 1257 -1 4 1276 1341 1342 1277
face 4 1257 -1 5 5501 5502 5567 5566
face 4 1258 1259 -1 1278 1343 5568 5503
face 4 1258 1322 -1 1342 5567 5568 1343
face 4 1258 -1 4 1277 1342 1343 1278
face 4 1258 -1 5 5502 5503 5568 5567
face 4 1259 1260 -1 1279 1344 5569 5504
face 4 1259 1323 -1 1343 5568 5569 1344
face 4 1259 -1 4 1278 1343 1344 1279
face 4 1259 -1 5 5503 5504 5569 5568
face 4 1260 1261 -1 1280 1345 5570 5505
face 4 1260 1324 -1 1344 5569 5570 1345
face 4 1260 -1 4 1279 1344 1345 1280
face 4 1260 -1 5 5504 5505 5570 5569
face 4 1261 1262 -1 1281 1346 5571 5506
face 4 1261 1325 -1 1345 5570 5571 1346
face 4 1261 -1 4 1280 1345 1346 1281
face 4 1261 -1 5 5505 5506 5571 5570
face 4 1262 1263 -1 1282 1347 5572 5507
face 4 1262 1326 -1 1346 5571 5572 1347
face 4 1262 -1 4 1281 1346 1347 1282
face 4 1262 -1 5 5506 5507 5572 5571
face 4 1263 1264 -1 1283 1348 5573 5508
face 4 1263 1327 -1 1347 5572 5573 1348
face 4 1263 -1 4 1282 1347 1348 1283
face 4 1263 -1 5 5507 5508 5573 5572
face 4 1264 1265 -1 1284 1349 5574 5509
face 4 1264 1328 -1 1348 5573 5574 1349
face 4 1264 -1 4 1283 1348 1349 1284
face 4 1264 -1 5 5508 5509 5574 5573
face 4 1265 1266 -1 1285 1350 5575 5510
face 4 1265 1329 -1 1349 5574 5575 1350
face 4 1265 -1 4 1284 1349 1350 1285
face 4 1265 -1 5 5509 5510 5575 5574
face 4 1266 1267 -1 1286 1351 5576 5511
face 4 1266 1330 -1 1350 5575 5576 1351
face 4 1266 -1 4 1285 1350 1351 1286
face 4 1266 -1 5 5510 5511 5576 5575
face 4 1267 1268 -1 1287 1352 5577 5512
face 4 1267 1331 -1 1351 5576 5577 1352
face 4 1267 -1 4 1286 1351 1352 1287
face 4 1267 -1 5 5511 5512 5577 5576
face 4 1268 1269 -1 1288 1353 5578 5513
face 4 1268 1332 -1 1352 5577 5578 1353
face 4 1268 -1 4 1287 1352 1353 1288
face 4 1268 -1 5 5512 5513 5578 5577
face 4 1269 1270 -1 1289 1354 5579 5514
face 4 1269 1333 -1 1353 5578 5579 1354
face 4 1269 -1 4 1288 1353 1354 1289
face 4 1269 -1 5 5513 5514 5579 5578
face 4 1270 1271 -1 1290 1355 5580 5515
face 4 1270 1334 -1 1354 5579 5580 1355
face 4 1270 -1 4 1289 1354 1355 1290
face 4 1270 -1 5 5514 5515 5580 5579
face 4 1271 1272 -1 1291 1356 5581 5516
face 4 1271 1335 -1 1355 5580 5581 1356
face 4 1271 -1 4 1290 1355 1356 1291
face 4 1271 -1 5 5515 5516 5581 5580
face 4 1272 1273 -1 1292 1357 5582 5517
face 4 1272 1336 -1 1356 5581 5582 1357
face 4 1272 -1 4 1291 1356 1357 1292
face 4 1272 -1 5 5516 5517 5582 5581
face 4 1273 1274 -1 1293 1358 5583 5518
face 4 1273 1337 -1 1357 5582 5583 1358
face 4 1273 -1 4 1292 1357 1358 1293
face 4 1273 -1 5 5517 5518 5583 5582
face 4 1274 1275 -1 1294 1359 5584 5519
face 4 1274 1338 -1 1358 5583 5584 1359
face 4 1274 -1 4 1293 1358 1359 1294
face 4 1274 -1 5 5518 5519 5584 5583
face 4 1275 1276 -1 1295 1360 5585 5520
face 4 1275 1339 -1 1359 5584 5585 1360
face 4 1275 -1 4 1294 1359 1360 1295
face 4 1275 -1 5 5519 5520 5585 5584
face 4 1276 1277 -1 1296 1361 5586 5521
face 4 1276 1340 -1 1360 5585 5586 1361
face 4 1276 -1 4 1295 1360 1361 1296
face 4 1276 -1 5 5520 5521 5586 5585
face 4 1277 1278 -1 1297 1362 5587 5522
face 4 1277 1341 -1 1361 5586 5587 1362
face 4 1277 -1 4 1296 1361 1362 1297
face 4 1277 -1 5 5521 5522 5587 5586
face 4 1278 1279 -1 1298 1363 5588 5523
face 4 1278 1342 -1 1362 5587 5588 1363
face 4 1278 -1 4 1297 1362 1363 1298
face 4 1278 -1 5 5522 5523 5588 5587
face 4 1279 -1 1 1299 1364 5589 5524
face 4 1279 1343 -1 1363 5588 5589 1364
face 4 1279 -1 4 1298 1363 1364 1299
face 4 1279 -1 5 5523 5524 5589 5588
face 4 1280 -1 0 1300 5525 5590 1365
face 4 1280 1281 -1 1301 1366 5591 5526
face 4 1280 1344 -1 1365 5590 5591 1366
face 4 1280 -1 4 1300 1365 1366 1301
face 4 1280 -1 5 5525 5526 5591 5590
face 4 1281 1282 -1 1302 1367 5592 5527
face 4 1281 1345 -1 1366 5591 5592 1367
face 4 1281 -1 4 1301 1366 1367 1302
face 4 1281 -1 5 5526 5527 5592 5591
face 4 1282 1283 -1 1303 1368 5593 5528
face 4 1282 1346 -1 1367 5592 5593 1368
face 4 1282 -1 4 1302 1367 1368 1303
face 4 1282 -1 5 5527 5528 5593 5592
face 4 1283 1284 -1 1304 1369 5594 5529
face 4 1283 1347 -1 1368 5593 5594 1369
face 4 1283 -1 4 1303 1368 1369 1304
face 4 1283 -1 5 5528 5529 5594 5593
face 4 1284 1285 -1 1305 1370 5595 5530
face 4 1284 1348 -1 1369 5594 5595 1370
face 4 1284 -1 4 1304 1369 1370 1305
face 4 1284 -1 5 5529 5530 5595 5594
face 4 1285 1286 -1 1306 1371 5596 5531
face 4 1285 1349 -1 1370 5595 5596 1371
face 4 1285 -1 4 1305 1370 1371 1306
face 4 1285 -1 5 5530 5531 5596 5595
face 4 1286 1287 -1 1307 1372 5597 5532
face 4 1286 1350 -1 1371 5596 5597 1372
face 4 1286 -1 4 1306 1371 1372 1307
face 4 1286 -1 5 5531 5532 5597 5596
face 4 1287 1288 -1 1308 1373 5598 5533
face 4 1287 1351 -1 1372 5597 5598 1373
face 4 1287 -1 4 1307 1372 1373 1308
face 4 1287 -1 5 5532 5533 5598 5597
face 4 1288 1289 -1 1309 1374 5599 5534
face 4 1288 1352 -1 1373 5598 5599 1374
face 4 1288 -1 4 1308 1373 1374 1309
face 4 1288 -1 5 5533 5534 5599 5598
face 4 1289 1290 -1 1310 1375 5600 5535
face 4 1289 1353 -1 1374 5599 5600 1375
face 4 1289 -1 4 1309 1374 1375 1310
face 4 1289 -1 5 5534 5535 5600 5599
face 4 1290 1291 -1 1311 1376 5601 5536
face 4 1290 1354 -1 1375 5600 5601 1376
face 4 1290 -1 4 1310 1375 1376 1311
face 4 1290 -1 5 5535 5536 5601 5600
face 4 1291 1292 -1 1312 1377 5602 5537
face 4 1291 1355 -1 1376 5601 5602 1377
face 4 1291 -1 4 1311 1376 1377 1312
face 4 1291 -1 5 5536 5537 5602 5601
face 4 1292 1293 -1 1313 1378 5603 5538
face 4 1292 1356 -1 1377 5602 5603 1378
face 4 1292 -1 4 1312 1377 1378 1313
face 4 1292 -1 5 5537 5538 5603 5602
face 4 1293 1294 -1 1314 1379 5604 5539
face 4 1293 1357 -1 1378 5603 5604 1379
face 4 1293 -1 4 1313 1378 1379 1314
face 4 1293 -1 5 5538 5539 5604 5603
face 4 1294 1295 -1 1315 1380 5605 5540
face 4 1294 1358 -1 1379 5604 5605 1380
face 4 1294 -1 4 1314 1379 1380 1315
face 4 1294 -1 5 5539 5540 5605 5604
face 4 1295 1296 -1 1316 1381 5606 5541
face 4 1295 1359 -1 1380 5605 5606 1381
face 4 1295 -1 4 1315 1380 1381 1316
face 4 1295 -1 5 5540 5541 5606 5605
face 4 1296 1297 -1 1317 1382 5607 5542
face 4 1296 1360 -1 1381 5606 5607 1382
face 4 1296 -1 4 1316 1381 1382 1317
face 4 1296 -1 5 5541 5542 5607 5606
face 4 1297 1298 -1 1318 1383 5608 5543
face 4 1297 1361 -1 1382 5607 5608 1383
face 4 1297 -1 4 1317 1382 1383 1318
face 4 1297 -1 5 5542 5543 5608 5607
face 4 1298 1299 -1 1319 1384 5609 5544
face 4 1298 1362 -1 1383 5608 5609 1384
face 4 1298 -1 4 1318 1383 1384 1319
face 4 1298 -1 5 5543 5544 5609 5608
face 4 1299 1300 -1 1320 1385 5610 5545
face 4 1299 1363 -1 1384 5609 5610 1385
face 4 1299 -1 4 1319 1384 1385 1320
face 4 1299 -1 5 5544 5545 5610 5609
face 4 1300 1301 -1 1321 1386 5611 5546
face 4 1300 1364 -1 1385 5610 5611 1386
face 4 1300 -1 4 1320 1385 1386 1321
face 4 1300 -1 5 5545 5546 5611 5610
face 4 1301 1302 -1 1322 1387 5612 5547
face 4 1301 1365 -1 1386 5611 5612 1387
face 4 1301 -1 4 1321 1386 1387 1322
face 4 1301 -1 5 5546 5547 5612 5611
face 4 1302 1303 -1 1323 1388 5613 5548
face 4 1302 1366 -1 1387 5612 5613 1388
face 4 1302 -1 4 1322 1387 1388 1323
face 4 1302 -1 5 5547 5548 5613 5612
face 4 1303 1304 -1 1324 1389 5614 5549
face 4 1303 1367 -1 1388 5613 5614 1389
face 4 1303 -1 4 1323 1388 1389 1324
face 4 1303 -1 5 5548 5549 5614 5613
face 4 1304 1305 -1 1325 1390 5615 5550
face 4 1304 1368 -1 1389 5614 5615 1390
face 4 1304 -1 4 1324 1389 1390 1325
face 4 1304 -1 5 5549 5550 5615 5614
face 4 1305 1306 -1 1326 1391 5616 5551
face 4 1305 1369 -1 1390 5615 5616 1391
face 4 1305 -1 4 1325 1390 1391 1326
face 4 1305 -1 5 5550 5551 5616 5615
face 4 1306 1307 -1 1327 1392 5617 5552
face 4 1306 1370 -1 1391 5616 5617 1392
face 4 1306 -1 4 1326 1391 1392 1327
face 4 1306 -1 5 5551 5552 5617 5616
face 4 1307 1308 -1 1328 1393 5618 5553
face 4 1307 1371 -1 1392 5617 5618 1393
face 4 1307 -1 4 1327 1392 1393 1328
face 4 1307 -1 5 5552 5553 5618 5617
face 4 1308 1309 -1 1329 1394 5619 5554
face 4 1308 1372 -1 1393 5618 5619 1394
face 4 1308 -1 4 1328 1393 1394 1329
face 4 1308 -1 5 5553 5554 5619 5618
face 4 1309 1310 -1 1330 1395 5620 5555
face 4 1309 1373 -1 1394 5619 5620 1395
face 4 1309 -1 4 1329 1394 1395 1330
face 4 1309 -1 5 5554 5555 5620 5619
face 4 1310 1311 -1 1331 1396 5621 5556
face 4 1310 1374 -1 1395 5620 5621 1396
face 4 1310 -1 4 1330 1395 1396 1331
face 4 1310 -1 5 5555 5556 5621 5620
face 4 1311 1312 -1 1332 1397 5622 5557
face 4 1311 1375 -1 1396 5621 5622 1397
face 4 1311 -1 4 1331 1396 1397 1332
face 4 1311 -1 5 5556 5557 5622 5621
face 4 1312 1313 -1 1333 1398 5623 5558
face 4 1312 1376 -1 1397 5622 5623 1398
face 4 1312 -1 4 1332 1397 1398 1333
face 4 1312 -1 5 5557 5558 5623 5622
face 4 1313 1314 -1 1334 1399 5624 5559
face 4 1313 1377 -1 1398 5623 5624 1399
face 4 1313 -1 4 1333 1398 1399 1334
face 4 1313 -1 5 5558 5559 5624 5623
face 4 1314 1315 -1 1335 1400 5625 5560
face 4 1314 1378 -1 1399 5624 5625 1400
face 4 1314 -1 4 1334 1399 1400 1335
face 4 1314 -1 5 5559 5560 5625 5624
face 4 1315 1316 -1 1336 1401 5626 5561
face 4 1315 1379 -1 1400 5625 5626 1401
face 4 1315 -1 4 1335 1400 1401 1336
face 4 1315 -1 5 5560 5561 5626 5625
face 4 1316 1317 -1 1337 1402 5627 5562
face 4 1316 1380 -1 1401 5626 5627 1402
face 4 1316 -1 4 1336 1401 1402 1337
face 4 1316 -1 5 5561 5562 5627 5626
face 4 1317 1318 -1 1338 1403 5628 5563
face 4 1317 1381 -1 1402 5627 5628 1403
face 4 1317 -1 4 1337 1402 1403 1338
face 4 1317 -1 5 5562 5563 5628 5627
face 4 1318 1319 -1 1339 1404 5629 5564
face 4 1318 1382 -1 1403 5628 5629 1404
face 4 1318 -1 4 1338 1403 1404 1339
face 4 1318 -1 5 5563 5564 5629 5628
face 4 1319 1320 -1 1340 1405 5630 5565
face 4 1319 1383 -1 1404 5629 5630 1405
face 4 1319 -1 4 1339 1404 1405 1340
face 4 1319 -1 5 5564 5565 5630 5629
face 4 1320 1321 -1 1341 1406 5631 5566
face 4 1320 1384 -1 1405 5630 5631 1406
face 4 1320 -1 4 1340 1405 1406 1341
face 4 1320 -1 5 5565 5566 5631 5630
face 4 1321 1322 -1 1342 1407 5632 5567
face 4 1321 1385 -1 1406 5631 5632 1407
face 4 1321 -1 4 1341 1406 1407 1342
face 4 1321 -1 5 5566 5567 5632 5631
face 4 1322 1323 -1 1343 1408 5633 5568
face 4 1322 1386 -1 1407 5632 5633 1408
face 4 1322 -1 4 1342 1407 1408 1343
face 4 1322 -1 5 5567 5568 5633 5632
face 4 1323 1324 -1 1344 1409 5634 5569
face 4 1323 1387 -1 1408 5633 5634 1409
face 4 1323 -1 4 1343 1408 1409 1344
face 4 1323 -1 5 5568 5569 5634 5633
face 4 1324 1325 -1 1345 1410 5635 5570
face 4 1324 1388 -1 1409 5634 5635 1410
face 4 1324 -1 4 1344 1409 1410 1345
face 4 1324 -1 5 5569 5570 5635 5634
face 4 1325 1326 -1 1346 1411 5636 5571
face 4 1325 1389 -1 1410 5635 5636 1411
face 4 1325 -1 4 1345 1410 1411 1346
face 4 1325 -1 5 5570 5571 5636 5635
face 4 1326 1327 -1 1347 1412 5637 5572
face 4 1326 1390 -1 1411 5636 5637 1412
face 4 1326 -1 4 1346 1411 1412 1347
face 4 1326 -1 5 5571 5572 5637 5636
face 4 1327 1328 -1 1348 1413 5638 5573
face 4 1327 1391 -1 1412 5637 5638 1413
face 4 1327 -1 4 1347 1412 1413 1348
face 4 1327 -1 5 5572 5573 5638 5637
face 4 1328 1329 -1 1349 1414 5639 5574
face 4 1328 1392 -1 1413 5638 5639 1414
face 4 1328 -1 4 1348 1413 1414 1349
face 4 1328 -1 5 5573 5574 5639 5638
face 4 1329 1330 -1 1350 1415 5640 5575
face 4 1329 1393 -1 1414 5639 5640 1415
face 4 1329 -1 4 1349 1414 1415 1350
face 4 1329 -1 5 5574 5575 5640 5639
face 4 1330 1331 -1 1351 1416 5641 5576
face 4 1330 1394 -1 1415 5640 5641 1416
face 4 1330 -1 4 1350 1415 1416 1351
face 4 1330 -1 5 5575 5576 5641 5640
face 4 1331 1332 -1 1352 1417 5642 5577
face 4 1331 1395 -1 1416 5641 5642 1417
face 4 1331 -1 4 1351 1416 1417 1352
face 4 1331 -1 5 5576 5577 5642 5641
face 4 1332 1333 -1 1353 1418 5643 5578
face 4 1332 1396 -1 1417 5642 5643 1418
face 4 1332 -1 4 1352 1417 1418 1353
face 4 1332 -1 5 5577 5578 5643 5642
face 4 1333 1334 -1 1354 1419 5644 5579
face 4 1333 1397 -1 1418 5643 5644 1419
face 4 1333 -1 4 1353 1418 1419 1354
face 4 1333 -1 5 5578 5579 5644 5643
face 4 1334 1335 -1 1355 1420 5645 5580
face 4 1334 1398 -1 1419 5644 5645 1420
face 4 1334 -1 4 1354 1419 1420 1355
face 4 1334 -1 5 5579 5580 5645 5644
face 4 1335 1336 -1 1356 1421 5646 5581
face 4 1335 1399 -1 1420 5645 5646 1421
face 4 1335 -1 4 1355 1420 1421 1356
face 4 1335 -1 5 5580 5581 5646 5645
face 4 1336 1337 -1 1357 1422 5647 5582
face 4 1336 1400 -1 1421 5646 5647 1422
face 4 1336 -1 4 1356 1421 1422 1357
face 4 1336 -1 5 5581 5582 5647 5646
face 4 1337 1338 -1 1358 1423 5648 5583
face 4 1337 1401 -1 1422 5647 5648 1423
face 4 1337 -1 4 1357 1422 1423 1358
face 4 1337 -1 5 5582 5583 5648 5647
face 4 1338 1339 -1 1359 1424 5649 5584
face 4 1338 1402 -1 1423 5648 5649 1424
face 4 1338 -1 4 1358 1423 1424 1359
face 4 1338 -1 5 5583 5584 5649 5648
face 4 1339 1340 -1 1360 1425 5650 5585
face 4 1339 1403 -1 1424 5649 5650 1425
face 4 1339 -1 4 1359 1424 1425 1360
face 4 1339 -1 5 5584 5585 5650 5649
face 4 1340 1341 -1 1361 1426 5651 5586
face 4 1340 1404 -1 1425 5650 5651 1426
face 4 1340 -1 4 1360 1425 1426 1361
face 4 1340 -1 5 5585 5586 5651 5650
face 4 1341 1342 -1 1362 1427 5652 5587
face 4 1341 1405 -1 1426 5651 5652 1427
face 4 1341 -1 4 1361 1426 1427 1362
face 4 1341 -1 5 5586 5587 5652 5651
face 4 1342 1343 -1 1363 1428 5653 5588
face 4 1342 1406 -1 1427 5652 5653 1428
face 4 1342 -1 4 1362 1427 1428 1363
face 4 1342 -1 5 5587 5588 5653 5652
face 4 1343 -1 1 1364 1429 5654 5589
face 4 1343 1407 -1 1428 5653 5654 1429
face 4 1343 -1 4 1363 1428 1429 1364
face 4 1343 -1 5 5588 5589 5654 5653
face 4 1344 -1 0 1365 5590 5655 1430
face 4 1344 1345 -1 1366 1431 5656 5591
face 4 1344 1408 -1 1430 5655 5656 1431
face 4 1344 -1 4 1365 1430 1431 1366
face 4 1344 -1 5 5590 5591 5656 5655
face 4 1345 1346 -1 1367 1432 5657 5592
face 4 1345 1409 -1 1431 5656 5657 1432
face 4 1345 -1 4 1366 1431 1432 1367
face 4 1345 -1 5 5591 5592 5657 5656
face 4 1346 1347 -1 1368 1433 5658 5593
face 4 1346 1410 -1 1432 5657 5658 1433
face 4 1346 -1 4 1367 1432 1433 1368
face 4 1346 -1 5 5592 5593 5658 5657
face 4 1347 1348 -1 1369 1434 5659 5594
face 4 1347 1411 -1 1433 5658 5659 1434
face 4 1347 -1 4 1368 1433 1434 1369
face 4 1347 -1 5 5593 5594 5659 5658
face 4 1348 1349 -1 1370 1435 5660 5595
face 4 1348 1412 -1 1434 5659 5660 1435
face 4 1348 -1 4 1369 1434 1435 1370
face 4 1348 -1 5 5594 5595 5660 5659
face 4 1349 1350 -1 1371 1436 5661 5596
face 4 1349 1413 -1 1435 5660 5661 1436
face 4 1349 -1 4 1370 1435 1436 1371
face 4 1349 -1 5 5595 5596 5661 5660
face 4 1350 1351 -1 1372 1437 5662 5597
face 4 1350 1414 -1 1436 5661 5662 1437
face 4 1350 -1 4 1371 1436 1437 1372
face 4 1350 -1 5 5596 5597 5662 5661
face 4 1351 1352 -1 1373 1438 5663 5598
face 4 1351 1415 -1 1437 5662 5663 1438
face 4 1351 -1 4 1372 1437 1438 1373
face 4 1351 -1 5 5597 5598 5663 5662
face 4 1352 1353 -1 1374 1439 5664 5599
face 4 1352 1416 -1 1438 5663 5664 1439
face 4 1352 -1 4 1373 1438 1439 1374
face 4 1352 -1 5 5598 5599 5664 5663
face 4 1353 1354 -1 1375 1440 5665 5600
face 4 1353 1417 -1 1439 5664 5665 1440
face 4 1353 -1 4 1374 1439 1440 1375
face 4 1353 -1 5 5599 5600 5665 5664
face 4 1354 1355 -1 1376 1441 5666 5601
face 4 1354 1418 -1 1440 5665 5666 1441
face 4 1354 -1 4 1375 1440 1441 1376
face 4 1354 -1 5 5600 5601 5666 5665
face 4 1355 1356 -1 1377 1442 5667 5602
face 4 1355 1419 -1 1441 5666 5667 1442
face 4 1355 -1 4 1376 1441 1442 1377
face 4 1355 -1 5 5601 5602 5667 5666
face 4 1356 1357 -1 1378 1443 5668 5603
face 4 1356 1420 -1 1442 5667 5668 1443
face 4 1356 -1 4 1377 1442 1443 1378
face 4 1356 -1 5 5602 5603 5668 5667
face 4 1357 1358 -1 1379 1444 5669 5604
face 4 1357 1421 -1 1443 5668 5669 1444
face 4 1357 -1 4 1378 1443 1444 1379
face 4 1357 -1 5 5603 5604 5669 5668
face 4 1358 1359 -1 1380 1445 5670 5605
face 4 1358 1422 -1 1444 5669 5670 1445
face 4 1358 -1 4 1379 1444 1445 1380
face 4 1358 -1 5 5604 5605 5670 5669
face 4 1359 1360 -1 1381 1446 5671 5606
face 4 1359 1423 -1 1445 5670 5671 1446
face 4 1359 -1 4 1380 1445 1446 1381
face 4 1359 -1 5 5605 5606 5671 5670
face 4 1360 1361 -1 1382 1447 5672 5607
face 4 1360 1424 -1 1446 5671 5672 1447
face 4 1360 -1 4 1381 1446 1447 1382
face 4 1360 -1 5 5606 5607 5672 5671
face 4 1361 1362 -1 1383 1448 5673 5608
face 4 1361 1425 -1 1447 5672 5673 1448
face 4 1361 -1 4 1382 1447 1448 1383
face 4 1361 -1 5 5607 5608 5673 5672
face 4 1362 1363 -1 1384 1449 5674 5609
face 4 1362 1426 -1 1448 5673 5674 1449
face 4 1362 -1 4 1383 1448 1449 1384
face 4 1362 -1 5 5608 5609 5674 5673
face 4 1363 1364 -1 1385 1450 5675 5610
face 4 1363 1427 -1 1449 5674 5675 1450
face 4 1363 -1 4 1384 1449 1450 1385
face 4 1363 -1 5 5609 5610 5675 5674
face 4 1364 1365 -1 1386 1451 5676 5611
face 4 1364 1428 -1 1450 5675 5676 1451
face 4 1364 -1 4 1385 1450 1451 1386
face 4 1364 -1 5 5610 5611 5676 5675
face 4 1365 1366 -1 1387 1452 5677 5612
face 4 1365 1429 -1 1451 5676 5677 1452
face 4 1365 -1 4 1386 1451 1452 1387
face 4 1365 -1 5 5611 5612 5677 5676
face 4 1366 1367 -1 1388 1453 5678 5613
face 4 1366 1430 -1 1452 5677 5678 1453
face 4 1366 -1 4 1387 1452 1453 1388
face 4 1366 -1 5 5612 5613 5678 5677
face 4 1367 1368 -1 1389 1454 5679 5614
face 4 1367 1431 -1 1453 5678 5679 1454
face 4 1367 -1 4 1388 1453 1454 1389
face 4 1367 -1 5 5613 5614 5679 5678
face 4 1368 1369 -1 1390 1455 5680 5615
face 4 1368 1432 -1 1454 5679 5680 1455
face 4 1368 -1 4 1389 1454 1455 1390
face 4 1368 -1 5 5614 5615 5680 5679
face 4 1369 1370 -1 1391 1456 5681 5616
face 4 1369 1433 -1 1455 5680 5681 1456
face 4 1369 -1 4 1390 1455 1456 1391
face 4 1369 -1 5 5615 5616 5681 5680
face 4 1370 1371 -1 1392 1457 5682 5617
face 4 1370 1434 -1 1456 5681 5682 1457
face 4 1370 -1 4 1391 1456 1457 1392
face 4 1370 -1 5 5616 5617 5682 5681
face 4 1371 1372 -1 1393 1458 5683 5618
face 4 1371 1435 -1 1457 5682 5683 1458
face 4 1371 -1 4 1392 1457 1458 1393
face 4 1371 -1 5 5617 5618 5683 5682
face 4 1372 1373 -1 1394 1459 5684 5619
face 4 1372 1436 -1 1458 5683 5684 1459
face 4 1372 -1 4 1393 1458 1459 1394
face 4 1372 -1 5 5618 5619 5684 5683
face 4 1373 1374 -1 1395 1460 5685 5620
face 4 1373 1437 -1 1459 5684 5685 1460
face 4 1373 -1 4 1394 1459 1460 1395
face 4 1373 -1 5 5619 5620 5685 5684
face 4 1374 1375 -1 1396 1461 5686 5621
face 4 1374 1438 -1 1460 5685 5686 1461
face 4 1374 -1 4 1395 1460 1461 1396
face 4 1374 -1 5 5620 5621 5686 5685
face 4 1375 1376 -1 1397 1462 5687 5622
face 4 1375 1439 -1 1461 5686 5687 1462
face 4 1375 -1 4 1396 1461 1462 1397
face 4 1375 -1 5 5621 5622 5687 5686
face 4 1376 1377 -1 1398 1463 5688 5623
face 4 1376 1440 -1 1462 5687 5688 1463
face 4 1376 -1 4 1397 1462 1463 1398
face 4 1376 -1 5 5622 5623 5688 5687
face 4 1377 1378 -1 1399 1464 5689 5624
face 4 1377 1441 -1 1463 5688 5689 1464
face 4 1377 -1 4 1398 1463 1464 1399
face 4 1377 -1 5 5623 5624 5689 5688
face 4 1378 1379 -1 1400 1465 5690 5625
face 4 1378 1442 -1 1464 5689 5690 1465
face 4 1378 -1 4 1399 1464 1465 1400
face 4 1378 -1 5 5624 5625 5690 5689
face 4 1379 1380 -1 1401 1466 5691 5626
face 4 1379 1443 -1 1465 5690 5691 1466
face 4 1379 -1 4 1400 1465 1466 1401
face 4 1379 -1 5 5625 5626 5691 5690
face 4 1380 1381 -1 1402 1467 5692 5627
face 4 1380 1444 -1 1466 5691 5692 1467
face 4 1380 -1 4 1401 1466 1467 1402
face 4 1380 -1 5 5626 5627 5692 5691
face 4 1381 1382 -1 1403 1468 5693 5628
face 4 1381 1445 -1 1467 5692 5693 1468
face 4 1381 -1 4 1402 1467 1468 1403
face 4 1381 -1 5 5627 5628 5693 5692
face 4 1382 1383 -1 1404 1469 5694 5629
face 4 1382 1446 -1 1468 5693 5694 1469
face 4 1382 -1 4 1403 1468 1469 1404
face 4 1382 -1 5 5628 5629 5694 5693
face 4 1383 1384 -1 1405 1470 5695 5630
face 4 1383 1447 -1 1469 5694 5695 1470
face 4 1383 -1 4 1404 1469 1470 1405
face 4 1383 -1 5 5629 5630 5695 5694
face 4 1384 1385 -1 1406 1471 5696 5631
face 4 1384 1448 -1 1470 5695 5696 1471
face 4 1384 -1 4 1405 1470 1471 1406
face 4 1384 -1 5 5630 5631 5696 5695
face 4 1385 1386 -1 1407 1472 5697 5632
face 4 1385 1449 -1 1471 5696 5697 1472
face 4 1385 -1 4 1406 1471 1472 1407
face 4 1385 -1 5 5631 5632 5697 5696
face 4 1386 1387 -1 1408 1473 5698 5633
face 4 1386 1450 -1 1472 5697 5698 1473
face 4 1386 -1 4 1407 1472 1473 1408
face 4 1386 -1 5 5632 5633 5698 5697
face 4 1387 1388 -1 1409 1474 5699 5634
face 4 1387 1451 -1 1473 5698 5699 1474
face 4 1387 -1 4 1408 1473 1474 1409
face 4 1387 -1 5 5633 5634 5699 5698
face 4 1388 1389 -1 1410 1475 5700 5635
face 4 1388 1452 -1 1474 5699 5700 1475
face 4 1388 -1 4 1409 1474 1475 1410
face 4 1388 -1 5 5634 5635 5700 5699
face 4 1389 1390 -1 1411 1476 5701 5636
face 4 1389 1453 -1 1475 5700 5701 1476
face 4 1389 -1 4 1410 1475 1476 1411
face 4 1389 -1 5 5635 5636 5701 5700
face 4 1390 1391 -1 1412 1477 5702 5637
face 4 1390 1454 -1 1476 5701 5702 1477
face 4 1390 -1 4 1411 1476 1477 1412
face 4 1390 -1 5 5636 5637 5702 5701
face 4 1391 1392 -1 1413 1478 5703 5638
face 4 1391 1455 -1 1477 5702 5703 1478
face 4 1391 -1 4 1412 1477 1478 1413
face 4 1391 -1 5 5637 5638 5703 5702
face 4 1392 1393 -1 1414 1479 5704 5639
face 4 1392 1456 -1 1478 5703 5704 1479
face 4 1392 -1 4 1413 1478 1479 1414
face 4 1392 -1 5 5638 5639 5704 5703
face 4 1393 1394 -1 1415 1480 5705 5640
face 4 1393 1457 -1 1479 5704 5705 1480
face 4 1393 -1 4 1414 1479 1480 1415
face 4 1393 -1 5 5639 5640 5705 5704
face 4 1394 1395 -1 1416 1481 5706 5641
face 4 1394 1458 -1 1480 5705 5706 1481
face 4 1394 -1 4 1415 1480 1481 1416
face 4 1394 -1 5 5640 5641 5706 5705
face 4 1395 1396 -1 1417 1482 5707 5642
face 4 1395 1459 -1 1481 5706 5707 1482
face 4 1395 -1 4 1416 1481 1482 1417
face 4 1395 -1 5 5641 5642 5707 5706
face 4 1396 1397 -1 1418 1483 5708 5643
face 4 1396 1460 -1 1482 5707 5708 1483
face 4 1396 -1 4 1417 1482 1483 1418
face 4 1396 -1 5 5642 5643 5708 5707
face 4 1397 1398 -1 1419 1484 5709 5644
face 4 1397 1461 -1 1483 5708 5709 1484
face 4 1397 -1 4 1418 1483 1484 1419
face 4 1397 -1 5 5643 5644 5709 5708
face 4 1398 1399 -1 1420 1485 5710 5645
face 4 1398 1462 -1 1484 5709 5710 1485
face 4 1398 -1 4 1419 1484 1485 1420
face 4 1398 -1 5 5644 5645 5710 5709
face 4 1399 1400 -1 1421 1486 5711 5646
face 4 1399 1463 -1 1485 5710 5711 1486
face 4 1399 -1 4 1420 1485 1486 1421
face 4 1399 -1 5 5645 5646 5711 5710
face 4 1400 1401 -1 1422 1487 5712 5647
face 4 1400 1464 -1 1486 5711 5712 1487
face 4 1400 -1 4 1421 1486 1487 1422
face 4 1400 -1 5 5646 5647 5712 5711
face 4 1401 1402 -1 1423 1488 5713 5648
face 4 1401 1465 -1 1487 5712 5713 1488
face 4 1401 -1 4 1422 1487 1488 1423
face 4 1401 -1 5 5647 5648 5713 5712
face 4 1402 1403 -1 1424 1489 5714 5649
face 4 1402 1466 -1 1488 5713 5714 1489
face 4 1402 -1 4 1423 1488 1489 1424
face 4 1402 -1 5 5648 5649 5714 5713
face 4 1403 1404 -1 1425 1490 5715 5650
face 4 1403 1467 -1 1489 5714 5715 1490
face 4 1403 -1 4 1424 1489 1490 1425
face 4 1403 -1 5 5649 5650 5715 5714
face 4 1404 1405 -1 1426 1491 5716 5651
face 4 1404 1468 -1 1490 5715 5716 1491
face 4 1404 -1 4 1425 1490 1491 1426
face 4 1404 -1 5 5650 5651 5716 5715
face 4 1405 1406 -1 1427 1492 5717 5652
face 4 1405 1469 -1 1491 5716 5717 1492
face 4 1405 -1 4 1426 1491 1492 1427
face 4 1405 -1 5 5651 5652 5717 5716
face 4 1406 1407 -1 1428 1493 5718 5653
face 4 1406 1470 -1 1492 5717 5718 1493
face 4 1406 -1 4 1427 1492 1493 1428
face 4 1406 -1 5 5652 5653 5718 5717
face 4 1407 -1 1 1429 1494 5719 5654
face 4 1407 1471 -1 1493 5718 5719 1494
face 4 1407 -1 4 1428 1493 1494 1429
face 4 1407 -1 5 5653 5654 5719 5718
face 4 1408 -1 0 1430 5655 5720 1495
face 4 1408 1409 -1 1431 1496 5721 5656
face 4 1408 1472 -1 1495 5720 5721 1496
face 4 1408 -1 4 1430 1495 1496 1431
face 4 1408 -1 5 5655 5656 5721 5720
face 4 1409 1410 -1 1432 1497 5722 5657
face 4 1409 1473 -1 1496 5721 5722 1497
face 4 1409 -1 4 1431 1496 1497 1432
face 4 1409 -1 5 5656 5657 5722 5721
face 4 1410 1411 -1 1433 1498 5723 5658
face 4 1410 1474 -1 1497 5722 5723 1498
face 4 1410 -1 4 1432 1497 1498 1433
face 4 1410 -1 5 5657 5658 5723 5722
face 4 1411 1412 -1 1434 1499 5724 5659
face 4 1411 1475 -1 1498 5723 5724 1499
face 4 1411 -1 4 1433 1498 1499 1434
face 4 1411 -1 5 5658 5659 5724 5723
face 4 1412 1413 -1 1435 1500 5725 5660
face 4 1412 1476 -1 1499 5724 5725 1500
face 4 1412 -1 4 1434 1499 1500 1435
face 4 1412 -1 5 5659 5660 5725 5724
face 4 1413 1414 -1 1436 1501 5726 5661
face 4 1413 1477 -1 1500 5725 5726 1501
face 4 1413 -1 4 1435 1500 1501 1436
face 4 1413 -1 5 5660 5661 5726 5725
face 4 1414 1415 -1 1437 1502 5727 5662
face 4 1414 1478 -1 1501 5726 5727 1502
face 4 1414 -1 4 1436 1501 1502 1437
face 4 1414 -1 5 5661 5662 5727 5726
face 4 1415 1416 -1 1438 1503 5728 5663
face 4 1415 1479 -1 1502 5727 5728 1503
face 4 1415 -1 4 1437 1502 1503 1438
face 4 1415 -1 5 5662 5663 5728 5727
face 4 1416 1417 -1 1439 1504 5729 5664
face 4 1416 1480 -1 1503 5728 5729 1504
face 4 1416 -1 4 1438 1503 1504 1439
face 4 1416 -1 5 5663 5664 5729 5728
face 4 1417 1418 -1 1440 1505 5730 5665
face 4 1417 1481 -1 1504 5729 5730 1505
face 4 1417 -1 4 1439 1504 1505 1440
face 4 1417 -1 5 5664 5665 5730 5729
face 4 1418 1419 -1 1441 1506 5731 5666
face 4 1418 1482 -1 1505 5730 5731 1506
face 4 1418 -1 4 1440 1505 1506 1441
face 4 1418 -1 5 5665 5666 5731 5730
face 4 1419 1420 -1 1442 1507 5732 5667
face 4 1419 1483 -1 1506 5731 5732 1507
face 4 1419 -1 4 1441 1506 1507 1442
face 4 1419 -1 5 5666 5667 5732 5731
face 4 1420 1421 -1 1443 1508 5733 5668
face 4 1420 1484 -1 1507 5732 5733 1508
face 4 1420 -1 4 1442 1507 1508 1443
face 4 1420 -1 5 5667 5668 5733 5732
face 4 1421 1422 -1 1444 1509 5734 5669
face 4 1421 1485 -1 1508 5733 5734 1509
face 4 1421 -1 4 1443 1508 1509 1444
face 4 1421 -1 5 5668 5669 5734 5733
face 4 1422 1423 -1 1445 1510 5735 5670
face 4 1422 1486 -1 1509 5734 5735 1510
face 4 1422 -1 4 1444 1509 1510 1445
face 4 1422 -1 5 5669 5670 5735 5734
face 4 1423 1424 -1 1446 1511 5736 5671
face 4 1423 1487 -1 1510 5735 5736 1511
face 4 1423 -1 4 1445 1510 1511 1446
face 4 1423 -1 5 5670 5671 5736 5735
face 4 1424 1425 -1 1447 1512 5737 5672
face 4 1424 1488 -1 1511 5736 5737 1512
face 4 1424 -1 4 1446 1511 1512 1447
face 4 1424 -1 5 5671 5672 5737 5736
face 4 1425 1426 -1 1448 1513 5738 5673
face 4 1425 1489 -1 1512 5737 5738 1513
face 4 1425 -1 4 1447 1512 1513 1448
face 4 1425 -1 5 5672 5673 5738 5737
face 4 1426 1427 -1 1449 1514 5739 5674
face 4 1426 1490 -1 1513 5738 5739 1514
face 4 1426 -1 4 1448 1513 1514 1449
face 4 1426 -1 5 5673 5674 5739 5738
face 4 1427 1428 -1 1450 1515 5740 5675
face 4 1427 1491 -1 1514 5739 5740 1515
face 4 1427 -1 4 1449 1514 1515 1450
face 4 1427 -1 5 5674 5675 5740 5739
face 4 1428 1429 -1 1451 1516 5741 5676
face 4 1428 1492 -1 1515 5740 5741 1516
face 4 1428 -1 4 1450 1515 1516 1451
face 4 1428 -1 5 5675 5676 5741 5740
face 4 1429 1430 -1 1452 1517 5742 5677
face 4 1429 1493 -1 1516 5741 5742 1517
face 4 1429 -1 4 1451 1516 1517 1452
face 4 1429 -1 5 5676 5677 5742 5741
face 4 1430 1431 -1 1453 1518 5743 5678
face 4 1430 1494 -1 1517 5742 5743 1518
face 4 1430 -1 4 1452 1517 1518 1453
face 4 1430 -1 5 5677 5678 5743 5742
face 4 1431 1432 -1 1454 1519 5744 5679
face 4 1431 1495 -1 1518 5743 5744 1519
face 4 1431 -1 4 1453 1518 1519 1454
face 4 1431 -1 5 5678 5679 5744 5743
face 4 1432 1433 -1 1455 1520 5745 5680
face 4 1432 1496 -1 1519 5744 5745 1520
face 4 1432 -1 4 1454 1519 1520 1455
face 4 1432 -1 5 5679 5680 5745 5744
face 4 1433 1434 -1 1456 1521 5746 5681
face 4 1433 1497 -1 1520 5745 5746 1521
face 4 1433 -1 4 1455 1520 1521 1456
face 4 1433 -1 5 5680 5681 5746 5745
face 4 1434 1435 -1 1457 1522 5747 5682
face 4 1434 1498 -1 1521 5746 5747 1522
face 4 1434 -1 4 1456 1521 1522 1457
face 4 1434 -1 5 5681 5682 5747 5746
face 4 1435 1436 -1 1458 1523 5748 5683
face 4 1435 1499 -1 1522 5747 5748 1523
face 4 1435 -1 4 1457 1522 1523 1458
face 4 1435 -1 5 5682 5683 5748 5747
face 4 1436 1437 -1 1459 1524 5749 5684
face 4 1436 1500 -1 1523 5748 5749 1524
face 4 1436 -1 4 1458 1523 1524 1459
face 4 1436 -1 5 5683 5684 5749 5748
face 4 1437 1438 -1 1460 1525 5750 5685
face 4 1437 1501 -1 1524 5749 5750 1525
face 4 1437 -1 4 1459 1524 1525 1460
face 4 1437 -1 5 5684 5685 5750 5749
face 4 1438 1439 -1 1461 1526 5751 5686
face 4 1438 1502 -1 1525 5750 5751 1526
face 4 1438 -1 4 1460 1525 1526 1461
face 4 1438 -1 5 5685 5686 5751 5750
face 4 1439 1440 -1 1462 1527 5752 5687
face 4 1439 1503 -1 1526 5751 5752 1527
face 4 1439 -1 4 1461 1526 1527 1462
face 4 1439 -1 5 5686 5687 5752 5751
face 4 1440 1441 -1 1463 1528 5753 5688
face 4 1440 1504 -1 1527 5752 5753 1528
face 4 1440 -1 4 1462 1527 1528 1463
face 4 1440 -1 5 5687 5688 5753 5752
face 4 1441 1442 -1 1464 1529 5754 5689
face 4 1441 1505 -1 1528 5753 5754 1529
face 4 1441 -1 4 1463 1528 1529 1464
face 4 1441 -1 5 5688 5689 5754 5753
face 4 1442 1443 -1 1465 1530 5755 5690
face 4 1442 1506 -1 1529 5754 5755 1530
face 4 1442 -1 4 1464 1529 1530 1465
face 4 1442 -1 5 5689 5690 5755 5754
face 4 1443 1444 -1 1466 1531 5756 5691
face 4 1443 1507 -1 1530 5755 5756 1531
face 4 1443 -1 4 1465 1530 1531 1466
face 4 1443 -1 5 5690 5691 5756 5755
face 4 1444 1445 -1 1467 1532 5757 5692
face 4 1444 1508 -1 1531 5756 5757 1532
face 4 1444 -1 4 1466 1531 1532 1467
face 4 1444 -1 5 5691 5692 5757 5756
face 4 1445 1446 -1 1468 1533 5758 5693
face 4 1445 1509 -1 1532 5757 5758 1533
face 4 1445 -1 4 1467 1532 1533 1468
face 4 1445 -1 5 5692 5693 5758 5757
face 4 1446 1447 -1 1469 1534 5759 5694
face 4 1446 1510 -1 1533 5758 5759 1534
face 4 1446 -1 4 1468 1533 1534 1469
face 4 1446 -1 5 5693 5694 5759 5758
face 4 1447 1448 -1 1470 1535 5760 5695
face 4 1447 1511 -1 1534 5759 5760 1535
face 4 1447 -1 4 1469 1534 1535 1470
face 4 1447 -1 5 5694 5695 5760 5759
face 4 1448 1449 -1 1471 1536 5761 5696
face 4 1448 1512 -1 1535 5760 5761 1536
face 4 1448 -1 4 1470 1535 1536 1471
face 4 1448 -1 5 5695 5696 5761 5760
face 4 1449 1450 -1 1472 1537 5762 5697
face 4 1449 1513 -1 1536 5761 5762 1537
face 4 1449 -1 4 1471 1536 1537 1472
face 4 1449 -1 5 5696 5697 5762 5761
face 4 1450 1451 -1 1473 1538 5763 5698
face 4 1450 1514 -1 1537 5762 5763 1538
face 4 1450 -1 4 1472 1537 1538 1473
face 4 1450 -1 5 5697 5698 5763 5762
face 4 1451 1452 -1 1474 1539 5764 5699
face 4 1451 1515 -1 1538 5763 5764 1539
face 4 1451 -1 4 1473 1538 1539 1474
face 4 1451 -1 5 5698 5699 5764 5763
face 4 1452 1453 -1 1475 1540 5765 5700
face 4 1452 1516 -1 1539 5764 5765 1540
face 4 1452 -1 4 1474 1539 1540 1475
face 4 1452 -1 5 5699 5700 5765 5764
face 4 1453 1454 -1 1476 1541 5766 5701
face 4 1453 1517 -1 1540 5765 5766 1541
face 4 1453 -1 4 1475 1540 1541 1476
face 4 1453 -1 5 5700 5701 5766 5765
face 4 1454 1455 -1 1477 1542 5767 5702
face 4 1454 1518 -1 1541 5766 5767 1542
face 4 1454 -1 4 1476 1541 1542 1477
face 4 1454 -1 5 5701 5702 5767 5766
face 4 1455 1456 -1 1478 1543 5768 5703
face 4 1455 1519 -1 1542 5767 5768 1543
face 4 1455 -1 4 1477 1542 1543 1478
face 4 1455 -1 5 5702 5703 5768 5767
face 4 1456 1457 -1 1479 1544 5769 5704
face 4 1456 1520 -1 1543 5768 5769 1544
face 4 1456 -1 4 1478 1543 1544 1479
face 4 1456 -1 5 5703 5704 5769 5768
face 4 1457 1458 -1 1480 1545 5770 5705
face 4 1457 1521 -1 1544 5769 5770 1545
face 4 1457 -1 4 1479 1544 1545 1480
face 4 1457 -1 5 5704 5705 5770 5769
face 4 1458 1459 -1 1481 1546 5771 5706
face 4 1458 1522 -1 1545 5770 5771 1546
face 4 1458 -1 4 1480 1545 1546 1481
face 4 1458 -1 5 5705 5706 5771 5770
face 4 1459 1460 -1 1482 1547 5772 5707
face 4 1459 1523 -1 1546 5771 5772 1547
face 4 1459 -1 4 1481 1546 1547 1482
face 4 1459 -1 5 5706 5707 5772 5771
face 4 1460 1461 -1 1483 1548 5773 5708
face 4 1460 1524 -1 1547 5772 5773 1548
face 4 1460 -1 4 1482 1547 1548 1483
face 4 1460 -1 5 5707 5708 5773 5772
face 4 1461 1462 -1 1484 1549 5774 5709
face 4 1461 1525 -1 1548 5773 5774 1549
face 4 1461 -1 4 1483 1548 1549 1484
face 4 1461 -1 5 5708 5709 5774 5773
face 4 1462 1463 -1 1485 1550 5775 5710
face 4 1462 1526 -1 1549 5774 5775 1550
face 4 1462 -1 4 1484 1549 1550 1485
face 4 1462 -1 5 5709 5710 5775 5774
face 4 1463 1464 -1 1486 1551 5776 5711
face 4 1463 1527 -1 1550 5775 5776 1551
face 4 1463 -1 4 1485 1550 1551 1486
face 4 1463 -1 5 5710 5711 5776 5775
face 4 1464 1465 -1 1487 1552 5777 5712
face 4 1464 1528 -1 1551 5776 5777 1552
face 4 1464 -1 4 1486 1551 1552 1487
face 4 1464 -1 5 5711 5712 5777 5776
face 4 1465 1466 -1 1488 1553 5778 5713
face 4 1465 1529 -1 1552 5777 5778 1553
face 4 1465 -1 4 1487 1552 1553 1488
face 4 1465 -1 5 5712 5713 5778 5777
face 4 1466 1467 -1 1489 1554 5779 5714
face 4 1466 1530 -1 1553 5778 5779 1554
face 4 1466 -1 4 1488 1553 1554 1489
face 4 1466 -1 5 5713 5714 5779 5778
face 4 1467 1468 -1 1490 1555 5780 5715
face 4 1467 1531 -1 1554 5779 5780 1555
face 4 1467 -1 4 1489 1554 1555 1490
face 4 1467 -1 5 5714 5715 5780 5779
face 4 1468 1469 -1 1491 1556 5781 5716
face 4 1468 1532 -1 1555 5780 5781 1556
face 4 1468 -1 4 1490 1555 1556 1491
face 4 1468 -1 5 5715 5716 5781 5780
face 4 1469 1470 -1 1492 1557 5782 5717
face 4 1469 1533 -1 1556 5781 5782 1557
face 4 1469 -1 4 1491 1556 1557 1492
face 4 1469 -1 5 5716 5717 5782 5781
face 4 1470 1471 -1 1493 1558 5783 5718
face 4 1470 1534 -1 1557 5782 5783 1558
face 4 1470 -1 4 1492 1557 1558 1493
face 4 1470 -1 5 5717 5718 5783 5782
face 4 1471 -1 1 1494 1559 5784 5719
face 4 1471 1535 -1 1558 5783 5784 1559
face 4 1471 -1 4 1493 1558 1559 1494
face 4 1471 -1 5 5718 5719 5784 5783
face 4 1472 -1 0 1495 5720 5785 1560
face 4 1472 1473 -1 1496 1561 5786 5721
face 4 1472 1536 -1 1560 5785 5786 1561
face 4 1472 -1 4 1495 1560 1561 1496
face 4 1472 -1 5 5720 5721 5786 5785
face 4 1473 1474 -1 1497 1562 5787 5722
face 4 1473 1537 -1 1561 5786 5787 1562
face 4 1473 -1 4 1496 1561 1562 1497
face 4 1473 -1 5 5721 5722 5787 5786
face 4 1474 1475 -1 1498 1563 5788 5723
face 4 1474 1538 -1 1562 5787 5788 1563
face 4 1474 -1 4 1497 1562 1563 1498
face 4 1474 -1 5 5722 5723 5788 5787
face 4 1475 1476 -1 1499 1564 5789 5724
face 4 1475 1539 -1 1563 5788 5789 1564
face 4 1475 -1 4 1498 1563 1564 1499
face 4 1475 -1 5 5723 5724 5789 5788
face 4 1476 1477 -1 1500 1565 5790 5725
face 4 1476 1540 -1 1564 5789 5790 1565
face 4 1476 -1 4 1499 1564 1565 1500
face 4 1476 -1 5 5724 5725 5790 5789
face 4 1477 1478 -1 1501 1566 5791 5726
face 4 1477 1541 -1 1565 5790 5791 1566
face 4 1477 -1 4 1500 1565 1566 1501
face 4 1477 -1 5 5725 5726 5791 5790
face 4 1478 1479 -1 1502 1567 5792 5727
face 4 1478 1542 -1 1566 5791 5792 1567
face 4 1478 -1 4 1501 1566 1567 1502
face 4 1478 -1 5 5726 5727 5792 5791
face 4 1479 1480 -1 1503 1568 5793 5728
face 4 1479 1543 -1 1567 5792 5793 1568
face 4 1479 -1 4 1502 1567 1568 1503
face 4 1479 -1 5 5727 5728 5793 5792
face 4 1480 1481 -1 1504 1569 5794 5729
face 4 1480 1544 -1 1568 5793 5794 1569
face 4 1480 -1 4 1503 1568 1569 1504
face 4 1480 -1 5 5728 5729 5794 5793
face 4 1481 1482 -1 1505 1570 5795 5730
face 4 1481 1545 -1 1569 5794 5795 1570
face 4 1481 -1 4 1504 1569 1570 1505
face 4 1481 -1 5 5729 5730 5795 5794
face 4 1482 1483 -1 1506 1571 5796 5731
face 4 1482 1546 -1 1570 5795 5796 1571
face 4 1482 -1 4 1505 1570 1571 1506
face 4 1482 -1 5 5730 5731 5796 5795
face 4 1483 1484 -1 1507 1572 5797 5732
face 4 1483 1547 -1 1571 5796 5797 1572
face 4 1483 -1 4 1506 1571 1572 1507
face 4 1483 -1 5 5731 5732 5797 5796
face 4 1484 1485 -1 1508 1573 5798 5733
face 4 1484 1548 -1 1572 5797 5798 1573
face 4 1484 -1 4 1507 1572 1573 1508
face 4 1484 -1 5 5732 5733 5798 5797
face 4 1485 1486 -1 1509 1574 5799 5734
face 4 1485 1549 -1 1573 5798 5799 1574
face 4 1485 -1 4 1508 1573 1574 1509
face 4 1485 -1 5 5733 5734 5799 5798
face 4 1486 1487 -1 1510 1575 5800 5735
face 4 1486 1550 -1 1574 5799 5800 1575
face 4 1486 -1 4 1509 1574 1575 1510
face 4 1486 -1 5 5734 5735 5800 5799
face 4 1487 1488 -1 1511 1576 5801 5736
face 4 1487 1551 -1 1575 5800 5801 1576
face 4 1487 -1 4 1510 1575 1576 1511
face 4 1487 -1 5 5735 5736 5801 5800
face 4 1488 1489 -1 1512 1577 5802 5737
face 4 1488 1552 -1 1576 5801 5802 1577
face 4 1488 -1 4 1511 1576 1577 1512
face 4 1488 -1 5 5736 5737 5802 5801
face 4 1489 1490 -1 1513 1578 5803 5738
face 4 1489 1553 -1 1577 5802 5803 1578
face 4 1489 -1 4 1512 1577 1578 1513
face 4 1489 -1 5 5737 5738 5803 5802
face 4 1490 1491 -1 1514 1579 5804 5739
face 4 1490 1554 -1 1578 5803 5804 1579
face 4 1490 -1 4 1513 1578 1579 1514
face 4 1490 -1 5 5738 5739 5804 5803
face 4 1491 1492 -1 1515 1580 5805 5740
face 4 1491 1555 -1 1579 5804 5805 1580
face 4 1491 -1 4 1514 1579 1580 1515
face 4 1491 -1 5 5739 5740 5805 5804
face 4 1492 1493 -1 1516 1581 5806 5741
face 4 1492 1556 -1 1580 5805 5806 1581
face 4 1492 -1 4 1515 1580 1581 1516
face 4 1492 -1 5 5740 5741 5806 5805
face 4 1493 1494 -1 1517 1582 5807 5742
face 4 1493 1557 -1 1581 5806 5807 1582
face 4 1493 -1 4 1516 1581 1582 1517
face 4 1493 -1 5 5741 5742 5807 5806
face 4 1494 1495 -1 1518 1583 5808 5743
face 4 1494 1558 -1 1582 5807 5808 1583
face 4 1494 -1 4 1517 1582 1583 1518
face 4 1494 -1 5 5742 5743 5808 5807
face 4 1495 1496 -1 1519 1584 5809 5744
face 4 1495 1559 -1 1583 5808 5809 1584
face 4 1495 -1 4 1518 1583 1584 1519
face 4 1495 -1 5 5743 5744 5809 5808
face 4 1496 1497 -1 1520 1585 5810 5745
face 4 1496 1560 -1 1584 5809 5810 1585
face 4 1496 -1 4 1519 1584 1585 1520
face 4 1496 -1 5 5744 5745 5810 5809
face 4 1497 1498 -1 1521 1586 5811 5746
face 4 1497 1561 -1 1585 5810 5811 1586
face 4 1497 -1 4 1520 1585 1586 1521
face 4 1497 -1 5 5745 5746 5811 5810
face 4 1498 1499 -1 1522 1587 5812 5747
face 4 1498 1562 -1 1586 5811 5812 1587
face 4 1498 -1 4 1521 1586 1587 1522
face 4 1498 -1 5 5746 5747 5812 5811
face 4 1499 1500 -1 1523 1588 5813 5748
face 4 1499 1563 -1 1587 5812 5813 1588
face 4 1499 -1 4 1522 1587 1588 1523
face 4 1499 -1 5 5747 5748 5813 5812
face 4 1500 1501 -1 1524 1589 5814 5749
face 4 1500 1564 -1 1588 5813 5814 1589
face 4 1500 -1 4 1523 1588 1589 1524
face 4 1500 -1 5 5748 5749 5814 5813
face 4 1501 1502 -1 1525 1590 5815 5750
face 4 1501 1565 -1 1589 5814 5815 1590
face 4 1501 -1 4 1524 1589 1590 1525
face 4 1501 -1 5 5749 5750 5815 5814
face 4 1502 1503 -1 1526 1591 5816 5751
face 4 1502 1566 -1 1590 5815 5816 1591
face 4 1502 -1 4 1525 1590 1591 1526
face 4 1502 -1 5 5750 5751 5816 5815
face 4 1503 1504 -1 1527 1592 5817 5752
face 4 1503 1567 -1 1591 5816 5817 1592
face 4 1503 -1 4 1526 1591 1592 1527
face 4 1503 -1 5 5751 5752 5817 5816
face 4 1504 1505 -1 1528 1593 5818 5753
face 4 1504 1568 -1 1592 5817 5818 1593
face 4 1504 -1 4 1527 1592 1593 1528
face 4 1504 -1 5 5752 5753 5818 5817
face 4 1505 1506 -1 1529 1594 5819 5754
face 4 1505 1569 -1 1593 5818 5819 1594
face 4 1505 -1 4 1528 1593 1594 1529
face 4 1505 -1 5 5753 5754 5819 5818
face 4 1506 1507 -1 1530 1595 5820 5755
face 4 1506 1570 -1 1594 5819 5820 1595
face 4 1506 -1 4 1529 1594 1595 1530
face 4 1506 -1 5 5754 5755 5820 5819
face 4 1507 1508 -1 1531 1596 5821 5756
face 4 1507 1571 -1 1595 5820 5821 1596
face 4 1507 -1 4 1530 1595 1596 1531
face 4 1507 -1 5 5755 5756 5821 5820
face 4 1508 1509 -1 1532 1597 5822 5757
face 4 1508 1572 -1 1596 5821 5822 1597
face 4 1508 -1 4 1531 1596 1597 1532
face 4 1508 -1 5 5756 5757 5822 5821
face 4 1509 1510 -1 1533 1598 5823 5758
face 4 1509 1573 -1 1597 5822 5823 1598
face 4 1509 -1 4 1532 1597 1598 1533
face 4 1509 -1 5 5757 5758 5823 5822
face 4 1510 1511 -1 1534 1599 5824 5759
face 4 1510 1574 -1 1598 5823 5824 1599
face 4 1510 -1 4 1533 1598 1599 1534
face 4 1510 -1 5 5758 5759 5824 5823
face 4 1511 1512 -1 1535 1600 5825 5760
face 4 1511 1575 -1 1599 5824 5825 1600
face 4 1511 -1 4 1534 1599 1600 1535
face 4 1511 -1 5 5759 5760 5825 5824
face 4 1512 1513 -1 1536 1601 5826 5761
face 4 1512 1576 -1 1600 5825 5826 1601
face 4 1512 -1 4 1535 1600 1601 1536
face 4 1512 -1 5 5760 5761 5826 5825
face 4 1513 1514 -1 1537 1602 5827 5762
face 4 1513 1577 -1 1601 5826 5827 1602
face 4 1513 -1 4 1536 1601 1602 1537
face 4 1513 -1 5 5761 5762 5827 5826
face 4 1514 1515 -1 1538 1603 5828 5763
face 4 1514 1578 -1 1602 5827 5828 1603
face 4 1514 -1 4 1537 1602 1603 1538
face 4 1514 -1 5 5762 5763 5828 5827
face 4 1515 1516 -1 1539 1604 5829 5764
face 4 1515 1579 -1 1603 5828 5829 1604
face 4 1515 -1 4 1538 1603 1604 1539
face 4 1515 -1 5 5763 5764 5829 5828
face 4 1516 1517 -1 1540 1605 5830 5765
face 4 1516 1580 -1 1604 5829 5830 1605
face 4 1516 -1 4 1539 1604 1605 1540
face 4 1516 -1 5 5764 5765 5830 5829
face 4 1517 1518 -1 1541 1606 5831 5766
face 4 1517 1581 -1 1605 5830 5831 1606
face 4 1517 -1 4 1540 1605 1606 1541
face 4 1517 -1 5 5765 5766 5831 5830
face 4 1518 1519 -1 1542 1607 5832 5767
face 4 1518 1582 -1 1606 5831 5832 1607
face 4 1518 -1 4 1541 1606 1607 1542
face 4 1518 -1 5 5766 5767 5832 5831
face 4 1519 1520 -1 1543 1608 5833 5768
face 4 1519 1583 -1 1607 5832 5833 1608
face 4 1519 -1 4 1542 1607 1608 1543
face 4 1519 -1 5 5767 5768 5833 5832
face 4 1520 1521 -1 1544 1609 5834 5769
face 4 1520 1584 -1 1608 5833 5834 1609
face 4 1520 -1 4 1543 1608 1609 1544
face 4 1520 -1 5 5768 5769 5834 5833
face 4 1521 1522 -1 1545 1610 5835 5770
face 4 1521 1585 -1 1609 5834 5835 1610
face 4 1521 -1 4 1544 1609 1610 1545
face 4 1521 -1 5 5769 5770 5835 5834
face 4 1522 1523 -1 1546 1611 5836 5771
face 4 1522 1586 -1 1610 5835 5836 1611
face 4 1522 -1 4 1545 1610 1611 1546
face 4 1522 -1 5 5770 5771 5836 5835
face 4 1523 1524 -1 1547 1612 5837 5772
face 4 1523 1587 -1 1611 5836 5837 1612
face 4 1523 -1 4 1546 1611 1612 1547
face 4 1523 -1 5 5771 5772 5837 5836
face 4 1524 1525 -1 1548 1613 5838 5773
face 4 1524 1588 -1 1612 5837 5838 1613
face 4 1524 -1 4 1547 1612 1613 1548
face 4 1524 -1 5 5772 5773 5838 5837
face 4 1525 1526 -1 1549 1614 5839 5774
face 4 1525 1589 -1 1613 5838 5839 1614
face 4 1525 -1 4 1548 1613 1614 1549
face 4 1525 -1 5 5773 5774 5839 5838
face 4 1526 1527 -1 1550 1615 5840 5775
face 4 1526 1590 -1 1614 5839 5840 1615
face 4 1526 -1 4 1549 1614 1615 1550
face 4 1526 -1 5 5774 5775 5840 5839
face 4 1527 1528 -1 1551 1616 5841 5776
face 4 1527 1591 -1 1615 5840 5841 1616
face 4 1527 -1 4 1550 1615 1616 1551
face 4 1527 -1 5 5775 5776 5841 5840
face 4 1528 1529 -1 1552 1617 5842 5777
face 4 1528 1592 -1 1616 5841 5842 1617
face 4 1528 -1 4 1551 1616 1617 1552
face 4 1528 -1 5 5776 5777 5842 5841
face 4 1529 1530 -1 1553 1618 5843 5778
face 4 1529 1593 -1 1617 5842 5843 1618
face 4 1529 -1 4 1552 1617 1618 1553
face 4 1529 -1 5 5777 5778 5843 5842
face 4 1530 1531 -1 1554 1619 5844 5779
face 4 1530 1594 -1 1618 5843 5844 1619
face 4 1530 -1 4 1553 1618 1619 1554
face 4 1530 -1 5 5778 5779 5844 5843
face 4 1531 1532 -1 1555 1620 5845 5780
face 4 1531 1595 -1 1619 5844 5845 1620
face 4 1531 -1 4 1554 1619 1620 1555
face 4 1531 -1 5 5779 5780 5845 5844
face 4 1532 1533 -1 1556 1621 5846 5781
face 4 1532 1596 -1 1620 5845 5846 1621
face 4 1532 -1 4 1555 1620 1621 1556
face 4 1532 -1 5 5780 5781 5846 5845
face 4 1533 1534 -1 1557 1622 5847 5782
face 4 1533 1597 -1 1621 5846 5847 1622
face 4 1533 -1 4 1556 1621 1622 1557
face 4 1533 -1 5 5781 5782 5847 5846
face 4 1534 1535 -1 1558 1623 5848 5783
face 4 1534 1598 -1 1622 5847 5848 1623
face 4 1534 -1 4 1557 1622 1623 1558
face 4 1534 -1 5 5782 5783 5848 5847
face 4 1535 -1 1 1559 1624 5849 5784
face 4 1535 1599 -1 1623 5848 5849 1624
face 4 1535 -1 4 1558 1623 1624 1559
face 4 1535 -1 5 5783 5784 5849 5848
face 4 1536 -1 0 1560 5785 5850 1625
face 4 1536 1537 -1 1561 1626 5851 5786
face 4 1536 1600 -1 1625 5850 5851 1626
face 4 1536 -1 4 1560 1625 1626 1561
face 4 1536 -1 5 5785 5786 5851 5850
face 4 1537 1538 -1 1562 1627 5852 5787
face 4 1537 1601 -1 1626 5851 5852 1627
face 4 1537 -1 4 1561 1626 1627 1562
face 4 1537 -1 5 5786 5787 5852 5851
face 4 1538 1539 -1 1563 1628 5853 5788
face 4 1538 1602 -1 1627 5852 5853 1628
face 4 1538 -1 4 1562 1627 1628 1563
face 4 1538 -1 5 5787 5788 5853 5852
face 4 1539 1540 -1 1564 1629 5854 5789
face 4 1539 1603 -1 1628 5853 5854 1629
face 4 1539 -1 4 1563 1628 1629 1564
face 4 1539 -1 5 5788 5789 5854 5853
face 4 1540 1541 -1 1565 1630 5855 5790
face 4 1540 1604 -1 1629 5854 5855 1630
face 4 1540 -1 4 1564 1629 1630 1565
face 4 1540 -1 5 5789 5790 5855 5854
face 4 1541 1542 -1 1566 1631 5856 5791
face 4 1541 1605 -1 1630 5855 5856 1631
face 4 1541 -1 4 1565 1630 1631 1566
face 4 1541 -1 5 5790 5791 5856 5855
face 4 1542 1543 -1 1567 1632 5857 5792
face 4 1542 1606 -1 1631 5856 5857 1632
face 4 1542 -1 4 1566 1631 1632 1567
face 4 1542 -1 5 5791 5792 5857 5856
face 4 1543 1544 -1 1568 1633 5858 5793
face 4 1543 1607 -1 1632 5857 5858 1633
face 4 1543 -1 4 1567 1632 1633 1568
face 4 1543 -1 5 5792 5793 5858 5857
face 4 1544 1545 -1 1569 1634 5859 5794
face 4 1544 1608 -1 1633 5858 5859 1634
face 4 1544 -1 4 1568 1633 1634 1569
face 4 1544 -1 5 5793 5794 5859 5858
face 4 1545 1546 -1 1570 1635 5860 5795
face 4 1545 1609 -1 1634 5859 5860 1635
face 4 1545 -1 4 1569 1634 1635 1570
face 4 1545 -1 5 5794 5795 5860 5859
face 4 1546 1547 -1 1571 1636 5861 5796
face 4 1546 1610 -1 1635 5860 5861 1636
face 4 1546 -1 4 1570 1635 1636 1571
face 4 1546 -1 5 5795 5796 5861 5860
face 4 1547 1548 -1 1572 1637 5862 5797
face 4 1547 1611 -1 1636 5861 5862 1637
face 4 1547 -1 4 1571 1636 1637 1572
face 4 1547 -1 5 5796 5797 5862 5861
face 4 1548 1549 -1 1573 1638 5863 5798
face 4 1548 1612 -1 1637 5862 5863 1638
face 4 1548 -1 4 1572 1637 1638 1573
face 4 1548 -1 5 5797 5798 5863 5862
face 4 1549 1550 -1 1574 1639 5864 5799
face 4 1549 1613 -1 1638 5863 5864 1639
face 4 1549 -1 4 1573 1638 1639 1574
face 4 1549 -1 5 5798 5799 5864 5863
face 4 1550 1551 -1 1575 1640 5865 5800
face 4 1550 1614 -1 1639 5864 5865 1640
face 4 1550 -1 4 1574 1639 1640 1575
face 4 1550 -1 5 5799 5800 5865 5864
face 4 1551 1552 -1 1576 1641 5866 5801
face 4 1551 1615 -1 1640 5865 5866 1641
face 4 1551 -1 4 1575 1640 1641 1576
face 4 1551 -1 5 5800 5801 5866 5865
face 4 1552 1553 -1 1577 1642 5867 5802
face 4 1552 1616 -1 1641 5866 5867 1642
face 4 1552 -1 4 1576 1641 1642 1577
face 4 1552 -1 5 5801 5802 5867 5866
face 4 1553 1554 -1 1578 1643 5868 5803
face 4 1553 1617 -1 1642 5867 5868 1643
face 4 1553 -1 4 1577 1642 1643 1578
face 4 1553 -1 5 5802 5803 5868 5867
face 4 1554 1555 -1 1579 1644 5869 5804
face 4 1554 1618 -1 1643 5868 5869 1644
face 4 1554 -1 4 1578 1643 1644 1579
face 4 1554 -1 5 5803 5804 5869 5868
face 4 1555 1556 -1 1580 1645 5870 5805
face 4 1555 1619 -1 1644 5869 5870 1645
face 4 1555 -1 4 1579 1644 1645 1580
face 4 1555 -1 5 5804 5805 5870 5869
face 4 1556 1557 -1 1581 1646 5871 5806
face 4 1556 1620 -1 1645 5870 5871 1646
face 4 1556 -1 4 1580 1645 1646 1581
face 4 1556 -1 5 5805 5806 5871 5870
face 4 1557 1558 -1 1582 1647 5872 5807
face 4 1557 1621 -1 1646 5871 5872 1647
face 4 1557 -1 4 1581 1646 1647 1582
face 4 1557 -1 5 5806 5807 5872 5871
face 4 1558 1559 -1 1583 1648 5873 5808
face 4 1558 1622 -1 1647 5872 5873 1648
face 4 1558 -1 4 1582 1647 1648 1583
face 4 1558 -1 5 5807 5808 5873 5872
face 4 1559 1560 -1 1584 1649 5874 5809
face 4 1559 1623 -1 1648 5873 5874 1649
face 4 1559 -1 4 1583 1648 1649 1584
face 4 1559 -1 5 5808 5809 5874 5873
face 4 1560 1561 -1 1585 1650 5875 5810
face 4 1560 1624 -1 1649 5874 5875 1650
face 4 1560 -1 4 1584 1649 1650 1585
face 4 1560 -1 5 5809 5810 5875 5874
face 4 1561 1562 -1 1586 1651 5876 5811
face 4 1561 1625 -1 1650 5875 5876 1651
face 4 1561 -1 4 1585 1650 1651 1586
face 4 1561 -1 5 5810 5811 5876 5875
face 4 1562 1563 -1 1587 1652 5877 5812
face 4 1562 1626 -1 1651 5876 5877 1652
face 4 1562 -1 4 1586 1651 1652 1587
face 4 1562 -1 5 5811 5812 5877 5876
face 4 1563 1564 -1 1588 1653 5878 5813
face 4 1563 1627 -1 1652 5877 5878 1653
face 4 1563 -1 4 1587 1652 1653 1588
face 4 1563 -1 5 5812 5813 5878 5877
face 4 1564 1565 -1 1589 1654 5879 5814
face 4 1564 1628 -1 1653 5878 5879 1654
face 4 1564 -1 4 1588 1653 1654 1589
face 4 1564 -1 5 5813 5814 5879 5878
face 4 1565 1566 -1 1590 1655 5880 5815
face 4 1565 1629 -1 1654 5879 5880 1655
face 4 1565 -1 4 1589 1654 1655 1590
face 4 1565 -1 5 5814 5815 5880 5879
face 4 1566 1567 -1 1591 1656 5881 5816
face 4 1566 1630 -1 1655 5880 5881 1656
face 4 1566 -1 4 1590 1655 1656 1591
face 4 1566 -1 5 5815 5816 5881 5880
face 4 1567 1568 -1 1592 1657 5882 5817
face 4 1567 1631 -1 1656 5881 5882 1657
face 4 1567 -1 4 1591 1656 1657 1592
face 4 1567 -1 5 5816 5817 5882 5881
face 4 1568 1569 -1 1593 1658 5883 5818
face 4 1568 1632 -1 1657 5882 5883 1658
face 4 1568 -1 4 1592 1657 1658 1593
face 4 1568 -1 5 5817 5818 5883 5882
face 4 1569 1570 -1 1594 1659 5884 5819
face 4 1569 1633 -1 1658 5883 5884 1659
face 4 1569 -1 4 1593 1658 1659 1594
face 4 1569 -1 5 5818 5819 5884 5883
face 4 1570 1571 -1 1595 1660 5885 5820
face 4 1570 1634 -1 1659 5884 5885 1660
face 4 1570 -1 4 1594 1659 1660 1595
face 4 1570 -1 5 5819 5820 5885 5884
face 4 1571 1572 -1 1596 1661 5886 5821
face 4 1571 1635 -1 1660 5885 5886 1661
face 4 1571 -1 4 1595 1660 1661 1596
face 4 1571 -1 5 5820 5821 5886 5885
face 4 1572 1573 -1 1597 1662 5887 5822
face 4 1572 1636 -1 1661 5886 5887 1662
face 4 1572 -1 4 1596 1661 1662 1597
face 4 1572 -1 5 5821 5822 5887 5886
face 4 1573 1574 -1 1598 1663 5888 5823
face 4 1573 1637 -1 1662 5887 5888 1663
face 4 1573 -1 4 1597 1662 1663 1598
face 4 1573 -1 5 5822 5823 5888 5887
face 4 1574 1575 -1 1599 1664 5889 5824
face 4 1574 1638 -1 1663 5888 5889 1664
face 4 1574 -1 4 1598 1663 1664 1599
face 4 1574 -1 5 5823 5824 5889 5888
face 4 1575 1576 -1 1600 1665 5890 5825
face 4 1575 1639 -1 1664 5889 5890 1665
face 4 1575 -1 4 1599 1664 1665 1600
face 4 1575 -1 5 5824 5825 5890 5889
face 4 1576 1577 -1 1601 1666 5891 5826
face 4 1576 1640 -1 1665 5890 5891 1666
face 4 1576 -1 4 1600 1665 1666 1601
face 4 1576 -1 5 5825 5826 5891 5890
face 4 1577 1578 -1 1602 1667 5892 5827
face 4 1577 1641 -1 1666 5891 5892 1667
face 4 1577 -1 4 1601 1666 1667 1602
face 4 1577 -1 5 5826 5827 5892 5891
face 4 1578 1579 -1 1603 1668 5893 5828
face 4 1578 1642 -1 1667 5892 5893 1668
face 4 1578 -1 4 1602 1667 1668 1603
face 4 1578 -1 5 5827 5828 5893 5892
face 4 1579 1580 -1 1604 1669 5894 5829
face 4 1579 1643 -1 1668 5893 5894 1669
face 4 1579 -1 4 1603 1668 1669 1604
face 4 1579 -1 5 5828 5829 5894 5893
face 4 1580 1581 -1 1605 1670 5895 5830
face 4 1580 1644 -1 1669 5894 5895 1670
face 4 1580 -1 4 1604 1669 1670 1605
face 4 1580 -1 5 5829 5830 5895 5894
face 4 1581 1582 -1 1606 1671 5896 5831
face 4 1581 1645 -1 1670 5895 5896 1671
face 4 1581 -1 4 1605 1670 1671 1606
face 4 1581 -1 5 5830 5831 5896 5895
face 4 1582 1583 -1 1607 1672 5897 5832
face 4 1582 1646 -1 1671 5896 5897 1672
face 4 1582 -1 4 1606 1671 1672 1607
face 4 1582 -1 5 5831 5832 5897 5896
face 4 1583 1584 -1 1608 1673 5898 5833
face 4 1583 1647 -1 1672 5897 5898 1673
face 4 1583 -1 4 1607 1672 1673 1608
face 4 1583 -1 5 5832 5833 5898 5897
face 4 1584 1585 -1 1609 1674 5899 5834
face 4 1584 1648 -1 1673 5898 5899 1674
face 4 1584 -1 4 1608 1673 1674 1609
face 4 1584 -1 5 5833 5834 5899 5898
face 4 1585 1586 -1 1610 1675 5900 5835
face 4 1585 1649 -1 1674 5899 5900 1675
face 4 1585 -1 4 1609 1674 1675 1610
face 4 1585 -1 5 5834 5835 5900 5899
face 4 1586 1587 -1 1611 1676 5901 5836
face 4 1586 1650 -1 1675 5900 5901 1676
face 4 1586 -1 4 1610 1675 1676 1611
face 4 1586 -1 5 5835 5836 5901 5900
face 4 1587 1588 -1 1612 1677 5902 5837
face 4 1587 1651 -1 1676 5901 5902 1677
face 4 1587 -1 4 1611 1676 1677 1612
face 4 1587 -1 5 5836 5837 5902 5901
face 4 1588 1589 -1 1613 1678 5903 5838
face 4 1588 1652 -1 1677 5902 5903 1678
face 4 1588 -1 4 1612 1677 1678 1613
face 4 1588 -1 5 5837 5838 5903 5902
face 4 1589 1590 -1 1614 1679 5904 5839
face 4 1589 1653 -1 1678 5903 5904 1679
face 4 1589 -1 4 1613 1678 1679 1614
face 4 1589 -1 5 5838 5839 5904 5903
face 4 1590 1591 -1 1615 1680 5905 5840
face 4 1590 1654 -1 1679 5904 5905 1680
face 4 1590 -1 4 1614 1679 1680 1615
face 4 1590 -1 5 5839 5840 5905 5904
face 4 1591 1592 -1 1616 1681 5906 5841
face 4 1591 1655 -1 1680 5905 5906 1681
face 4 1591 -1 4 1615 1680 1681 1616
face 4 1591 -1 5 5840 5841 5906 5905
face 4 1592 1593 -1 1617 1682 5907 5842
face 4 1592 1656 -1 1681 5906 5907 1682
face 4 1592 -1 4 1616 1681 1682 1617
face 4 1592 -1 5 5841 5842 5907 5906
face 4 1593 1594 -1 1618 1683 5908 5843
face 4 1593 1657 -1 1682 5907 5908 1683
face 4 1593 -1 4 1617 1682 1683 1618
face 4 1593 -1 5 5842 5843 5908 5907
face 4 1594 1595 -1 1619 1684 5909 5844
face 4 1594 1658 -1 1683 5908 5909 1684
face 4 1594 -1 4 1618 1683 1684 1619
face 4 1594 -1 5 5843 5844 5909 5908
face 4 1595 1596 -1 1620 1685 5910 5845
face 4 1595 1659 -1 1684 5909 5910 1685
face 4 1595 -1 4 1619 1684 1685 1620
face 4 1595 -1 5 5844 5845 5910 5909
face 4 1596 1597 -1 1621 1686 5911 5846
face 4 1596 1660 -1 1685 5910 5911 1686
face 4 1596 -1 4 1620 1685 1686 1621
face 4 1596 -1 5 5845 5846 5911 5910
face 4 1597 1598 -1 1622 1687 5912 5847
face 4 1597 1661 -1 1686 5911 5912 1687
face 4 1597 -1 4 1621 1686 1687 1622
face 4 1597 -1 5 5846 5847 5912 5911
face 4 1598 1599 -1 1623 1688 5913 5848
face 4 1598 1662 -1 1687 5912 5913 1688
face 4 1598 -1 4 1622 1687 1688 1623
face 4 1598 -1 5 5847 5848 5913 5912
face 4 1599 -1 1 1624 1689 5914 5849
face 4 1599 1663 -1 1688 5913 5914 1689
face 4 1599 -1 4 1623 1688 1689 1624
face 4 1599 -1 5 5848 5849 5914 5913
face 4 1600 -1 0 1625 5850 5915 1690
face 4 1600 1601 -1 1626 1691 5916 5851
face 4 1600 1664 -1 1690 5915 5916 1691
face 4 1600 -1 4 1625 1690 1691 1626
face 4 1600 -1 5 5850 5851 5916 5915
face 4 1601 1602 -1 1627 1692 5917 5852
face 4 1601 1665 -1 1691 5916 5917 1692
face 4 1601 -1 4 1626 1691 1692 1627
face 4 1601 -1 5 5851 5852 5917 5916
face 4 1602 1603 -1 1628 1693 5918 5853
face 4 1602 1666 -1 1692 5917 5918 1693
face 4 1602 -1 4 1627 1692 1693 1628
face 4 1602 -1 5 5852 5853 5918 5917
face 4 1603 1604 -1 1629 1694 5919 5854
face 4 1603 1667 -1 1693 5918 5919 1694
face 4 1603 -1 4 1628 1693 1694 1629
face 4 1603 -1 5 5853 5854 5919 5918
face 4 1604 1605 -1 1630 1695 5920 5855
face 4 1604 1668 -1 1694 5919 5920 1695
face 4 1604 -1 4 1629 1694 1695 1630
face 4 1604 -1 5 5854 5855 5920 5919
face 4 1605 1606 -1 1631 1696 5921 5856
face 4 1605 1669 -1 1695 5920 5921 1696
face 4 1605 -1 4 1630 1695 1696 1631
face 4 1605 -1 5 5855 5856 5921 5920
face 4 1606 1607 -1 1632 1697 5922 5857
face 4 1606 1670 -1 1696 5921 5922 1697
face 4 1606 -1 4 1631 1696 1697 1632
face 4 1606 -1 5 5856 5857 5922 5921
face 4 1607 1608 -1 1633 1698 5923 5858
face 4 1607 1671 -1 1697 5922 5923 1698
face 4 1607 -1 4 1632 1697 1698 1633
face 4 1607 -1 5 5857 5858 5923 5922
face 4 1608 1609 -1 1634 1699 5924 5859
face 4 1608 1672 -1 1698 5923 5924 1699
face 4 1608 -1 4 1633 1698 1699 1634
face 4 1608 -1 5 5858 5859 5924 5923
face 4 1609 1610 -1 1635 1700 5925 5860
face 4 1609 1673 -1 1699 5924 5925 1700
face 4 1609 -1 4 1634 1699 1700 1635
face 4 1609 -1 5 5859 5860 5925 5924
face 4 1610 1611 -1 1636 1701 5926 5861
face 4 1610 1674 -1 1700 5925 5926 1701
face 4 1610 -1 4 1635 1700 1701 1636
face 4 1610 -1 5 5860 5861 5926 5925
face 4 1611 1612 -1 1637 1702 5927 5862
face 4 1611 1675 -1 1701 5926 5927 1702
face 4 1611 -1 4 1636 1701 1702 1637
face 4 1611 -1 5 5861 5862 5927 5926
face 4 1612 1613 -1 1638 1703 5928 5863
face 4 1612 1676 -1 1702 5927 5928 1703
face 4 1612 -1 4 1637 1702 1703 1638
face 4 1612 -1 5 5862 5863 5928 5927
face 4 1613 1614 -1 1639 1704 5929 5864
face 4 1613 1677 -1 1703 5928 5929 1704
face 4 1613 -1 4 1638 1703 1704 1639
face 4 1613 -1 5 5863 5864 5929 5928
face 4 1614 1615 -1 1640 1705 5930 5865
face 4 1614 1678 -1 1704 5929 5930 1705
face 4 1614 -1 4 1639 1704 1705 1640
face 4 1614 -1 5 5864 5865 5930 5929
face 4 1615 1616 -1 1641 1706 5931 5866
face 4 1615 1679 -1 1705 5930 5931 1706
face 4 1615 -1 4 1640 1705 1706 1641
face 4 1615 -1 5 5865 5866 5931 5930
face 4 1616 1617 -1 1642 1707 5932 5867
face 4 1616 1680 -1 1706 5931 5932 1707
face 4 1616 -1 4 1641 1706 1707 1642
face 4 1616 -1 5 5866 5867 5932 5931
face 4 1617 1618 -1 1643 1708 5933 5868
face 4 1617 1681 -1 1707 5932 5933 1708
face 4 1617 -1 4 1642 1707 1708 1643
face 4 1617 -1 5 5867 5868 5933 5932
face 4 1618 1619 -1 1644 1709 5934 5869
face 4 1618 1682 -1 1708 5933 5934 1709
face 4 1618 -1 4 1643 1708 1709 1644
face 4 1618 -1 5 5868 5869 5934 5933
face 4 1619 1620 -1 1645 1710 5935 5870
face 4 1619 1683 -1 1709 5934 5935 1710
face 4 1619 -1 4 1644 1709 1710 1645
face 4 1619 -1 5 5869 5870 5935 5934
face 4 1620 1621 -1 1646 1711 5936 5871
face 4 1620 1684 -1 1710 5935 5936 1711
face 4 1620 -1 4 1645 1710 1711 1646
face 4 1620 -1 5 5870 5871 5936 5935
face 4 1621 1622 -1 1647 1712 5937 5872
face 4 1621 1685 -1 1711 5936 5937 1712
face 4 1621 -1 4 1646 1711 1712 1647
face 4 1621 -1 5 5871 5872 5937 5936
face 4 1622 1623 -1 1648 1713 5938 5873
face 4 1622 1686 -1 1712 5937 5938 1713
face 4 1622 -1 4 1647 1712 1713 1648
face 4 1622 -1 5 5872 5873 5938 5937
face 4 1623 1624 -1 1649 1714 5939 5874
face 4 1623 1687 -1 1713 5938 5939 1714
face 4 1623 -1 4 1648 1713 1714 1649
face 4 1623 -1 5 5873 5874 5939 5938
face 4 1624 1625 -1 1650 1715 5940 5875
face 4 1624 1688 -1 1714 5939 5940 1715
face 4 1624 -1 4 1649 1714 1715 1650
face 4 1624 -1 5 5874 5875 5940 5939
face 4 1625 1626 -1 1651 1716 5941 5876
face 4 1625 1689 -1 1715 5940 5941 1716
face 4 1625 -1 4 1650 1715 1716 1651
face 4 1625 -1 5 5875 5876 5941 5940
face 4 1626 1627 -1 1652 1717 5942 5877
face 4 1626 1690 -1 1716 5941 5942 1717
face 4 1626 -1 4 1651 1716 1717 1652
face 4 1626 -1 5 5876 5877 5942 5941
face 4 1627 1628 -1 1653 1718 5943 5878
face 4 1627 1691 -1 1717 5942 5943 1718
face 4 1627 -1 4 1652 1717 1718 1653
face 4 1627 -1 5 5877 5878 5943 5942
face 4 1628 1629 -1 1654 1719 5944 5879
face 4 1628 1692 -1 1718 5943 5944 1719
face 4 1628 -1 4 1653 1718 1719 1654
face 4 1628 -1 5 5878 5879 5944 5943
face 4 1629 1630 -1 1655 1720 5945 5880
face 4 1629 1693 -1 1719 5944 5945 1720
face 4 1629 -1 4 1654 1719 1720 1655
face 4 1629 -1 5 5879 5880 5945 5944
face 4 1630 1631 -1 1656 1721 5946 5881
face 4 1630 1694 -1 1720 5945 5946 1721
face 4 1630 -1 4 1655 1720 1721 1656
face 4 1630 -1 5 5880 5881 5946 5945
face 4 1631 1632 -1 1657 1722 5947 5882
face 4 1631 1695 -1 1721 5946 5947 1722
face 4 1631 -1 4 1656 1721 1722 1657
face 4 1631 -1 5 5881 5882 5947 5946
face 4 1632 1633 -1 1658 1723 5948 5883
face 4 1632 1696 -1 1722 5947 5948 1723
face 4 1632 -1 4 1657 1722 1723 1658
face 4 1632 -1 5 5882 5883 5948 5947
face 4 1633 1634 -1 1659 1724 5949 5884
face 4 1633 1697 -1 1723 5948 5949 1724
face 4 1633 -1 4 1658 1723 1724 1659
face 4 1633 -1 5 5883 5884 5949 5948
face 4 1634 1635 -1 1660 1725 5950 5885
face 4 1634 1698 -1 1724 5949 5950 1725
face 4 1634 -1 4 1659 1724 1725 1660
face 4 1634 -1 5 5884 5885 5950 5949
face 4 1635 1636 -1 1661 1726 5951 5886
face 4 1635 1699 -1 1725 5950 5951 1726
face 4 1635 -1 4 1660 1725 1726 1661
face 4 1635 -1 5 5885 5886 5951 5950
face 4 1636 1637 -1 1662 1727 5952 5887
face 4 1636 1700 -1 1726 5951 5952 1727
face 4 1636 -1 4 1661 1726 1727 1662
face 4 1636 -1 5 5886 5887 5952 5951
face 4 1637 1638 -1 1663 1728 5953 5888
face 4 1637 1701 -1 1727 5952 5953 1728
face 4 1637 -1 4 1662 1727 1728 1663
face 4 1637 -1 5 5887 5888 5953 5952
face 4 1638 1639 -1 1664 1729 5954 5889
face 4 1638 1702 -1 1728 5953 5954 1729
face 4 1638 -1 4 1663 1728 1729 1664
face 4 1638 -1 5 5888 5889 5954 5953
face 4 1639 1640 -1 1665 1730 5955 5890
face 4 1639 1703 -1 1729 5954 5955 1730
face 4 1639 -1 4 1664 1729 1730 1665
face 4 1639 -1 5 5889 5890 5955 5954
face 4 1640 1641 -1 1666 1731 5956 5891
face 4 1640 1704 -1 1730 5955 5956 1731
face 4 1640 -1 4 1665 1730 1731 1666
face 4 1640 -1 5 5890 5891 5956 5955
face 4 1641 1642 -1 1667 1732 5957 5892
face 4 1641 1705 -1 1731 5956 5957 1732
face 4 1641 -1 4 1666 1731 1732 1667
face 4 1641 -1 5 5891 5892 5957 5956
face 4 1642 1643 -1 1668 1733 5958 5893
face 4 1642 1706 -1 1732 5957 5958 1733
face 4 1642 -1 4 1667 1732 1733 1668
face 4 1642 -1 5 5892 5893 5958 5957
face 4 1643 1644 -1 1669 1734 5959 5894
face 4 1643 1707 -1 1733 5958 5959 1734
face 4 1643 -1 4 1668 1733 1734 1669
face 4 1643 -1 5 5893 5894 5959 5958
face 4 1644 1645 -1 1670 1735 5960 5895
face 4 1644 1708 -1 1734 5959 5960 1735
face 4 1644 -1 4 1669 1734 1735 1670
face 4 1644 -1 5 5894 5895 5960 5959
face 4 1645 1646 -1 1671 1736 5961 5896
face 4 1645 1709 -1 1735 5960 5961 1736
face 4 1645 -1 4 1670 1735 1736 1671
face 4 1645 -1 5 5895 5896 5961 5960
face 4 1646 1647 -1 1672 1737 5962 5897
face 4 1646 1710 -1 1736 5961 5962 1737
face 4 1646 -1 4 1671 1736 1737 1672
face 4 1646 -1 5 5896 5897 5962 5961
face 4 1647 1648 -1 1673 1738 5963 5898
face 4 1647 1711 -1 1737 5962 5963 1738
face 4 1647 -1 4 1672 1737 1738 1673
face 4 1647 -1 5 5897 5898 5963 5962
face 4 1648 1649 -1 1674 1739 5964 5899
face 4 1648 1712 -1 1738 5963 5964 1739
face 4 1648 -1 4 1673 1738 1739 1674
face 4 1648 -1 5 5898 5899 5964 5963
face 4 1649 1650 -1 1675 1740 5965 5900
face 4 1649 1713 -1 1739 5964 5965 1740
face 4 1649 -1 4 1674 1739 1740 1675
face 4 1649 -1 5 5899 5900 5965 5964
face 4 1650 1651 -1 1676 1741 5966 5901
face 4 1650 1714 -1 1740 5965 5966 1741
face 4 1650 -1 4 1675 1740 1741 1676
face 4 1650 -1 5 5900 5901 5966 5965
face 4 1651 1652 -1 1677 1742 5967 5902
face 4 1651 1715 -1 1741 5966 5967 1742
face 4 1651 -1 4 1676 1741 1742 1677
face 4 1651 -1 5 5901 5902 5967 5966
face 4 1652 1653 -1 1678 1743 5968 5903
face 4 1652 1716 -1 1742 5967 5968 1743
face 4 1652 -1 4 1677 1742 1743 1678
face 4 1652 -1 5 5902 5903 5968 5967
face 4 1653 1654 -1 1679 1744 5969 5904
face 4 1653 1717 -1 1743 5968 5969 1744
face 4 1653 -1 4 1678 1743 1744 1679
face 4 1653 -1 5 5903 5904 5969 5968
face 4 1654 1655 -1 1680 1745 5970 5905
face 4 1654 1718 -1 1744 5969 5970 1745
face 4 1654 -1 4 1679 1744 1745 1680
face 4 1654 -1 5 5904 5905 5970 5969
face 4 1655 1656 -1 1681 1746 5971 5906
face 4 1655 1719 -1 1745 5970 5971 1746
face 4 1655 -1 4 1680 1745 1746 1681
face 4 1655 -1 5 5905 5906 5971 5970
face 4 1656 1657 -1 1682 1747 5972 5907
face 4 1656 1720 -1 1746 5971 5972 1747
face 4 1656 -1 4 1681 1746 1747 1682
face 4 1656 -1 5 5906 5907 5972 5971
face 4 1657 1658 -1 1683 1748 5973 5908
face 4 1657 1721 -1 1747 5972 5973 1748
face 4 1657 -1 4 1682 1747 1748 1683
face 4 1657 -1 5 5907 5908 5973 5972
face 4 1658 1659 -1 1684 1749 5974 5909
face 4 1658 1722 -1 1748 5973 5974 1749
face 4 1658 -1 4 1683 1748 1749 1684
face 4 1658 -1 5 5908 5909 5974 5973
face 4 1659 1660 -1 1685 1750 5975 5910
face 4 1659 1723 -1 1749 5974 5975 1750
face 4 1659 -1 4 1684 1749 1750 1685
face 4 1659 -1 5 5909 5910 5975 5974
face 4 1660 1661 -1 1686 1751 5976 5911
face 4 1660 1724 -1 1750 5975 5976 1751
face 4 1660 -1 4 1685 1750 1751 1686
face 4 1660 -1 5 5910 5911 5976 5975
face 4 1661 1662 -1 1687 1752 5977 5912
face 4 1661 1725 -1 1751 5976 5977 1752
face 4 1661 -1 4 1686 1751 1752 1687
face 4 1661 -1 5 5911 5912 5977 5976
face 4 1662 1663 -1 1688 1753 5978 5913
face 4 1662 1726 -1 1752 5977 5978 1753
face 4 1662 -1 4 1687 1752 1753 1688
face 4 1662 -1 5 5912 5913 5978 5977
face 4 1663 -1 1 1689 1754 5979 5914
face 4 1663 1727 -1 1753 5978 5979 1754
face 4 1663 -1 4 1688 1753 1754 1689
face 4 1663 -1 5 5913 5914 5979 5978
face 4 1664 -1 0 1690 5915 5980 1755
face 4 1664 1665 -1 1691 1756 5981 5916
face 4 1664 1728 -1 1755 5980 5981 1756
face 4 1664 -1 4 1690 1755 1756 1691
face 4 1664 -1 5 5915 5916 5981 5980
face 4 1665 1666 -1 1692 1757 5982 5917
face 4 1665 1729 -1 1756 5981 5982 1757
face 4 1665 -1 4 1691 1756 1757 1692
face 4 1665 -1 5 5916 5917 5982 5981
face 4 1666 1667 -1 1693 1758 5983 5918
face 4 1666 1730 -1 1757 5982 5983 1758
face 4 1666 -1 4 1692 1757 1758 1693
face 4 1666 -1 5 5917 5918 5983 5982
face 4 1667 1668 -1 1694 1759 5984 5919
face 4 1667 1731 -1 1758 5983 5984 1759
face 4 1667 -1 4 1693 1758 1759 1694
face 4 1667 -1 5 5918 5919 5984 5983
face 4 1668 1669 -1 1695 1760 5985 5920
face 4 1668 1732 -1 1759 5984 5985 1760
face 4 1668 -1 4 1694 1759 1760 1695
face 4 1668 -1 5 5919 5920 5985 5984
face 4 1669 1670 -1 1696 1761 5986 5921
face 4 1669 1733 -1 1760 5985 5986 1761
face 4 1669 -1 4 1695 1760 1761 1696
face 4 1669 -1 5 5920 5921 5986 5985
face 4 1670 1671 -1 1697 1762 5987 5922
face 4 1670 1734 -1 1761 5986 5987 1762
face 4 1670 -1 4 1696 1761 1762 1697
face 4 1670 -1 5 5921 5922 5987 5986
face 4 1671 1672 -1 1698 1763 5988 5923
face 4 1671 1735 -1 1762 5987 5988 1763
face 4 1671 -1 4 1697 1762 1763 1698
face 4 1671 -1 5 5922 5923 5988 5987
face 4 1672 1673 -1 1699 1764 5989 5924
face 4 1672 1736 -1 1763 5988 5989 1764
face 4 1672 -1 4 1698 1763 1764 1699
face 4 1672 -1 5 5923 5924 5989 5988
face 4 1673 1674 -1 1700 1765 5990 5925
face 4 1673 1737 -1 1764 5989 5990 1765
face 4 1673 -1 4 1699 1764 1765 1700
face 4 1673 -1 5 5924 5925 5990 5989
face 4 1674 1675 -1 1701 1766 5991 5926
face 4 1674 1738 -1 1765 5990 5991 1766
face 4 1674 -1 4 1700 1765 1766 1701
face 4 1674 -1 5 5925 5926 5991 5990
face 4 1675 1676 -1 1702 1767 5992 5927
face 4 1675 1739 -1 1766 5991 5992 1767
face 4 1675 -1 4 1701 1766 1767 1702
face 4 1675 -1 5 5926 5927 5992 5991
face 4 1676 1677 -1 1703 1768 5993 5928
face 4 1676 1740 -1 1767 5992 5993 1768
face 4 1676 -1 4 1702 1767 1768 1703
face 4 1676 -1 5 5927 5928 5993 5992
face 4 1677 1678 -1 1704 1769 5994 5929
face 4 1677 1741 -1 1768 5993 5994 1769
face 4 1677 -1 4 1703 1768 1769 1704
face 4 1677 -1 5 5928 5929 5994 5993
face 4 1678 1679 -1 1705 1770 5995 5930
face 4 1678 1742 -1 1769 5994 5995 1770
face 4 1678 -1 4 1704 1769 1770 1705
face 4 1678 -1 5 5929 5930 5995 5994
face 4 1679 1680 -1 1706 1771 5996 5931
face 4 1679 1743 -1 1770 5995 5996 1771
face 4 1679 -1 4 1705 1770 1771 1706
face 4 1679 -1 5 5930 5931 5996 5995
face 4 1680 1681 -1 1707 1772 5997 5932
face 4 1680 1744 -1 1771 5996 5997 1772
face 4 1680 -1 4 1706 1771 1772 1707
face 4 1680 -1 5 5931 5932 5997 5996
face 4 1681 1682 -1 1708 1773 5998 5933
face 4 1681 1745 -1 1772 5997 5998 1773
face 4 1681 -1 4 1707 1772 1773 1708
face 4 1681 -1 5 5932 5933 5998 5997
face 4 1682 1683 -1 1709 1774 5999 5934
face 4 1682 1746 -1 1773 5998 5999 1774
face 4 1682 -1 4 1708 1773 1774 1709
face 4 1682 -1 5 5933 5934 5999 5998
face 4 1683 1684 -1 1710 1775 6000 5935
face 4 1683 1747 -1 1774 5999 6000 1775
face 4 1683 -1 4 1709 1774 1775 1710
face 4 1683 -1 5 5934 5935 6000 5999
face 4 1684 1685 -1 1711 1776 6001 5936
face 4 1684 1748 -1 1775 6000 6001 1776
face 4 1684 -1 4 1710 1775 1776 1711
face 4 1684 -1 5 5935 5936 6001 6000
face 4 1685 1686 -1 1712 1777 6002 5937
face 4 1685 1749 -1 1776 6001 6002 1777
face 4 1685 -1 4 1711 1776 1777 1712
face 4 1685 -1 5 5936 5937 6002 6001
face 4 1686 1687 -1 1713 1778 6003 5938
face 4 1686 1750 -1 1777 6002 6003 1778
face 4 1686 -1 4 1712 1777 1778 1713
face 4 1686 -1 5 5937 5938 6003 6002
face 4 1687 1688 -1 1714 1779 6004 5939
face 4 1687 1751 -1 1778 6003 6004 1779
face 4 1687 -1 4 1713 1778 1779 1714
face 4 1687 -1 5 5938 5939 6004 6003
face 4 1688 1689 -1 1715 1780 6005 5940
face 4 1688 1752 -1 1779 6004 6005 1780
face 4 1688 -1 4 1714 1779 1780 1715
face 4 1688 -1 5 5939 5940 6005 6004
face 4 1689 1690 -1 1716 1781 6006 5941
face 4 1689 1753 -1 1780 6005 6006 1781
face 4 1689 -1 4 1715 1780 1781 1716
face 4 1689 -1 5 5940 5941 6006 6005
face 4 1690 1691 -1 1717 1782 6007 5942
face 4 1690 1754 -1 1781 6006 6007 1782
face 4 1690 -1 4 1716 1781 1782 1717
face 4 1690 -1 5 5941 5942 6007 6006
face 4 1691 1692 -1 1718 1783 6008 5943
face 4 1691 1755 -1 1782 6007 6008 1783
face 4 1691 -1 4 1717 1782 1783 1718
face 4 1691 -1 5 5942 5943 6008 6007
face 4 1692 1693 -1 1719 1784 6009 5944
face 4 1692 1756 -1 1783 6008 6009 1784
face 4 1692 -1 4 1718 1783 1784 1719
face 4 1692 -1 5 5943 5944 6009 6008
face 4 1693 1694 -1 1720 1785 6010 5945
face 4 1693 1757 -1 1784 6009 6010 1785
face 4 1693 -1 4 1719 1784 1785 1720
face 4 1693 -1 5 5944 5945 6010 6009
face 4 1694 1695 -1 1721 1786 6011 5946
face 4 1694 1758 -1 1785 6010 6011 1786
face 4 1694 -1 4 1720 1785 1786 1721
face 4 1694 -1 5 5945 5946 6011 6010
face 4 1695 1696 -1 1722 1787 6012 5947
face 4 1695 1759 -1 1786 6011 6012 1787
face 4 1695 -1 4 1721 1786 1787 1722
face 4 1695 -1 5 5946 5947 6012 6011
face 4 1696 1697 -1 1723 1788 6013 5948
face 4 1696 1760 -1 1787 6012 6013 1788
face 4 1696 -1 4 1722 1787 1788 1723
face 4 1696 -1 5 5947 5948 6013 6012
face 4 1697 1698 -1 1724 1789 6014 5949
face 4 1697 1761 -1 1788 6013 6014 1789
face 4 1697 -1 4 1723 1788 1789 1724
face 4 1697 -1 5 5948 5949 6014 6013
face 4 1698 1699 -1 1725 1790 6015 5950
face 4 1698 1762 -1 1789 6014 6015 1790
face 4 1698 -1 4 1724 1789 1790 1725
face 4 1698 -1 5 5949 5950 6015 6014
face 4 1699 1700 -1 1726 1791 6016 5951
face 4 1699 1763 -1 1790 6015 6016 1791
face 4 1699 -1 4 1725 1790 1791 1726
face 4 1699 -1 5 5950 5951 6016 6015
face 4 1700 1701 -1 1727 1792 6017 5952
face 4 1700 1764 -1 1791 6016 6017 1792
face 4 1700 -1 4 1726 1791 1792 1727
face 4 1700 -1 5 5951 5952 6017 6016
face 4 1701 1702 -1 1728 1793 6018 5953
face 4 1701 1765 -1 1792 6017 6018 1793
face 4 1701 -1 4 1727 1792 1793 1728
face 4 1701 -1 5 5952 5953 6018 6017
face 4 1702 1703 -1 1729 1794 6019 5954
face 4 1702 1766 -1 1793 6018 6019 1794
face 4 1702 -1 4 1728 1793 1794 1729
face 4 1702 -1 5 5953 5954 6019 6018
face 4 1703 1704 -1 1730 1795 6020 5955
face 4 1703 1767 -1 1794 6019 6020 1795
face 4 1703 -1 4 1729 1794 1795 1730
face 4 1703 -1 5 5954 5955 6020 6019
face 4 1704 1705 -1 1731 1796 6021 5956
face 4 1704 1768 -1 1795 6020 6021 1796
face 4 1704 -1 4 1730 1795 1796 1731
face 4 1704 -1 5 5955 5956 6021 6020
face 4 1705 1706 -1 1732 1797 6022 5957
face 4 1705 1769 -1 1796 6021 6022 1797
face 4 1705 -1 4 1731 1796 1797 1732
face 4 1705 -1 5 5956 5957 6022 6021
face 4 1706 1707 -1 1733 1798 6023 5958
face 4 1706 1770 -1 1797 6022 6023 1798
face 4 1706 -1 4 1732 1797 1798 1733
face 4 1706 -1 5 5957 5958 6023 6022
face 4 1707 1708 -1 1734 1799 6024 5959
face 4 1707 1771 -1 1798 6023 6024 1799
face 4 1707 -1 4 1733 1798 1799 1734
face 4 1707 -1 5 5958 5959 6024 6023
face 4 1708 1709 -1 1735 1800 6025 5960
face 4 1708 1772 -1 1799 6024 6025 1800
face 4 1708 -1 4 1734 1799 1800 1735
face 4 1708 -1 5 5959 5960 6025 6024
face 4 1709 1710 -1 1736 1801 6026 5961
face 4 1709 1773 -1 1800 6025 6026 1801
face 4 1709 -1 4 1735 1800 1801 1736
face 4 1709 -1 5 5960 5961 6026 6025
face 4 1710 1711 -1 1737 1802 6027 5962
face 4 1710 1774 -1 1801 6026 6027 1802
face 4 1710 -1 4 1736 1801 1802 1737
face 4 1710 -1 5 5961 5962 6027 6026
face 4 1711 1712 -1 1738 1803 6028 5963
face 4 1711 1775 -1 1802 6027 6028 1803
face 4 1711 -1 4 1737 1802 1803 1738
face 4 1711 -1 5 5962 5963 6028 6027
face 4 1712 1713 -1 1739 1804 6029 5964
face 4 1712 1776 -1 1803 6028 6029 1804
face 4 1712 -1 4 1738 1803 1804 1739
face 4 1712 -1 5 5963 5964 6029 6028
face 4 1713 1714 -1 1740 1805 6030 5965
face 4 1713 1777 -1 1804 6029 6030 1805
face 4 1713 -1 4 1739 1804 1805 1740
face 4 1713 -1 5 5964 5965 6030 6029
face 4 1714 1715 -1 1741 1806 6031 5966
face 4 1714 1778 -1 1805 6030 6031 1806
face 4 1714 -1 4 1740 1805 1806 1741
face 4 1714 -1 5 5965 5966 6031 6030
face 4 1715 1716 -1 1742 1807 6032 5967
face 4 1715 1779 -1 1806 6031 6032 1807
face 4 1715 -1 4 1741 1806 1807 1742
face 4 1715 -1 5 5966 5967 6032 6031
face 4 1716 1717 -1 1743 1808 6033 5968
face 4 1716 1780 -1 1807 6032 6033 1808
face 4 1716 -1 4 1742 1807 1808 1743
face 4 1716 -1 5 5967 5968 6033 6032
face 4 1717 1718 -1 1744 1809 6034 5969
face 4 1717 1781 -1 1808 6033 6034 1809
face 4 1717 -1 4 1743 1808 1809 1744
face 4 1717 -1 5 5968 5969 6034 6033
face 4 1718 1719 -1 1745 1810 6035 5970
face 4 1718 1782 -1 1809 6034 6035 1810
face 4 1718 -1 4 1744 1809 1810 1745
face 4 1718 -1 5 5969 5970 6035 6034
face 4 1719 1720 -1 1746 1811 6036 5971
face 4 1719 1783 -1 1810 6035 6036 1811
face 4 1719 -1 4 1745 1810 1811 1746
face 4 1719 -1 5 5970 5971 6036 6035
face 4 1720 1721 -1 1747 1812 6037 5972
face 4 1720 1784 -1 1811 6036 6037 1812
face 4 1720 -1 4 1746 1811 1812 1747
face 4 1720 -1 5 5971 5972 6037 6036
face 4 1721 1722 -1 1748 1813 6038 5973
face 4 1721 1785 -1 1812 6037 6038 1813
face 4 1721 -1 4 1747 1812 1813 1748
face 4 1721 -1 5 5972 5973 6038 6037
face 4 1722 1723 -1 1749 1814 6039 5974
face 4 1722 1786 -1 1813 6038 6039 1814
face 4 1722 -1 4 1748 1813 1814 1749
face 4 1722 -1 5 5973 5974 6039 6038
face 4 1723 1724 -1 1750 1815 6040 5975
face 4 1723 1787 -1 1814 6039 6040 1815
face 4 1723 -1 4 1749 1814 1815 1750
face 4 1723 -1 5 5974 5975 6040 6039
face 4 1724 1725 -1 1751 1816 6041 5976
face 4 1724 1788 -1 1815 6040 6041 1816
face 4 1724 -1 4 1750 1815 1816 1751
face 4 1724 -1 5 5975 5976 6041 6040
face 4 1725 1726 -1 1752 1817 6042 5977
face 4 1725 1789 -1 1816 6041 6042 1817
face 4 1725 -1 4 1751 1816 1817 1752
face 4 1725 -1 5 5976 5977 6042 6041
face 4 1726 1727 -1 1753 1818 6043 5978
face 4 1726 1790 -1 1817 6042 6043 1818
face 4 1726 -1 4 1752 1817 1818 1753
face 4 1726 -1 5 5977 5978 6043 6042
face 4 1727 -1 1 1754 1819 6044 5979
face 4 1727 1791 -1 1818 6043 6044 1819
face 4 1727 -1 4 1753 1818 1819 1754
face 4 1727 -1 5 5978 5979 6044 6043
face 4 1728 -1 0 1755 5980 6045 1820
face 4 1728 1729 -1 1756 1821 6046 5981
face 4 1728 1792 -1 1820 6045 6046 1821
face 4 1728 -1 4 1755 1820 1821 1756
face 4 1728 -1 5 5980 5981 6046 6045
face 4 1729 1730 -1 1757 1822 6047 5982
face 4 1729 1793 -1 1821 6046 6047 1822
face 4 1729 -1 4 1756 1821 1822 1757
face 4 1729 -1 5 5981 5982 6047 6046
face 4 1730 1731 -1 1758 1823 6048 5983
face 4 1730 1794 -1 1822 6047 6048 1823
face 4 1730 -1 4 1757 1822 1823 1758
face 4 1730 -1 5 5982 5983 6048 6047
face 4 1731 1732 -1 1759 1824 6049 5984
face 4 1731 1795 -1 1823 6048 6049 1824
face 4 1731 -1 4 1758 1823 1824 1759
face 4 1731 -1 5 5983 5984 6049 6048
face 4 1732 1733 -1 1760 1825 6050 5985
face 4 1732 1796 -1 1824 6049 6050 1825
face 4 1732 -1 4 1759 1824 1825 1760
face 4 1732 -1 5 5984 5985 6050 6049
face 4 1733 1734 -1 1761 1826 6051 5986
face 4 1733 1797 -1 1825 6050 6051 1826
face 4 1733 -1 4 1760 1825 1826 1761
face 4 1733 -1 5 5985 5986 6051 6050
face 4 1734 1735 -1 1762 1827 6052 5987
face 4 1734 1798 -1 1826 6051 6052 1827
face 4 1734 -1 4 1761 1826 1827 1762
face 4 1734 -1 5 5986 5987 6052 6051
face 4 1735 1736 -1 1763 1828 6053 5988
face 4 1735 1799 -1 1827 6052 6053 1828
face 4 1735 -1 4 1762 1827 1828 1763
face 4 1735 -1 5 5987 5988 6053 6052
face 4 1736 1737 -1 1764 1829 6054 5989
face 4 1736 1800 -1 1828 6053 6054 1829
face 4 1736 -1 4 1763 1828 1829 1764
face 4 1736 -1 5 5988 5989 6054 6053
face 4 1737 1738 -1 1765 1830 6055 5990
face 4 1737 1801 -1 1829 6054 6055 1830
face 4 1737 -1 4 1764 1829 1830 1765
face 4 1737 -1 5 5989 5990 6055 6054
face 4 1738 1739 -1 1766 1831 6056 5991
face 4 1738 1802 -1 1830 6055 6056 1831
face 4 1738 -1 4 1765 1830 1831 1766
face 4 1738 -1 5 5990 5991 6056 6055
face 4 1739 1740 -1 1767 1832 6057 5992
face 4 1739 1803 -1 1831 6056 6057 1832
face 4 1739 -1 4 1766 1831 1832 1767
face 4 1739 -1 5 5991 5992 6057 6056
face 4 1740 1741 -1 1768 1833 6058 5993
face 4 1740 1804 -1 1832 6057 6058 1833
face 4 1740 -1 4 1767 1832 1833 1768
face 4 1740 -1 5 5992 5993 6058 6057
face 4 1741 1742 -1 1769 1834 6059 5994
face 4 1741 1805 -1 1833 6058 6059 1834
face 4 1741 -1 4 1768 1833 1834 1769
face 4 1741 -1 5 5993 5994 6059 6058
face 4 1742 1743 -1 1770 1835 6060 5995
face 4 1742 1806 -1 1834 6059 6060 1835
face 4 1742 -1 4 1769 1834 1835 1770
face 4 1742 -1 5 5994 5995 6060 6059
face 4 1743 1744 -1 1771 1836 6061 5996
face 4 1743 1807 -1 1835 6060 6061 1836
face 4 1743 -1 4 1770 1835 1836 1771
face 4 1743 -1 5 5995 5996 6061 6060
face 4 1744 1745 -1 1772 1837 6062 5997
face 4 1744 1808 -1 1836 6061 6062 1837
face 4 1744 -1 4 1771 1836 1837 1772
face 4 1744 -1 5 5996 5997 6062 6061
face 4 1745 1746 -1 1773 1838 6063 5998
face 4 1745 1809 -1 1837 6062 6063 1838
face 4 1745 -1 4 1772 1837 1838 1773
face 4 1745 -1 5 5997 5998 6063 6062
face 4 1746 1747 -1 1774 1839 6064 5999
face 4 1746 1810 -1 1838 6063 6064 1839
face 4 1746 -1 4 1773 1838 1839 1774
face 4 1746 -1 5 5998 5999 6064 6063
face 4 1747 1748 -1 1775 1840 6065 6000
face 4 1747 1811 -1 1839 6064 6065 1840
face 4 1747 -1 4 1774 1839 1840 1775
face 4 1747 -1 5 5999 6000 6065 6064
face 4 1748 1749 -1 1776 1841 6066 6001
face 4 1748 1812 -1 1840 6065 6066 1841
face 4 1748 -1 4 1775 1840 1841 1776
face 4 1748 -1 5 6000 6001 6066 6065
face 4 1749 1750 -1 1777 1842 6067 6002
face 4 1749 1813 -1 1841 6066 6067 1842
face 4 1749 -1 4 1776 1841 1842 1777
face 4 1749 -1 5 6001 6002 6067 6066
face 4 1750 1751 -1 1778 1843 6068 6003
face 4 1750 1814 -1 1842 6067 6068 1843
face 4 1750 -1 4 1777 1842 1843 1778
face 4 1750 -1 5 6002 6003 6068 6067
face 4 1751 1752 -1 1779 1844 6069 6004
face 4 1751 1815 -1 1843 6068 6069 1844
face 4 1751 -1 4 1778 1843 1844 1779
face 4 1751 -1 5 6003 6004 6069 6068
face 4 1752 1753 -1 1780 1845 6070 6005
face 4 1752 1816 -1 1844 6069 6070 1845
face 4 1752 -1 4 1779 1844 1845 1780
face 4 1752 -1 5 6004 6005 6070 6069
face 4 1753 1754 -1 1781 1846 6071 6006
face 4 1753 1817 -1 1845 6070 6071 1846
face 4 1753 -1 4 1780 1845 1846 1781
face 4 1753 -1 5 6005 6006 6071 6070
face 4 1754 1755 -1 1782 1847 6072 6007
face 4 1754 1818 -1 1846 6071 6072 1847
face 4 1754 -1 4 1781 1846 1847 1782
face 4 1754 -1 5 6006 6007 6072 6071
face 4 1755 1756 -1 1783 1848 6073 6008
face 4 1755 1819 -1 1847 6072 6073 1848
face 4 1755 -1 4 1782 1847 1848 1783
face 4 1755 -1 5 6007 6008 6073 6072
face 4 1756 1757 -1 1784 1849 6074 6009
face 4 1756 1820 -1 1848 6073 6074 1849
face 4 1756 -1 4 1783 1848 1849 1784
face 4 1756 -1 5 6008 6009 6074 6073
face 4 1757 1758 -1 1785 1850 6075 6010
face 4 1757 1821 -1 1849 6074 6075 1850
face 4 1757 -1 4 1784 1849 1850 1785
face 4 1757 -1 5 6009 6010 6075 6074
face 4 1758 1759 -1 1786 1851 6076 6011
face 4 1758 1822 -1 1850 6075 6076 1851
face 4 1758 -1 4 1785 1850 1851 1786
face 4 1758 -1 5 6010 6011 6076 6075
face 4 1759 1760 -1 1787 1852 6077 6012
face 4 1759 1823 -1 1851 6076 6077 1852
face 4 1759 -1 4 1786 1851 1852 1787
face 4 1759 -1 5 6011 6012 6077 6076
face 4 1760 1761 -1 1788 1853 6078 6013
face 4 1760 1824 -1 1852 6077 6078 1853
face 4 1760 -1 4 1787 1852 1853 1788
face 4 1760 -1 5 6012 6013 6078 6077
face 4 1761 1762 -1 1789 1854 6079 6014
face 4 1761 1825 -1 1853 6078 6079 1854
face 4 1761 -1 4 1788 1853 1854 1789
face 4 1761 -1 5 6013 6014 6079 6078
face 4 1762 1763 -1 1790 1855 6080 6015
face 4 1762 1826 -1 1854 6079 6080 1855
face 4 1762 -1 4 1789 1854 1855 1790
face 4 1762 -1 5 6014 6015 6080 6079
face 4 1763 1764 -1 1791 1856 6081 6016
face 4 1763 1827 -1 1855 6080 6081 1856
face 4 1763 -1 4 1790 1855 1856 1791
face 4 1763 -1 5 6015 6016 6081 6080
face 4 1764 1765 -1 1792 1857 6082 6017
face 4 1764 1828 -1 1856 6081 6082 1857
face 4 1764 -1 4 1791 1856 1857 1792
face 4 1764 -1 5 6016 6017 6082 6081
face 4 1765 1766 -1 1793 1858 6083 6018
face 4 1765 1829 -1 1857 6082 6083 1858
face 4 1765 -1 4 1792 1857 1858 1793
face 4 1765 -1 5 6017 6018 6083 6082
face 4 1766 1767 -1 1794 1859 6084 6019
face 4 1766 1830 -1 1858 6083 6084 1859
face 4 1766 -1 4 1793 1858 1859 1794
face 4 1766 -1 5 6018 6019 6084 6083
face 4 1767 1768 -1 1795 1860 6085 6020
face 4 1767 1831 -1 1859 6084 6085 1860
face 4 1767 -1 4 1794 1859 1860 1795
face 4 1767 -1 5 6019 6020 6085 6084
face 4 1768 1769 -1 1796 1861 6086 6021
face 4 1768 1832 -1 1860 6085 6086 1861
face 4 1768 -1 4 1795 1860 1861 1796
face 4 1768 -1 5 6020 6021 6086 6085
face 4 1769 1770 -1 1797 1862 6087 6022
face 4 1769 1833 -1 1861 6086 6087 1862
face 4 1769 -1 4 1796 1861 1862 1797
face 4 1769 -1 5 6021 6022 6087 6086
face 4 1770 1771 -1 1798 1863 6088 6023
face 4 1770 1834 -1 1862 6087 6088 1863
face 4 1770 -1 4 1797 1862 1863 1798
face 4 1770 -1 5 6022 6023 6088 6087
face 4 1771 1772 -1 1799 1864 6089 6024
face 4 1771 1835 -1 1863 6088 6089 1864
face 4 1771 -1 4 1798 1863 1864 1799
face 4 1771 -1 5 6023 6024 6089 6088
face 4 1772 1773 -1 1800 1865 6090 6025
face 4 1772 1836 -1 1864 6089 6090 1865
face 4 1772 -1 4 1799 1864 1865 1800
face 4 1772 -1 5 6024 6025 6090 6089
face 4 1773 1774 -1 1801 1866 6091 6026
face 4 1773 1837 -1 1865 6090 6091 1866
face 4 1773 -1 4 1800 1865 1866 1801
face 4 1773 -1 5 6025 6026 6091 6090
face 4 1774 1775 -1 1802 1867 6092 6027
face 4 1774 1838 -1 1866 6091 6092 1867
face 4 1774 -1 4 1801 1866 1867 1802
face 4 1774 -1 5 6026 6027 6092 6091
face 4 1775 1776 -1 1803 1868 6093 6028
face 4 1775 1839 -1 1867 6092 6093 1868
face 4 1775 -1 4 1802 1867 1868 1803
face 4 1775 -1 5 6027 6028 6093 6092
face 4 1776 1777 -1 1804 1869 6094 6029
face 4 1776 1840 -1 1868 6093 6094 1869
face 4 1776 -1 4 1803 1868 1869 1804
face 4 1776 -1 5 6028 6029 6094 6093
face 4 1777 1778 -1 1805 1870 6095 6030
face 4 1777 1841 -1 1869 6094 6095 1870
face 4 1777 -1 4 1804 1869 1870 1805
face 4 1777 -1 5 6029 6030 6095 6094
face 4 1778 1779 -1 1806 1871 6096 6031
face 4 1778 1842 -1 1870 6095 6096 1871
face 4 1778 -1 4 1805 1870 1871 1806
face 4 1778 -1 5 6030 6031 6096 6095
face 4 1779 1780 -1 1807 1872 6097 6032
face 4 1779 1843 -1 1871 6096 6097 1872
face 4 1779 -1 4 1806 1871 1872 1807
face 4 1779 -1 5 6031 6032 6097 6096
face 4 1780 1781 -1 1808 1873 6098 6033
face 4 1780 1844 -1 1872 6097 6098 1873
face 4 1780 -1 4 1807 1872 1873 1808
face 4 1780 -1 5 6032 6033 6098 6097
face 4 1781 1782 -1 1809 1874 6099 6034
face 4 1781 1845 -1 1873 6098 6099 1874
face 4 1781 -1 4 1808 1873 1874 1809
face 4 1781 -1 5 6033 6034 6099 6098
face 4 1782 1783 -1 1810 1875 6100 6035
face 4 1782 1846 -1 1874 6099 6100 1875
face 4 1782 -1 4 1809 1874 1875 1810
face 4 1782 -1 5 6034 6035 6100 6099
face 4 1783 1784 -1 1811 1876 6101 6036
face 4 1783 1847 -1 1875 6100 6101 1876
face 4 1783 -1 4 1810 1875 1876 1811
face 4 1783 -1 5 6035 6036 6101 6100
face 4 1784 1785 -1 1812 1877 6102 6037
face 4 1784 1848 -1 1876 6101 6102 1877
face 4 1784 -1 4 1811 1876 1877 1812
face 4 1784 -1 5 6036 6037 6102 6101
face 4 1785 1786 -1 1813 1878 6103 6038
face 4 1785 1849 -1 1877 6102 6103 1878
face 4 1785 -1 4 1812 1877 1878 1813
face 4 1785 -1 5 6037 6038 6103 6102
face 4 1786 1787 -1 1814 1879 6104 6039
face 4 1786 1850 -1 1878 6103 6104 1879
face 4 1786 -1 4 1813 1878 1879 1814
face 4 1786 -1 5 6038 6039 6104 6103
face 4 1787 1788 -1 1815 1880 6105 6040
face 4 1787 1851 -1 1879 6104 6105 1880
face 4 1787 -1 4 1814 1879 1880 1815
face 4 1787 -1 5 6039 6040 6105 6104
face 4 1788 1789 -1 1816 1881 6106 6041
face 4 1788 1852 -1 1880 6105 6106 1881
face 4 1788 -1 4 1815 1880 1881 1816
face 4 1788 -1 5 6040 6041 6106 6105
face 4 1789 1790 -1 1817 1882 6107 6042
face 4 1789 1853 -1 1881 6106 6107 1882
face 4 1789 -1 4 1816 1881 1882 1817
face 4 1789 -1 5 6041 6042 6107 6106
face 4 1790 1791 -1 1818 1883 6108 6043
face 4 1790 1854 -1 1882 6107 6108 1883
face 4 1790 -1 4 1817 1882 1883 1818
face 4 1790 -1 5 6042 6043 6108 6107
face 4 1791 -1 1 1819 1884 6109 6044
face 4 1791 1855 -1 1883 6108 6109 1884
face 4 1791 -1 4 1818 1883 1884 1819
face 4 1791 -1 5 6043 6044 6109 6108
face 4 1792 -1 0 1820 6045 6110 1885
face 4 1792 1793 -1 1821 1886 6111 6046
face 4 1792 1856 -1 1885 6110 6111 1886
face 4 1792 -1 4 1820 1885 1886 1821
face 4 1792 -1 5 6045 6046 6111 6110
face 4 1793 1794 -1 1822 1887 6112 6047
face 4 1793 1857 -1 1886 6111 6112 1887
face 4 1793 -1 4 1821 1886 1887 1822
face 4 1793 -1 5 6046 6047 6112 6111
face 4 1794 1795 -1 1823 1888 6113 6048
face 4 1794 1858 -1 1887 6112 6113 1888
face 4 1794 -1 4 1822 1887 1888 1823
face 4 1794 -1 5 6047 6048 6113 6112
face 4 1795 1796 -1 1824 1889 6114 6049
face 4 1795 1859 -1 1888 6113 6114 1889
face 4 1795 -1 4 1823 1888 1889 1824
face 4 1795 -1 5 6048 6049 6114 6113
face 4 1796 1797 -1 1825 1890 6115 6050
face 4 1796 1860 -1 1889 6114 6115 1890
face 4 1796 -1 4 1824 1889 1890 1825
face 4 1796 -1 5 6049 6050 6115 6114
face 4 1797 1798 -1 1826 1891 6116 6051
face 4 1797 1861 -1 1890 6115 6116 1891
face 4 1797 -1 4 1825 1890 1891 1826
face 4 1797 -1 5 6050 6051 6116 6115
face 4 1798 1799 -1 1827 1892 6117 6052
face 4 1798 1862 -1 1891 6116 6117 1892
face 4 1798 -1 4 1826 1891 1892 1827
face 4 1798 -1 5 6051 6052 6117 6116
face 4 1799 1800 -1 1828 1893 6118 6053
face 4 1799 1863 -1 1892 6117 6118 1893
face 4 1799 -1 4 1827 1892 1893 1828
face 4 1799 -1 5 6052 6053 6118 6117
face 4 1800 1801 -1 1829 1894 6119 6054
face 4 1800 1864 -1 1893 6118 6119 1894
face 4 1800 -1 4 1828 1893 1894 1829
face 4 1800 -1 5 6053 6054 6119 6118
face 4 1801 1802 -1 1830 1895 6120 6055
face 4 1801 1865 -1 1894 6119 6120 1895
face 4 1801 -1 4 1829 1894 1895 1830
face 4 1801 -1 5 6054 6055 6120 6119
face 4 1802 1803 -1 1831 1896 6121 6056
face 4 1802 1866 -1 1895 6120 6121 1896
face 4 1802 -1 4 1830 1895 1896 1831
face 4 1802 -1 5 6055 6056 6121 6120
face 4 1803 1804 -1 1832 1897 6122 6057
face 4 1803 1867 -1 1896 6121 6122 1897
face 4 1803 -1 4 1831 1896 1897 1832
face 4 1803 -1 5 6056 6057 6122 6121
face 4 1804 1805 -1 1833 1898 6123 6058
face 4 1804 1868 -1 1897 6122 6123 1898
face 4 1804 -1 4 1832 1897 1898 1833
face 4 1804 -1 5 6057 6058 6123 6122
face 4 1805 1806 -1 1834 1899 6124 6059
face 4 1805 1869 -1 1898 6123 6124 1899
face 4 1805 -1 4 1833 1898 1899 1834
face 4 1805 -1 5 6058 6059 6124 6123
face 4 1806 1807 -1 1835 1900 6125 6060
face 4 1806 1870 -1 1899 6124 6125 1900
face 4 1806 -1 4 1834 1899 1900 1835
face 4 1806 -1 5 6059 6060 6125 6124
face 4 1807 1808 -1 1836 1901 6126 6061
face 4 1807 1871 -1 1900 6125 6126 1901
face 4 1807 -1 4 1835 1900 1901 1836
face 4 1807 -1 5 6060 6061 6126 6125
face 4 1808 1809 -1 1837 1902 6127 6062
face 4 1808 1872 -1 1901 6126 6127 1902
face 4 1808 -1 4 1836 1901 1902 1837
face 4 1808 -1 5 6061 6062 6127 6126
face 4 1809 1810 -1 1838 1903 6128 6063
face 4 1809 1873 -1 1902 6127 6128 1903
face 4 1809 -1 4 1837 1902 1903 1838
face 4 1809 -1 5 6062 6063 6128 6127
face 4 1810 1811 -1 1839 1904 6129 6064
face 4 1810 1874 -1 1903 6128 6129 1904
face 4 1810 -1 4 1838 1903 1904 1839
face 4 1810 -1 5 6063 6064 6129 6128
face 4 1811 1812 -1 1840 1905 6130 6065
face 4 1811 1875 -1 1904 6129 6130 1905
face 4 1811 -1 4 1839 1904 1905 1840
face 4 1811 -1 5 6064 6065 6130 6129
face 4 1812 1813 -1 1841 1906 6131 6066
face 4 1812 1876 -1 1905 6130 6131 1906
face 4 1812 -1 4 1840 1905 1906 1841
face 4 1812 -1 5 6065 6066 6131 6130
face 4 1813 1814 -1 1842 1907 6132 6067
face 4 1813 1877 -1 1906 6131 6132 1907
face 4 1813 -1 4 1841 1906 1907 1842
face 4 1813 -1 5 6066 6067 6132 6131
face 4 1814 1815 -1 1843 1908 6133 6068
face 4 1814 1878 -1 1907 6132 6133 1908
face 4 1814 -1 4 1842 1907 1908 1843
face 4 1814 -1 5 6067 6068 6133 6132
face 4 1815 1816 -1 1844 1909 6134 6069
face 4 1815 1879 -1 1908 6133 6134 1909
face 4 1815 -1 4 1843 1908 1909 1844
face 4 1815 -1 5 6068 6069 6134 6133
face 4 1816 1817 -1 1845 1910 6135 6070
face 4 1816 1880 -1 1909 6134 6135 1910
face 4 1816 -1 4 1844 1909 1910 1845
face 4 1816 -1 5 6069 6070 6135 6134
face 4 1817 1818 -1 1846 1911 6136 6071
face 4 1817 1881 -1 1910 6135 6136 1911
face 4 1817 -1 4 1845 1910 1911 1846
face 4 1817 -1 5 6070 6071 6136 6135
face 4 1818 1819 -1 1847 1912 6137 6072
face 4 1818 1882 -1 1911 6136 6137 1912
face 4 1818 -1 4 1846 1911 1912 1847
face 4 1818 -1 5 6071 6072 6137 6136
face 4 1819 1820 -1 1848 1913 6138 6073
face 4 1819 1883 -1 1912 6137 6138 1913
face 4 1819 -1 4 1847 1912 1913 1848
face 4 1819 -1 5 6072 6073 6138 6137
face 4 1820 1821 -1 1849 1914 6139 6074
face 4 1820 1884 -1 1913 6138 6139 1914
face 4 1820 -1 4 1848 1913 1914 1849
face 4 1820 -1 5 6073 6074 6139 6138
face 4 1821 1822 -1 1850 1915 6140 6075
face 4 1821 1885 -1 1914 6139 6140 1915
face 4 1821 -1 4 1849 1914 1915 1850
face 4 1821 -1 5 6074 6075 6140 6139
face 4 1822 1823 -1 1851 1916 6141 6076
face 4 1822 1886 -1 1915 6140 6141 1916
face 4 1822 -1 4 1850 1915 1916 1851
face 4 1822 -1 5 6075 6076 6141 6140
face 4 1823 1824 -1 1852 1917 6142 6077
face 4 1823 1887 -1 1916 6141 6142 1917
face 4 1823 -1 4 1851 1916 1917 1852
face 4 1823 -1 5 6076 6077 6142 6141
face 4 1824 1825 -1 1853 1918 6143 6078
face 4 1824 1888 -1 1917 6142 6143 1918
face 4 1824 -1 4 1852 1917 1918 1853
face 4 1824 -1 5 6077 6078 6143 6142
face 4 1825 1826 -1 1854 1919 6144 6079
face 4 1825 1889 -1 1918 6143 6144 1919
face 4 1825 -1 4 1853 1918 1919 1854
face 4 1825 -1 5 6078 6079 6144 6143
face 4 1826 1827 -1 1855 1920 6145 6080
face 4 1826 1890 -1 1919 6144 6145 1920
face 4 1826 -1 4 1854 1919 1920 1855
face 4 1826 -1 5 6079 6080 6145 6144
face 4 1827 1828 -1 1856 1921 6146 6081
face 4 1827 1891 -1 1920 6145 6146 1921
face 4 1827 -1 4 1855 1920 1921 1856
face 4 1827 -1 5 6080 6081 6146 6145
face 4 1828 1829 -1 1857 1922 6147 6082
face 4 1828 1892 -1 1921 6146 6147 1922
face 4 1828 -1 4 1856 1921 1922 1857
face 4 1828 -1 5 6081 6082 6147 6146
face 4 1829 1830 -1 1858 1923 6148 6083
face 4 1829 1893 -1 1922 6147 6148 1923
face 4 1829 -1 4 1857 1922 1923 1858
face 4 1829 -1 5 6082 6083 6148 6147
face 4 1830 1831 -1 1859 1924 6149 6084
face 4 1830 1894 -1 1923 6148 6149 1924
face 4 1830 -1 4 1858 1923 1924 1859
face 4 1830 -1 5 6083 6084 6149 6148
face 4 1831 1832 -1 1860 1925 6150 6085
face 4 1831 1895 -1 1924 6149 6150 1925
face 4 1831 -1 4 1859 1924 1925 1860
face 4 1831 -1 5 6084 6085 6150 6149
face 4 1832 1833 -1 1861 1926 6151 6086
face 4 1832 1896 -1 1925 6150 6151 1926
face 4 1832 -1 4 1860 1925 1926 1861
face 4 1832 -1 5 6085 6086 6151 6150
face 4 1833 1834 -1 1862 1927 6152 6087
face 4 1833 1897 -1 1926 6151 6152 1927
face 4 1833 -1 4 1861 1926 1927 1862
face 4 1833 -1 5 6086 6087 6152 6151
face 4 1834 1835 -1 1863 1928 6153 6088
face 4 1834 1898 -1 1927 6152 6153 1928
face 4 1834 -1 4 1862 1927 1928 1863
face 4 1834 -1 5 6087 6088 6153 6152
face 4 1835 1836 -1 1864 1929 6154 6089
face 4 1835 1899 -1 1928 6153 6154 1929
face 4 1835 -1 4 1863 1928 1929 1864
face 4 1835 -1 5 6088 6089 6154 6153
face 4 1836 1837 -1 1865 1930 6155 6090
face 4 1836 1900 -1 1929 6154 6155 1930
face 4 1836 -1 4 1864 1929 1930 1865
face 4 1836 -1 5 6089 6090 6155 6154
face 4 1837 1838 -1 1866 1931 6156 6091
face 4 1837 1901 -1 1930 6155 6156 1931
face 4 1837 -1 4 1865 1930 1931 1866
face 4 1837 -1 5 6090 6091 6156 6155
face 4 1838 1839 -1 1867 1932 6157 6092
face 4 1838 1902 -1 1931 6156 6157 1932
face 4 1838 -1 4 1866 1931 1932 1867
face 4 1838 -1 5 6091 6092 6157 6156
face 4 1839 1840 -1 1868 1933 6158 6093
face 4 1839 1903 -1 1932 6157 6158 1933
face 4 1839 -1 4 1867 1932 1933 1868
face 4 1839 -1 5 6092 6093 6158 6157
face 4 1840 1841 -1 1869 1934 6159 6094
face 4 1840 1904 -1 1933 6158 6159 1934
face 4 1840 -1 4 1868 1933 1934 1869
face 4 1840 -1 5 6093 6094 6159 6158
face 4 1841 1842 -1 1870 1935 6160 6095
face 4 1841 1905 -1 1934 6159 6160 1935
face 4 1841 -1 4 1869 1934 1935 1870
face 4 1841 -1 5 6094 6095 6160 6159
face 4 1842 1843 -1 1871 1936 6161 6096
face 4 1842 1906 -1 1935 6160 6161 1936
face 4 1842 -1 4 1870 1935 1936 1871
face 4 1842 -1 5 6095 6096 6161 6160
face 4 1843 1844 -1 1872 1937 6162 6097
face 4 1843 1907 -1 1936 6161 6162 1937
face 4 1843 -1 4 1871 1936 1937 1872
face 4 1843 -1 5 6096 6097 6162 6161
face 4 1844 1845 -1 1873 1938 6163 6098
face 4 1844 1908 -1 1937 6162 6163 1938
face 4 1844 -1 4 1872 1937 1938 1873
face 4 1844 -1 5 6097 6098 6163 6162
face 4 1845 1846 -1 1874 1939 6164 6099
face 4 1845 1909 -1 1938 6163 6164 1939
face 4 1845 -1 4 1873 1938 1939 1874
face 4 1845 -1 5 6098 6099 6164 6163
face 4 1846 1847 -1 1875 1940 6165 6100
face 4 1846 1910 -1 1939 6164 6165 1940
face 4 1846 -1 4 1874 1939 1940 1875
face 4 1846 -1 5 6099 6100 6165 6164
face 4 1847 1848 -1 1876 1941 6166 6101
face 4 1847 1911 -1 1940 6165 6166 1941
face 4 1847 -1 4 1875 1940 1941 1876
face 4 1847 -1 5 6100 6101 6166 6165
face 4 1848 1849 -1 1877 1942 6167 6102
face 4 1848 1912 -1 1941 6166 6167 1942
face 4 1848 -1 4 1876 1941 1942 1877
face 4 1848 -1 5 6101 6102 6167 6166
face 4 1849 1850 -1 1878 1943 6168 6103
face 4 1849 1913 -1 1942 6167 6168 1943
face 4 1849 -1 4 1877 1942 1943 1878
face 4 1849 -1 5 6102 6103 6168 6167
face 4 1850 1851 -1 1879 1944 6169 6104
face 4 1850 1914 -1 1943 6168 6169 1944
face 4 1850 -1 4 1878 1943 1944 1879
face 4 1850 -1 5 6103 6104 6169 6168
face 4 1851 1852 -1 1880 1945 6170 6105
face 4 1851 1915 -1 1944 6169 6170 1945
face 4 1851 -1 4 1879 1944 1945 1880
face 4 1851 -1 5 6104 6105 6170 6169
face 4 1852 1853 -1 1881 1946 6171 6106
face 4 1852 1916 -1 1945 6170 6171 1946
face 4 1852 -1 4 1880 1945 1946 1881
face 4 1852 -1 5 6105 6106 6171 6170
face 4 1853 1854 -1 1882 1947 6172 6107
face 4 1853 1917 -1 1946 6171 6172 1947
face 4 1853 -1 4 1881 1946 1947 1882
face 4 1853 -1 5 6106 6107 6172 6171
face 4 1854 1855 -1 1883 1948 6173 6108
face 4 1854 1918 -1 1947 6172 6173 1948
face 4 1854 -1 4 1882 1947 1948 1883
face 4 1854 -1 5 6107 6108 6173 6172
face 4 1855 -1 1 1884 1949 6174 6109
face 4 1855 1919 -1 1948 6173 6174 1949
face 4 1855 -1 4 1883 1948 1949 1884
face 4 1855 -1 5 6108 6109 6174 6173
face 4 1856 -1 0 1885 6110 6175 1950
face 4 1856 1857 -1 1886 1951 6176 6111
face 4 1856 1920 -1 1950 6175 6176 1951
face 4 1856 -1 4 1885 1950 1951 1886
face 4 1856 -1 5 6110 6111 6176 6175
face 4 1857 1858 -1 1887 1952 6177 6112
face 4 1857 1921 -1 1951 6176 6177 1952
face 4 1857 -1 4 1886 1951 1952 1887
face 4 1857 -1 5 6111 6112 6177 6176
face 4 1858 1859 -1 1888 1953 6178 6113
face 4 1858 1922 -1 1952 6177 6178 1953
face 4 1858 -1 4 1887 1952 1953 1888
face 4 1858 -1 5 6112 6113 6178 6177
face 4 1859 1860 -1 1889 1954 6179 6114
face 4 1859 1923 -1 1953 6178 6179 1954
face 4 1859 -1 4 1888 1953 1954 1889
face 4 1859 -1 5 6113 6114 6179 6178
face 4 1860 1861 -1 1890 1955 6180 6115
face 4 1860 1924 -1 1954 6179 6180 1955
face 4 1860 -1 4 1889 1954 1955 1890
face 4 1860 -1 5 6114 6115 6180 6179
face 4 1861 1862 -1 1891 1956 6181 6116
face 4 1861 1925 -1 1955 6180 6181 1956
face 4 1861 -1 4 1890 1955 1956 1891
face 4 1861 -1 5 6115 6116 6181 6180
face 4 1862 1863 -1 1892 1957 6182 6117
face 4 1862 1926 -1 1956 6181 6182 1957
face 4 1862 -1 4 1891 1956 1957 1892
face 4 1862 -1 5 6116 6117 6182 6181
face 4 1863 1864 -1 1893 1958 6183 6118
face 4 1863 1927 -1 1957 6182 6183 1958
face 4 1863 -1 4 1892 1957 1958 1893
face 4 1863 -1 5 6117 6118 6183 6182
face 4 1864 1865 -1 1894 1959 6184 6119
face 4 1864 1928 -1 1958 6183 6184 1959
face 4 1864 -1 4 1893 1958 1959 1894
face 4 1864 -1 5 6118 6119 6184 6183
face 4 1865 1866 -1 1895 1960 6185 6120
face 4 1865 1929 -1 1959 6184 6185 1960
face 4 1865 -1 4 1894 1959 1960 1895
face 4 1865 -1 5 6119 6120 6185 6184
face 4 1866 1867 -1 1896 1961 6186 6121
face 4 1866 1930 -1 1960 6185 6186 1961
face 4 1866 -1 4 1895 1960 1961 1896
face 4 1866 -1 5 6120 6121 6186 6185
face 4 1867 1868 -1 1897 1962 6187 6122
face 4 1867 1931 -1 1961 6186 6187 1962
face 4 1867 -1 4 1896 1961 1962 1897
face 4 1867 -1 5 6121 6122 6187 6186
face 4 1868 1869 -1 1898 1963 6188 6123
face 4 1868 1932 -1 1962 6187 6188 1963
face 4 1868 -1 4 1897 1962 1963 1898
face 4 1868 -1 5 6122 6123 6188 6187
face 4 1869 1870 -1 1899 1964 6189 6124
face 4 1869 1933 -1 1963 6188 6189 1964
face 4 1869 -1 4 1898 1963 1964 1899
face 4 1869 -1 5 6123 6124 6189 6188
face 4 1870 1871 -1 1900 1965 6190 6125
face 4 1870 1934 -1 1964 6189 6190 1965
face 4 1870 -1 4 1899 1964 1965 1900
face 4 1870 -1 5 6124 6125 6190 6189
face 4 1871 1872 -1 1901 1966 6191 6126
face 4 1871 1935 -1 1965 6190 6191 1966
face 4 1871 -1 4 1900 1965 1966 1901
face 4 1871 -1 5 6125 6126 6191 6190
face 4 1872 1873 -1 1902 1967 6192 6127
face 4 1872 1936 -1 1966 6191 6192 1967
face 4 1872 -1 4 1901 1966 1967 1902
face 4 1872 -1 5 6126 6127 6192 6191
face 4 1873 1874 -1 1903 1968 6193 6128
face 4 1873 1937 -1 1967 6192 6193 1968
face 4 1873 -1 4 1902 1967 1968 1903
face 4 1873 -1 5 6127 6128 6193 6192
face 4 1874 1875 -1 1904 1969 6194 6129
face 4 1874 1938 -1 1968 6193 6194 1969
face 4 1874 -1 4 1903 1968 1969 1904
face 4 1874 -1 5 6128 6129 6194 6193
face 4 1875 1876 -1 1905 1970 6195 6130
face 4 1875 1939 -1 1969 6194 6195 1970
face 4 1875 -1 4 1904 1969 1970 1905
face 4 1875 -1 5 6129 6130 6195 6194
face 4 1876 1877 -1 1906 1971 6196 6131
face 4 1876 1940 -1 1970 6195 6196 1971
face 4 1876 -1 4 1905 1970 1971 1906
face 4 1876 -1 5 6130 6131 6196 6195
face 4 1877 1878 -1 1907 1972 6197 6132
face 4 1877 1941 -1 1971 6196 6197 1972
face 4 1877 -1 4 1906 1971 1972 1907
face 4 1877 -1 5 6131 6132 6197 6196
face 4 1878 1879 -1 1908 1973 6198 6133
face 4 1878 1942 -1 1972 6197 6198 1973
face 4 1878 -1 4 1907 1972 1973 1908
face 4 1878 -1 5 6132 6133 6198 6197
face 4 1879 1880 -1 1909 1974 6199 6134
face 4 1879 1943 -1 1973 6198 6199 1974
face 4 1879 -1 4 1908 1973 1974 1909
face 4 1879 -1 5 6133 6134 6199 6198
face 4 1880 1881 -1 1910 1975 6200 6135
face 4 1880 1944 -1 1974 6199 6200 1975
face 4 1880 -1 4 1909 1974 1975 1910
face 4 1880 -1 5 6134 6135 6200 6199
face 4 1881 1882 -1 1911 1976 6201 6136
face 4 1881 1945 -1 1975 6200 6201 1976
face 4 1881 -1 4 1910 1975 1976 1911
face 4 1881 -1 5 6135 6136 6201 6200
face 4 1882 1883 -1 1912 1977 6202 6137
face 4 1882 1946 -1 1976 6201 6202 1977
face 4 1882 -1 4 1911 1976 1977 1912
face 4 1882 -1 5 6136 6137 6202 6201
face 4 1883 1884 -1 1913 1978 6203 6138
face 4 1883 1947 -1 1977 6202 6203 1978
face 4 1883 -1 4 1912 1977 1978 1913
face 4 1883 -1 5 6137 6138 6203 6202
face 4 1884 1885 -1 1914 1979 6204 6139
face 4 1884 1948 -1 1978 6203 6204 1979
face 4 1884 -1 4 1913 1978 1979 1914
face 4 1884 -1 5 6138 6139 6204 6203
face 4 1885 1886 -1 1915 1980 6205 6140
face 4 1885 1949 -1 1979 6204 6205 1980
face 4 1885 -1 4 1914 1979 1980 1915
face 4 1885 -1 5 6139 6140 6205 6204
face 4 1886 1887 -1 1916 1981 6206 6141
face 4 1886 1950 -1 1980 6205 6206 1981
face 4 1886 -1 4 1915 1980 1981 1916
face 4 1886 -1 5 6140 6141 6206 6205
face 4 1887 1888 -1 1917 1982 6207 6142
face 4 1887 1951 -1 1981 6206 6207 1982
face 4 1887 -1 4 1916 1981 1982 1917
face 4 1887 -1 5 6141 6142 6207 6206
face 4 1888 1889 -1 1918 1983 6208 6143
face 4 1888 1952 -1 1982 6207 6208 1983
face 4 1888 -1 4 1917 1982 1983 1918
face 4 1888 -1 5 6142 6143 6208 6207
face 4 1889 1890 -1 1919 1984 6209 6144
face 4 1889 1953 -1 1983 6208 6209 1984
face 4 1889 -1 4 1918 1983 1984 1919
face 4 1889 -1 5 6143 6144 6209 6208
face 4 1890 1891 -1 1920 1985 6210 6145
face 4 1890 1954 -1 1984 6209 6210 1985
face 4 1890 -1 4 1919 1984 1985 1920
face 4 1890 -1 5 6144 6145 6210 6209
face 4 1891 1892 -1 1921 1986 6211 6146
face 4 1891 1955 -1 1985 6210 6211 1986
face 4 1891 -1 4 1920 1985 1986 1921
face 4 1891 -1 5 6145 6146 6211 6210
face 4 1892 1893 -1 1922 1987 6212 6147
face 4 1892 1956 -1 1986 6211 6212 1987
face 4 1892 -1 4 1921 1986 1987 1922
face 4 1892 -1 5 6146 6147 6212 6211
face 4 1893 1894 -1 1923 1988 6213 6148
face 4 1893 1957 -1 1987 6212 6213 1988
face 4 1893 -1 4 1922 1987 1988 1923
face 4 1893 -1 5 6147 6148 6213 6212
face 4 1894 1895 -1 1924 1989 6214 6149
face 4 1894 1958 -1 1988 6213 6214 1989
face 4 1894 -1 4 1923 1988 1989 1924
face 4 1894 -1 5 6148 6149 6214 6213
face 4 1895 1896 -1 1925 1990 6215 6150
face 4 1895 1959 -1 1989 6214 6215 1990
face 4 1895 -1 4 1924 1989 1990 1925
face 4 1895 -1 5 6149 6150 6215 6214
face 4 1896 1897 -1 1926 1991 6216 6151
face 4 1896 1960 -1 1990 6215 6216 1991
face 4 1896 -1 4 1925 1990 1991 1926
face 4 1896 -1 5 6150 6151 6216 6215
face 4 1897 1898 -1 1927 1992 6217 6152
face 4 1897 1961 -1 1991 6216 6217 1992
face 4 1897 -1 4 1926 1991 1992 1927
face 4 1897 -1 5 6151 6152 6217 6216
face 4 1898 1899 -1 1928 1993 6218 6153
face 4 1898 1962 -1 1992 6217 6218 1993
face 4 1898 -1 4 1927 1992 1993 1928
face 4 1898 -1 5 6152 6153 6218 6217
face 4 1899 1900 -1 1929 1994 6219 6154
face 4 1899 1963 -1 1993 6218 6219 1994
face 4 1899 -1 4 1928 1993 1994 1929
face 4 1899 -1 5 6153 6154 6219 6218
face 4 1900 1901 -1 1930 1995 6220 6155
face 4 1900 1964 -1 1994 6219 6220 1995
face 4 1900 -1 4 1929 1994 1995 1930
face 4 1900 -1 5 6154 6155 6220 6219
face 4 1901 1902 -1 1931 1996 6221 6156
face 4 1901 1965 -1 1995 6220 6221 1996
face 4 1901 -1 4 1930 1995 1996 1931
face 4 1901 -1 5 6155 6156 6221 6220
face 4 1902 1903 -1 1932 1997 6222 6157
face 4 1902 1966 -1 1996 6221 6222 1997
face 4 1902 -1 4 1931 1996 1997 1932
face 4 1902 -1 5 6156 6157 6222 6221
face 4 1903 1904 -1 1933 1998 6223 6158
face 4 1903 1967 -1 1997 6222 6223 1998
face 4 1903 -1 4 1932 1997 1998 1933
face 4 1903 -1 5 6157 6158 6223 6222
face 4 1904 1905 -1 1934 1999 6224 6159
face 4 1904 1968 -1 1998 6223 6224 1999
face 4 1904 -1 4 1933 1998 1999 1934
face 4 1904 -1 5 6158 6159 6224 6223
face 4 1905 1906 -1 1935 2000 6225 6160
face 4 1905 1969 -1 1999 6224 6225 2000
face 4 1905 -1 4 1934 1999 2000 1935
face 4 1905 -1 5 6159 6160 6225 6224
face 4 1906 1907 -1 1936 2001 6226 6161
face 4 1906 1970 -1 2000 6225 6226 2001
face 4 1906 -1 4 1935 2000 2001 1936
face 4 1906 -1 5 6160 6161 6226 6225
face 4 1907 1908 -1 1937 2002 6227 6162
face 4 1907 1971 -1 2001 6226 6227 2002
face 4 1907 -1 4 1936 2001 2002 1937
face 4 1907 -1 5 6161 6162 6227 6226
face 4 1908 1909 -1 1938 2003 6228 6163
face 4 1908 1972 -1 2002 6227 6228 2003
face 4 1908 -1 4 1937 2002 2003 1938
face 4 1908 -1 5 6162 6163 6228 6227
face 4 1909 1910 -1 1939 2004 6229 6164
face 4 1909 1973 -1 2003 6228 6229 2004
face 4 1909 -1 4 1938 2003 2004 1939
face 4 1909 -1 5 6163 6164 6229 6228
face 4 1910 1911 -1 1940 2005 6230 6165
face 4 1910 1974 -1 2004 6229 6230 2005
face 4 1910 -1 4 1939 2004 2005 1940
face 4 1910 -1 5 6164 6165 6230 6229
face 4 1911 1912 -1 1941 2006 6231 6166
face 4 1911 1975 -1 2005 6230 6231 2006
face 4 1911 -1 4 1940 2005 2006 1941
face 4 1911 -1 5 6165 6166 6231 6230
face 4 1912 1913 -1 1942 2007 6232 6167
face 4 1912 1976 -1 2006 6231 6232 2007
face 4 1912 -1 4 1941 2006 2007 1942
face 4 1912 -1 5 6166 6167 6232 6231
face 4 1913 1914 -1 1943 2008 6233 6168
face 4 1913 1977 -1 2007 6232 6233 2008
face 4 1913 -1 4 1942 2007 2008 1943
face 4 1913 -1 5 6167 6168 6233 6232
face 4 1914 1915 -1 1944 2009 6234 6169
face 4 1914 1978 -1 2008 6233 6234 2009
face 4 1914 -1 4 1943 2008 2009 1944
face 4 1914 -1 5 6168 6169 6234 6233
face 4 1915 1916 -1 1945 2010 6235 6170
face 4 1915 1979 -1 2009 6234 6235 2010
face 4 1915 -1 4 1944 2009 2010 1945
face 4 1915 -1 5 6169 6170 6235 6234
face 4 1916 1917 -1 1946 2011 6236 6171
face 4 1916 1980 -1 2010 6235 6236 2011
face 4 1916 -1 4 1945 2010 2011 1946
face 4 1916 -1 5 6170 6171 6236 6235
face 4 1917 1918 -1 1947 2012 6237 6172
face 4 1917 1981 -1 2011 6236 6237 2012
face 4 1917 -1 4 1946 2011 2012 1947
face 4 1917 -1 5 6171 6172 6237 6236
face 4 1918 1919 -1 1948 2013 6238 6173
face 4 1918 1982 -1 2012 6237 6238 2013
face 4 1918 -1 4 1947 2012 2013 1948
face 4 1918 -1 5 6172 6173 6238 6237
face 4 1919 -1 1 1949 2014 6239 6174
face 4 1919 1983 -1 2013 6238 6239 2014
face 4 1919 -1 4 1948 2013 2014 1949
face 4 1919 -1 5 6173 6174 6239 6238
face 4 1920 -1 0 1950 6175 6240 2015
face 4 1920 1921 -1 1951 2016 6241 6176
face 4 1920 1984 -1 2015 6240 6241 2016
face 4 1920 -1 4 1950 2015 2016 1951
face 4 1920 -1 5 6175 6176 6241 6240
face 4 1921 1922 -1 1952 2017 6242 6177
face 4 1921 1985 -1 2016 6241 6242 2017
face 4 1921 -1 4 1951 2016 2017 1952
face 4 1921 -1 5 6176 6177 6242 6241
face 4 1922 1923 -1 1953 2018 6243 6178
face 4 1922 1986 -1 2017 6242 6243 2018
face 4 1922 -1 4 1952 2017 2018 1953
face 4 1922 -1 5 6177 6178 6243 6242
face 4 1923 1924 -1 1954 2019 6244 6179
face 4 1923 1987 -1 2018 6243 6244 2019
face 4 1923 -1 4 1953 2018 2019 1954
face 4 1923 -1 5 6178 6179 6244 6243
face 4 1924 1925 -1 1955 2020 6245 6180
face 4 1924 1988 -1 2019 6244 6245 2020
face 4 1924 -1 4 1954 2019 2020 1955
face 4 1924 -1 5 6179 6180 6245 6244
face 4 1925 1926 -1 1956 2021 6246 6181
face 4 1925 1989 -1 2020 6245 6246 2021
face 4 1925 -1 4 1955 2020 2021 1956
face 4 1925 -1 5 6180 6181 6246 6245
face 4 1926 1927 -1 1957 2022 6247 6182
face 4 1926 1990 -1 2021 6246 6247 2022
face 4 1926 -1 4 1956 2021 2022 1957
face 4 1926 -1 5 6181 6182 6247 6246
face 4 1927 1928 -1 1958 2023 6248 6183
face 4 1927 1991 -1 2022 6247 6248 2023
face 4 1927 -1 4 1957 2022 2023 1958
face 4 1927 -1 5 6182 6183 6248 6247
face 4 1928 1929 -1 1959 2024 6249 6184
face 4 1928 1992 -1 2023 6248 6249 2024
face 4 1928 -1 4 1958 2023 2024 1959
face 4 1928 -1 5 6183 6184 6249 6248
face 4 1929 1930 -1 1960 2025 6250 6185
face 4 1929 1993 -1 2024 6249 6250 2025
face 4 1929 -1 4 1959 2024 2025 1960
face 4 1929 -1 5 6184 6185 6250 6249
face 4 1930 1931 -1 1961 2026 6251 6186
face 4 1930 1994 -1 2025 6250 6251 2026
face 4 1930 -1 4 1960 2025 2026 1961
face 4 1930 -1 5 6185 6186 6251 6250
face 4 1931 1932 -1 1962 2027 6252 6187
face 4 1931 1995 -1 2026 6251 6252 2027
face 4 1931 -1 4 1961 2026 2027 1962
face 4 1931 -1 5 6186 6187 6252 6251
face 4 1932 1933 -1 1963 2028 6253 6188
face 4 1932 1996 -1 2027 6252 6253 2028
face 4 1932 -1 4 1962 2027 2028 1963
face 4 1932 -1 5 6187 6188 6253 6252
face 4 1933 1934 -1 1964 2029 6254 6189
face 4 1933 1997 -1 2028 6253 6254 2029
face 4 1933 -1 4 1963 2028 2029 1964
face 4 1933 -1 5 6188 6189 6254 6253
face 4 1934 1935 -1 1965 2030 6255 6190
face 4 1934 1998 -1 2029 6254 6255 2030
face 4 1934 -1 4 1964 2029 2030 1965
face 4 1934 -1 5 6189 6190 6255 6254
face 4 1935 1936 -1 1966 2031 6256 6191
face 4 1935 1999 -1 2030 6255 6256 2031
face 4 1935 -1 4 1965 2030 2031 1966
face 4 1935 -1 5 6190 6191 6256 6255
face 4 1936 1937 -1 1967 2032 6257 6192
face 4 1936 2000 -1 2031 6256 6257 2032
face 4 1936 -1 4 1966 2031 2032 1967
face 4 1936 -1 5 6191 6192 6257 6256
face 4 1937 1938 -1 1968 2033 6258 6193
face 4 1937 2001 -1 2032 6257 6258 2033
face 4 1937 -1 4 1967 2032 2033 1968
face 4 1937 -1 5 6192 6193 6258 6257
face 4 1938 1939 -1 1969 2034 6259 6194
face 4 1938 2002 -1 2033 6258 6259 2034
face 4 1938 -1 4 1968 2033 2034 1969
face 4 1938 -1 5 6193 6194 6259 6258
face 4 1939 1940 -1 1970 2035 6260 6195
face 4 1939 2003 -1 2034 6259 6260 2035
face 4 1939 -1 4 1969 2034 2035 1970
face 4 1939 -1 5 6194 6195 6260 6259
face 4 1940 1941 -1 1971 2036 6261 6196
face 4 1940 2004 -1 2035 6260 6261 2036
face 4 1940 -1 4 1970 2035 2036 1971
face 4 1940 -1 5 6195 6196 6261 6260
face 4 1941 1942 -1 1972 2037 6262 6197
face 4 1941 2005 -1 2036 6261 6262 2037
face 4 1941 -1 4 1971 2036 2037 1972
face 4 1941 -1 5 6196 6197 6262 6261
face 4 1942 1943 -1 1973 2038 6263 6198
face 4 1942 2006 -1 2037 6262 6263 2038
face 4 1942 -1 4 1972 2037 2038 1973
face 4 1942 -1 5 6197 6198 6263 6262
face 4 1943 1944 -1 1974 2039 6264 6199
face 4 1943 2007 -1 2038 6263 6264 2039
face 4 1943 -1 4 1973 2038 2039 1974
face 4 1943 -1 5 6198 6199 6264 6263
face 4 1944 1945 -1 1975 2040 6265 6200
face 4 1944 2008 -1 2039 6264 6265 2040
face 4 1944 -1 4 1974 2039 2040 1975
face 4 1944 -1 5 6199 6200 6265 6264
face 4 1945 1946 -1 1976 2041 6266 6201
face 4 1945 2009 -1 2040 6265 6266 2041
face 4 1945 -1 4 1975 2040 2041 1976
face 4 1945 -1 5 6200 6201 6266 6265
face 4 1946 1947 -1 1977 2042 6267 6202
face 4 1946 2010 -1 2041 6266 6267 2042
face 4 1946 -1 4 1976 2041 2042 1977
face 4 1946 -1 5 6201 6202 6267 6266
face 4 1947 1948 -1 1978 2043 6268 6203
face 4 1947 2011 -1 2042 6267 6268 2043
face 4 1947 -1 4 1977 2042 2043 1978
face 4 1947 -1 5 6202 6203 6268 6267
face 4 1948 1949 -1 1979 2044 6269 6204
face 4 1948 2012 -1 2043 6268 6269 2044
face 4 1948 -1 4 1978 2043 2044 1979
face 4 1948 -1 5 6203 6204 6269 6268
face 4 1949 1950 -1 1980 2045 6270 6205
face 4 1949 2013 -1 2044 6269 6270 2045
face 4 1949 -1 4 1979 2044 2045 1980
face 4 1949 -1 5 6204 6205 6270 6269
face 4 1950 1951 -1 1981 2046 6271 6206
face 4 1950 2014 -1 2045 6270 6271 2046
face 4 1950 -1 4 1980 2045 2046 1981
face 4 1950 -1 5 6205 6206 6271 6270
face 4 1951 1952 -1 1982 2047 6272 6207
face 4 1951 2015 -1 2046 6271 6272 2047
face 4 1951 -1 4 1981 2046 2047 1982
face 4 1951 -1 5 6206 6207 6272 6271
face 4 1952 1953 -1 1983 2048 6273 6208
face 4 1952 2016 -1 2047 6272 6273 2048
face 4 1952 -1 4 1982 2047 2048 1983
face 4 1952 -1 5 6207 6208 6273 6272
face 4 1953 1954 -1 1984 2049 6274 6209
face 4 1953 2017 -1 2048 6273 6274 2049
face 4 1953 -1 4 1983 2048 2049 1984
face 4 1953 -1 5 6208 6209 6274 6273
face 4 1954 1955 -1 1985 2050 6275 6210
face 4 1954 2018 -1 2049 6274 6275 2050
face 4 1954 -1 4 1984 2049 2050 1985
face 4 1954 -1 5 6209 6210 6275 6274
face 4 1955 1956 -1 1986 2051 6276 6211
face 4 1955 2019 -1 2050 6275 6276 2051
face 4 1955 -1 4 1985 2050 2051 1986
face 4 1955 -1 5 6210 6211 6276 6275
face 4 1956 1957 -1 1987 2052 6277 6212
face 4 1956 2020 -1 2051 6276 6277 2052
face 4 1956 -1 4 1986 2051 2052 1987
face 4 1956 -1 5 6211 6212 6277 6276
face 4 1957 1958 -1 1988 2053 6278 6213
face 4 1957 2021 -1 2052 6277 6278 2053
face 4 1957 -1 4 1987 2052 2053 1988
face 4 1957 -1 5 6212 6213 6278 6277
face 4 1958 1959 -1 1989 2054 6279 6214
face 4 1958 2022 -1 2053 6278 6279 2054
face 4 1958 -1 4 1988 2053 2054 1989
face 4 1958 -1 5 6213 6214 6279 6278
face 4 1959 1960 -1 1990 2055 6280 6215
face 4 1959 2023 -1 2054 6279 6280 2055
face 4 1959 -1 4 1989 2054 2055 1990
face 4 1959 -1 5 6214 6215 6280 6279
face 4 1960 1961 -1 1991 2056 6281 6216
face 4 1960 2024 -1 2055 6280 6281 2056
face 4 1960 -1 4 1990 2055 2056 1991
face 4 1960 -1 5 6215 6216 6281 6280
face 4 1961 1962 -1 1992 2057 6282 6217
face 4 1961 2025 -1 2056 6281 6282 2057
face 4 1961 -1 4 1991 2056 2057 1992
face 4 1961 -1 5 6216 6217 6282 6281
face 4 1962 1963 -1 1993 2058 6283 6218
face 4 1962 2026 -1 2057 6282 6283 2058
face 4 1962 -1 4 1992 2057 2058 1993
face 4 1962 -1 5 6217 6218 6283 6282
face 4 1963 1964 -1 1994 2059 6284 6219
face 4 1963 2027 -1 2058 6283 6284 2059
face 4 1963 -1 4 1993 2058 2059 1994
face 4 1963 -1 5 6218 6219 6284 6283
face 4 1964 1965 -1 1995 2060 6285 6220
face 4 1964 2028 -1 2059 6284 6285 2060
face 4 1964 -1 4 1994 2059 2060 1995
face 4 1964 -1 5 6219 6220 6285 6284
face 4 1965 1966 -1 1996 2061 6286 6221
face 4 1965 2029 -1 2060 6285 6286 2061
face 4 1965 -1 4 1995 2060 2061 1996
face 4 1965 -1 5 6220 6221 6286 6285
face 4 1966 1967 -1 1997 2062 6287 6222
face 4 1966 2030 -1 2061 6286 6287 2062
face 4 1966 -1 4 1996 2061 2062 1997
face 4 1966 -1 5 6221 6222 6287 6286
face 4 1967 1968 -1 1998 2063 6288 6223
face 4 1967 2031 -1 2062 6287 6288 2063
face 4 1967 -1 4 1997 2062 2063 1998
face 4 1967 -1 5 6222 6223 6288 6287
face 4 1968 1969 -1 1999 2064 6289 6224
face 4 1968 2032 -1 2063 6288 6289 2064
face 4 1968 -1 4 1998 2063 2064 1999
face 4 1968 -1 5 6223 6224 6289 6288
face 4 1969 1970 -1 2000 2065 6290 6225
face 4 1969 2033 -1 2064 6289 6290 2065
face 4 1969 -1 4 1999 2064 2065 2000
face 4 1969 -1 5 6224 6225 6290 6289
face 4 1970 1971 -1 2001 2066 6291 6226
face 4 1970 2034 -1 2065 6290 6291 2066
face 4 1970 -1 4 2000 2065 2066 2001
face 4 1970 -1 5 6225 6226 6291 6290
face 4 1971 1972 -1 2002 2067 6292 6227
face 4 1971 2035 -1 2066 6291 6292 2067
face 4 1971 -1 4 2001 2066 2067 2002
face 4 1971 -1 5 6226 6227 6292 6291
face 4 1972 1973 -1 2003 2068 6293 6228
face 4 1972 2036 -1 2067 6292 6293 2068
face 4 1972 -1 4 2002 2067 2068 2003
face 4 1972 -1 5 6227 6228 6293 6292
face 4 1973 1974 -1 2004 2069 6294 6229
face 4 1973 2037 -1 2068 6293 6294 2069
face 4 1973 -1 4 2003 2068 2069 2004
face 4 1973 -1 5 6228 6229 6294 6293
face 4 1974 1975 -1 2005 2070 6295 6230
face 4 1974 2038 -1 2069 6294 6295 2070
face 4 1974 -1 4 2004 2069 2070 2005
face 4 1974 -1 5 6229 6230 6295 6294
face 4 1975 1976 -1 2006 2071 6296 6231
face 4 1975 2039 -1 2070 6295 6296 2071
face 4 1975 -1 4 2005 2070 2071 2006
face 4 1975 -1 5 6230 6231 6296 6295
face 4 1976 1977 -1 2007 2072 6297 6232
face 4 1976 2040 -1 2071 6296 6297 2072
face 4 1976 -1 4 2006 2071 2072 2007
face 4 1976 -1 5 6231 6232 6297 6296
face 4 1977 1978 -1 2008 2073 6298 6233
face 4 1977 2041 -1 2072 6297 6298 2073
face 4 1977 -1 4 2007 2072 2073 2008
face 4 1977 -1 5 6232 6233 6298 6297
face 4 1978 1979 -1 2009 2074 6299 6234
face 4 1978 2042 -1 2073 6298 6299 2074
face 4 1978 -1 4 2008 2073 2074 2009
face 4 1978 -1 5 6233 6234 6299 6298
face 4 1979 1980 -1 2010 2075 6300 6235
face 4 1979 2043 -1 2074 6299 6300 2075
face 4 1979 -1 4 2009 2074 2075 2010
face 4 1979 -1 5 6234 6235 6300 6299
face 4 1980 1981 -1 2011 2076 6301 6236
face 4 1980 2044 -1 2075 6300 6301 2076
face 4 1980 -1 4 2010 2075 2076 2011
face 4 1980 -1 5 6235 6236 6301 6300
face 4 1981 1982 -1 2012 2077 6302 6237
face 4 1981 2045 -1 2076 6301 6302 2077
face 4 1981 -1 4 2011 2076 2077 2012
face 4 1981 -1 5 6236 6237 6302 6301
face 4 1982 1983 -1 2013 2078 6303 6238
face 4 1982 2046 -1 2077 6302 6303 2078
face 4 1982 -1 4 2012 2077 2078 2013
face 4 1982 -1 5 6237 6238 6303 6302
face 4 1983 -1 1 2014 2079 6304 6239
face 4 1983 2047 -1 2078 6303 6304 2079
face 4 1983 -1 4 2013 2078 2079 2014
face 4 1983 -1 5 6238 6239 6304 6303
face 4 1984 -1 0 2015 6240 6305 2080
face 4 1984 1985 -1 2016 2081 6306 6241
face 4 1984 2048 -1 2080 6305 6306 2081
face 4 1984 -1 4 2015 2080 2081 2016
face 4 1984 -1 5 6240 6241 6306 6305
face 4 1985 1986 -1 2017 2082 6307 6242
face 4 1985 2049 -1 2081 6306 6307 2082
face 4 1985 -1 4 2016 2081 2082 2017
face 4 1985 -1 5 6241 6242 6307 6306
face 4 1986 1987 -1 2018 2083 6308 6243
face 4 1986 2050 -1 2082 6307 6308 2083
face 4 1986 -1 4 2017 2082 2083 2018
face 4 1986 -1 5 6242 6243 6308 6307
face 4 1987 1988 -1 2019 2084 6309 6244
face 4 1987 2051 -1 2083 6308 6309 2084
face 4 1987 -1 4 2018 2083 2084 2019
face 4 1987 -1 5 6243 6244 6309 6308
face 4 1988 1989 -1 2020 2085 6310 6245
face 4 1988 2052 -1 2084 6309 6310 2085
face 4 1988 -1 4 2019 2084 2085 2020
face 4 1988 -1 5 6244 6245 6310 6309
face 4 1989 1990 -1 2021 2086 6311 6246
face 4 1989 2053 -1 2085 6310 6311 2086
face 4 1989 -1 4 2020 2085 2086 2021
face 4 1989 -1 5 6245 6246 6311 6310
face 4 1990 1991 -1 2022 2087 6312 6247
face 4 1990 2054 -1 2086 6311 6312 2087
face 4 1990 -1 4 2021 2086 2087 2022
face 4 1990 -1 5 6246 6247 6312 6311
face 4 1991 1992 -1 2023 2088 6313 6248
face 4 1991 2055 -1 2087 6312 6313 2088
face 4 1991 -1 4 2022 2087 2088 2023
face 4 1991 -1 5 6247 6248 6313 6312
face 4 1992 1993 -1 2024 2089 6314 6249
face 4 1992 2056 -1 2088 6313 6314 2089
face 4 1992 -1 4 2023 2088 2089 2024
face 4 1992 -1 5 6248 6249 6314 6313
face 4 1993 1994 -1 2025 2090 6315 6250
face 4 1993 2057 -1 2089 6314 6315 2090
face 4 1993 -1 4 2024 2089 2090 2025
face 4 1993 -1 5 6249 6250 6315 6314
face 4 1994 1995 -1 2026 2091 6316 6251
face 4 1994 2058 -1 2090 6315 6316 2091
face 4 1994 -1 4 2025 2090 2091 2026
face 4 1994 -1 5 6250 6251 6316 6315
face 4 1995 1996 -1 2027 2092 6317 6252
face 4 1995 2059 -1 2091 6316 6317 2092
face 4 1995 -1 4 2026 2091 2092 2027
face 4 1995 -1 5 6251 6252 6317 6316
face 4 1996 1997 -1 2028 2093 6318 6253
face 4 1996 2060 -1 2092 6317 6318 2093
face 4 1996 -1 4 2027 2092 2093 2028
face 4 1996 -1 5 6252 6253 6318 6317
face 4 1997 1998 -1 2029 2094 6319 6254
face 4 1997 2061 -1 2093 6318 6319 2094
face 4 1997 -1 4 2028 2093 2094 2029
face 4 1997 -1 5 6253 6254 6319 6318
face 4 1998 1999 -1 2030 2095 6320 6255
face 4 1998 2062 -1 2094 6319 6320 2095
face 4 1998 -1 4 2029 2094 2095 2030
face 4 1998 -1 5 6254 6255 6320 6319
face 4 1999 2000 -1 2031 2096 6321 6256
face 4 1999 2063 -1 2095 6320 6321 2096
face 4 1999 -1 4 2030 2095 2096 2031
face 4 1999 -1 5 6255 6256 6321 6320
face 4 2000 2001 -1 2032 2097 6322 6257
face 4 2000 2064 -1 2096 6321 6322 2097
face 4 2000 -1 4 2031 2096 2097 2032
face 4 2000 -1 5 6256 6257 6322 6321
face 4 2001 2002 -1 2033 2098 6323 6258
face 4 2001 2065 -1 2097 6322 6323 2098
face 4 2001 -1 4 2032 2097 2098 2033
face 4 2001 -1 5 6257 6258 6323 6322
face 4 2002 2003 -1 2034 2099 6324 6259
face 4 2002 2066 -1 2098 6323 6324 2099
face 4 2002 -1 4 2033 2098 2099 2034
face 4 2002 -1 5 6258 6259 6324 6323
face 4 2003 2004 -1 2035 2100 6325 6260
face 4 2003 2067 -1 2099 6324 6325 2100
face 4 2003 -1 4 2034 2099 2100 2035
face 4 2003 -1 5 6259 6260 6325 6324
face 4 2004 2005 -1 2036 2101 6326 6261
face 4 2004 2068 -1 2100 6325 6326 2101
face 4 2004 -1 4 2035 2100 2101 2036
face 4 2004 -1 5 6260 6261 6326 6325
face 4 2005 2006 -1 2037 2102 6327 6262
face 4 2005 2069 -1 2101 6326 6327 2102
face 4 2005 -1 4 2036 2101 2102 2037
face 4 2005 -1 5 6261 6262 6327 6326
face 4 2006 2007 -1 2038 2103 6328 6263
face 4 2006 2070 -1 2102 6327 6328 2103
face 4 2006 -1 4 2037 2102 2103 2038
face 4 2006 -1 5 6262 6263 6328 6327
face 4 2007 2008 -1 2039 2104 6329 6264
face 4 2007 2071 -1 2103 6328 6329 2104
face 4 2007 -1 4 2038 2103 2104 2039
face 4 2007 -1 5 6263 6264 6329 6328
face 4 2008 2009 -1 2040 2105 6330 6265
face 4 2008 2072 -1 2104 6329 6330 2105
face 4 2008 -1 4 2039 2104 2105 2040
face 4 2008 -1 5 6264 6265 6330 6329
face 4 2009 2010 -1 2041 2106 6331 6266
face 4 2009 2073 -1 2105 6330 6331 2106
face 4 2009 -1 4 2040 2105 2106 2041
face 4 2009 -1 5 6265 6266 6331 6330
face 4 2010 2011 -1 2042 2107 6332 6267
face 4 2010 2074 -1 2106 6331 6332 2107
face 4 2010 -1 4 2041 2106 2107 2042
face 4 2010 -1 5 6266 6267 6332 6331
face 4 2011 2012 -1 2043 2108 6333 6268
face 4 2011 2075 -1 2107 6332 6333 2108
face 4 2011 -1 4 2042 2107 2108 2043
face 4 2011 -1 5 6267 6268 6333 6332
face 4 2012 2013 -1 2044 2109 6334 6269
face 4 2012 2076 -1 2108 6333 6334 2109
face 4 2012 -1 4 2043 2108 2109 2044
face 4 2012 -1 5 6268 6269 6334 6333
face 4 2013 2014 -1 2045 2110 6335 6270
face 4 2013 2077 -1 2109 6334 6335 2110
face 4 2013 -1 4 2044 2109 2110 2045
face 4 2013 -1 5 6269 6270 6335 6334
face 4 2014 2015 -1 2046 2111 6336 6271
face 4 2014 2078 -1 2110 6335 6336 2111
face 4 2014 -1 4 2045 2110 2111 2046
face 4 2014 -1 5 6270 6271 6336 6335
face 4 2015 2016 -1 2047 2112 6337 6272
face 4 2015 2079 -1 2111 6336 6337 2112
face 4 2015 -1 4 2046 2111 2112 2047
face 4 2015 -1 5 6271 6272 6337 6336
face 4 2016 2017 -1 2048 2113 6338 6273
face 4 2016 2080 -1 2112 6337 6338 2113
face 4 2016 -1 4 2047 2112 2113 2048
face 4 2016 -1 5 6272 6273 6338 6337
face 4 2017 2018 -1 2049 2114 6339 6274
face 4 2017 2081 -1 2113 6338 6339 2114
face 4 2017 -1 4 2048 2113 2114 2049
face 4 2017 -1 5 6273 6274 6339 6338
face 4 2018 2019 -1 2050 2115 6340 6275
face 4 2018 2082 -1 2114 6339 6340 2115
face 4 2018 -1 4 2049 2114 2115 2050
face 4 2018 -1 5 6274 6275 6340 6339
face 4 2019 2020 -1 2051 2116 6341 6276
face 4 2019 2083 -1 2115 6340 6341 2116
face 4 2019 -1 4 2050 2115 2116 2051
face 4 2019 -1 5 6275 6276 6341 6340
face 4 2020 2021 -1 2052 2117 6342 6277
face 4 2020 2084 -1 2116 6341 6342 2117
face 4 2020 -1 4 2051 2116 2117 2052
face 4 2020 -1 5 6276 6277 6342 6341
face 4 2021 2022 -1 2053 2118 6343 6278
face 4 2021 2085 -1 2117 6342 6343 2118
face 4 2021 -1 4 2052 2117 2118 2053
face 4 2021 -1 5 6277 6278 6343 6342
face 4 2022 2023 -1 2054 2119 6344 6279
face 4 2022 2086 -1 2118 6343 6344 2119
face 4 2022 -1 4 2053 2118 2119 2054
face 4 2022 -1 5 6278 6279 6344 6343
face 4 2023 2024 -1 2055 2120 6345 6280
face 4 2023 2087 -1 2119 6344 6345 2120
face 4 2023 -1 4 2054 2119 2120 2055
face 4 2023 -1 5 6279 6280 6345 6344
face 4 2024 2025 -1 2056 2121 6346 6281
face 4 2024 2088 -1 2120 6345 6346 2121
face 4 2024 -1 4 2055 2120 2121 2056
face 4 2024 -1 5 6280 6281 6346 6345
face 4 2025 2026 -1 2057 2122 6347 6282
face 4 2025 2089 -1 2121 6346 6347 2122
face 4 2025 -1 4 2056 2121 2122 2057
face 4 2025 -1 5 6281 6282 6347 6346
face 4 2026 2027 -1 2058 2123 6348 6283
face 4 2026 2090 -1 2122 6347 6348 2123
face 4 2026 -1 4 2057 2122 2123 2058
face 4 2026 -1 5 6282 6283 6348 6347
face 4 2027 2028 -1 2059 2124 6349 6284
face 4 2027 2091 -1 2123 6348 6349 2124
face 4 2027 -1 4 2058 2123 2124 2059
face 4 2027 -1 5 6283 6284 6349 6348
face 4 2028 2029 -1 2060 2125 6350 6285
face 4 2028 2092 -1 2124 6349 6350 2125
face 4 2028 -1 4 2059 2124 2125 2060
face 4 2028 -1 5 6284 6285 6350 6349
face 4 2029 2030 -1 2061 2126 6351 6286
face 4 2029 2093 -1 2125 6350 6351 2126
face 4 2029 -1 4 2060 2125 2126 2061
face 4 2029 -1 5 6285 6286 6351 6350
face 4 2030 2031 -1 2062 2127 6352 6287
face 4 2030 2094 -1 2126 6351 6352 2127
face 4 2030 -1 4 2061 2126 2127 2062
face 4 2030 -1 5 6286 6287 6352 6351
face 4 2031 2032 -1 2063 2128 6353 6288
face 4 2031 2095 -1 2127 6352 6353 2128
face 4 2031 -1 4 2062 2127 2128 2063
face 4 2031 -1 5 6287 6288 6353 6352
face 4 2032 2033 -1 2064 2129 6354 6289
face 4 2032 2096 -1 2128 6353 6354 2129
face 4 2032 -1 4 2063 2128 2129 2064
face 4 2032 -1 5 6288 6289 6354 6353
face 4 2033 2034 -1 2065 2130 6355 6290
face 4 2033 2097 -1 2129 6354 6355 2130
face 4 2033 -1 4 2064 2129 2130 2065
face 4 2033 -1 5 6289 6290 6355 6354
face 4 2034 2035 -1 2066 2131 6356 6291
face 4 2034 2098 -1 2130 6355 6356 2131
face 4 2034 -1 4 2065 2130 2131 2066
face 4 2034 -1 5 6290 6291 6356 6355
face 4 2035 2036 -1 2067 2132 6357 6292
face 4 2035 2099 -1 2131 6356 6357 2132
face 4 2035 -1 4 2066 2131 2132 2067
face 4 2035 -1 5 6291 6292 6357 6356
face 4 2036 2037 -1 2068 2133 6358 6293
face 4 2036 2100 -1 2132 6357 6358 2133
face 4 2036 -1 4 2067 2132 2133 2068
face 4 2036 -1 5 6292 6293 6358 6357
face 4 2037 2038 -1 2069 2134 6359 6294
face 4 2037 2101 -1 2133 6358 6359 2134
face 4 2037 -1 4 2068 2133 2134 2069
face 4 2037 -1 5 6293 6294 6359 6358
face 4 2038 2039 -1 2070 2135 6360 6295
face 4 2038 2102 -1 2134 6359 6360 2135
face 4 2038 -1 4 2069 2134 2135 2070
face 4 2038 -1 5 6294 6295 6360 6359
face 4 2039 2040 -1 2071 2136 6361 6296
face 4 2039 2103 -1 2135 6360 6361 2136
face 4 2039 -1 4 2070 2135 2136 2071
face 4 2039 -1 5 6295 6296 6361 6360
face 4 2040 2041 -1 2072 2137 6362 6297
face 4 2040 2104 -1 2136 6361 6362 2137
face 4 2040 -1 4 2071 2136 2137 2072
face 4 2040 -1 5 6296 6297 6362 6361
face 4 2041 2042 -1 2073 2138 6363 6298
face 4 2041 2105 -1 2137 6362 6363 2138
face 4 2041 -1 4 2072 2137 2138 2073
face 4 2041 -1 5 6297 6298 6363 6362
face 4 2042 2043 -1 2074 2139 6364 6299
face 4 2042 2106 -1 2138 6363 6364 2139
face 4 2042 -1 4 2073 2138 2139 2074
face 4 2042 -1 5 6298 6299 6364 6363
face 4 2043 2044 -1 2075 2140 6365 6300
face 4 2043 2107 -1 2139 6364 6365 2140
face 4 2043 -1 4 2074 2139 2140 2075
face 4 2043 -1 5 6299 6300 6365 6364
face 4 2044 2045 -1 2076 2141 6366 6301
face 4 2044 2108 -1 2140 6365 6366 2141
face 4 2044 -1 4 2075 2140 2141 2076
face 4 2044 -1 5 6300 6301 6366 6365
face 4 2045 2046 -1 2077 2142 6367 6302
face 4 2045 2109 -1 2141 6366 6367 2142
face 4 2045 -1 4 2076 2141 2142 2077
face 4 2045 -1 5 6301 6302 6367 6366
face 4 2046 2047 -1 2078 2143 6368 6303
face 4 2046 2110 -1 2142 6367 6368 2143
face 4 2046 -1 4 2077 2142 2143 2078
face 4 2046 -1 5 6302 6303 6368 6367
face 4 2047 -1 1 2079 2144 6369 6304
face 4 2047 2111 -1 2143 6368 6369 2144
face 4 2047 -1 4 2078 2143 2144 2079
face 4 2047 -1 5 6303 6304 6369 6368
face 4 2048 -1 0 2080 6305 6370 2145
face 4 2048 2049 -1 2081 2146 6371 6306
face 4 2048 2112 -1 2145 6370 6371 2146
face 4 2048 -1 4 2080 2145 2146 2081
face 4 2048 -1 5 6305 6306 6371 6370
face 4 2049 2050 -1 2082 2147 6372 6307
face 4 2049 2113 -1 2146 6371 6372 2147
face 4 2049 -1 4 2081 2146 2147 2082
face 4 2049 -1 5 6306 6307 6372 6371
face 4 2050 2051 -1 2083 2148 6373 6308
face 4 2050 2114 -1 2147 6372 6373 2148
face 4 2050 -1 4 2082 2147 2148 2083
face 4 2050 -1 5 6307 6308 6373 6372
face 4 2051 2052 -1 2084 2149 6374 6309
face 4 2051 2115 -1 2148 6373 6374 2149
face 4 2051 -1 4 2083 2148 2149 2084
face 4 2051 -1 5 6308 6309 6374 6373
face 4 2052 2053 -1 2085 2150 6375 6310
face 4 2052 2116 -1 2149 6374 6375 2150
face 4 2052 -1 4 2084 2149 2150 2085
face 4 2052 -1 5 6309 6310 6375 6374
face 4 2053 2054 -1 2086 2151 6376 6311
face 4 2053 2117 -1 2150 6375 6376 2151
face 4 2053 -1 4 2085 2150 2151 2086
face 4 2053 -1 5 6310 6311 6376 6375
face 4 2054 2055 -1 2087 2152 6377 6312
face 4 2054 2118 -1 2151 6376 6377 2152
face 4 2054 -1 4 2086 2151 2152 2087
face 4 2054 -1 5 6311 6312 6377 6376
face 4 2055 2056 -1 2088 2153 6378 6313
face 4 2055 2119 -1 2152 6377 6378 2153
face 4 2055 -1 4 2087 2152 2153 2088
face 4 2055 -1 5 6312 6313 6378 6377
face 4 2056 2057 -1 2089 2154 6379 6314
face 4 2056 2120 -1 2153 6378 6379 2154
face 4 2056 -1 4 2088 2153 2154 2089
face 4 2056 -1 5 6313 6314 6379 6378
face 4 2057 2058 -1 2090 2155 6380 6315
face 4 2057 2121 -1 2154 6379 6380 2155
face 4 2057 -1 4 2089 2154 2155 2090
face 4 2057 -1 5 6314 6315 6380 6379
face 4 2058 2059 -1 2091 2156 6381 6316
face 4 2058 2122 -1 2155 6380 6381 2156
face 4 2058 -1 4 2090 2155 2156 2091
face 4 2058 -1 5 6315 6316 6381 6380
face 4 2059 2060 -1 2092 2157 6382 6317
face 4 2059 2123 -1 2156 6381 6382 2157
face 4 2059 -1 4 2091 2156 2157 2092
face 4 2059 -1 5 6316 6317 6382 6381
face 4 2060 2061 -1 2093 2158 6383 6318
face 4 2060 2124 -1 2157 6382 6383 2158
face 4 2060 -1 4 2092 2157 2158 2093
face 4 2060 -1 5 6317 6318 6383 6382
face 4 2061 2062 -1 2094 2159 6384 6319
face 4 2061 2125 -1 2158 6383 6384 2159
face 4 2061 -1 4 2093 2158 2159 2094
face 4 2061 -1 5 6318 6319 6384 6383
face 4 2062 2063 -1 2095 2160 6385 6320
face 4 2062 2126 -1 2159 6384 6385 2160
face 4 2062 -1 4 2094 2159 2160 2095
face 4 2062 -1 5 6319 6320 6385 6384
face 4 2063 2064 -1 2096 2161 6386 6321
face 4 2063 2127 -1 2160 6385 6386 2161
face 4 2063 -1 4 2095 2160 2161 2096
face 4 2063 -1 5 6320 6321 6386 6385
face 4 2064 2065 -1 2097 2162 6387 6322
face 4 2064 2128 -1 2161 6386 6387 2162
face 4 2064 -1 4 2096 2161 2162 2097
face 4 2064 -1 5 6321 6322 6387 6386
face 4 2065 2066 -1 2098 2163 6388 6323
face 4 2065 2129 -1 2162 6387 6388 2163
face 4 2065 -1 4 2097 2162 2163 2098
face 4 2065 -1 5 6322 6323 6388 6387
face 4 2066 2067 -1 2099 2164 6389 6324
face 4 2066 2130 -1 2163 6388 6389 2164
face 4 2066 -1 4 2098 2163 2164 2099
face 4 2066 -1 5 6323 6324 6389 6388
face 4 2067 2068 -1 2100 2165 6390 6325
face 4 2067 2131 -1 2164 6389 6390 2165
face 4 2067 -1 4 2099 2164 2165 2100
face 4 2067 -1 5 6324 6325 6390 6389
face 4 2068 2069 -1 2101 2166 6391 6326
face 4 2068 2132 -1 2165 6390 6391 2166
face 4 2068 -1 4 2100 2165 2166 2101
face 4 2068 -1 5 6325 6326 6391 6390
face 4 2069 2070 -1 2102 2167 6392 6327
face 4 2069 2133 -1 2166 6391 6392 2167
face 4 2069 -1 4 2101 2166 2167 2102
face 4 2069 -1 5 6326 6327 6392 6391
face 4 2070 2071 -1 2103 2168 6393 6328
face 4 2070 2134 -1 2167 6392 6393 2168
face 4 2070 -1 4 2102 2167 2168 2103
face 4 2070 -1 5 6327 6328 6393 6392
face 4 2071 2072 -1 2104 2169 6394 6329
face 4 2071 2135 -1 2168 6393 6394 2169
face 4 2071 -1 4 2103 2168 2169 2104
face 4 2071 -1 5 6328 6329 6394 6393
face 4 2072 2073 -1 2105 2170 6395 6330
face 4 2072 2136 -1 2169 6394 6395 2170
face 4 2072 -1 4 2104 2169 2170 2105
face 4 2072 -1 5 6329 6330 6395 6394
face 4 2073 2074 -1 2106 2171 6396 6331
face 4 2073 2137 -1 2170 6395 6396 2171
face 4 2073 -1 4 2105 2170 2171 2106
face 4 2073 -1 5 6330 6331 6396 6395
face 4 2074 2075 -1 2107 2172 6397 6332
face 4 2074 2138 -1 2171 6396 6397 2172
face 4 2074 -1 4 2106 2171 2172 2107
face 4 2074 -1 5 6331 6332 6397 6396
face 4 2075 2076 -1 2108 2173 6398 6333
face 4 2075 2139 -1 2172 6397 6398 2173
face 4 2075 -1 4 2107 2172 2173 2108
face 4 2075 -1 5 6332 6333 6398 6397
face 4 2076 2077 -1 2109 2174 6399 6334
face 4 2076 2140 -1 2173 6398 6399 2174
face 4 2076 -1 4 2108 2173 2174 2109
face 4 2076 -1 5 6333 6334 6399 6398
face 4 2077 2078 -1 2110 2175 6400 6335
face 4 2077 2141 -1 2174 6399 6400 2175
face 4 2077 -1 4 2109 2174 2175 2110
face 4 2077 -1 5 6334 6335 6400 6399
face 4 2078 2079 -1 2111 2176 6401 6336
face 4 2078 2142 -1 2175 6400 6401 2176
face 4 2078 -1 4 2110 2175 2176 2111
face 4 2078 -1 5 6335 6336 6401 6400
face 4 2079 2080 -1 2112 2177 6402 6337
face 4 2079 2143 -1 2176 6401 6402 2177
face 4 2079 -1 4 2111 2176 2177 2112
face 4 2079 -1 5 6336 6337 6402 6401
face 4 2080 2081 -1 2113 2178 6403 6338
face 4 2080 2144 -1 2177 6402 6403 2178
face 4 2080 -1 4 2112 2177 2178 2113
face 4 2080 -1 5 6337 6338 6403 6402
face 4 2081 2082 -1 2114 2179 6404 6339
face 4 2081 2145 -1 2178 6403 6404 2179
face 4 2081 -1 4 2113 2178 2179 2114
face 4 2081 -1 5 6338 6339 6404 6403
face 4 2082 2083 -1 2115 2180 6405 6340
face 4 2082 2146 -1 2179 6404 6405 2180
face 4 2082 -1 4 2114 2179 2180 2115
face 4 2082 -1 5 6339 6340 6405 6404
face 4 2083 2084 -1 2116 2181 6406 6341
face 4 2083 2147 -1 2180 6405 6406 2181
face 4 2083 -1 4 2115 2180 2181 2116
face 4 2083 -1 5 6340 6341 6406 6405
face 4 2084 2085 -1 2117 2182 6407 6342
face 4 2084 2148 -1 2181 6406 6407 2182
face 4 2084 -1 4 2116 2181 2182 2117
face 4 2084 -1 5 6341 6342 6407 6406
face 4 2085 2086 -1 2118 2183 6408 6343
face 4 2085 2149 -1 2182 6407 6408 2183
face 4 2085 -1 4 2117 2182 2183 2118
face 4 2085 -1 5 6342 6343 6408 6407
face 4 2086 2087 -1 2119 2184 6409 6344
face 4 2086 2150 -1 2183 6408 6409 2184
face 4 2086 -1 4 2118 2183 2184 2119
face 4 2086 -1 5 6343 6344 6409 6408
face 4 2087 2088 -1 2120 2185 6410 6345
face 4 2087 2151 -1 2184 6409 6410 2185
face 4 2087 -1 4 2119 2184 2185 2120
face 4 2087 -1 5 6344 6345 6410 6409
face 4 2088 2089 -1 2121 2186 6411 6346
face 4 2088 2152 -1 2185 6410 6411 2186
face 4 2088 -1 4 2120 2185 2186 2121
face 4 2088 -1 5 6345 6346 6411 6410
face 4 2089 2090 -1 2122 2187 6412 6347
face 4 2089 2153 -1 2186 6411 6412 2187
face 4 2089 -1 4 2121 2186 2187 2122
face 4 2089 -1 5 6346 6347 6412 6411
face 4 2090 2091 -1 2123 2188 6413 6348
face 4 2090 2154 -1 2187 6412 6413 2188
face 4 2090 -1 4 2122 2187 2188 2123
face 4 2090 -1 5 6347 6348 6413 6412
face 4 2091 2092 -1 2124 2189 6414 6349
face 4 2091 2155 -1 2188 6413 6414 2189
face 4 2091 -1 4 2123 2188 2189 2124
face 4 2091 -1 5 6348 6349 6414 6413
face 4 2092 2093 -1 2125 2190 6415 6350
face 4 2092 2156 -1 2189 6414 6415 2190
face 4 2092 -1 4 2124 2189 2190 2125
face 4 2092 -1 5 6349 6350 6415 6414
face 4 2093 2094 -1 2126 2191 6416 6351
face 4 2093 2157 -1 2190 6415 6416 2191
face 4 2093 -1 4 2125 2190 2191 2126
face 4 2093 -1 5 6350 6351 6416 6415
face 4 2094 2095 -1 2127 2192 6417 6352
face 4 2094 2158 -1 2191 6416 6417 2192
face 4 2094 -1 4 2126 2191 2192 2127
face 4 2094 -1 5 6351 6352 6417 6416
face 4 2095 2096 -1 2128 2193 6418 6353
face 4 2095 2159 -1 2192 6417 6418 2193
face 4 2095 -1 4 2127 2192 2193 2128
face 4 2095 -1 5 6352 6353 6418 6417
face 4 2096 2097 -1 2129 2194 6419 6354
face 4 2096 2160 -1 2193 6418 6419 2194
face 4 2096 -1 4 2128 2193 2194 2129
face 4 2096 -1 5 6353 6354 6419 6418
face 4 2097 2098 -1 2130 2195 6420 6355
face 4 2097 2161 -1 2194 6419 6420 2195
face 4 2097 -1 4 2129 2194 2195 2130
face 4 2097 -1 5 6354 6355 6420 6419
face 4 2098 2099 -1 2131 2196 6421 6356
face 4 2098 2162 -1 2195 6420 6421 2196
face 4 2098 -1 4 2130 2195 2196 2131
face 4 2098 -1 5 6355 6356 6421 6420
face 4 2099 2100 -1 2132 2197 6422 6357
face 4 2099 2163 -1 2196 6421 6422 2197
face 4 2099 -1 4 2131 2196 2197 2132
face 4 2099 -1 5 6356 6357 6422 6421
face 4 2100 2101 -1 2133 2198 6423 6358
face 4 2100 2164 -1 2197 6422 6423 2198
face 4 2100 -1 4 2132 2197 2198 2133
face 4 2100 -1 5 6357 6358 6423 6422
face 4 2101 2102 -1 2134 2199 6424 6359
face 4 2101 2165 -1 2198 6423 6424 2199
face 4 2101 -1 4 2133 2198 2199 2134
face 4 2101 -1 5 6358 6359 6424 6423
face 4 2102 2103 -1 2135 2200 6425 6360
face 4 2102 2166 -1 2199 6424 6425 2200
face 4 2102 -1 4 2134 2199 2200 2135
face 4 2102 -1 5 6359 6360 6425 6424
face 4 2103 2104 -1 2136 2201 6426 6361
face 4 2103 2167 -1 2200 6425 6426 2201
face 4 2103 -1 4 2135 2200 2201 2136
face 4 2103 -1 5 6360 6361 6426 6425
face 4 2104 2105 -1 2137 2202 6427 6362
face 4 2104 2168 -1 2201 6426 6427 2202
face 4 2104 -1 4 2136 2201 2202 2137
face 4 2104 -1 5 6361 6362 6427 6426
face 4 2105 2106 -1 2138 2203 6428 6363
face 4 2105 2169 -1 2202 6427 6428 2203
face 4 2105 -1 4 2137 2202 2203 2138
face 4 2105 -1 5 6362 6363 6428 6427
face 4 2106 2107 -1 2139 2204 6429 6364
face 4 2106 2170 -1 2203 6428 6429 2204
face 4 2106 -1 4 2138 2203 2204 2139
face 4 2106 -1 5 6363 6364 6429 6428
face 4 2107 2108 -1 2140 2205 6430 6365
face 4 2107 2171 -1 2204 6429 6430 2205
face 4 2107 -1 4 2139 2204 2205 2140
face 4 2107 -1 5 6364 6365 6430 6429
face 4 2108 2109 -1 2141 2206 6431 6366
face 4 2108 2172 -1 2205 6430 6431 2206
face 4 2108 -1 4 2140 2205 2206 2141
face 4 2108 -1 5 6365 6366 6431 6430
face 4 2109 2110 -1 2142 2207 6432 6367
face 4 2109 2173 -1 2206 6431 6432 2207
face 4 2109 -1 4 2141 2206 2207 2142
face 4 2109 -1 5 6366 6367 6432 6431
face 4 2110 2111 -1 2143 2208 6433 6368
face 4 2110 2174 -1 2207 6432 6433 2208
face 4 2110 -1 4 2142 2207 2208 2143
face 4 2110 -1 5 6367 6368 6433 6432
face 4 2111 -1 1 2144 2209 6434 6369
face 4 2111 2175 -1 2208 6433 6434 2209
face 4 2111 -1 4 2143 2208 2209 2144
face 4 2111 -1 5 6368 6369 6434 6433
face 4 2112 -1 0 2145 6370 6435 2210
face 4 2112 2113 -1 2146 2211 6436 6371
face 4 2112 2176 -1 2210 6435 6436 2211
face 4 2112 -1 4 2145 2210 2211 2146
face 4 2112 -1 5 6370 6371 6436 6435
face 4 2113 2114 -1 2147 2212 6437 6372
face 4 2113 2177 -1 2211 6436 6437 2212
face 4 2113 -1 4 2146 2211 2212 2147
face 4 2113 -1 5 6371 6372 6437 6436
face 4 2114 2115 -1 2148 2213 6438 6373
face 4 2114 2178 -1 2212 6437 6438 2213
face 4 2114 -1 4 2147 2212 2213 2148
face 4 2114 -1 5 6372 6373 6438 6437
face 4 2115 2116 -1 2149 2214 6439 6374
face 4 2115 2179 -1 2213 6438 6439 2214
face 4 2115 -1 4 2148 2213 2214 2149
face 4 2115 -1 5 6373 6374 6439 6438
face 4 2116 2117 -1 2150 2215 6440 6375
face 4 2116 2180 -1 2214 6439 6440 2215
face 4 2116 -1 4 2149 2214 2215 2150
face 4 2116 -1 5 6374 6375 6440 6439
face 4 2117 2118 -1 2151 2216 6441 6376
face 4 2117 2181 -1 2215 6440 6441 2216
face 4 2117 -1 4 2150 2215 2216 2151
face 4 2117 -1 5 6375 6376 6441 6440
face 4 2118 2119 -1 2152 2217 6442 6377
face 4 2118 2182 -1 2216 6441 6442 2217
face 4 2118 -1 4 2151 2216 2217 2152
face 4 2118 -1 5 6376 6377 6442 6441
face 4 2119 2120 -1 2153 2218 6443 6378
face 4 2119 2183 -1 2217 6442 6443 2218
face 4 2119 -1 4 2152 2217 2218 2153
face 4 2119 -1 5 6377 6378 6443 6442
face 4 2120 2121 -1 2154 2219 6444 6379
face 4 2120 2184 -1 2218 6443 6444 2219
face 4 2120 -1 4 2153 2218 2219 2154
face 4 2120 -1 5 6378 6379 6444 6443
face 4 2121 2122 -1 2155 2220 6445 6380
face 4 2121 2185 -1 2219 6444 6445 2220
face 4 2121 -1 4 2154 2219 2220 2155
face 4 2121 -1 5 6379 6380 6445 6444
face 4 2122 2123 -1 2156 2221 6446 6381
face 4 2122 2186 -1 2220 6445 6446 2221
face 4 2122 -1 4 2155 2220 2221 2156
face 4 2122 -1 5 6380 6381 6446 6445
face 4 2123 2124 -1 2157 2222 6447 6382
face 4 2123 2187 -1 2221 6446 6447 2222
face 4 2123 -1 4 2156 2221 2222 2157
face 4 2123 -1 5 6381 6382 6447 6446
face 4 2124 2125 -1 2158 2223 6448 6383
face 4 2124 2188 -1 2222 6447 6448 2223
face 4 2124 -1 4 2157 2222 2223 2158
face 4 2124 -1 5 6382 6383 6448 6447
face 4 2125 2126 -1 2159 2224 6449 6384
face 4 2125 2189 -1 2223 6448 6449 2224
face 4 2125 -1 4 2158 2223 2224 2159
face 4 2125 -1 5 6383 6384 6449 6448
face 4 2126 2127 -1 2160 2225 6450 6385
face 4 2126 2190 -1 2224 6449 6450 2225
face 4 2126 -1 4 2159 2224 2225 2160
face 4 2126 -1 5 6384 6385 6450 6449
face 4 2127 2128 -1 2161 2226 6451 6386
face 4 2127 2191 -1 2225 6450 6451 2226
face 4 2127 -1 4 2160 2225 2226 2161
face 4 2127 -1 5 6385 6386 6451 6450
face 4 2128 2129 -1 2162 2227 6452 6387
face 4 2128 2192 -1 2226 6451 6452 2227
face 4 2128 -1 4 2161 2226 2227 2162
face 4 2128 -1 5 6386 6387 6452 6451
face 4 2129 2130 -1 2163 2228 6453 6388
face 4 2129 2193 -1 2227 6452 6453 2228
face 4 2129 -1 4 2162 2227 2228 2163
face 4 2129 -1 5 6387 6388 6453 6452
face 4 2130 2131 -1 2164 2229 6454 6389
face 4 2130 2194 -1 2228 6453 6454 2229
face 4 2130 -1 4 2163 2228 2229 2164
face 4 2130 -1 5 6388 6389 6454 6453
face 4 2131 2132 -1 2165 2230 6455 6390
face 4 2131 2195 -1 2229 6454 6455 2230
face 4 2131 -1 4 2164 2229 2230 2165
face 4 2131 -1 5 6389 6390 6455 6454
face 4 2132 2133 -1 2166 2231 6456 6391
face 4 2132 2196 -1 2230 6455 6456 2231
face 4 2132 -1 4 2165 2230 2231 2166
face 4 2132 -1 5 6390 6391 6456 6455
face 4 2133 2134 -1 2167 2232 6457 6392
face 4 2133 2197 -1 2231 6456 6457 2232
face 4 2133 -1 4 2166 2231 2232 2167
face 4 2133 -1 5 6391 6392 6457 6456
face 4 2134 2135 -1 2168 2233 6458 6393
face 4 2134 2198 -1 2232 6457 6458 2233
face 4 2134 -1 4 2167 2232 2233 2168
face 4 2134 -1 5 6392 6393 6458 6457
face 4 2135 2136 -1 2169 2234 6459 6394
face 4 2135 2199 -1 2233 6458 6459 2234
face 4 2135 -1 4 2168 2233 2234 2169
face 4 2135 -1 5 6393 6394 6459 6458
face 4 2136 2137 -1 2170 2235 6460 6395
face 4 2136 2200 -1 2234 6459 6460 2235
face 4 2136 -1 4 2169 2234 2235 2170
face 4 2136 -1 5 6394 6395 6460 6459
face 4 2137 2138 -1 2171 2236 6461 6396
face 4 2137 2201 -1 2235 6460 6461 2236
face 4 2137 -1 4 2170 2235 2236 2171
face 4 2137 -1 5 6395 6396 6461 6460
face 4 2138 2139 -1 2172 2237 6462 6397
face 4 2138 2202 -1 2236 6461 6462 2237
face 4 2138 -1 4 2171 2236 2237 2172
face 4 2138 -1 5 6396 6397 6462 6461
face 4 2139 2140 -1 2173 2238 6463 6398
face 4 2139 2203 -1 2237 6462 6463 2238
face 4 2139 -1 4 2172 2237 2238 2173
face 4 2139 -1 5 6397 6398 6463 6462
face 4 2140 2141 -1 2174 2239 6464 6399
face 4 2140 2204 -1 2238 6463 6464 2239
face 4 2140 -1 4 2173 2238 2239 2174
face 4 2140 -1 5 6398 6399 6464 6463
face 4 2141 2142 -1 2175 2240 6465 6400
face 4 2141 2205 -1 2239 6464 6465 2240
face 4 2141 -1 4 2174 2239 2240 2175
face 4 2141 -1 5 6399 6400 6465 6464
face 4 2142 2143 -1 2176 2241 6466 6401
face 4 2142 2206 -1 2240 6465 6466 2241
face 4 2142 -1 4 2175 2240 2241 2176
face 4 2142 -1 5 6400 6401 6466 6465
face 4 2143 2144 -1 2177 2242 6467 6402
face 4 2143 2207 -1 2241 6466 6467 2242
face 4 2143 -1 4 2176 2241 2242 2177
face 4 2143 -1 5 6401 6402 6467 6466
face 4 2144 2145 -1 2178 2243 6468 6403
face 4 2144 2208 -1 2242 6467 6468 2243
face 4 2144 -1 4 2177 2242 2243 2178
face 4 2144 -1 5 6402 6403 6468 6467
face 4 2145 2146 -1 2179 2244 6469 6404
face 4 2145 2209 -1 2243 6468 6469 2244
face 4 2145 -1 4 2178 2243 2244 2179
face 4 2145 -1 5 6403 6404 6469 6468
face 4 2146 2147 -1 2180 2245 6470 6405
face 4 2146 2210 -1 2244 6469 6470 2245
face 4 2146 -1 4 2179 2244 2245 2180
face 4 2146 -1 5 6404 6405 6470 6469
face 4 2147 2148 -1 2181 2246 6471 6406
face 4 2147 2211 -1 2245 6470 6471 2246
face 4 2147 -1 4 2180 2245 2246 2181
face 4 2147 -1 5 6405 6406 6471 6470
face 4 2148 2149 -1 2182 2247 6472 6407
face 4 2148 2212 -1 2246 6471 6472 2247
face 4 2148 -1 4 2181 2246 2247 2182
face 4 2148 -1 5 6406 6407 6472 6471
face 4 2149 2150 -1 2183 2248 6473 6408
face 4 2149 2213 -1 2247 6472 6473 2248
face 4 2149 -1 4 2182 2247 2248 2183
face 4 2149 -1 5 6407 6408 6473 6472
face 4 2150 2151 -1 2184 2249 6474 6409
face 4 2150 2214 -1 2248 6473 6474 2249
face 4 2150 -1 4 2183 2248 2249 2184
face 4 2150 -1 5 6408 6409 6474 6473
face 4 2151 2152 -1 2185 2250 6475 6410
face 4 2151 2215 -1 2249 6474 6475 2250
face 4 2151 -1 4 2184 2249 2250 2185
face 4 2151 -1 5 6409 6410 6475 6474
face 4 2152 2153 -1 2186 2251 6476 6411
face 4 2152 2216 -1 2250 6475 6476 2251
face 4 2152 -1 4 2185 2250 2251 2186
face 4 2152 -1 5 6410 6411 6476 6475
face 4 2153 2154 -1 2187 2252 6477 6412
face 4 2153 2217 -1 2251 6476 6477 2252
face 4 2153 -1 4 2186 2251 2252 2187
face 4 2153 -1 5 6411 6412 6477 6476
face 4 2154 2155 -1 2188 2253 6478 6413
face 4 2154 2218 -1 2252 6477 6478 2253
face 4 2154 -1 4 2187 2252 2253 2188
face 4 2154 -1 5 6412 6413 6478 6477
face 4 2155 2156 -1 2189 2254 6479 6414
face 4 2155 2219 -1 2253 6478 6479 2254
face 4 2155 -1 4 2188 2253 2254 2189
face 4 2155 -1 5 6413 6414 6479 6478
face 4 2156 2157 -1 2190 2255 6480 6415
face 4 2156 2220 -1 2254 6479 6480 2255
face 4 2156 -1 4 2189 2254 2255 2190
face 4 2156 -1 5 6414 6415 6480 6479
face 4 2157 2158 -1 2191 2256 6481 6416
face 4 2157 2221 -1 2255 6480 6481 2256
face 4 2157 -1 4 2190 2255 2256 2191
face 4 2157 -1 5 6415 6416 6481 6480
face 4 2158 2159 -1 2192 2257 6482 6417
face 4 2158 2222 -1 2256 6481 6482 2257
face 4 2158 -1 4 2191 2256 2257 2192
face 4 2158 -1 5 6416 6417 6482 6481
face 4 2159 2160 -1 2193 2258 6483 6418
face 4 2159 2223 -1 2257 6482 6483 2258
face 4 2159 -1 4 2192 2257 2258 2193
face 4 2159 -1 5 6417 6418 6483 6482
face 4 2160 2161 -1 2194 2259 6484 6419
face 4 2160 2224 -1 2258 6483 6484 2259
face 4 2160 -1 4 2193 2258 2259 2194
face 4 2160 -1 5 6418 6419 6484 6483
face 4 2161 2162 -1 2195 2260 6485 6420
face 4 2161 2225 -1 2259 6484 6485 2260
face 4 2161 -1 4 2194 2259 2260 2195
face 4 2161 -1 5 6419 6420 6485 6484
face 4 2162 2163 -1 2196 2261 6486 6421
face 4 2162 2226 -1 2260 6485 6486 2261
face 4 2162 -1 4 2195 2260 2261 2196
face 4 2162 -1 5 6420 6421 6486 6485
face 4 2163 2164 -1 2197 2262 6487 6422
face 4 2163 2227 -1 2261 6486 6487 2262
face 4 2163 -1 4 2196 2261 2262 2197
face 4 2163 -1 5 6421 6422 6487 6486
face 4 2164 2165 -1 2198 2263 6488 6423
face 4 2164 2228 -1 2262 6487 6488 2263
face 4 2164 -1 4 2197 2262 2263 2198
face 4 2164 -1 5 6422 6423 6488 6487
face 4 2165 2166 -1 2199 2264 6489 6424
face 4 2165 2229 -1 2263 6488 6489 2264
face 4 2165 -1 4 2198 2263 2264 2199
face 4 2165 -1 5 6423 6424 6489 6488
face 4 2166 2167 -1 2200 2265 6490 6425
face 4 2166 2230 -1 2264 6489 6490 2265
face 4 2166 -1 4 2199 2264 2265 2200
face 4 2166 -1 5 6424 6425 6490 6489
face 4 2167 2168 -1 2201 2266 6491 6426
face 4 2167 2231 -1 2265 6490 6491 2266
face 4 2167 -1 4 2200 2265 2266 2201
face 4 2167 -1 5 6425 6426 6491 6490
face 4 2168 2169 -1 2202 2267 6492 6427
face 4 2168 2232 -1 2266 6491 6492 2267
face 4 2168 -1 4 2201 2266 2267 2202
face 4 2168 -1 5 6426 6427 6492 6491
face 4 2169 2170 -1 2203 2268 6493 6428
face 4 2169 2233 -1 2267 6492 6493 2268
face 4 2169 -1 4 2202 2267 2268 2203
face 4 2169 -1 5 6427 6428 6493 6492
face 4 2170 2171 -1 2204 2269 6494 6429
face 4 2170 2234 -1 2268 6493 6494 2269
face 4 2170 -1 4 2203 2268 2269 2204
face 4 2170 -1 5 6428 6429 6494 6493
face 4 2171 2172 -1 2205 2270 6495 6430
face 4 2171 2235 -1 2269 6494 6495 2270
face 4 2171 -1 4 2204 2269 2270 2205
face 4 2171 -1 5 6429 6430 6495 6494
face 4 2172 2173 -1 2206 2271 6496 6431
face 4 2172 2236 -1 2270 6495 6496 2271
face 4 2172 -1 4 2205 2270 2271 2206
face 4 2172 -1 5 6430 6431 6496 6495
face 4 2173 2174 -1 2207 2272 6497 6432
face 4 2173 2237 -1 2271 6496 6497 2272
face 4 2173 -1 4 2206 2271 2272 2207
face 4 2173 -1 5 6431 6432 6497 6496
face 4 2174 2175 -1 2208 2273 6498 6433
face 4 2174 2238 -1 2272 6497 6498 2273
face 4 2174 -1 4 2207 2272 2273 2208
face 4 2174 -1 5 6432 6433 6498 6497
face 4 2175 -1 1 2209 2274 6499 6434
face 4 2175 2239 -1 2273 6498 6499 2274
face 4 2175 -1 4 2208 2273 2274 2209
face 4 2175 -1 5 6433 6434 6499 6498
face 4 2176 -1 0 2210 6435 6500 2275
face 4 2176 2177 -1 2211 2276 6501 6436
face 4 2176 2240 -1 2275 6500 6501 2276
face 4 2176 -1 4 2210 2275 2276 2211
face 4 2176 -1 5 6435 6436 6501 6500
face 4 2177 2178 -1 2212 2277 6502 6437
face 4 2177 2241 -1 2276 6501 6502 2277
face 4 2177 -1 4 2211 2276 2277 2212
face 4 2177 -1 5 6436 6437 6502 6501
face 4 2178 2179 -1 2213 2278 6503 6438
face 4 2178 2242 -1 2277 6502 6503 2278
face 4 2178 -1 4 2212 2277 2278 2213
face 4 2178 -1 5 6437 6438 6503 6502
face 4 2179 2180 -1 2214 2279 6504 6439
face 4 2179 2243 -1 2278 6503 6504 2279
face 4 2179 -1 4 2213 2278 2279 2214
face 4 2179 -1 5 6438 6439 6504 6503
face 4 2180 2181 -1 2215 2280 6505 6440
face 4 2180 2244 -1 2279 6504 6505 2280
face 4 2180 -1 4 2214 2279 2280 2215
face 4 2180 -1 5 6439 6440 6505 6504
face 4 2181 2182 -1 2216 2281 6506 6441
face 4 2181 2245 -1 2280 6505 6506 2281
face 4 2181 -1 4 2215 2280 2281 2216
face 4 2181 -1 5 6440 6441 6506 6505
face 4 2182 2183 -1 2217 2282 6507 6442
face 4 2182 2246 -1 2281 6506 6507 2282
face 4 2182 -1 4 2216 2281 2282 2217
face 4 2182 -1 5 6441 6442 6507 6506
face 4 2183 2184 -1 2218 2283 6508 6443
face 4 2183 2247 -1 2282 6507 6508 2283
face 4 2183 -1 4 2217 2282 2283 2218
face 4 2183 -1 5 6442 6443 6508 6507
face 4 2184 2185 -1 2219 2284 6509 6444
face 4 2184 2248 -1 2283 6508 6509 2284
face 4 2184 -1 4 2218 2283 2284 2219
face 4 2184 -1 5 6443 6444 6509 6508
face 4 2185 2186 -1 2220 2285 6510 6445
face 4 2185 2249 -1 2284 6509 6510 2285
face 4 2185 -1 4 2219 2284 2285 2220
face 4 2185 -1 5 6444 6445 6510 6509
face 4 2186 2187 -1 2221 2286 6511 6446
face 4 2186 2250 -1 2285 6510 6511 2286
face 4 2186 -1 4 2220 2285 2286 2221
face 4 2186 -1 5 6445 6446 6511 6510
face 4 2187 2188 -1 2222 2287 6512 6447
face 4 2187 2251 -1 2286 6511 6512 2287
face 4 2187 -1 4 2221 2286 2287 2222
face 4 2187 -1 5 6446 6447 6512 6511
face 4 2188 2189 -1 2223 2288 6513 6448
face 4 2188 2252 -1 2287 6512 6513 2288
face 4 2188 -1 4 2222 2287 2288 2223
face 4 2188 -1 5 6447 6448 6513 6512
face 4 2189 2190 -1 2224 2289 6514 6449
face 4 2189 2253 -1 2288 6513 6514 2289
face 4 2189 -1 4 2223 2288 2289 2224
face 4 2189 -1 5 6448 6449 6514 6513
face 4 2190 2191 -1 2225 2290 6515 6450
face 4 2190 2254 -1 2289 6514 6515 2290
face 4 2190 -1 4 2224 2289 2290 2225
face 4 2190 -1 5 6449 6450 6515 6514
face 4 2191 2192 -1 2226 2291 6516 6451
face 4 2191 2255 -1 2290 6515 6516 2291
face 4 2191 -1 4 2225 2290 2291 2226
face 4 2191 -1 5 6450 6451 6516 6515
face 4 2192 2193 -1 2227 2292 6517 6452
face 4 2192 2256 -1 2291 6516 6517 2292
face 4 2192 -1 4 2226 2291 2292 2227
face 4 2192 -1 5 6451 6452 6517 6516
face 4 2193 2194 -1 2228 2293 6518 6453
face 4 2193 2257 -1 2292 6517 6518 2293
face 4 2193 -1 4 2227 2292 2293 2228
face 4 2193 -1 5 6452 6453 6518 6517
face 4 2194 2195 -1 2229 2294 6519 6454
face 4 2194 2258 -1 2293 6518 6519 2294
face 4 2194 -1 4 2228 2293 2294 2229
face 4 2194 -1 5 6453 6454 6519 6518
face 4 2195 2196 -1 2230 2295 6520 6455
face 4 2195 2259 -1 2294 6519 6520 2295
face 4 2195 -1 4 2229 2294 2295 2230
face 4 2195 -1 5 6454 6455 6520 6519
face 4 2196 2197 -1 2231 2296 6521 6456
face 4 2196 2260 -1 2295 6520 6521 2296
face 4 2196 -1 4 2230 2295 2296 2231
face 4 2196 -1 5 6455 6456 6521 6520
face 4 2197 2198 -1 2232 2297 6522 6457
face 4 2197 2261 -1 2296 6521 6522 2297
face 4 2197 -1 4 2231 2296 2297 2232
face 4 2197 -1 5 6456 6457 6522 6521
face 4 2198 2199 -1 2233 2298 6523 6458
face 4 2198 2262 -1 2297 6522 6523 2298
face 4 2198 -1 4 2232 2297 2298 2233
face 4 2198 -1 5 6457 6458 6523 6522
face 4 2199 2200 -1 2234 2299 6524 6459
face 4 2199 2263 -1 2298 6523 6524 2299
face 4 2199 -1 4 2233 2298 2299 2234
face 4 2199 -1 5 6458 6459 6524 6523
face 4 2200 2201 -1 2235 2300 6525 6460
face 4 2200 2264 -1 2299 6524 6525 2300
face 4 2200 -1 4 2234 2299 2300 2235
face 4 2200 -1 5 6459 6460 6525 6524
face 4 2201 2202 -1 2236 2301 6526 6461
face 4 2201 2265 -1 2300 6525 6526 2301
face 4 2201 -1 4 2235 2300 2301 2236
face 4 2201 -1 5 6460 6461 6526 6525
face 4 2202 2203 -1 2237 2302 6527 6462
face 4 2202 2266 -1 2301 6526 6527 2302
face 4 2202 -1 4 2236 2301 2302 2237
face 4 2202 -1 5 6461 6462 6527 6526
face 4 2203 2204 -1 2238 2303 6528 6463
face 4 2203 2267 -1 2302 6527 6528 2303
face 4 2203 -1 4 2237 2302 2303 2238
face 4 2203 -1 5 6462 6463 6528 6527
face 4 2204 2205 -1 2239 2304 6529 6464
face 4 2204 2268 -1 2303 6528 6529 2304
face 4 2204 -1 4 2238 2303 2304 2239
face 4 2204 -1 5 6463 6464 6529 6528
face 4 2205 2206 -1 2240 2305 6530 6465
face 4 2205 2269 -1 2304 6529 6530 2305
face 4 2205 -1 4 2239 2304 2305 2240
face 4 2205 -1 5 6464 6465 6530 6529
face 4 2206 2207 -1 2241 2306 6531 6466
face 4 2206 2270 -1 2305 6530 6531 2306
face 4 2206 -1 4 2240 2305 2306 2241
face 4 2206 -1 5 6465 6466 6531 6530
face 4 2207 2208 -1 2242 2307 6532 6467
face 4 2207 2271 -1 2306 6531 6532 2307
face 4 2207 -1 4 2241 2306 2307 2242
face 4 2207 -1 5 6466 6467 6532 6531
face 4 2208 2209 -1 2243 2308 6533 6468
face 4 2208 2272 -1 2307 6532 6533 2308
face 4 2208 -1 4 2242 2307 2308 2243
face 4 2208 -1 5 6467 6468 6533 6532
face 4 2209 2210 -1 2244 2309 6534 6469
face 4 2209 2273 -1 2308 6533 6534 2309
face 4 2209 -1 4 2243 2308 2309 2244
face 4 2209 -1 5 6468 6469 6534 6533
face 4 2210 2211 -1 2245 2310 6535 6470
face 4 2210 2274 -1 2309 6534 6535 2310
face 4 2210 -1 4 2244 2309 2310 2245
face 4 2210 -1 5 6469 6470 6535 6534
face 4 2211 2212 -1 2246 2311 6536 6471
face 4 2211 2275 -1 2310 6535 6536 2311
face 4 2211 -1 4 2245 2310 2311 2246
face 4 2211 -1 5 6470 6471 6536 6535
face 4 2212 2213 -1 2247 2312 6537 6472
face 4 2212 2276 -1 2311 6536 6537 2312
face 4 2212 -1 4 2246 2311 2312 2247
face 4 2212 -1 5 6471 6472 6537 6536
face 4 2213 2214 -1 2248 2313 6538 6473
face 4 2213 2277 -1 2312 6537 6538 2313
face 4 2213 -1 4 2247 2312 2313 2248
face 4 2213 -1 5 6472 6473 6538 6537
face 4 2214 2215 -1 2249 2314 6539 6474
face 4 2214 2278 -1 2313 6538 6539 2314
face 4 2214 -1 4 2248 2313 2314 2249
face 4 2214 -1 5 6473 6474 6539 6538
face 4 2215 2216 -1 2250 2315 6540 6475
face 4 2215 2279 -1 2314 6539 6540 2315
face 4 2215 -1 4 2249 2314 2315 2250
face 4 2215 -1 5 6474 6475 6540 6539
face 4 2216 2217 -1 2251 2316 6541 6476
face 4 2216 2280 -1 2315 6540 6541 2316
face 4 2216 -1 4 2250 2315 2316 2251
face 4 2216 -1 5 6475 6476 6541 6540
face 4 2217 2218 -1 2252 2317 6542 6477
face 4 2217 2281 -1 2316 6541 6542 2317
face 4 2217 -1 4 2251 2316 2317 2252
face 4 2217 -1 5 6476 6477 6542 6541
face 4 2218 2219 -1 2253 2318 6543 6478
face 4 2218 2282 -1 2317 6542 6543 2318
face 4 2218 -1 4 2252 2317 2318 2253
face 4 2218 -1 5 6477 6478 6543 6542
face 4 2219 2220 -1 2254 2319 6544 6479
face 4 2219 2283 -1 2318 6543 6544 2319
face 4 2219 -1 4 2253 2318 2319 2254
face 4 2219 -1 5 6478 6479 6544 6543
face 4 2220 2221 -1 2255 2320 6545 6480
face 4 2220 2284 -1 2319 6544 6545 2320
face 4 2220 -1 4 2254 2319 2320 2255
face 4 2220 -1 5 6479 6480 6545 6544
face 4 2221 2222 -1 2256 2321 6546 6481
face 4 2221 2285 -1 2320 6545 6546 2321
face 4 2221 -1 4 2255 2320 2321 2256
face 4 2221 -1 5 6480 6481 6546 6545
face 4 2222 2223 -1 2257 2322 6547 6482
face 4 2222 2286 -1 2321 6546 6547 2322
face 4 2222 -1 4 2256 2321 2322 2257
face 4 2222 -1 5 6481 6482 6547 6546
face 4 2223 2224 -1 2258 2323 6548 6483
face 4 2223 2287 -1 2322 6547 6548 2323
face 4 2223 -1 4 2257 2322 2323 2258
face 4 2223 -1 5 6482 6483 6548 6547
face 4 2224 2225 -1 2259 2324 6549 6484
face 4 2224 2288 -1 2323 6548 6549 2324
face 4 2224 -1 4 2258 2323 2324 2259
face 4 2224 -1 5 6483 6484 6549 6548
face 4 2225 2226 -1 2260 2325 6550 6485
face 4 2225 2289 -1 2324 6549 6550 2325
face 4 2225 -1 4 2259 2324 2325 2260
face 4 2225 -1 5 6484 6485 6550 6549
face 4 2226 2227 -1 2261 2326 6551 6486
face 4 2226 2290 -1 2325 6550 6551 2326
face 4 2226 -1 4 2260 2325 2326 2261
face 4 2226 -1 5 6485 6486 6551 6550
face 4 2227 2228 -1 2262 2327 6552 6487
face 4 2227 2291 -1 2326 6551 6552 2327
face 4 2227 -1 4 2261 2326 2327 2262
face 4 2227 -1 5 6486 6487 6552 6551
face 4 2228 2229 -1 2263 2328 6553 6488
face 4 2228 2292 -1 2327 6552 6553 2328
face 4 2228 -1 4 2262 2327 2328 2263
face 4 2228 -1 5 6487 6488 6553 6552
face 4 2229 2230 -1 2264 2329 6554 6489
face 4 2229 2293 -1 2328 6553 6554 2329
face 4 2229 -1 4 2263 2328 2329 2264
face 4 2229 -1 5 6488 6489 6554 6553
face 4 2230 2231 -1 2265 2330 6555 6490
face 4 2230 2294 -1 2329 6554 6555 2330
face 4 2230 -1 4 2264 2329 2330 2265
face 4 2230 -1 5 6489 6490 6555 6554
face 4 2231 2232 -1 2266 2331 6556 6491
face 4 2231 2295 -1 2330 6555 6556 2331
face 4 2231 -1 4 2265 2330 2331 2266
face 4 2231 -1 5 6490 6491 6556 6555
face 4 2232 2233 -1 2267 2332 6557 6492
face 4 2232 2296 -1 2331 6556 6557 2332
face 4 2232 -1 4 2266 2331 2332 2267
face 4 2232 -1 5 6491 6492 6557 6556
face 4 2233 2234 -1 2268 2333 6558 6493
face 4 2233 2297 -1 2332 6557 6558 2333
face 4 2233 -1 4 2267 2332 2333 2268
face 4 2233 -1 5 6492 6493 6558 6557
face 4 2234 2235 -1 2269 2334 6559 6494
face 4 2234 2298 -1 2333 6558 6559 2334
face 4 2234 -1 4 2268 2333 2334 2269
face 4 2234 -1 5 6493 6494 6559 6558
face 4 2235 2236 -1 2270 2335 6560 6495
face 4 2235 2299 -1 2334 6559 6560 2335
face 4 2235 -1 4 2269 2334 2335 2270
face 4 2235 -1 5 6494 6495 6560 6559
face 4 2236 2237 -1 2271 2336 6561 6496
face 4 2236 2300 -1 2335 6560 6561 2336
face 4 2236 -1 4 2270 2335 2336 2271
face 4 2236 -1 5 6495 6496 6561 6560
face 4 2237 2238 -1 2272 2337 6562 6497
face 4 2237 2301 -1 2336 6561 6562 2337
face 4 2237 -1 4 2271 2336 2337 2272
face 4 2237 -1 5 6496 6497 6562 6561
face 4 2238 2239 -1 2273 2338 6563 6498
face 4 2238 2302 -1 2337 6562 6563 2338
face 4 2238 -1 4 2272 2337 2338 2273
face 4 2238 -1 5 6497 6498 6563 6562
face 4 2239 -1 1 2274 2339 6564 6499
face 4 2239 2303 -1 2338 6563 6564 2339
face 4 2239 -1 4 2273 2338 2339 2274
face 4 2239 -1 5 6498 6499 6564 6563
face 4 2240 -1 0 2275 6500 6565 2340
face 4 2240 2241 -1 2276 2341 6566 6501
face 4 2240 2304 -1 2340 6565 6566 2341
face 4 2240 -1 4 2275 2340 2341 2276
face 4 2240 -1 5 6500 6501 6566 6565
face 4 2241 2242 -1 2277 2342 6567 6502
face 4 2241 2305 -1 2341 6566 6567 2342
face 4 2241 -1 4 2276 2341 2342 2277
face 4 2241 -1 5 6501 6502 6567 6566
face 4 2242 2243 -1 2278 2343 6568 6503
face 4 2242 2306 -1 2342 6567 6568 2343
face 4 2242 -1 4 2277 2342 2343 2278
face 4 2242 -1 5 6502 6503 6568 6567
face 4 2243 2244 -1 2279 2344 6569 6504
face 4 2243 2307 -1 2343 6568 6569 2344
face 4 2243 -1 4 2278 2343 2344 2279
face 4 2243 -1 5 6503 6504 6569 6568
face 4 2244 2245 -1 2280 2345 6570 6505
face 4 2244 2308 -1 2344 6569 6570 2345
face 4 2244 -1 4 2279 2344 2345 2280
face 4 2244 -1 5 6504 6505 6570 6569
face 4 2245 2246 -1 2281 2346 6571 6506
face 4 2245 2309 -1 2345 6570 6571 2346
face 4 2245 -1 4 2280 2345 2346 2281
face 4 2245 -1 5 6505 6506 6571 6570
face 4 2246 2247 -1 2282 2347 6572 6507
face 4 2246 2310 -1 2346 6571 6572 2347
face 4 2246 -1 4 2281 2346 2347 2282
face 4 2246 -1 5 6506 6507 6572 6571
face 4 2247 2248 -1 2283 2348 6573 6508
face 4 2247 2311 -1 2347 6572 6573 2348
face 4 2247 -1 4 2282 2347 2348 2283
face 4 2247 -1 5 6507 6508 6573 6572
face 4 2248 2249 -1 2284 2349 6574 6509
face 4 2248 2312 -1 2348 6573 6574 2349
face 4 2248 -1 4 2283 2348 2349 2284
face 4 2248 -1 5 6508 6509 6574 6573
face 4 2249 2250 -1 2285 2350 6575 6510
face 4 2249 2313 -1 2349 6574 6575 2350
face 4 2249 -1 4 2284 2349 2350 2285
face 4 2249 -1 5 6509 6510 6575 6574
face 4 2250 2251 -1 2286 2351 6576 6511
face 4 2250 2314 -1 2350 6575 6576 2351
face 4 2250 -1 4 2285 2350 2351 2286
face 4 2250 -1 5 6510 6511 6576 6575
face 4 2251 2252 -1 2287 2352 6577 6512
face 4 2251 2315 -1 2351 6576 6577 2352
face 4 2251 -1 4 2286 2351 2352 2287
face 4 2251 -1 5 6511 6512 6577 6576
face 4 2252 2253 -1 2288 2353 6578 6513
face 4 2252 2316 -1 2352 6577 6578 2353
face 4 2252 -1 4 2287 2352 2353 2288
face 4 2252 -1 5 6512 6513 6578 6577
face 4 2253 2254 -1 2289 2354 6579 6514
face 4 2253 2317 -1 2353 6578 6579 2354
face 4 2253 -1 4 2288 2353 2354 2289
face 4 2253 -1 5 6513 6514 6579 6578
face 4 2254 2255 -1 2290 2355 6580 6515
face 4 2254 2318 -1 2354 6579 6580 2355
face 4 2254 -1 4 2289 2354 2355 2290
face 4 2254 -1 5 6514 6515 6580 6579
face 4 2255 2256 -1 2291 2356 6581 6516
face 4 2255 2319 -1 2355 6580 6581 2356
face 4 2255 -1 4 2290 2355 2356 2291
face 4 2255 -1 5 6515 6516 6581 6580
face 4 2256 2257 -1 2292 2357 6582 6517
face 4 2256 2320 -1 2356 6581 6582 2357
face 4 2256 -1 4 2291 2356 2357 2292
face 4 2256 -1 5 6516 6517 6582 6581
face 4 2257 2258 -1 2293 2358 6583 6518
face 4 2257 2321 -1 2357 6582 6583 2358
face 4 2257 -1 4 2292 2357 2358 2293
face 4 2257 -1 5 6517 6518 6583 6582
face 4 2258 2259 -1 2294 2359 6584 6519
face 4 2258 2322 -1 2358 6583 6584 2359
face 4 2258 -1 4 2293 2358 2359 2294
face 4 2258 -1 5 6518 6519 6584 6583
face 4 2259 2260 -1 2295 2360 6585 6520
face 4 2259 2323 -1 2359 6584 6585 2360
face 4 2259 -1 4 2294 2359 2360 2295
face 4 2259 -1 5 6519 6520 6585 6584
face 4 2260 2261 -1 2296 2361 6586 6521
face 4 2260 2324 -1 2360 6585 6586 2361
face 4 2260 -1 4 2295 2360 2361 2296
face 4 2260 -1 5 6520 6521 6586 6585
face 4 2261 2262 -1 2297 2362 6587 6522
face 4 2261 2325 -1 2361 6586 6587 2362
face 4 2261 -1 4 2296 2361 2362 2297
face 4 2261 -1 5 6521 6522 6587 6586
face 4 2262 2263 -1 2298 2363 6588 6523
face 4 2262 2326 -1 2362 6587 6588 2363
face 4 2262 -1 4 2297 2362 2363 2298
face 4 2262 -1 5 6522 6523 6588 6587
face 4 2263 2264 -1 2299 2364 6589 6524
face 4 2263 2327 -1 2363 6588 6589 2364
face 4 2263 -1 4 2298 2363 2364 2299
face 4 2263 -1 5 6523 6524 6589 6588
face 4 2264 2265 -1 2300 2365 6590 6525
face 4 2264 2328 -1 2364 6589 6590 2365
face 4 2264 -1 4 2299 2364 2365 2300
face 4 2264 -1 5 6524 6525 6590 6589
face 4 2265 2266 -1 2301 2366 6591 6526
face 4 2265 2329 -1 2365 6590 6591 2366
face 4 2265 -1 4 2300 2365 2366 2301
face 4 2265 -1 5 6525 6526 6591 6590
face 4 2266 2267 -1 2302 2367 6592 6527
face 4 2266 2330 -1 2366 6591 6592 2367
face 4 2266 -1 4 2301 2366 2367 2302
face 4 2266 -1 5 6526 6527 6592 6591
face 4 2267 2268 -1 2303 2368 6593 6528
face 4 2267 2331 -1 2367 6592 6593 2368
face 4 2267 -1 4 2302 2367 2368 2303
face 4 2267 -1 5 6527 6528 6593 6592
face 4 2268 2269 -1 2304 2369 6594 6529
face 4 2268 2332 -1 2368 6593 6594 2369
face 4 2268 -1 4 2303 2368 2369 2304
face 4 2268 -1 5 6528 6529 6594 6593
face 4 2269 2270 -1 2305 2370 6595 6530
face 4 2269 2333 -1 2369 6594 6595 2370
face 4 2269 -1 4 2304 2369 2370 2305
face 4 2269 -1 5 6529 6530 6595 6594
face 4 2270 2271 -1 2306 2371 6596 6531
face 4 2270 2334 -1 2370 6595 6596 2371
face 4 2270 -1 4 2305 2370 2371 2306
face 4 2270 -1 5 6530 6531 6596 6595
face 4 2271 2272 -1 2307 2372 6597 6532
face 4 2271 2335 -1 2371 6596 6597 2372
face 4 2271 -1 4 2306 2371 2372 2307
face 4 2271 -1 5 6531 6532 6597 6596
face 4 2272 2273 -1 2308 2373 6598 6533
face 4 2272 2336 -1 2372 6597 6598 2373
face 4 2272 -1 4 2307 2372 2373 2308
face 4 2272 -1 5 6532 6533 6598 6597
face 4 2273 2274 -1 2309 2374 6599 6534
face 4 2273 2337 -1 2373 6598 6599 2374
face 4 2273 -1 4 2308 2373 2374 2309
face 4 2273 -1 5 6533 6534 6599 6598
face 4 2274 2275 -1 2310 2375 6600 6535
face 4 2274 2338 -1 2374 6599 6600 2375
face 4 2274 -1 4 2309 2374 2375 2310
face 4 2274 -1 5 6534 6535 6600 6599
face 4 2275 2276 -1 2311 2376 6601 6536
face 4 2275 2339 -1 2375 6600 6601 2376
face 4 2275 -1 4 2310 2375 2376 2311
face 4 2275 -1 5 6535 6536 6601 6600
face 4 2276 2277 -1 2312 2377 6602 6537
face 4 2276 2340 -1 2376 6601 6602 2377
face 4 2276 -1 4 2311 2376 2377 2312
face 4 2276 -1 5 6536 6537 6602 6601
face 4 2277 2278 -1 2313 2378 6603 6538
face 4 2277 2341 -1 2377 6602 6603 2378
face 4 2277 -1 4 2312 2377 2378 2313
face 4 2277 -1 5 6537 6538 6603 6602
face 4 2278 2279 -1 2314 2379 6604 6539
face 4 2278 2342 -1 2378 6603 6604 2379
face 4 2278 -1 4 2313 2378 2379 2314
face 4 2278 -1 5 6538 6539 6604 6603
face 4 2279 2280 -1 2315 2380 6605 6540
face 4 2279 2343 -1 2379 6604 6605 2380
face 4 2279 -1 4 2314 2379 2380 2315
face 4 2279 -1 5 6539 6540 6605 6604
face 4 2280 2281 -1 2316 2381 6606 6541
face 4 2280 2344 -1 2380 6605 6606 2381
face 4 2280 -1 4 2315 2380 2381 2316
face 4 2280 -1 5 6540 6541 6606 6605
face 4 2281 2282 -1 2317 2382 6607 6542
face 4 2281 2345 -1 2381 6606 6607 2382
face 4 2281 -1 4 2316 2381 2382 2317
face 4 2281 -1 5 6541 6542 6607 6606
face 4 2282 2283 -1 2318 2383 6608 6543
face 4 2282 2346 -1 2382 6607 6608 2383
face 4 2282 -1 4 2317 2382 2383 2318
face 4 2282 -1 5 6542 6543 6608 6607
face 4 2283 2284 -1 2319 2384 6609 6544
face 4 2283 2347 -1 2383 6608 6609 2384
face 4 2283 -1 4 2318 2383 2384 2319
face 4 2283 -1 5 6543 6544 6609 6608
face 4 2284 2285 -1 2320 2385 6610 6545
face 4 2284 2348 -1 2384 6609 6610 2385
face 4 2284 -1 4 2319 2384 2385 2320
face 4 2284 -1 5 6544 6545 6610 6609
face 4 2285 2286 -1 2321 2386 6611 6546
face 4 2285 2349 -1 2385 6610 6611 2386
face 4 2285 -1 4 2320 2385 2386 2321
face 4 2285 -1 5 6545 6546 6611 6610
face 4 2286 2287 -1 2322 2387 6612 6547
face 4 2286 2350 -1 2386 6611 6612 2387
face 4 2286 -1 4 2321 2386 2387 2322
face 4 2286 -1 5 6546 6547 6612 6611
face 4 2287 2288 -1 2323 2388 6613 6548
face 4 2287 2351 -1 2387 6612 6613 2388
face 4 2287 -1 4 2322 2387 2388 2323
face 4 2287 -1 5 6547 6548 6613 6612
face 4 2288 2289 -1 2324 2389 6614 6549
face 4 2288 2352 -1 2388 6613 6614 2389
face 4 2288 -1 4 2323 2388 2389 2324
face 4 2288 -1 5 6548 6549 6614 6613
face 4 2289 2290 -1 2325 2390 6615 6550
face 4 2289 2353 -1 2389 6614 6615 2390
face 4 2289 -1 4 2324 2389 2390 2325
face 4 2289 -1 5 6549 6550 6615 6614
face 4 2290 2291 -1 2326 2391 6616 6551
face 4 2290 2354 -1 2390 6615 6616 2391
face 4 2290 -1 4 2325 2390 2391 2326
face 4 2290 -1 5 6550 6551 6616 6615
face 4 2291 2292 -1 2327 2392 6617 6552
face 4 2291 2355 -1 2391 6616 6617 2392
face 4 2291 -1 4 2326 2391 2392 2327
face 4 2291 -1 5 6551 6552 6617 6616
face 4 2292 2293 -1 2328 2393 6618 6553
face 4 2292 2356 -1 2392 6617 6618 2393
face 4 2292 -1 4 2327 2392 2393 2328
face 4 2292 -1 5 6552 6553 6618 6617
face 4 2293 2294 -1 2329 2394 6619 6554
face 4 2293 2357 -1 2393 6618 6619 2394
face 4 2293 -1 4 2328 2393 2394 2329
face 4 2293 -1 5 6553 6554 6619 6618
face 4 2294 2295 -1 2330 2395 6620 6555
face 4 2294 2358 -1 2394 6619 6620 2395
face 4 2294 -1 4 2329 2394 2395 2330
face 4 2294 -1 5 6554 6555 6620 6619
face 4 2295 2296 -1 2331 2396 6621 6556
face 4 2295 2359 -1 2395 6620 6621 2396
face 4 2295 -1 4 2330 2395 2396 2331
face 4 2295 -1 5 6555 6556 6621 6620
face 4 2296 2297 -1 2332 2397 6622 6557
face 4 2296 2360 -1 2396 6621 6622 2397
face 4 2296 -1 4 2331 2396 2397 2332
face 4 2296 -1 5 6556 6557 6622 6621
face 4 2297 2298 -1 2333 2398 6623 6558
face 4 2297 2361 -1 2397 6622 6623 2398
face 4 2297 -1 4 2332 2397 2398 2333
face 4 2297 -1 5 6557 6558 6623 6622
face 4 2298 2299 -1 2334 2399 6624 6559
face 4 2298 2362 -1 2398 6623 6624 2399
face 4 2298 -1 4 2333 2398 2399 2334
face 4 2298 -1 5 6558 6559 6624 6623
face 4 2299 2300 -1 2335 2400 6625 6560
face 4 2299 2363 -1 2399 6624 6625 2400
face 4 2299 -1 4 2334 2399 2400 2335
face 4 2299 -1 5 6559 6560 6625 6624
face 4 2300 2301 -1 2336 2401 6626 6561
face 4 2300 2364 -1 2400 6625 6626 2401
face 4 2300 -1 4 2335 2400 2401 2336
face 4 2300 -1 5 6560 6561 6626 6625
face 4 2301 2302 -1 2337 2402 6627 6562
face 4 2301 2365 -1 2401 6626 6627 2402
face 4 2301 -1 4 2336 2401 2402 2337
face 4 2301 -1 5 6561 6562 6627 6626
face 4 2302 2303 -1 2338 2403 6628 6563
face 4 2302 2366 -1 2402 6627 6628 2403
face 4 2302 -1 4 2337 2402 2403 2338
face 4 2302 -1 5 6562 6563 6628 6627
face 4 2303 -1 1 2339 2404 6629 6564
face 4 2303 2367 -1 2403 6628 6629 2404
face 4 2303 -1 4 2338 2403 2404 2339
face 4 2303 -1 5 6563 6564 6629 6628
face 4 2304 -1 0 2340 6565 6630 2405
face 4 2304 2305 -1 2341 2406 6631 6566
face 4 2304 2368 -1 2405 6630 6631 2406
face 4 2304 -1 4 2340 2405 2406 2341
face 4 2304 -1 5 6565 6566 6631 6630
face 4 2305 2306 -1 2342 2407 6632 6567
face 4 2305 2369 -1 2406 6631 6632 2407
face 4 2305 -1 4 2341 2406 2407 2342
face 4 2305 -1 5 6566 6567 6632 6631
face 4 2306 2307 -1 2343 2408 6633 6568
face 4 2306 2370 -1 2407 6632 6633 2408
face 4 2306 -1 4 2342 2407 2408 2343
face 4 2306 -1 5 6567 6568 6633 6632
face 4 2307 2308 -1 2344 2409 6634 6569
face 4 2307 2371 -1 2408 6633 6634 2409
face 4 2307 -1 4 2343 2408 2409 2344
face 4 2307 -1 5 6568 6569 6634 6633
face 4 2308 2309 -1 2345 2410 6635 6570
face 4 2308 2372 -1 2409 6634 6635 2410
face 4 2308 -1 4 2344 2409 2410 2345
face 4 2308 -1 5 6569 6570 6635 6634
face 4 2309 2310 -1 2346 2411 6636 6571
face 4 2309 2373 -1 2410 6635 6636 2411
face 4 2309 -1 4 2345 2410 2411 2346
face 4 2309 -1 5 6570 6571 6636 6635
face 4 2310 2311 -1 2347 2412 6637 6572
face 4 2310 2374 -1 2411 6636 6637 2412
face 4 2310 -1 4 2346 2411 2412 2347
face 4 2310 -1 5 6571 6572 6637 6636
face 4 2311 2312 -1 2348 2413 6638 6573
face 4 2311 2375 -1 2412 6637 6638 2413
face 4 2311 -1 4 2347 2412 2413 2348
face 4 2311 -1 5 6572 6573 6638 6637
face 4 2312 2313 -1 2349 2414 6639 6574
face 4 2312 2376 -1 2413 6638 6639 2414
face 4 2312 -1 4 2348 2413 2414 2349
face 4 2312 -1 5 6573 6574 6639 6638
face 4 2313 2314 -1 2350 2415 6640 6575
face 4 2313 2377 -1 2414 6639 6640 2415
face 4 2313 -1 4 2349 2414 2415 2350
face 4 2313 -1 5 6574 6575 6640 6639
face 4 2314 2315 -1 2351 2416 6641 6576
face 4 2314 2378 -1 2415 6640 6641 2416
face 4 2314 -1 4 2350 2415 2416 2351
face 4 2314 -1 5 6575 6576 6641 6640
face 4 2315 2316 -1 2352 2417 6642 6577
face 4 2315 2379 -1 2416 6641 6642 2417
face 4 2315 -1 4 2351 2416 2417 2352
face 4 2315 -1 5 6576 6577 6642 6641
face 4 2316 2317 -1 2353 2418 6643 6578
face 4 2316 2380 -1 2417 6642 6643 2418
face 4 2316 -1 4 2352 2417 2418 2353
face 4 2316 -1 5 6577 6578 6643 6642
face 4 2317 2318 -1 2354 2419 6644 6579
face 4 2317 2381 -1 2418 6643 6644 2419
face 4 2317 -1 4 2353 2418 2419 2354
face 4 2317 -1 5 6578 6579 6644 6643
face 4 2318 2319 -1 2355 2420 6645 6580
face 4 2318 2382 -1 2419 6644 6645 2420
face 4 2318 -1 4 2354 2419 2420 2355
face 4 2318 -1 5 6579 6580 6645 6644
face 4 2319 2320 -1 2356 2421 6646 6581
face 4 2319 2383 -1 2420 6645 6646 2421
face 4 2319 -1 4 2355 2420 2421 2356
face 4 2319 -1 5 6580 6581 6646 6645
face 4 2320 2321 -1 2357 2422 6647 6582
face 4 2320 2384 -1 2421 6646 6647 2422
face 4 2320 -1 4 2356 2421 2422 2357
face 4 2320 -1 5 6581 6582 6647 6646
face 4 2321 2322 -1 2358 2423 6648 6583
face 4 2321 2385 -1 2422 6647 6648 2423
face 4 2321 -1 4 2357 2422 2423 2358
face 4 2321 -1 5 6582 6583 6648 6647
face 4 2322 2323 -1 2359 2424 6649 6584
face 4 2322 2386 -1 2423 6648 6649 2424
face 4 2322 -1 4 2358 2423 2424 2359
face 4 2322 -1 5 6583 6584 6649 6648
face 4 2323 2324 -1 2360 2425 6650 6585
face 4 2323 2387 -1 2424 6649 6650 2425
face 4 2323 -1 4 2359 2424 2425 2360
face 4 2323 -1 5 6584 6585 6650 6649
face 4 2324 2325 -1 2361 2426 6651 6586
face 4 2324 2388 -1 2425 6650 6651 2426
face 4 2324 -1 4 2360 2425 2426 2361
face 4 2324 -1 5 6585 6586 6651 6650
face 4 2325 2326 -1 2362 2427 6652 6587
face 4 2325 2389 -1 2426 6651 6652 2427
face 4 2325 -1 4 2361 2426 2427 2362
face 4 2325 -1 5 6586 6587 6652 6651
face 4 2326 2327 -1 2363 2428 6653 6588
face 4 2326 2390 -1 2427 6652 6653 2428
face 4 2326 -1 4 2362 2427 2428 2363
face 4 2326 -1 5 6587 6588 6653 6652
face 4 2327 2328 -1 2364 2429 6654 6589
face 4 2327 2391 -1 2428 6653 6654 2429
face 4 2327 -1 4 2363 2428 2429 2364
face 4 2327 -1 5 6588 6589 6654 6653
face 4 2328 2329 -1 2365 2430 6655 6590
face 4 2328 2392 -1 2429 6654 6655 2430
face 4 2328 -1 4 2364 2429 2430 2365
face 4 2328 -1 5 6589 6590 6655 6654
face 4 2329 2330 -1 2366 2431 6656 6591
face 4 2329 2393 -1 2430 6655 6656 2431
face 4 2329 -1 4 2365 2430 2431 2366
face 4 2329 -1 5 6590 6591 6656 6655
face 4 2330 2331 -1 2367 2432 6657 6592
face 4 2330 2394 -1 2431 6656 6657 2432
face 4 2330 -1 4 2366 2431 2432 2367
face 4 2330 -1 5 6591 6592 6657 6656
face 4 2331 2332 -1 2368 2433 6658 6593
face 4 2331 2395 -1 2432 6657 6658 2433
face 4 2331 -1 4 2367 2432 2433 2368
face 4 2331 -1 5 6592 6593 6658 6657
face 4 2332 2333 -1 2369 2434 6659 6594
face 4 2332 2396 -1 2433 6658 6659 2434
face 4 2332 -1 4 2368 2433 2434 2369
face 4 2332 -1 5 6593 6594 6659 6658
face 4 2333 2334 -1 2370 2435 6660 6595
face 4 2333 2397 -1 2434 6659 6660 2435
face 4 2333 -1 4 2369 2434 2435 2370
face 4 2333 -1 5 6594 6595 6660 6659
face 4 2334 2335 -1 2371 2436 6661 6596
face 4 2334 2398 -1 2435 6660 6661 2436
face 4 2334 -1 4 2370 2435 2436 2371
face 4 2334 -1 5 6595 6596 6661 6660
face 4 2335 2336 -1 2372 2437 6662 6597
face 4 2335 2399 -1 2436 6661 6662 2437
face 4 2335 -1 4 2371 2436 2437 2372
face 4 2335 -1 5 6596 6597 6662 6661
face 4 2336 2337 -1 2373 2438 6663 6598
face 4 2336 2400 -1 2437 6662 6663 2438
face 4 2336 -1 4 2372 2437 2438 2373
face 4 2336 -1 5 6597 6598 6663 6662
face 4 2337 2338 -1 2374 2439 6664 6599
face 4 2337 2401 -1 2438 6663 6664 2439
face 4 2337 -1 4 2373 2438 2439 2374
face 4 2337 -1 5 6598 6599 6664 6663
face 4 2338 2339 -1 2375 2440 6665 6600
face 4 2338 2402 -1 2439 6664 6665 2440
face 4 2338 -1 4 2374 2439 2440 2375
face 4 2338 -1 5 6599 6600 6665 6664
face 4 2339 2340 -1 2376 2441 6666 6601
face 4 2339 2403 -1 2440 6665 6666 2441
face 4 2339 -1 4 2375 2440 2441 2376
face 4 2339 -1 5 6600 6601 6666 6665
face 4 2340 2341 -1 2377 2442 6667 6602
face 4 2340 2404 -1 2441 6666 6667 2442
face 4 2340 -1 4 2376 2441 2442 2377
face 4 2340 -1 5 6601 6602 6667 6666
face 4 2341 2342 -1 2378 2443 6668 6603
face 4 2341 2405 -1 2442 6667 6668 2443
face 4 2341 -1 4 2377 2442 2443 2378
face 4 2341 -1 5 6602 6603 6668 6667
face 4 2342 2343 -1 2379 2444 6669 6604
face 4 2342 2406 -1 2443 6668 6669 2444
face 4 2342 -1 4 2378 2443 2444 2379
face 4 2342 -1 5 6603 6604 6669 6668
face 4 2343 2344 -1 2380 2445 6670 6605
face 4 2343 2407 -1 2444 6669 6670 2445
face 4 2343 -1 4 2379 2444 2445 2380
face 4 2343 -1 5 6604 6605 6670 6669
face 4 2344 2345 -1 2381 2446 6671 6606
face 4 2344 2408 -1 2445 6670 6671 2446
face 4 2344 -1 4 2380 2445 2446 2381
face 4 2344 -1 5 6605 6606 6671 6670
face 4 2345 2346 -1 2382 2447 6672 6607
face 4 2345 2409 -1 2446 6671 6672 2447
face 4 2345 -1 4 2381 2446 2447 2382
face 4 2345 -1 5 6606 6607 6672 6671
face 4 2346 2347 -1 2383 2448 6673 6608
face 4 2346 2410 -1 2447 6672 6673 2448
face 4 2346 -1 4 2382 2447 2448 2383
face 4 2346 -1 5 6607 6608 6673 6672
face 4 2347 2348 -1 2384 2449 6674 6609
face 4 2347 2411 -1 2448 6673 6674 2449
face 4 2347 -1 4 2383 2448 2449 2384
face 4 2347 -1 5 6608 6609 6674 6673
face 4 2348 2349 -1 2385 2450 6675 6610
face 4 2348 2412 -1 2449 6674 6675 2450
face 4 2348 -1 4 2384 2449 2450 2385
face 4 2348 -1 5 6609 6610 6675 6674
face 4 2349 2350 -1 2386 2451 6676 6611
face 4 2349 2413 -1 2450 6675 6676 2451
face 4 2349 -1 4 2385 2450 2451 2386
face 4 2349 -1 5 6610 6611 6676 6675
face 4 2350 2351 -1 2387 2452 6677 6612
face 4 2350 2414 -1 2451 6676 6677 2452
face 4 2350 -1 4 2386 2451 2452 2387
face 4 2350 -1 5 6611 6612 6677 6676
face 4 2351 2352 -1 2388 2453 6678 6613
face 4 2351 2415 -1 2452 6677 6678 2453
face 4 2351 -1 4 2387 2452 2453 2388
face 4 2351 -1 5 6612 6613 6678 6677
face 4 2352 2353 -1 2389 2454 6679 6614
face 4 2352 2416 -1 2453 6678 6679 2454
face 4 2352 -1 4 2388 2453 2454 2389
face 4 2352 -1 5 6613 6614 6679 6678
face 4 2353 2354 -1 2390 2455 6680 6615
face 4 2353 2417 -1 2454 6679 6680 2455
face 4 2353 -1 4 2389 2454 2455 2390
face 4 2353 -1 5 6614 6615 6680 6679
face 4 2354 2355 -1 2391 2456 6681 6616
face 4 2354 2418 -1 2455 6680 6681 2456
face 4 2354 -1 4 2390 2455 2456 2391
face 4 2354 -1 5 6615 6616 6681 6680
face 4 2355 2356 -1 2392 2457 6682 6617
face 4 2355 2419 -1 2456 6681 6682 2457
face 4 2355 -1 4 2391 2456 2457 2392
face 4 2355 -1 5 6616 6617 6682 6681
face 4 2356 2357 -1 2393 2458 6683 6618
face 4 2356 2420 -1 2457 6682 6683 2458
face 4 2356 -1 4 2392 2457 2458 2393
face 4 2356 -1 5 6617 6618 6683 6682
face 4 2357 2358 -1 2394 2459 6684 6619
face 4 2357 2421 -1 2458 6683 6684 2459
face 4 2357 -1 4 2393 2458 2459 2394
face 4 2357 -1 5 6618 6619 6684 6683
face 4 2358 2359 -1 2395 2460 6685 6620
face 4 2358 2422 -1 2459 6684 6685 2460
face 4 2358 -1 4 2394 2459 2460 2395
face 4 2358 -1 5 6619 6620 6685 6684
face 4 2359 2360 -1 2396 2461 6686 6621
face 4 2359 2423 -1 2460 6685 6686 2461
face 4 2359 -1 4 2395 2460 2461 2396
face 4 2359 -1 5 6620 6621 6686 6685
face 4 2360 2361 -1 2397 2462 6687 6622
face 4 2360 2424 -1 2461 6686 6687 2462
face 4 2360 -1 4 2396 2461 2462 2397
face 4 2360 -1 5 6621 6622 6687 6686
face 4 2361 2362 -1 2398 2463 6688 6623
face 4 2361 2425 -1 2462 6687 6688 2463
face 4 2361 -1 4 2397 2462 2463 2398
face 4 2361 -1 5 6622 6623 6688 6687
face 4 2362 2363 -1 2399 2464 6689 6624
face 4 2362 2426 -1 2463 6688 6689 2464
face 4 2362 -1 4 2398 2463 2464 2399
face 4 2362 -1 5 6623 6624 6689 6688
face 4 2363 2364 -1 2400 2465 6690 6625
face 4 2363 2427 -1 2464 6689 6690 2465
face 4 2363 -1 4 2399 2464 2465 2400
face 4 2363 -1 5 6624 6625 6690 6689
face 4 2364 2365 -1 2401 2466 6691 6626
face 4 2364 2428 -1 2465 6690 6691 2466
face 4 2364 -1 4 2400 2465 2466 2401
face 4 2364 -1 5 6625 6626 6691 6690
face 4 2365 2366 -1 2402 2467 6692 6627
face 4 2365 2429 -1 2466 6691 6692 2467
face 4 2365 -1 4 2401 2466 2467 2402
face 4 2365 -1 5 6626 6627 6692 6691
face 4 2366 2367 -1 2403 2468 6693 6628
face 4 2366 2430 -1 2467 6692 6693 2468
face 4 2366 -1 4 2402 2467 2468 2403
face 4 2366 -1 5 6627 6628 6693 6692
face 4 2367 -1 1 2404 2469 6694 6629
face 4 2367 2431 -1 2468 6693 6694 2469
face 4 2367 -1 4 2403 2468 2469 2404
face 4 2367 -1 5 6628 6629 6694 6693
face 4 2368 -1 0 2405 6630 6695 2470
face 4 2368 2369 -1 2406 2471 6696 6631
face 4 2368 2432 -1 2470 6695 6696 2471
face 4 2368 -1 4 2405 2470 2471 2406
face 4 2368 -1 5 6630 6631 6696 6695
face 4 2369 2370 -1 2407 2472 6697 6632
face 4 2369 2433 -1 2471 6696 6697 2472
face 4 2369 -1 4 2406 2471 2472 2407
face 4 2369 -1 5 6631 6632 6697 6696
face 4 2370 2371 -1 2408 2473 6698 6633
face 4 2370 2434 -1 2472 6697 6698 2473
face 4 2370 -1 4 2407 2472 2473 2408
face 4 2370 -1 5 6632 6633 6698 6697
face 4 2371 2372 -1 2409 2474 6699 6634
face 4 2371 2435 -1 2473 6698 6699 2474
face 4 2371 -1 4 2408 2473 2474 2409
face 4 2371 -1 5 6633 6634 6699 6698
face 4 2372 2373 -1 2410 2475 6700 6635
face 4 2372 2436 -1 2474 6699 6700 2475
face 4 2372 -1 4 2409 2474 2475 2410
face 4 2372 -1 5 6634 6635 6700 6699
face 4 2373 2374 -1 2411 2476 6701 6636
face 4 2373 2437 -1 2475 6700 6701 2476
face 4 2373 -1 4 2410 2475 2476 2411
face 4 2373 -1 5 6635 6636 6701 6700
face 4 2374 2375 -1 2412 2477 6702 6637
face 4 2374 2438 -1 2476 6701 6702 2477
face 4 2374 -1 4 2411 2476 2477 2412
face 4 2374 -1 5 6636 6637 6702 6701
face 4 2375 2376 -1 2413 2478 6703 6638
face 4 2375 2439 -1 2477 6702 6703 2478
face 4 2375 -1 4 2412 2477 2478 2413
face 4 2375 -1 5 6637 6638 6703 6702
face 4 2376 2377 -1 2414 2479 6704 6639
face 4 2376 2440 -1 2478 6703 6704 2479
face 4 2376 -1 4 2413 2478 2479 2414
face 4 2376 -1 5 6638 6639 6704 6703
face 4 2377 2378 -1 2415 2480 6705 6640
face 4 2377 2441 -1 2479 6704 6705 2480
face 4 2377 -1 4 2414 2479 2480 2415
face 4 2377 -1 5 6639 6640 6705 6704
face 4 2378 2379 -1 2416 2481 6706 6641
face 4 2378 2442 -1 2480 6705 6706 2481
face 4 2378 -1 4 2415 2480 2481 2416
face 4 2378 -1 5 6640 6641 6706 6705
face 4 2379 2380 -1 2417 2482 6707 6642
face 4 2379 2443 -1 2481 6706 6707 2482
face 4 2379 -1 4 2416 2481 2482 2417
face 4 2379 -1 5 6641 6642 6707 6706
face 4 2380 2381 -1 2418 2483 6708 6643
face 4 2380 2444 -1 2482 6707 6708 2483
face 4 2380 -1 4 2417 2482 2483 2418
face 4 2380 -1 5 6642 6643 6708 6707
face 4 2381 2382 -1 2419 2484 6709 6644
face 4 2381 2445 -1 2483 6708 6709 2484
face 4 2381 -1 4 2418 2483 2484 2419
face 4 2381 -1 5 6643 6644 6709 6708
face 4 2382 2383 -1 2420 2485 6710 6645
face 4 2382 2446 -1 2484 6709 6710 2485
face 4 2382 -1 4 2419 2484 2485 2420
face 4 2382 -1 5 6644 6645 6710 6709
face 4 2383 2384 -1 2421 2486 6711 6646
face 4 2383 2447 -1 2485 6710 6711 2486
face 4 2383 -1 4 2420 2485 2486 2421
face 4 2383 -1 5 6645 6646 6711 6710
face 4 2384 2385 -1 2422 2487 6712 6647
face 4 2384 2448 -1 2486 6711 6712 2487
face 4 2384 -1 4 2421 2486 2487 2422
face 4 2384 -1 5 6646 6647 6712 6711
face 4 2385 2386 -1 2423 2488 6713 6648
face 4 2385 2449 -1 2487 6712 6713 2488
face 4 2385 -1 4 2422 2487 2488 2423
face 4 2385 -1 5 6647 6648 6713 6712
face 4 2386 2387 -1 2424 2489 6714 6649
face 4 2386 2450 -1 2488 6713 6714 2489
face 4 2386 -1 4 2423 2488 2489 2424
face 4 2386 -1 5 6648 6649 6714 6713
face 4 2387 2388 -1 2425 2490 6715 6650
face 4 2387 2451 -1 2489 6714 6715 2490
face 4 2387 -1 4 2424 2489 2490 2425
face 4 2387 -1 5 6649 6650 6715 6714
face 4 2388 2389 -1 2426 2491 6716 6651
face 4 2388 2452 -1 2490 6715 6716 2491
face 4 2388 -1 4 2425 2490 2491 2426
face 4 2388 -1 5 6650 6651 6716 6715
face 4 2389 2390 -1 2427 2492 6717 6652
face 4 2389 2453 -1 2491 6716 6717 2492
face 4 2389 -1 4 2426 2491 2492 2427
face 4 2389 -1 5 6651 6652 6717 6716
face 4 2390 2391 -1 2428 2493 6718 6653
face 4 2390 2454 -1 2492 6717 6718 2493
face 4 2390 -1 4 2427 2492 2493 2428
face 4 2390 -1 5 6652 6653 6718 6717
face 4 2391 2392 -1 2429 2494 6719 6654
face 4 2391 2455 -1 2493 6718 6719 2494
face 4 2391 -1 4 2428 2493 2494 2429
face 4 2391 -1 5 6653 6654 6719 6718
face 4 2392 2393 -1 2430 2495 6720 6655
face 4 2392 2456 -1 2494 6719 6720 2495
face 4 2392 -1 4 2429 2494 2495 2430
face 4 2392 -1 5 6654 6655 6720 6719
face 4 2393 2394 -1 2431 2496 6721 6656
face 4 2393 2457 -1 2495 6720 6721 2496
face 4 2393 -1 4 2430 2495 2496 2431
face 4 2393 -1 5 6655 6656 6721 6720
face 4 2394 2395 -1 2432 2497 6722 6657
face 4 2394 2458 -1 2496 6721 6722 2497
face 4 2394 -1 4 2431 2496 2497 2432
face 4 2394 -1 5 6656 6657 6722 6721
face 4 2395 2396 -1 2433 2498 6723 6658
face 4 2395 2459 -1 2497 6722 6723 2498
face 4 2395 -1 4 2432 2497 2498 2433
face 4 2395 -1 5 6657 6658 6723 6722
face 4 2396 2397 -1 2434 2499 6724 6659
face 4 2396 2460 -1 2498 6723 6724 2499
face 4 2396 -1 4 2433 2498 2499 2434
face 4 2396 -1 5 6658 6659 6724 6723
face 4 2397 2398 -1 2435 2500 6725 6660
face 4 2397 2461 -1 2499 6724 6725 2500
face 4 2397 -1 4 2434 2499 2500 2435
face 4 2397 -1 5 6659 6660 6725 6724
face 4 2398 2399 -1 2436 2501 6726 6661
face 4 2398 2462 -1 2500 6725 6726 2501
face 4 2398 -1 4 2435 2500 2501 2436
face 4 2398 -1 5 6660 6661 6726 6725
face 4 2399 2400 -1 2437 2502 6727 6662
face 4 2399 2463 -1 2501 6726 6727 2502
face 4 2399 -1 4 2436 2501 2502 2437
face 4 2399 -1 5 6661 6662 6727 6726
face 4 2400 2401 -1 2438 2503 6728 6663
face 4 2400 2464 -1 2502 6727 6728 2503
face 4 2400 -1 4 2437 2502 2503 2438
face 4 2400 -1 5 6662 6663 6728 6727
face 4 2401 2402 -1 2439 2504 6729 6664
face 4 2401 2465 -1 2503 6728 6729 2504
face 4 2401 -1 4 2438 2503 2504 2439
face 4 2401 -1 5 6663 6664 6729 6728
face 4 2402 2403 -1 2440 2505 6730 6665
face 4 2402 2466 -1 2504 6729 6730 2505
face 4 2402 -1 4 2439 2504 2505 2440
face 4 2402 -1 5 6664 6665 6730 6729
face 4 2403 2404 -1 2441 2506 6731 6666
face 4 2403 2467 -1 2505 6730 6731 2506
face 4 2403 -1 4 2440 2505 2506 2441
face 4 2403 -1 5 6665 6666 6731 6730
face 4 2404 2405 -1 2442 2507 6732 6667
face 4 2404 2468 -1 2506 6731 6732 2507
face 4 2404 -1 4 2441 2506 2507 2442
face 4 2404 -1 5 6666 6667 6732 6731
face 4 2405 2406 -1 2443 2508 6733 6668
face 4 2405 2469 -1 2507 6732 6733 2508
face 4 2405 -1 4 2442 2507 2508 2443
face 4 2405 -1 5 6667 6668 6733 6732
face 4 2406 2407 -1 2444 2509 6734 6669
face 4 2406 2470 -1 2508 6733 6734 2509
face 4 2406 -1 4 2443 2508 2509 2444
face 4 2406 -1 5 6668 6669 6734 6733
face 4 2407 2408 -1 2445 2510 6735 6670
face 4 2407 2471 -1 2509 6734 6735 2510
face 4 2407 -1 4 2444 2509 2510 2445
face 4 2407 -1 5 6669 6670 6735 6734
face 4 2408 2409 -1 2446 2511 6736 6671
face 4 2408 2472 -1 2510 6735 6736 2511
face 4 2408 -1 4 2445 2510 2511 2446
face 4 2408 -1 5 6670 6671 6736 6735
face 4 2409 2410 -1 2447 2512 6737 6672
face 4 2409 2473 -1 2511 6736 6737 2512
face 4 2409 -1 4 2446 2511 2512 2447
face 4 2409 -1 5 6671 6672 6737 6736
face 4 2410 2411 -1 2448 2513 6738 6673
face 4 2410 2474 -1 2512 6737 6738 2513
face 4 2410 -1 4 2447 2512 2513 2448
face 4 2410 -1 5 6672 6673 6738 6737
face 4 2411 2412 -1 2449 2514 6739 6674
face 4 2411 2475 -1 2513 6738 6739 2514
face 4 2411 -1 4 2448 2513 2514 2449
face 4 2411 -1 5 6673 6674 6739 6738
face 4 2412 2413 -1 2450 2515 6740 6675
face 4 2412 2476 -1 2514 6739 6740 2515
face 4 2412 -1 4 2449 2514 2515 2450
face 4 2412 -1 5 6674 6675 6740 6739
face 4 2413 2414 -1 2451 2516 6741 6676
face 4 2413 2477 -1 2515 6740 6741 2516
face 4 2413 -1 4 2450 2515 2516 2451
face 4 2413 -1 5 6675 6676 6741 6740
face 4 2414 2415 -1 2452 2517 6742 6677
face 4 2414 2478 -1 2516 6741 6742 2517
face 4 2414 -1 4 2451 2516 2517 2452
face 4 2414 -1 5 6676 6677 6742 6741
face 4 2415 2416 -1 2453 2518 6743 6678
face 4 2415 2479 -1 2517 6742 6743 2518
face 4 2415 -1 4 2452 2517 2518 2453
face 4 2415 -1 5 6677 6678 6743 6742
face 4 2416 2417 -1 2454 2519 6744 6679
face 4 2416 2480 -1 2518 6743 6744 2519
face 4 2416 -1 4 2453 2518 2519 2454
face 4 2416 -1 5 6678 6679 6744 6743
face 4 2417 2418 -1 2455 2520 6745 6680
face 4 2417 2481 -1 2519 6744 6745 2520
face 4 2417 -1 4 2454 2519 2520 2455
face 4 2417 -1 5 6679 6680 6745 6744
face 4 2418 2419 -1 2456 2521 6746 6681
face 4 2418 2482 -1 2520 6745 6746 2521
face 4 2418 -1 4 2455 2520 2521 2456
face 4 2418 -1 5 6680 6681 6746 6745
face 4 2419 2420 -1 2457 2522 6747 6682
face 4 2419 2483 -1 2521 6746 6747 2522
face 4 2419 -1 4 2456 2521 2522 2457
face 4 2419 -1 5 6681 6682 6747 6746
face 4 2420 2421 -1 2458 2523 6748 6683
face 4 2420 2484 -1 2522 6747 6748 2523
face 4 2420 -1 4 2457 2522 2523 2458
face 4 2420 -1 5 6682 6683 6748 6747
face 4 2421 2422 -1 2459 2524 6749 6684
face 4 2421 2485 -1 2523 6748 6749 2524
face 4 2421 -1 4 2458 2523 2524 2459
face 4 2421 -1 5 6683 6684 6749 6748
face 4 2422 2423 -1 2460 2525 6750 6685
face 4 2422 2486 -1 2524 6749 6750 2525
face 4 2422 -1 4 2459 2524 2525 2460
face 4 2422 -1 5 6684 6685 6750 6749
face 4 2423 2424 -1 2461 2526 6751 6686
face 4 2423 2487 -1 2525 6750 6751 2526
face 4 2423 -1 4 2460 2525 2526 2461
face 4 2423 -1 5 6685 6686 6751 6750
face 4 2424 2425 -1 2462 2527 6752 6687
face 4 2424 2488 -1 2526 6751 6752 2527
face 4 2424 -1 4 2461 2526 2527 2462
face 4 2424 -1 5 6686 6687 6752 6751
face 4 2425 2426 -1 2463 2528 6753 6688
face 4 2425 2489 -1 2527 6752 6753 2528
face 4 2425 -1 4 2462 2527 2528 2463
face 4 2425 -1 5 6687 6688 6753 6752
face 4 2426 2427 -1 2464 2529 6754 6689
face 4 2426 2490 -1 2528 6753 6754 2529
face 4 2426 -1 4 2463 2528 2529 2464
face 4 2426 -1 5 6688 6689 6754 6753
face 4 2427 2428 -1 2465 2530 6755 6690
face 4 2427 2491 -1 2529 6754 6755 2530
face 4 2427 -1 4 2464 2529 2530 2465
face 4 2427 -1 5 6689 6690 6755 6754
face 4 2428 2429 -1 2466 2531 6756 6691
face 4 2428 2492 -1 2530 6755 6756 2531
face 4 2428 -1 4 2465 2530 2531 2466
face 4 2428 -1 5 6690 6691 6756 6755
face 4 2429 2430 -1 2467 2532 6757 6692
face 4 2429 2493 -1 2531 6756 6757 2532
face 4 2429 -1 4 2466 2531 2532 2467
face 4 2429 -1 5 6691 6692 6757 6756
face 4 2430 2431 -1 2468 2533 6758 6693
face 4 2430 2494 -1 2532 6757 6758 2533
face 4 2430 -1 4 2467 2532 2533 2468
face 4 2430 -1 5 6692 6693 6758 6757
face 4 2431 -1 1 2469 2534 6759 6694
face 4 2431 2495 -1 2533 6758 6759 2534
face 4 2431 -1 4 2468 2533 2534 2469
face 4 2431 -1 5 6693 6694 6759 6758
face 4 2432 -1 0 2470 6695 6760 2535
face 4 2432 2433 -1 2471 2536 6761 6696
face 4 2432 2496 -1 2535 6760 6761 2536
face 4 2432 -1 4 2470 2535 2536 2471
face 4 2432 -1 5 6695 6696 6761 6760
face 4 2433 2434 -1 2472 2537 6762 6697
face 4 2433 2497 -1 2536 6761 6762 2537
face 4 2433 -1 4 2471 2536 2537 2472
face 4 2433 -1 5 6696 6697 6762 6761
face 4 2434 2435 -1 2473 2538 6763 6698
face 4 2434 2498 -1 2537 6762 6763 2538
face 4 2434 -1 4 2472 2537 2538 2473
face 4 2434 -1 5 6697 6698 6763 6762
face 4 2435 2436 -1 2474 2539 6764 6699
face 4 2435 2499 -1 2538 6763 6764 2539
face 4 2435 -1 4 2473 2538 2539 2474
face 4 2435 -1 5 6698 6699 6764 6763
face 4 2436 2437 -1 2475 2540 6765 6700
face 4 2436 2500 -1 2539 6764 6765 2540
face 4 2436 -1 4 2474 2539 2540 2475
face 4 2436 -1 5 6699 6700 6765 6764
face 4 2437 2438 -1 2476 2541 6766 6701
face 4 2437 2501 -1 2540 6765 6766 2541
face 4 2437 -1 4 2475 2540 2541 2476
face 4 2437 -1 5 6700 6701 6766 6765
face 4 2438 2439 -1 2477 2542 6767 6702
face 4 2438 2502 -1 2541 6766 6767 2542
face 4 2438 -1 4 2476 2541 2542 2477
face 4 2438 -1 5 6701 6702 6767 6766
face 4 2439 2440 -1 2478 2543 6768 6703
face 4 2439 2503 -1 2542 6767 6768 2543
face 4 2439 -1 4 2477 2542 2543 2478
face 4 2439 -1 5 6702 6703 6768 6767
face 4 2440 2441 -1 2479 2544 6769 6704
face 4 2440 2504 -1 2543 6768 6769 2544
face 4 2440 -1 4 2478 2543 2544 2479
face 4 2440 -1 5 6703 6704 6769 6768
face 4 2441 2442 -1 2480 2545 6770 6705
face 4 2441 2505 -1 2544 6769 6770 2545
face 4 2441 -1 4 2479 2544 2545 2480
face 4 2441 -1 5 6704 6705 6770 6769
face 4 2442 2443 -1 2481 2546 6771 6706
face 4 2442 2506 -1 2545 6770 6771 2546
face 4 2442 -1 4 2480 2545 2546 2481
face 4 2442 -1 5 6705 6706 6771 6770
face 4 2443 2444 -1 2482 2547 6772 6707
face 4 2443 2507 -1 2546 6771 6772 2547
face 4 2443 -1 4 2481 2546 2547 2482
face 4 2443 -1 5 6706 6707 6772 6771
face 4 2444 2445 -1 2483 2548 6773 6708
face 4 2444 2508 -1 2547 6772 6773 2548
face 4 2444 -1 4 2482 2547 2548 2483
face 4 2444 -1 5 6707 6708 6773 6772
face 4 2445 2446 -1 2484 2549 6774 6709
face 4 2445 2509 -1 2548 6773 6774 2549
face 4 2445 -1 4 2483 2548 2549 2484
face 4 2445 -1 5 6708 6709 6774 6773
face 4 2446 2447 -1 2485 2550 6775 6710
face 4 2446 2510 -1 2549 6774 6775 2550
face 4 2446 -1 4 2484 2549 2550 2485
face 4 2446 -1 5 6709 6710 6775 6774
face 4 2447 2448 -1 2486 2551 6776 6711
face 4 2447 2511 -1 2550 6775 6776 2551
face 4 2447 -1 4 2485 2550 2551 2486
face 4 2447 -1 5 6710 6711 6776 6775
face 4 2448 2449 -1 2487 2552 6777 6712
face 4 2448 2512 -1 2551 6776 6777 2552
face 4 2448 -1 4 2486 2551 2552 2487
face 4 2448 -1 5 6711 6712 6777 6776
face 4 2449 2450 -1 2488 2553 6778 6713
face 4 2449 2513 -1 2552 6777 6778 2553
face 4 2449 -1 4 2487 2552 2553 2488
face 4 2449 -1 5 6712 6713 6778 6777
face 4 2450 2451 -1 2489 2554 6779 6714
face 4 2450 2514 -1 2553 6778 6779 2554
face 4 2450 -1 4 2488 2553 2554 2489
face 4 2450 -1 5 6713 6714 6779 6778
face 4 2451 2452 -1 2490 2555 6780 6715
face 4 2451 2515 -1 2554 6779 6780 2555
face 4 2451 -1 4 2489 2554 2555 2490
face 4 2451 -1 5 6714 6715 6780 6779
face 4 2452 2453 -1 2491 2556 6781 6716
face 4 2452 2516 -1 2555 6780 6781 2556
face 4 2452 -1 4 2490 2555 2556 2491
face 4 2452 -1 5 6715 6716 6781 6780
face 4 2453 2454 -1 2492 2557 6782 6717
face 4 2453 2517 -1 2556 6781 6782 2557
face 4 2453 -1 4 2491 2556 2557 2492
face 4 2453 -1 5 6716 6717 6782 6781
face 4 2454 2455 -1 2493 2558 6783 6718
face 4 2454 2518 -1 2557 6782 6783 2558
face 4 2454 -1 4 2492 2557 2558 2493
face 4 2454 -1 5 6717 6718 6783 6782
face 4 2455 2456 -1 2494 2559 6784 6719
face 4 2455 2519 -1 2558 6783 6784 2559
face 4 2455 -1 4 2493 2558 2559 2494
face 4 2455 -1 5 6718 6719 6784 6783
face 4 2456 2457 -1 2495 2560 6785 6720
face 4 2456 2520 -1 2559 6784 6785 2560
face 4 2456 -1 4 2494 2559 2560 2495
face 4 2456 -1 5 6719 6720 6785 6784
face 4 2457 2458 -1 2496 2561 6786 6721
face 4 2457 2521 -1 2560 6785 6786 2561
face 4 2457 -1 4 2495 2560 2561 2496
face 4 2457 -1 5 6720 6721 6786 6785
face 4 2458 2459 -1 2497 2562 6787 6722
face 4 2458 2522 -1 2561 6786 6787 2562
face 4 2458 -1 4 2496 2561 2562 2497
face 4 2458 -1 5 6721 6722 6787 6786
face 4 2459 2460 -1 2498 2563 6788 6723
face 4 2459 2523 -1 2562 6787 6788 2563
face 4 2459 -1 4 2497 2562 2563 2498
face 4 2459 -1 5 6722 6723 6788 6787
face 4 2460 2461 -1 2499 2564 6789 6724
face 4 2460 2524 -1 2563 6788 6789 2564
face 4 2460 -1 4 2498 2563 2564 2499
face 4 2460 -1 5 6723 6724 6789 6788
face 4 2461 2462 -1 2500 2565 6790 6725
face 4 2461 2525 -1 2564 6789 6790 2565
face 4 2461 -1 4 2499 2564 2565 2500
face 4 2461 -1 5 6724 6725 6790 6789
face 4 2462 2463 -1 2501 2566 6791 6726
face 4 2462 2526 -1 2565 6790 6791 2566
face 4 2462 -1 4 2500 2565 2566 2501
face 4 2462 -1 5 6725 6726 6791 6790
face 4 2463 2464 -1 2502 2567 6792 6727
face 4 2463 2527 -1 2566 6791 6792 2567
face 4 2463 -1 4 2501 2566 2567 2502
face 4 2463 -1 5 6726 6727 6792 6791
face 4 2464 2465 -1 2503 2568 6793 6728
face 4 2464 2528 -1 2567 6792 6793 2568
face 4 2464 -1 4 2502 2567 2568 2503
face 4 2464 -1 5 6727 6728 6793 6792
face 4 2465 2466 -1 2504 2569 6794 6729
face 4 2465 2529 -1 2568 6793 6794 2569
face 4 2465 -1 4 2503 2568 2569 2504
face 4 2465 -1 5 6728 6729 6794 6793
face 4 2466 2467 -1 2505 2570 6795 6730
face 4 2466 2530 -1 2569 6794 6795 2570
face 4 2466 -1 4 2504 2569 2570 2505
face 4 2466 -1 5 6729 6730 6795 6794
face 4 2467 2468 -1 2506 2571 6796 6731
face 4 2467 2531 -1 2570 6795 6796 2571
face 4 2467 -1 4 2505 2570 2571 2506
face 4 2467 -1 5 6730 6731 6796 6795
face 4 2468 2469 -1 2507 2572 6797 6732
face 4 2468 2532 -1 2571 6796 6797 2572
face 4 2468 -1 4 2506 2571 2572 2507
face 4 2468 -1 5 6731 6732 6797 6796
face 4 2469 2470 -1 2508 2573 6798 6733
face 4 2469 2533 -1 2572 6797 6798 2573
face 4 2469 -1 4 2507 2572 2573 2508
face 4 2469 -1 5 6732 6733 6798 6797
face 4 2470 2471 -1 2509 2574 6799 6734
face 4 2470 2534 -1 2573 6798 6799 2574
face 4 2470 -1 4 2508 2573 2574 2509
face 4 2470 -1 5 6733 6734 6799 6798
face 4 2471 2472 -1 2510 2575 6800 6735
face 4 2471 2535 -1 2574 6799 6800 2575
face 4 2471 -1 4 2509 2574 2575 2510
face 4 2471 -1 5 6734 6735 6800 6799
face 4 2472 2473 -1 2511 2576 6801 6736
face 4 2472 2536 -1 2575 6800 6801 2576
face 4 2472 -1 4 2510 2575 2576 2511
face 4 2472 -1 5 6735 6736 6801 6800
face 4 2473 2474 -1 2512 2577 6802 6737
face 4 2473 2537 -1 2576 6801 6802 2577
face 4 2473 -1 4 2511 2576 2577 2512
face 4 2473 -1 5 6736 6737 6802 6801
face 4 2474 2475 -1 2513 2578 6803 6738
face 4 2474 2538 -1 2577 6802 6803 2578
face 4 2474 -1 4 2512 2577 2578 2513
face 4 2474 -1 5 6737 6738 6803 6802
face 4 2475 2476 -1 2514 2579 6804 6739
face 4 2475 2539 -1 2578 6803 6804 2579
face 4 2475 -1 4 2513 2578 2579 2514
face 4 2475 -1 5 6738 6739 6804 6803
face 4 2476 2477 -1 2515 2580 6805 6740
face 4 2476 2540 -1 2579 6804 6805 2580
face 4 2476 -1 4 2514 2579 2580 2515
face 4 2476 -1 5 6739 6740 6805 6804
face 4 2477 2478 -1 2516 2581 6806 6741
face 4 2477 2541 -1 2580 6805 6806 2581
face 4 2477 -1 4 2515 2580 2581 2516
face 4 2477 -1 5 6740 6741 6806 6805
face 4 2478 2479 -1 2517 2582 6807 6742
face 4 2478 2542 -1 2581 6806 6807 2582
face 4 2478 -1 4 2516 2581 2582 2517
face 4 2478 -1 5 6741 6742 6807 6806
face 4 2479 2480 -1 2518 2583 6808 6743
face 4 2479 2543 -1 2582 6807 6808 2583
face 4 2479 -1 4 2517 2582 2583 2518
face 4 2479 -1 5 6742 6743 6808 6807
face 4 2480 2481 -1 2519 2584 6809 6744
face 4 2480 2544 -1 2583 6808 6809 2584
face 4 2480 -1 4 2518 2583 2584 2519
face 4 2480 -1 5 6743 6744 6809 6808
face 4 2481 2482 -1 2520 2585 6810 6745
face 4 2481 2545 -1 2584 6809 6810 2585
face 4 2481 -1 4 2519 2584 2585 2520
face 4 2481 -1 5 6744 6745 6810 6809
face 4 2482 2483 -1 2521 2586 6811 6746
face 4 2482 2546 -1 2585 6810 6811 2586
face 4 2482 -1 4 2520 2585 2586 2521
face 4 2482 -1 5 6745 6746 6811 6810
face 4 2483 2484 -1 2522 2587 6812 6747
face 4 2483 2547 -1 2586 6811 6812 2587
face 4 2483 -1 4 2521 2586 2587 2522
face 4 2483 -1 5 6746 6747 6812 6811
face 4 2484 2485 -1 2523 2588 6813 6748
face 4 2484 2548 -1 2587 6812 6813 2588
face 4 2484 -1 4 2522 2587 2588 2523
face 4 2484 -1 5 6747 6748 6813 6812
face 4 2485 2486 -1 2524 2589 6814 6749
face 4 2485 2549 -1 2588 6813 6814 2589
face 4 2485 -1 4 2523 2588 2589 2524
face 4 2485 -1 5 6748 6749 6814 6813
face 4 2486 2487 -1 2525 2590 6815 6750
face 4 2486 2550 -1 2589 6814 6815 2590
face 4 2486 -1 4 2524 2589 2590 2525
face 4 2486 -1 5 6749 6750 6815 6814
face 4 2487 2488 -1 2526 2591 6816 6751
face 4 2487 2551 -1 2590 6815 6816 2591
face 4 2487 -1 4 2525 2590 2591 2526
face 4 2487 -1 5 6750 6751 6816 6815
face 4 2488 2489 -1 2527 2592 6817 6752
face 4 2488 2552 -1 2591 6816 6817 2592
face 4 2488 -1 4 2526 2591 2592 2527
face 4 2488 -1 5 6751 6752 6817 6816
face 4 2489 2490 -1 2528 2593 6818 6753
face 4 2489 2553 -1 2592 6817 6818 2593
face 4 2489 -1 4 2527 2592 2593 2528
face 4 2489 -1 5 6752 6753 6818 6817
face 4 2490 2491 -1 2529 2594 6819 6754
face 4 2490 2554 -1 2593 6818 6819 2594
face 4 2490 -1 4 2528 2593 2594 2529
face 4 2490 -1 5 6753 6754 6819 6818
face 4 2491 2492 -1 2530 2595 6820 6755
face 4 2491 2555 -1 2594 6819 6820 2595
face 4 2491 -1 4 2529 2594 2595 2530
face 4 2491 -1 5 6754 6755 6820 6819
face 4 2492 2493 -1 2531 2596 6821 6756
face 4 2492 2556 -1 2595 6820 6821 2596
face 4 2492 -1 4 2530 2595 2596 2531
face 4 2492 -1 5 6755 6756 6821 6820
face 4 2493 2494 -1 2532 2597 6822 6757
face 4 2493 2557 -1 2596 6821 6822 2597
face 4 2493 -1 4 2531 2596 2597 2532
face 4 2493 -1 5 6756 6757 6822 6821
face 4 2494 2495 -1 2533 2598 6823 6758
face 4 2494 2558 -1 2597 6822 6823 2598
face 4 2494 -1 4 2532 2597 2598 2533
face 4 2494 -1 5 6757 6758 6823 6822
face 4 2495 -1 1 2534 2599 6824 6759
face 4 2495 2559 -1 2598 6823 6824 2599
face 4 2495 -1 4 2533 2598 2599 2534
face 4 2495 -1 5 6758 6759 6824 6823
face 4 2496 -1 0 2535 6760 6825 2600
face 4 2496 2497 -1 2536 2601 6826 6761
face 4 2496 2560 -1 2600 6825 6826 2601
face 4 2496 -1 4 2535 2600 2601 2536
face 4 2496 -1 5 6760 6761 6826 6825
face 4 2497 2498 -1 2537 2602 6827 6762
face 4 2497 2561 -1 2601 6826 6827 2602
face 4 2497 -1 4 2536 2601 2602 2537
face 4 2497 -1 5 6761 6762 6827 6826
face 4 2498 2499 -1 2538 2603 6828 6763
face 4 2498 2562 -1 2602 6827 6828 2603
face 4 2498 -1 4 2537 2602 2603 2538
face 4 2498 -1 5 6762 6763 6828 6827
face 4 2499 2500 -1 2539 2604 6829 6764
face 4 2499 2563 -1 2603 6828 6829 2604
face 4 2499 -1 4 2538 2603 2604 2539
face 4 2499 -1 5 6763 6764 6829 6828
face 4 2500 2501 -1 2540 2605 6830 6765
face 4 2500 2564 -1 2604 6829 6830 2605
face 4 2500 -1 4 2539 2604 2605 2540
face 4 2500 -1 5 6764 6765 6830 6829
face 4 2501 2502 -1 2541 2606 6831 6766
face 4 2501 2565 -1 2605 6830 6831 2606
face 4 2501 -1 4 2540 2605 2606 2541
face 4 2501 -1 5 6765 6766 6831 6830
face 4 2502 2503 -1 2542 2607 6832 6767
face 4 2502 2566 -1 2606 6831 6832 2607
face 4 2502 -1 4 2541 2606 2607 2542
face 4 2502 -1 5 6766 6767 6832 6831
face 4 2503 2504 -1 2543 2608 6833 6768
face 4 2503 2567 -1 2607 6832 6833 2608
face 4 2503 -1 4 2542 2607 2608 2543
face 4 2503 -1 5 6767 6768 6833 6832
face 4 2504 2505 -1 2544 2609 6834 6769
face 4 2504 2568 -1 2608 6833 6834 2609
face 4 2504 -1 4 2543 2608 2609 2544
face 4 2504 -1 5 6768 6769 6834 6833
face 4 2505 2506 -1 2545 2610 6835 6770
face 4 2505 2569 -1 2609 6834 6835 2610
face 4 2505 -1 4 2544 2609 2610 2545
face 4 2505 -1 5 6769 6770 6835 6834
face 4 2506 2507 -1 2546 2611 6836 6771
face 4 2506 2570 -1 2610 6835 6836 2611
face 4 2506 -1 4 2545 2610 2611 2546
face 4 2506 -1 5 6770 6771 6836 6835
face 4 2507 2508 -1 2547 2612 6837 6772
face 4 2507 2571 -1 2611 6836 6837 2612
face 4 2507 -1 4 2546 2611 2612 2547
face 4 2507 -1 5 6771 6772 6837 6836
face 4 2508 2509 -1 2548 2613 6838 6773
face 4 2508 2572 -1 2612 6837 6838 2613
face 4 2508 -1 4 2547 2612 2613 2548
face 4 2508 -1 5 6772 6773 6838 6837
face 4 2509 2510 -1 2549 2614 6839 6774
face 4 2509 2573 -1 2613 6838 6839 2614
face 4 2509 -1 4 2548 2613 2614 2549
face 4 2509 -1 5 6773 6774 6839 6838
face 4 2510 2511 -1 2550 2615 6840 6775
face 4 2510 2574 -1 2614 6839 6840 2615
face 4 2510 -1 4 2549 2614 2615 2550
face 4 2510 -1 5 6774 6775 6840 6839
face 4 2511 2512 -1 2551 2616 6841 6776
face 4 2511 2575 -1 2615 6840 6841 2616
face 4 2511 -1 4 2550 2615 2616 2551
face 4 2511 -1 5 6775 6776 6841 6840
face 4 2512 2513 -1 2552 2617 6842 6777
face 4 2512 2576 -1 2616 6841 6842 2617
face 4 2512 -1 4 2551 2616 2617 2552
face 4 2512 -1 5 6776 6777 6842 6841
face 4 2513 2514 -1 2553 2618 6843 6778
face 4 2513 2577 -1 2617 6842 6843 2618
face 4 2513 -1 4 2552 2617 2618 2553
face 4 2513 -1 5 6777 6778 6843 6842
face 4 2514 2515 -1 2554 2619 6844 6779
face 4 2514 2578 -1 2618 6843 6844 2619
face 4 2514 -1 4 2553 2618 2619 2554
face 4 2514 -1 5 6778 6779 6844 6843
face 4 2515 2516 -1 2555 2620 6845 6780
face 4 2515 2579 -1 2619 6844 6845 2620
face 4 2515 -1 4 2554 2619 2620 2555
face 4 2515 -1 5 6779 6780 6845 6844
face 4 2516 2517 -1 2556 2621 6846 6781
face 4 2516 2580 -1 2620 6845 6846 2621
face 4 2516 -1 4 2555 2620 2621 2556
face 4 2516 -1 5 6780 6781 6846 6845
face 4 2517 2518 -1 2557 2622 6847 6782
face 4 2517 2581 -1 2621 6846 6847 2622
face 4 2517 -1 4 2556 2621 2622 2557
face 4 2517 -1 5 6781 6782 6847 6846
face 4 2518 2519 -1 2558 2623 6848 6783
face 4 2518 2582 -1 2622 6847 6848 2623
face 4 2518 -1 4 2557 2622 2623 2558
face 4 2518 -1 5 6782 6783 6848 6847
face 4 2519 2520 -1 2559 2624 6849 6784
face 4 2519 2583 -1 2623 6848 6849 2624
face 4 2519 -1 4 2558 2623 2624 2559
face 4 2519 -1 5 6783 6784 6849 6848
face 4 2520 2521 -1 2560 2625 6850 6785
face 4 2520 2584 -1 2624 6849 6850 2625
face 4 2520 -1 4 2559 2624 2625 2560
face 4 2520 -1 5 6784 6785 6850 6849
face 4 2521 2522 -1 2561 2626 6851 6786
face 4 2521 2585 -1 2625 6850 6851 2626
face 4 2521 -1 4 2560 2625 2626 2561
face 4 2521 -1 5 6785 6786 6851 6850
face 4 2522 2523 -1 2562 2627 6852 6787
face 4 2522 2586 -1 2626 6851 6852 2627
face 4 2522 -1 4 2561 2626 2627 2562
face 4 2522 -1 5 6786 6787 6852 6851
face 4 2523 2524 -1 2563 2628 6853 6788
face 4 2523 2587 -1 2627 6852 6853 2628
face 4 2523 -1 4 2562 2627 2628 2563
face 4 2523 -1 5 6787 6788 6853 6852
face 4 2524 2525 -1 2564 2629 6854 6789
face 4 2524 2588 -1 2628 6853 6854 2629
face 4 2524 -1 4 2563 2628 2629 2564
face 4 2524 -1 5 6788 6789 6854 6853
face 4 2525 2526 -1 2565 2630 6855 6790
face 4 2525 2589 -1 2629 6854 6855 2630
face 4 2525 -1 4 2564 2629 2630 2565
face 4 2525 -1 5 6789 6790 6855 6854
face 4 2526 2527 -1 2566 2631 6856 6791
face 4 2526 2590 -1 2630 6855 6856 2631
face 4 2526 -1 4 2565 2630 2631 2566
face 4 2526 -1 5 6790 6791 6856 6855
face 4 2527 2528 -1 2567 2632 6857 6792
face 4 2527 2591 -1 2631 6856 6857 2632
face 4 2527 -1 4 2566 2631 2632 2567
face 4 2527 -1 5 6791 6792 6857 6856
face 4 2528 2529 -1 2568 2633 6858 6793
face 4 2528 2592 -1 2632 6857 6858 2633
face 4 2528 -1 4 2567 2632 2633 2568
face 4 2528 -1 5 6792 6793 6858 6857
face 4 2529 2530 -1 2569 2634 6859 6794
face 4 2529 2593 -1 2633 6858 6859 2634
face 4 2529 -1 4 2568 2633 2634 2569
face 4 2529 -1 5 6793 6794 6859 6858
face 4 2530 2531 -1 2570 2635 6860 6795
face 4 2530 2594 -1 2634 6859 6860 2635
face 4 2530 -1 4 2569 2634 2635 2570
face 4 2530 -1 5 6794 6795 6860 6859
face 4 2531 2532 -1 2571 2636 6861 6796
face 4 2531 2595 -1 2635 6860 6861 2636
face 4 2531 -1 4 2570 2635 2636 2571
face 4 2531 -1 5 6795 6796 6861 6860
face 4 2532 2533 -1 2572 2637 6862 6797
face 4 2532 2596 -1 2636 6861 6862 2637
face 4 2532 -1 4 2571 2636 2637 2572
face 4 2532 -1 5 6796 6797 6862 6861
face 4 2533 2534 -1 2573 2638 6863 6798
face 4 2533 2597 -1 2637 6862 6863 2638
face 4 2533 -1 4 2572 2637 2638 2573
face 4 2533 -1 5 6797 6798 6863 6862
face 4 2534 2535 -1 2574 2639 6864 6799
face 4 2534 2598 -1 2638 6863 6864 2639
face 4 2534 -1 4 2573 2638 2639 2574
face 4 2534 -1 5 6798 6799 6864 6863
face 4 2535 2536 -1 2575 2640 6865 6800
face 4 2535 2599 -1 2639 6864 6865 2640
face 4 2535 -1 4 2574 2639 2640 2575
face 4 2535 -1 5 6799 6800 6865 6864
face 4 2536 2537 -1 2576 2641 6866 6801
face 4 2536 2600 -1 2640 6865 6866 2641
face 4 2536 -1 4 2575 2640 2641 2576
face 4 2536 -1 5 6800 6801 6866 6865
face 4 2537 2538 -1 2577 2642 6867 6802
face 4 2537 2601 -1 2641 6866 6867 2642
face 4 2537 -1 4 2576 2641 2642 2577
face 4 2537 -1 5 6801 6802 6867 6866
face 4 2538 2539 -1 2578 2643 6868 6803
face 4 2538 2602 -1 2642 6867 6868 2643
face 4 2538 -1 4 2577 2642 2643 2578
face 4 2538 -1 5 6802 6803 6868 6867
face 4 2539 2540 -1 2579 2644 6869 6804
face 4 2539 2603 -1 2643 6868 6869 2644
face 4 2539 -1 4 2578 2643 2644 2579
face 4 2539 -1 5 6803 6804 6869 6868
face 4 2540 2541 -1 2580 2645 6870 6805
face 4 2540 2604 -1 2644 6869 6870 2645
face 4 2540 -1 4 2579 2644 2645 2580
face 4 2540 -1 5 6804 6805 6870 6869
face 4 2541 2542 -1 2581 2646 6871 6806
face 4 2541 2605 -1 2645 6870 6871 2646
face 4 2541 -1 4 2580 2645 2646 2581
face 4 2541 -1 5 6805 6806 6871 6870
face 4 2542 2543 -1 2582 2647 6872 6807
face 4 2542 2606 -1 2646 6871 6872 2647
face 4 2542 -1 4 2581 2646 2647 2582
face 4 2542 -1 5 6806 6807 6872 6871
face 4 2543 2544 -1 2583 2648 6873 6808
face 4 2543 2607 -1 2647 6872 6873 2648
face 4 2543 -1 4 2582 2647 2648 2583
face 4 2543 -1 5 6807 6808 6873 6872
face 4 2544 2545 -1 2584 2649 6874 6809
face 4 2544 2608 -1 2648 6873 6874 2649
face 4 2544 -1 4 2583 2648 2649 2584
face 4 2544 -1 5 6808 6809 6874 6873
face 4 2545 2546 -1 2585 2650 6875 6810
face 4 2545 2609 -1 2649 6874 6875 2650
face 4 2545 -1 4 2584 2649 2650 2585
face 4 2545 -1 5 6809 6810 6875 6874
face 4 2546 2547 -1 2586 2651 6876 6811
face 4 2546 2610 -1 2650 6875 6876 2651
face 4 2546 -1 4 2585 2650 2651 2586
face 4 2546 -1 5 6810 6811 6876 6875
face 4 2547 2548 -1 2587 2652 6877 6812
face 4 2547 2611 -1 2651 6876 6877 2652
face 4 2547 -1 4 2586 2651 2652 2587
face 4 2547 -1 5 6811 6812 6877 6876
face 4 2548 2549 -1 2588 2653 6878 6813
face 4 2548 2612 -1 2652 6877 6878 2653
face 4 2548 -1 4 2587 2652 2653 2588
face 4 2548 -1 5 6812 6813 6878 6877
face 4 2549 2550 -1 2589 2654 6879 6814
face 4 2549 2613 -1 2653 6878 6879 2654
face 4 2549 -1 4 2588 2653 2654 2589
face 4 2549 -1 5 6813 6814 6879 6878
face 4 2550 2551 -1 2590 2655 6880 6815
face 4 2550 2614 -1 2654 6879 6880 2655
face 4 2550 -1 4 2589 2654 2655 2590
face 4 2550 -1 5 6814 6815 6880 6879
face 4 2551 2552 -1 2591 2656 6881 6816
face 4 2551 2615 -1 2655 6880 6881 2656
face 4 2551 -1 4 2590 2655 2656 2591
face 4 2551 -1 5 6815 6816 6881 6880
face 4 2552 2553 -1 2592 2657 6882 6817
face 4 2552 2616 -1 2656 6881 6882 2657
face 4 2552 -1 4 2591 2656 2657 2592
face 4 2552 -1 5 6816 6817 6882 6881
face 4 2553 2554 -1 2593 2658 6883 6818
face 4 2553 2617 -1 2657 6882 6883 2658
face 4 2553 -1 4 2592 2657 2658 2593
face 4 2553 -1 5 6817 6818 6883 6882
face 4 2554 2555 -1 2594 2659 6884 6819
face 4 2554 2618 -1 2658 6883 6884 2659
face 4 2554 -1 4 2593 2658 2659 2594
face 4 2554 -1 5 6818 6819 6884 6883
face 4 2555 2556 -1 2595 2660 6885 6820
face 4 2555 2619 -1 2659 6884 6885 2660
face 4 2555 -1 4 2594 2659 2660 2595
face 4 2555 -1 5 6819 6820 6885 6884
face 4 2556 2557 -1 2596 2661 6886 6821
face 4 2556 2620 -1 2660 6885 6886 2661
face 4 2556 -1 4 2595 2660 2661 2596
face 4 2556 -1 5 6820 6821 6886 6885
face 4 2557 2558 -1 2597 2662 6887 6822
face 4 2557 2621 -1 2661 6886 6887 2662
face 4 2557 -1 4 2596 2661 2662 2597
face 4 2557 -1 5 6821 6822 6887 6886
face 4 2558 2559 -1 2598 2663 6888 6823
face 4 2558 2622 -1 2662 6887 6888 2663
face 4 2558 -1 4 2597 2662 2663 2598
face 4 2558 -1 5 6822 6823 6888 6887
face 4 2559 -1 1 2599 2664 6889 6824
face 4 2559 2623 -1 2663 6888 6889 2664
face 4 2559 -1 4 2598 2663 2664 2599
face 4 2559 -1 5 6823 6824 6889 6888
face 4 2560 -1 0 2600 6825 6890 2665
face 4 2560 2561 -1 2601 2666 6891 6826
face 4 2560 2624 -1 2665 6890 6891 2666
face 4 2560 -1 4 2600 2665 2666 2601
face 4 2560 -1 5 6825 6826 6891 6890
face 4 2561 2562 -1 2602 2667 6892 6827
face 4 2561 2625 -1 2666 6891 6892 2667
face 4 2561 -1 4 2601 2666 2667 2602
face 4 2561 -1 5 6826 6827 6892 6891
face 4 2562 2563 -1 2603 2668 6893 6828
face 4 2562 2626 -1 2667 6892 6893 2668
face 4 2562 -1 4 2602 2667 2668 2603
face 4 2562 -1 5 6827 6828 6893 6892
face 4 2563 2564 -1 2604 2669 6894 6829
face 4 2563 2627 -1 2668 6893 6894 2669
face 4 2563 -1 4 2603 2668 2669 2604
face 4 2563 -1 5 6828 6829 6894 6893
face 4 2564 2565 -1 2605 2670 6895 6830
face 4 2564 2628 -1 2669 6894 6895 2670
face 4 2564 -1 4 2604 2669 2670 2605
face 4 2564 -1 5 6829 6830 6895 6894
face 4 2565 2566 -1 2606 2671 6896 6831
face 4 2565 2629 -1 2670 6895 6896 2671
face 4 2565 -1 4 2605 2670 2671 2606
face 4 2565 -1 5 6830 6831 6896 6895
face 4 2566 2567 -1 2607 2672 6897 6832
face 4 2566 2630 -1 2671 6896 6897 2672
face 4 2566 -1 4 2606 2671 2672 2607
face 4 2566 -1 5 6831 6832 6897 6896
face 4 2567 2568 -1 2608 2673 6898 6833
face 4 2567 2631 -1 2672 6897 6898 2673
face 4 2567 -1 4 2607 2672 2673 2608
face 4 2567 -1 5 6832 6833 6898 6897
face 4 2568 2569 -1 2609 2674 6899 6834
face 4 2568 2632 -1 2673 6898 6899 2674
face 4 2568 -1 4 2608 2673 2674 2609
face 4 2568 -1 5 6833 6834 6899 6898
face 4 2569 2570 -1 2610 2675 6900 6835
face 4 2569 2633 -1 2674 6899 6900 2675
face 4 2569 -1 4 2609 2674 2675 2610
face 4 2569 -1 5 6834 6835 6900 6899
face 4 2570 2571 -1 2611 2676 6901 6836
face 4 2570 2634 -1 2675 6900 6901 2676
face 4 2570 -1 4 2610 2675 2676 2611
face 4 2570 -1 5 6835 6836 6901 6900
face 4 2571 2572 -1 2612 2677 6902 6837
face 4 2571 2635 -1 2676 6901 6902 2677
face 4 2571 -1 4 2611 2676 2677 2612
face 4 2571 -1 5 6836 6837 6902 6901
face 4 2572 2573 -1 2613 2678 6903 6838
face 4 2572 2636 -1 2677 6902 6903 2678
face 4 2572 -1 4 2612 2677 2678 2613
face 4 2572 -1 5 6837 6838 6903 6902
face 4 2573 2574 -1 2614 2679 6904 6839
face 4 2573 2637 -1 2678 6903 6904 2679
face 4 2573 -1 4 2613 2678 2679 2614
face 4 2573 -1 5 6838 6839 6904 6903
face 4 2574 2575 -1 2615 2680 6905 6840
face 4 2574 2638 -1 2679 6904 6905 2680
face 4 2574 -1 4 2614 2679 2680 2615
face 4 2574 -1 5 6839 6840 6905 6904
face 4 2575 2576 -1 2616 2681 6906 6841
face 4 2575 2639 -1 2680 6905 6906 2681
face 4 2575 -1 4 2615 2680 2681 2616
face 4 2575 -1 5 6840 6841 6906 6905
face 4 2576 2577 -1 2617 2682 6907 6842
face 4 2576 2640 -1 2681 6906 6907 2682
face 4 2576 -1 4 2616 2681 2682 2617
face 4 2576 -1 5 6841 6842 6907 6906
face 4 2577 2578 -1 2618 2683 6908 6843
face 4 2577 2641 -1 2682 6907 6908 2683
face 4 2577 -1 4 2617 2682 2683 2618
face 4 2577 -1 5 6842 6843 6908 6907
face 4 2578 2579 -1 2619 2684 6909 6844
face 4 2578 2642 -1 2683 6908 6909 2684
face 4 2578 -1 4 2618 2683 2684 2619
face 4 2578 -1 5 6843 6844 6909 6908
face 4 2579 2580 -1 2620 2685 6910 6845
face 4 2579 2643 -1 2684 6909 6910 2685
face 4 2579 -1 4 2619 2684 2685 2620
face 4 2579 -1 5 6844 6845 6910 6909
face 4 2580 2581 -1 2621 2686 6911 6846
face 4 2580 2644 -1 2685 6910 6911 2686
face 4 2580 -1 4 2620 2685 2686 2621
face 4 2580 -1 5 6845 6846 6911 6910
face 4 2581 2582 -1 2622 2687 6912 6847
face 4 2581 2645 -1 2686 6911 6912 2687
face 4 2581 -1 4 2621 2686 2687 2622
face 4 2581 -1 5 6846 6847 6912 6911
face 4 2582 2583 -1 2623 2688 6913 6848
face 4 2582 2646 -1 2687 6912 6913 2688
face 4 2582 -1 4 2622 2687 2688 2623
face 4 2582 -1 5 6847 6848 6913 6912
face 4 2583 2584 -1 2624 2689 6914 6849
face 4 2583 2647 -1 2688 6913 6914 2689
face 4 2583 -1 4 2623 2688 2689 2624
face 4 2583 -1 5 6848 6849 6914 6913
face 4 2584 2585 -1 2625 2690 6915 6850
face 4 2584 2648 -1 2689 6914 6915 2690
face 4 2584 -1 4 2624 2689 2690 2625
face 4 2584 -1 5 6849 6850 6915 6914
face 4 2585 2586 -1 2626 2691 6916 6851
face 4 2585 2649 -1 2690 6915 6916 2691
face 4 2585 -1 4 2625 2690 2691 2626
face 4 2585 -1 5 6850 6851 6916 6915
face 4 2586 2587 -1 2627 2692 6917 6852
face 4 2586 2650 -1 2691 6916 6917 2692
face 4 2586 -1 4 2626 2691 2692 2627
face 4 2586 -1 5 6851 6852 6917 6916
face 4 2587 2588 -1 2628 2693 6918 6853
face 4 2587 2651 -1 2692 6917 6918 2693
face 4 2587 -1 4 2627 2692 2693 2628
face 4 2587 -1 5 6852 6853 6918 6917
face 4 2588 2589 -1 2629 2694 6919 6854
face 4 2588 2652 -1 2693 6918 6919 2694
face 4 2588 -1 4 2628 2693 2694 2629
face 4 2588 -1 5 6853 6854 6919 6918
face 4 2589 2590 -1 2630 2695 6920 6855
face 4 2589 2653 -1 2694 6919 6920 2695
face 4 2589 -1 4 2629 2694 2695 2630
face 4 2589 -1 5 6854 6855 6920 6919
face 4 2590 2591 -1 2631 2696 6921 6856
face 4 2590 2654 -1 2695 6920 6921 2696
face 4 2590 -1 4 2630 2695 2696 2631
face 4 2590 -1 5 6855 6856 6921 6920
face 4 2591 2592 -1 2632 2697 6922 6857
face 4 2591 2655 -1 2696 6921 6922 2697
face 4 2591 -1 4 2631 2696 2697 2632
face 4 2591 -1 5 6856 6857 6922 6921
face 4 2592 2593 -1 2633 2698 6923 6858
face 4 2592 2656 -1 2697 6922 6923 2698
face 4 2592 -1 4 2632 2697 2698 2633
face 4 2592 -1 5 6857 6858 6923 6922
face 4 2593 2594 -1 2634 2699 6924 6859
face 4 2593 2657 -1 2698 6923 6924 2699
face 4 2593 -1 4 2633 2698 2699 2634
face 4 2593 -1 5 6858 6859 6924 6923
face 4 2594 2595 -1 2635 2700 6925 6860
face 4 2594 2658 -1 2699 6924 6925 2700
face 4 2594 -1 4 2634 2699 2700 2635
face 4 2594 -1 5 6859 6860 6925 6924
face 4 2595 2596 -1 2636 2701 6926 6861
face 4 2595 2659 -1 2700 6925 6926 2701
face 4 2595 -1 4 2635 2700 2701 2636
face 4 2595 -1 5 6860 6861 6926 6925
face 4 2596 2597 -1 2637 2702 6927 6862
face 4 2596 2660 -1 2701 6926 6927 2702
face 4 2596 -1 4 2636 2701 2702 2637
face 4 2596 -1 5 6861 6862 6927 6926
face 4 2597 2598 -1 2638 2703 6928 6863
face 4 2597 2661 -1 2702 6927 6928 2703
face 4 2597 -1 4 2637 2702 2703 2638
face 4 2597 -1 5 6862 6863 6928 6927
face 4 2598 2599 -1 2639 2704 6929 6864
face 4 2598 2662 -1 2703 6928 6929 2704
face 4 2598 -1 4 2638 2703 2704 2639
face 4 2598 -1 5 6863 6864 6929 6928
face 4 2599 2600 -1 2640 2705 6930 6865
face 4 2599 2663 -1 2704 6929 6930 2705
face 4 2599 -1 4 2639 2704 2705 2640
face 4 2599 -1 5 6864 6865 6930 6929
face 4 2600 2601 -1 2641 2706 6931 6866
face 4 2600 2664 -1 2705 6930 6931 2706
face 4 2600 -1 4 2640 2705 2706 2641
face 4 2600 -1 5 6865 6866 6931 6930
face 4 2601 2602 -1 2642 2707 6932 6867
face 4 2601 2665 -1 2706 6931 6932 2707
face 4 2601 -1 4 2641 2706 2707 2642
face 4 2601 -1 5 6866 6867 6932 6931
face 4 2602 2603 -1 2643 2708 6933 6868
face 4 2602 2666 -1 2707 6932 6933 2708
face 4 2602 -1 4 2642 2707 2708 2643
face 4 2602 -1 5 6867 6868 6933 6932
face 4 2603 2604 -1 2644 2709 6934 6869
face 4 2603 2667 -1 2708 6933 6934 2709
face 4 2603 -1 4 2643 2708 2709 2644
face 4 2603 -1 5 6868 6869 6934 6933
face 4 2604 2605 -1 2645 2710 6935 6870
face 4 2604 2668 -1 2709 6934 6935 2710
face 4 2604 -1 4 2644 2709 2710 2645
face 4 2604 -1 5 6869 6870 6935 6934
face 4 2605 2606 -1 2646 2711 6936 6871
face 4 2605 2669 -1 2710 6935 6936 2711
face 4 2605 -1 4 2645 2710 2711 2646
face 4 2605 -1 5 6870 6871 6936 6935
face 4 2606 2607 -1 2647 2712 6937 6872
face 4 2606 2670 -1 2711 6936 6937 2712
face 4 2606 -1 4 2646 2711 2712 2647
face 4 2606 -1 5 6871 6872 6937 6936
face 4 2607 2608 -1 2648 2713 6938 6873
face 4 2607 2671 -1 2712 6937 6938 2713
face 4 2607 -1 4 2647 2712 2713 2648
face 4 2607 -1 5 6872 6873 6938 6937
face 4 2608 2609 -1 2649 2714 6939 6874
face 4 2608 2672 -1 2713 6938 6939 2714
face 4 2608 -1 4 2648 2713 2714 2649
face 4 2608 -1 5 6873 6874 6939 6938
face 4 2609 2610 -1 2650 2715 6940 6875
face 4 2609 2673 -1 2714 6939 6940 2715
face 4 2609 -1 4 2649 2714 2715 2650
face 4 2609 -1 5 6874 6875 6940 6939
face 4 2610 2611 -1 2651 2716 6941 6876
face 4 2610 2674 -1 2715 6940 6941 2716
face 4 2610 -1 4 2650 2715 2716 2651
face 4 2610 -1 5 6875 6876 6941 6940
face 4 2611 2612 -1 2652 2717 6942 6877
face 4 2611 2675 -1 2716 6941 6942 2717
face 4 2611 -1 4 2651 2716 2717 2652
face 4 2611 -1 5 6876 6877 6942 6941
face 4 2612 2613 -1 2653 2718 6943 6878
face 4 2612 2676 -1 2717 6942 6943 2718
face 4 2612 -1 4 2652 2717 2718 2653
face 4 2612 -1 5 6877 6878 6943 6942
face 4 2613 2614 -1 2654 2719 6944 6879
face 4 2613 2677 -1 2718 6943 6944 2719
face 4 2613 -1 4 2653 2718 2719 2654
face 4 2613 -1 5 6878 6879 6944 6943
face 4 2614 2615 -1 2655 2720 6945 6880
face 4 2614 2678 -1 2719 6944 6945 2720
face 4 2614 -1 4 2654 2719 2720 2655
face 4 2614 -1 5 6879 6880 6945 6944
face 4 2615 2616 -1 2656 2721 6946 6881
face 4 2615 2679 -1 2720 6945 6946 2721
face 4 2615 -1 4 2655 2720 2721 2656
face 4 2615 -1 5 6880 6881 6946 6945
face 4 2616 2617 -1 2657 2722 6947 6882
face 4 2616 2680 -1 2721 6946 6947 2722
face 4 2616 -1 4 2656 2721 2722 2657
face 4 2616 -1 5 6881 6882 6947 6946
face 4 2617 2618 -1 2658 2723 6948 6883
face 4 2617 2681 -1 2722 6947 6948 2723
face 4 2617 -1 4 2657 2722 2723 2658
face 4 2617 -1 5 6882 6883 6948 6947
face 4 2618 2619 -1 2659 2724 6949 6884
face 4 2618 2682 -1 2723 6948 6949 2724
face 4 2618 -1 4 2658 2723 2724 2659
face 4 2618 -1 5 6883 6884 6949 6948
face 4 2619 2620 -1 2660 2725 6950 6885
face 4 2619 2683 -1 2724 6949 6950 2725
face 4 2619 -1 4 2659 2724 2725 2660
face 4 2619 -1 5 6884 6885 6950 6949
face 4 2620 2621 -1 2661 2726 6951 6886
face 4 2620 2684 -1 2725 6950 6951 2726
face 4 2620 -1 4 2660 2725 2726 2661
face 4 2620 -1 5 6885 6886 6951 6950
face 4 2621 2622 -1 2662 2727 6952 6887
face 4 2621 2685 -1 2726 6951 6952 2727
face 4 2621 -1 4 2661 2726 2727 2662
face 4 2621 -1 5 6886 6887 6952 6951
face 4 2622 2623 -1 2663 2728 6953 6888
face 4 2622 2686 -1 2727 6952 6953 2728
face 4 2622 -1 4 2662 2727 2728 2663
face 4 2622 -1 5 6887 6888 6953 6952
face 4 2623 -1 1 2664 2729 6954 6889
face 4 2623 2687 -1 2728 6953 6954 2729
face 4 2623 -1 4 2663 2728 2729 2664
face 4 2623 -1 5 6888 6889 6954 6953
face 4 2624 -1 0 2665 6890 6955 2730
face 4 2624 2625 -1 2666 2731 6956 6891
face 4 2624 2688 -1 2730 6955 6956 2731
face 4 2624 -1 4 2665 2730 2731 2666
face 4 2624 -1 5 6890 6891 6956 6955
face 4 2625 2626 -1 2667 2732 6957 6892
face 4 2625 2689 -1 2731 6956 6957 2732
face 4 2625 -1 4 2666 2731 2732 2667
face 4 2625 -1 5 6891 6892 6957 6956
face 4 2626 2627 -1 2668 2733 6958 6893
face 4 2626 2690 -1 2732 6957 6958 2733
face 4 2626 -1 4 2667 2732 2733 2668
face 4 2626 -1 5 6892 6893 6958 6957
face 4 2627 2628 -1 2669 2734 6959 6894
face 4 2627 2691 -1 2733 6958 6959 2734
face 4 2627 -1 4 2668 2733 2734 2669
face 4 2627 -1 5 6893 6894 6959 6958
face 4 2628 2629 -1 2670 2735 6960 6895
face 4 2628 2692 -1 2734 6959 6960 2735
face 4 2628 -1 4 2669 2734 2735 2670
face 4 2628 -1 5 6894 6895 6960 6959
face 4 2629 2630 -1 2671 2736 6961 6896
face 4 2629 2693 -1 2735 6960 6961 2736
face 4 2629 -1 4 2670 2735 2736 2671
face 4 2629 -1 5 6895 6896 6961 6960
face 4 2630 2631 -1 2672 2737 6962 6897
face 4 2630 2694 -1 2736 6961 6962 2737
face 4 2630 -1 4 2671 2736 2737 2672
face 4 2630 -1 5 6896 6897 6962 6961
face 4 2631 2632 -1 2673 2738 6963 6898
face 4 2631 2695 -1 2737 6962 6963 2738
face 4 2631 -1 4 2672 2737 2738 2673
face 4 2631 -1 5 6897 6898 6963 6962
face 4 2632 2633 -1 2674 2739 6964 6899
face 4 2632 2696 -1 2738 6963 6964 2739
face 4 2632 -1 4 2673 2738 2739 2674
face 4 2632 -1 5 6898 6899 6964 6963
face 4 2633 2634 -1 2675 2740 6965 6900
face 4 2633 2697 -1 2739 6964 6965 2740
face 4 2633 -1 4 2674 2739 2740 2675
face 4 2633 -1 5 6899 6900 6965 6964
face 4 2634 2635 -1 2676 2741 6966 6901
face 4 2634 2698 -1 2740 6965 6966 2741
face 4 2634 -1 4 2675 2740 2741 2676
face 4 2634 -1 5 6900 6901 6966 6965
face 4 2635 2636 -1 2677 2742 6967 6902
face 4 2635 2699 -1 2741 6966 6967 2742
face 4 2635 -1 4 2676 2741 2742 2677
face 4 2635 -1 5 6901 6902 6967 6966
face 4 2636 2637 -1 2678 2743 6968 6903
face 4 2636 2700 -1 2742 6967 6968 2743
face 4 2636 -1 4 2677 2742 2743 2678
face 4 2636 -1 5 6902 6903 6968 6967
face 4 2637 2638 -1 2679 2744 6969 6904
face 4 2637 2701 -1 2743 6968 6969 2744
face 4 2637 -1 4 2678 2743 2744 2679
face 4 2637 -1 5 6903 6904 6969 6968
face 4 2638 2639 -1 2680 2745 6970 6905
face 4 2638 2702 -1 2744 6969 6970 2745
face 4 2638 -1 4 2679 2744 2745 2680
face 4 2638 -1 5 6904 6905 6970 6969
face 4 2639 2640 -1 2681 2746 6971 6906
face 4 2639 2703 -1 2745 6970 6971 2746
face 4 2639 -1 4 2680 2745 2746 2681
face 4 2639 -1 5 6905 6906 6971 6970
face 4 2640 2641 -1 2682 2747 6972 6907
face 4 2640 2704 -1 2746 6971 6972 2747
face 4 2640 -1 4 2681 2746 2747 2682
face 4 2640 -1 5 6906 6907 6972 6971
face 4 2641 2642 -1 2683 2748 6973 6908
face 4 2641 2705 -1 2747 6972 6973 2748
face 4 2641 -1 4 2682 2747 2748 2683
face 4 2641 -1 5 6907 6908 6973 6972
face 4 2642 2643 -1 2684 2749 6974 6909
face 4 2642 2706 -1 2748 6973 6974 2749
face 4 2642 -1 4 2683 2748 2749 2684
face 4 2642 -1 5 6908 6909 6974 6973
face 4 2643 2644 -1 2685 2750 6975 6910
face 4 2643 2707 -1 2749 6974 6975 2750
face 4 2643 -1 4 2684 2749 2750 2685
face 4 2643 -1 5 6909 6910 6975 6974
face 4 2644 2645 -1 2686 2751 6976 6911
face 4 2644 2708 -1 2750 6975 6976 2751
face 4 2644 -1 4 2685 2750 2751 2686
face 4 2644 -1 5 6910 6911 6976 6975
face 4 2645 2646 -1 2687 2752 6977 6912
face 4 2645 2709 -1 2751 6976 6977 2752
face 4 2645 -1 4 2686 2751 2752 2687
face 4 2645 -1 5 6911 6912 6977 6976
face 4 2646 2647 -1 2688 2753 6978 6913
face 4 2646 2710 -1 2752 6977 6978 2753
face 4 2646 -1 4 2687 2752 2753 2688
face 4 2646 -1 5 6912 6913 6978 6977
face 4 2647 2648 -1 2689 2754 6979 6914
face 4 2647 2711 -1 2753 6978 6979 2754
face 4 2647 -1 4 2688 2753 2754 2689
face 4 2647 -1 5 6913 6914 6979 6978
face 4 2648 2649 -1 2690 2755 6980 6915
face 4 2648 2712 -1 2754 6979 6980 2755
face 4 2648 -1 4 2689 2754 2755 2690
face 4 2648 -1 5 6914 6915 6980 6979
face 4 2649 2650 -1 2691 2756 6981 6916
face 4 2649 2713 -1 2755 6980 6981 2756
face 4 2649 -1 4 2690 2755 2756 2691
face 4 2649 -1 5 6915 6916 6981 6980
face 4 2650 2651 -1 2692 2757 6982 6917
face 4 2650 2714 -1 2756 6981 6982 2757
face 4 2650 -1 4 2691 2756 2757 2692
face 4 2650 -1 5 6916 6917 6982 6981
face 4 2651 2652 -1 2693 2758 6983 6918
face 4 2651 2715 -1 2757 6982 6983 2758
face 4 2651 -1 4 2692 2757 2758 2693
face 4 2651 -1 5 6917 6918 6983 6982
face 4 2652 2653 -1 2694 2759 6984 6919
face 4 2652 2716 -1 2758 6983 6984 2759
face 4 2652 -1 4 2693 2758 2759 2694
face 4 2652 -1 5 6918 6919 6984 6983
face 4 2653 2654 -1 2695 2760 6985 6920
face 4 2653 2717 -1 2759 6984 6985 2760
face 4 2653 -1 4 2694 2759 2760 2695
face 4 2653 -1 5 6919 6920 6985 6984
face 4 2654 2655 -1 2696 2761 6986 6921
face 4 2654 2718 -1 2760 6985 6986 2761
face 4 2654 -1 4 2695 2760 2761 2696
face 4 2654 -1 5 6920 6921 6986 6985
face 4 2655 2656 -1 2697 2762 6987 6922
face 4 2655 2719 -1 2761 6986 6987 2762
face 4 2655 -1 4 2696 2761 2762 2697
face 4 2655 -1 5 6921 6922 6987 6986
face 4 2656 2657 -1 2698 2763 6988 6923
face 4 2656 2720 -1 2762 6987 6988 2763
face 4 2656 -1 4 2697 2762 2763 2698
face 4 2656 -1 5 6922 6923 6988 6987
face 4 2657 2658 -1 2699 2764 6989 6924
face 4 2657 2721 -1 2763 6988 6989 2764
face 4 2657 -1 4 2698 2763 2764 2699
face 4 2657 -1 5 6923 6924 6989 6988
face 4 2658 2659 -1 2700 2765 6990 6925
face 4 2658 2722 -1 2764 6989 6990 2765
face 4 2658 -1 4 2699 2764 2765 2700
face 4 2658 -1 5 6924 6925 6990 6989
face 4 2659 2660 -1 2701 2766 6991 6926
face 4 2659 2723 -1 2765 6990 6991 2766
face 4 2659 -1 4 2700 2765 2766 2701
face 4 2659 -1 5 6925 6926 6991 6990
face 4 2660 2661 -1 2702 2767 6992 6927
face 4 2660 2724 -1 2766 6991 6992 2767
face 4 2660 -1 4 2701 2766 2767 2702
face 4 2660 -1 5 6926 6927 6992 6991
face 4 2661 2662 -1 2703 2768 6993 6928
face 4 2661 2725 -1 2767 6992 6993 2768
face 4 2661 -1 4 2702 2767 2768 2703
face 4 2661 -1 5 6927 6928 6993 6992
face 4 2662 2663 -1 2704 2769 6994 6929
face 4 2662 2726 -1 2768 6993 6994 2769
face 4 2662 -1 4 2703 2768 2769 2704
face 4 2662 -1 5 6928 6929 6994 6993
face 4 2663 2664 -1 2705 2770 6995 6930
face 4 2663 2727 -1 2769 6994 6995 2770
face 4 2663 -1 4 2704 2769 2770 2705
face 4 2663 -1 5 6929 6930 6995 6994
face 4 2664 2665 -1 2706 2771 6996 6931
face 4 2664 2728 -1 2770 6995 6996 2771
face 4 2664 -1 4 2705 2770 2771 2706
face 4 2664 -1 5 6930 6931 6996 6995
face 4 2665 2666 -1 2707 2772 6997 6932
face 4 2665 2729 -1 2771 6996 6997 2772
face 4 2665 -1 4 2706 2771 2772 2707
face 4 2665 -1 5 6931 6932 6997 6996
face 4 2666 2667 -1 2708 2773 6998 6933
face 4 2666 2730 -1 2772 6997 6998 2773
face 4 2666 -1 4 2707 2772 2773 2708
face 4 2666 -1 5 6932 6933 6998 6997
face 4 2667 2668 -1 2709 2774 6999 6934
face 4 2667 2731 -1 2773 6998 6999 2774
face 4 2667 -1 4 2708 2773 2774 2709
face 4 2667 -1 5 6933 6934 6999 6998
face 4 2668 2669 -1 2710 2775 7000 6935
face 4 2668 2732 -1 2774 6999 7000 2775
face 4 2668 -1 4 2709 2774 2775 2710
face 4 2668 -1 5 6934 6935 7000 6999
face 4 2669 2670 -1 2711 2776 7001 6936
face 4 2669 2733 -1 2775 7000 7001 2776
face 4 2669 -1 4 2710 2775 2776 2711
face 4 2669 -1 5 6935 6936 7001 7000
face 4 2670 2671 -1 2712 2777 7002 6937
face 4 2670 2734 -1 2776 7001 7002 2777
face 4 2670 -1 4 2711 2776 2777 2712
face 4 2670 -1 5 6936 6937 7002 7001
face 4 2671 2672 -1 2713 2778 7003 6938
face 4 2671 2735 -1 2777 7002 7003 2778
face 4 2671 -1 4 2712 2777 2778 2713
face 4 2671 -1 5 6937 6938 7003 7002
face 4 2672 2673 -1 2714 2779 7004 6939
face 4 2672 2736 -1 2778 7003 7004 2779
face 4 2672 -1 4 2713 2778 2779 2714
face 4 2672 -1 5 6938 6939 7004 7003
face 4 2673 2674 -1 2715 2780 7005 6940
face 4 2673 2737 -1 2779 7004 7005 2780
face 4 2673 -1 4 2714 2779 2780 2715
face 4 2673 -1 5 6939 6940 7005 7004
face 4 2674 2675 -1 2716 2781 7006 6941
face 4 2674 2738 -1 2780 7005 7006 2781
face 4 2674 -1 4 2715 2780 2781 2716
face 4 2674 -1 5 6940 6941 7006 7005
face 4 2675 2676 -1 2717 2782 7007 6942
face 4 2675 2739 -1 2781 7006 7007 2782
face 4 2675 -1 4 2716 2781 2782 2717
face 4 2675 -1 5 6941 6942 7007 7006
face 4 2676 2677 -1 2718 2783 7008 6943
face 4 2676 2740 -1 2782 7007 7008 2783
face 4 2676 -1 4 2717 2782 2783 2718
face 4 2676 -1 5 6942 6943 7008 7007
face 4 2677 2678 -1 2719 2784 7009 6944
face 4 2677 2741 -1 2783 7008 7009 2784
face 4 2677 -1 4 2718 2783 2784 2719
face 4 2677 -1 5 6943 6944 7009 7008
face 4 2678 2679 -1 2720 2785 7010 6945
face 4 2678 2742 -1 2784 7009 7010 2785
face 4 2678 -1 4 2719 2784 2785 2720
face 4 2678 -1 5 6944 6945 7010 7009
face 4 2679 2680 -1 2721 2786 7011 6946
face 4 2679 2743 -1 2785 7010 7011 2786
face 4 2679 -1 4 2720 2785 2786 2721
face 4 2679 -1 5 6945 6946 7011 7010
face 4 2680 2681 -1 2722 2787 7012 6947
face 4 2680 2744 -1 2786 7011 7012 2787
face 4 2680 -1 4 2721 2786 2787 2722
face 4 2680 -1 5 6946 6947 7012 7011
face 4 2681 2682 -1 2723 2788 7013 6948
face 4 2681 2745 -1 2787 7012 7013 2788
face 4 2681 -1 4 2722 2787 2788 2723
face 4 2681 -1 5 6947 6948 7013 7012
face 4 2682 2683 -1 2724 2789 7014 6949
face 4 2682 2746 -1 2788 7013 7014 2789
face 4 2682 -1 4 2723 2788 2789 2724
face 4 2682 -1 5 6948 6949 7014 7013
face 4 2683 2684 -1 2725 2790 7015 6950
face 4 2683 2747 -1 2789 7014 7015 2790
face 4 2683 -1 4 2724 2789 2790 2725
face 4 2683 -1 5 6949 6950 7015 7014
face 4 2684 2685 -1 2726 2791 7016 6951
face 4 2684 2748 -1 2790 7015 7016 2791
face 4 2684 -1 4 2725 2790 2791 2726
face 4 2684 -1 5 6950 6951 7016 7015
face 4 2685 2686 -1 2727 2792 7017 6952
face 4 2685 2749 -1 2791 7016 7017 2792
face 4 2685 -1 4 2726 2791 2792 2727
face 4 2685 -1 5 6951 6952 7017 7016
face 4 2686 2687 -1 2728 2793 7018 6953
face 4 2686 2750 -1 2792 7017 7018 2793
face 4 2686 -1 4 2727 2792 2793 2728
face 4 2686 -1 5 6952 6953 7018 7017
face 4 2687 -1 1 2729 2794 7019 6954
face 4 2687 2751 -1 2793 7018 7019 2794
face 4 2687 -1 4 2728 2793 2794 2729
face 4 2687 -1 5 6953 6954 7019 7018
face 4 2688 -1 0 2730 6955 7020 2795
face 4 2688 2689 -1 2731 2796 7021 6956
face 4 2688 2752 -1 2795 7020 7021 2796
face 4 2688 -1 4 2730 2795 2796 2731
face 4 2688 -1 5 6955 6956 7021 7020
face 4 2689 2690 -1 2732 2797 7022 6957
face 4 2689 2753 -1 2796 7021 7022 2797
face 4 2689 -1 4 2731 2796 2797 2732
face 4 2689 -1 5 6956 6957 7022 7021
face 4 2690 2691 -1 2733 2798 7023 6958
face 4 2690 2754 -1 2797 7022 7023 2798
face 4 2690 -1 4 2732 2797 2798 2733
face 4 2690 -1 5 6957 6958 7023 7022
face 4 2691 2692 -1 2734 2799 7024 6959
face 4 2691 2755 -1 2798 7023 7024 2799
face 4 2691 -1 4 2733 2798 2799 2734
face 4 2691 -1 5 6958 6959 7024 7023
face 4 2692 2693 -1 2735 2800 7025 6960
face 4 2692 2756 -1 2799 7024 7025 2800
face 4 2692 -1 4 2734 2799 2800 2735
face 4 2692 -1 5 6959 6960 7025 7024
face 4 2693 2694 -1 2736 2801 7026 6961
face 4 2693 2757 -1 2800 7025 7026 2801
face 4 2693 -1 4 2735 2800 2801 2736
face 4 2693 -1 5 6960 6961 7026 7025
face 4 2694 2695 -1 2737 2802 7027 6962
face 4 2694 2758 -1 2801 7026 7027 2802
face 4 2694 -1 4 2736 2801 2802 2737
face 4 2694 -1 5 6961 6962 7027 7026
face 4 2695 2696 -1 2738 2803 7028 6963
face 4 2695 2759 -1 2802 7027 7028 2803
face 4 2695 -1 4 2737 2802 2803 2738
face 4 2695 -1 5 6962 6963 7028 7027
face 4 2696 2697 -1 2739 2804 7029 6964
face 4 2696 2760 -1 2803 7028 7029 2804
face 4 2696 -1 4 2738 2803 2804 2739
face 4 2696 -1 5 6963 6964 7029 7028
face 4 2697 2698 -1 2740 2805 7030 6965
face 4 2697 2761 -1 2804 7029 7030 2805
face 4 2697 -1 4 2739 2804 2805 2740
face 4 2697 -1 5 6964 6965 7030 7029
face 4 2698 2699 -1 2741 2806 7031 6966
face 4 2698 2762 -1 2805 7030 7031 2806
face 4 2698 -1 4 2740 2805 2806 2741
face 4 2698 -1 5 6965 6966 7031 7030
face 4 2699 2700 -1 2742 2807 7032 6967
face 4 2699 2763 -1 2806 7031 7032 2807
face 4 2699 -1 4 2741 2806 2807 2742
face 4 2699 -1 5 6966 6967 7032 7031
face 4 2700 2701 -1 2743 2808 7033 6968
face 4 2700 2764 -1 2807 7032 7033 2808
face 4 2700 -1 4 2742 2807 2808 2743
face 4 2700 -1 5 6967 6968 7033 7032
face 4 2701 2702 -1 2744 2809 7034 6969
face 4 2701 2765 -1 2808 7033 7034 2809
face 4 2701 -1 4 2743 2808 2809 2744
face 4 2701 -1 5 6968 6969 7034 7033
face 4 2702 2703 -1 2745 2810 7035 6970
face 4 2702 2766 -1 2809 7034 7035 2810
face 4 2702 -1 4 2744 2809 2810 2745
face 4 2702 -1 5 6969 6970 7035 7034
face 4 2703 2704 -1 2746 2811 7036 6971
face 4 2703 2767 -1 2810 7035 7036 2811
face 4 2703 -1 4 2745 2810 2811 2746
face 4 2703 -1 5 6970 6971 7036 7035
face 4 2704 2705 -1 2747 2812 7037 6972
face 4 2704 2768 -1 2811 7036 7037 2812
face 4 2704 -1 4 2746 2811 2812 2747
face 4 2704 -1 5 6971 6972 7037 7036
face 4 2705 2706 -1 2748 2813 7038 6973
face 4 2705 2769 -1 2812 7037 7038 2813
face 4 2705 -1 4 2747 2812 2813 2748
face 4 2705 -1 5 6972 6973 7038 7037
face 4 2706 2707 -1 2749 2814 7039 6974
face 4 2706 2770 -1 2813 7038 7039 2814
face 4 2706 -1 4 2748 2813 2814 2749
face 4 2706 -1 5 6973 6974 7039 7038
face 4 2707 2708 -1 2750 2815 7040 6975
face 4 2707 2771 -1 2814 7039 7040 2815
face 4 2707 -1 4 2749 2814 2815 2750
face 4 2707 -1 5 6974 6975 7040 7039
face 4 2708 2709 -1 2751 2816 7041 6976
face 4 2708 2772 -1 2815 7040 7041 2816
face 4 2708 -1 4 2750 2815 2816 2751
face 4 2708 -1 5 6975 6976 7041 7040
face 4 2709 2710 -1 2752 2817 7042 6977
face 4 2709 2773 -1 2816 7041 7042 2817
face 4 2709 -1 4 2751 2816 2817 2752
face 4 2709 -1 5 6976 6977 7042 7041
face 4 2710 2711 -1 2753 2818 7043 6978
face 4 2710 2774 -1 2817 7042 7043 2818
face 4 2710 -1 4 2752 2817 2818 2753
face 4 2710 -1 5 6977 6978 7043 7042
face 4 2711 2712 -1 2754 2819 7044 6979
face 4 2711 2775 -1 2818 7043 7044 2819
face 4 2711 -1 4 2753 2818 2819 2754
face 4 2711 -1 5 6978 6979 7044 7043
face 4 2712 2713 -1 2755 2820 7045 6980
face 4 2712 2776 -1 2819 7044 7045 2820
face 4 2712 -1 4 2754 2819 2820 2755
face 4 2712 -1 5 6979 6980 7045 7044
face 4 2713 2714 -1 2756 2821 7046 6981
face 4 2713 2777 -1 2820 7045 7046 2821
face 4 2713 -1 4 2755 2820 2821 2756
face 4 2713 -1 5 6980 6981 7046 7045
face 4 2714 2715 -1 2757 2822 7047 6982
face 4 2714 2778 -1 2821 7046 7047 2822
face 4 2714 -1 4 2756 2821 2822 2757
face 4 2714 -1 5 6981 6982 7047 7046
face 4 2715 2716 -1 2758 2823 7048 6983
face 4 2715 2779 -1 2822 7047 7048 2823
face 4 2715 -1 4 2757 2822 2823 2758
face 4 2715 -1 5 6982 6983 7048 7047
face 4 2716 2717 -1 2759 2824 7049 6984
face 4 2716 2780 -1 2823 7048 7049 2824
face 4 2716 -1 4 2758 2823 2824 2759
face 4 2716 -1 5 6983 6984 7049 7048
face 4 2717 2718 -1 2760 2825 7050 6985
face 4 2717 2781 -1 2824 7049 7050 2825
face 4 2717 -1 4 2759 2824 2825 2760
face 4 2717 -1 5 6984 6985 7050 7049
face 4 2718 2719 -1 2761 2826 7051 6986
face 4 2718 2782 -1 2825 7050 7051 2826
face 4 2718 -1 4 2760 2825 2826 2761
face 4 2718 -1 5 6985 6986 7051 7050
face 4 2719 2720 -1 2762 2827 7052 6987
face 4 2719 2783 -1 2826 7051 7052 2827
face 4 2719 -1 4 2761 2826 2827 2762
face 4 2719 -1 5 6986 6987 7052 7051
face 4 2720 2721 -1 2763 2828 7053 6988
face 4 2720 2784 -1 2827 7052 7053 2828
face 4 2720 -1 4 2762 2827 2828 2763
face 4 2720 -1 5 6987 6988 7053 7052
face 4 2721 2722 -1 2764 2829 7054 6989
face 4 2721 2785 -1 2828 7053 7054 2829
face 4 2721 -1 4 2763 2828 2829 2764
face 4 2721 -1 5 6988 6989 7054 7053
face 4 2722 2723 -1 2765 2830 7055 6990
face 4 2722 2786 -1 2829 7054 7055 2830
face 4 2722 -1 4 2764 2829 2830 2765
face 4 2722 -1 5 6989 6990 7055 7054
face 4 2723 2724 -1 2766 2831 7056 6991
face 4 2723 2787 -1 2830 7055 7056 2831
face 4 2723 -1 4 2765 2830 2831 2766
face 4 2723 -1 5 6990 6991 7056 7055
face 4 2724 2725 -1 2767 2832 7057 6992
face 4 2724 2788 -1 2831 7056 7057 2832
face 4 2724 -1 4 2766 2831 2832 2767
face 4 2724 -1 5 6991 6992 7057 7056
face 4 2725 2726 -1 2768 2833 7058 6993
face 4 2725 2789 -1 2832 7057 7058 2833
face 4 2725 -1 4 2767 2832 2833 2768
face 4 2725 -1 5 6992 6993 7058 7057
face 4 2726 2727 -1 2769 2834 7059 6994
face 4 2726 2790 -1 2833 7058 7059 2834
face 4 2726 -1 4 2768 2833 2834 2769
face 4 2726 -1 5 6993 6994 7059 7058
face 4 2727 2728 -1 2770 2835 7060 6995
face 4 2727 2791 -1 2834 7059 7060 2835
face 4 2727 -1 4 2769 2834 2835 2770
face 4 2727 -1 5 6994 6995 7060 7059
face 4 2728 2729 -1 2771 2836 7061 6996
face 4 2728 2792 -1 2835 7060 7061 2836
face 4 2728 -1 4 2770 2835 2836 2771
face 4 2728 -1 5 6995 6996 7061 7060
face 4 2729 2730 -1 2772 2837 7062 6997
face 4 2729 2793 -1 2836 7061 7062 2837
face 4 2729 -1 4 2771 2836 2837 2772
face 4 2729 -1 5 6996 6997 7062 7061
face 4 2730 2731 -1 2773 2838 7063 6998
face 4 2730 2794 -1 2837 7062 7063 2838
face 4 2730 -1 4 2772 2837 2838 2773
face 4 2730 -1 5 6997 6998 7063 7062
face 4 2731 2732 -1 2774 2839 7064 6999
face 4 2731 2795 -1 2838 7063 7064 2839
face 4 2731 -1 4 2773 2838 2839 2774
face 4 2731 -1 5 6998 6999 7064 7063
face 4 2732 2733 -1 2775 2840 7065 7000
face 4 2732 2796 -1 2839 7064 7065 2840
face 4 2732 -1 4 2774 2839 2840 2775
face 4 2732 -1 5 6999 7000 7065 7064
face 4 2733 2734 -1 2776 2841 7066 7001
face 4 2733 2797 -1 2840 7065 7066 2841
face 4 2733 -1 4 2775 2840 2841 2776
face 4 2733 -1 5 7000 7001 7066 7065
face 4 2734 2735 -1 2777 2842 7067 7002
face 4 2734 2798 -1 2841 7066 7067 2842
face 4 2734 -1 4 2776 2841 2842 2777
face 4 2734 -1 5 7001 7002 7067 7066
face 4 2735 2736 -1 2778 2843 7068 7003
face 4 2735 2799 -1 2842 7067 7068 2843
face 4 2735 -1 4 2777 2842 2843 2778
face 4 2735 -1 5 7002 7003 7068 7067
face 4 2736 2737 -1 2779 2844 7069 7004
face 4 2736 2800 -1 2843 7068 7069 2844
face 4 2736 -1 4 2778 2843 2844 2779
face 4 2736 -1 5 7003 7004 7069 7068
face 4 2737 2738 -1 2780 2845 7070 7005
face 4 2737 2801 -1 2844 7069 7070 2845
face 4 2737 -1 4 2779 2844 2845 2780
face 4 2737 -1 5 7004 7005 7070 7069
face 4 2738 2739 -1 2781 2846 7071 7006
face 4 2738 2802 -1 2845 7070 7071 2846
face 4 2738 -1 4 2780 2845 2846 2781
face 4 2738 -1 5 7005 7006 7071 7070
face 4 2739 2740 -1 2782 2847 7072 7007
face 4 2739 2803 -1 2846 7071 7072 2847
face 4 2739 -1 4 2781 2846 2847 2782
face 4 2739 -1 5 7006 7007 7072 7071
face 4 2740 2741 -1 2783 2848 7073 7008
face 4 2740 2804 -1 2847 7072 7073 2848
face 4 2740 -1 4 2782 2847 2848 2783
face 4 2740 -1 5 7007 7008 7073 7072
face 4 2741 2742 -1 2784 2849 7074 7009
face 4 2741 2805 -1 2848 7073 7074 2849
face 4 2741 -1 4 2783 2848 2849 2784
face 4 2741 -1 5 7008 7009 7074 7073
face 4 2742 2743 -1 2785 2850 7075 7010
face 4 2742 2806 -1 2849 7074 7075 2850
face 4 2742 -1 4 2784 2849 2850 2785
face 4 2742 -1 5 7009 7010 7075 7074
face 4 2743 2744 -1 2786 2851 7076 7011
face 4 2743 2807 -1 2850 7075 7076 2851
face 4 2743 -1 4 2785 2850 2851 2786
face 4 2743 -1 5 7010 7011 7076 7075
face 4 2744 2745 -1 2787 2852 7077 7012
face 4 2744 2808 -1 2851 7076 7077 2852
face 4 2744 -1 4 2786 2851 2852 2787
face 4 2744 -1 5 7011 7012 7077 7076
face 4 2745 2746 -1 2788 2853 7078 7013
face 4 2745 2809 -1 2852 7077 7078 2853
face 4 2745 -1 4 2787 2852 2853 2788
face 4 2745 -1 5 7012 7013 7078 7077
face 4 2746 2747 -1 2789 2854 7079 7014
face 4 2746 2810 -1 2853 7078 7079 2854
face 4 2746 -1 4 2788 2853 2854 2789
face 4 2746 -1 5 7013 7014 7079 7078
face 4 2747 2748 -1 2790 2855 7080 7015
face 4 2747 2811 -1 2854 7079 7080 2855
face 4 2747 -1 4 2789 2854 2855 2790
face 4 2747 -1 5 7014 7015 7080 7079
face 4 2748 2749 -1 2791 2856 7081 7016
face 4 2748 2812 -1 2855 7080 7081 2856
face 4 2748 -1 4 2790 2855 2856 2791
face 4 2748 -1 5 7015 7016 7081 7080
face 4 2749 2750 -1 2792 2857 7082 7017
face 4 2749 2813 -1 2856 7081 7082 2857
face 4 2749 -1 4 2791 2856 2857 2792
face 4 2749 -1 5 7016 7017 7082 7081
face 4 2750 2751 -1 2793 2858 7083 7018
face 4 2750 2814 -1 2857 7082 7083 2858
face 4 2750 -1 4 2792 2857 2858 2793
face 4 2750 -1 5 7017 7018 7083 7082
face 4 2751 -1 1 2794 2859 7084 7019
face 4 2751 2815 -1 2858 7083 7084 2859
face 4 2751 -1 4 2793 2858 2859 2794
face 4 2751 -1 5 7018 7019 7084 7083
face 4 2752 -1 0 2795 7020 7085 2860
face 4 2752 2753 -1 2796 2861 7086 7021
face 4 2752 2816 -1 2860 7085 7086 2861
face 4 2752 -1 4 2795 2860 2861 2796
face 4 2752 -1 5 7020 7021 7086 7085
face 4 2753 2754 -1 2797 2862 7087 7022
face 4 2753 2817 -1 2861 7086 7087 2862
face 4 2753 -1 4 2796 2861 2862 2797
face 4 2753 -1 5 7021 7022 7087 7086
face 4 2754 2755 -1 2798 2863 7088 7023
face 4 2754 2818 -1 2862 7087 7088 2863
face 4 2754 -1 4 2797 2862 2863 2798
face 4 2754 -1 5 7022 7023 7088 7087
face 4 2755 2756 -1 2799 2864 7089 7024
face 4 2755 2819 -1 2863 7088 7089 2864
face 4 2755 -1 4 2798 2863 2864 2799
face 4 2755 -1 5 7023 7024 7089 7088
face 4 2756 2757 -1 2800 2865 7090 7025
face 4 2756 2820 -1 2864 7089 7090 2865
face 4 2756 -1 4 2799 2864 2865 2800
face 4 2756 -1 5 7024 7025 7090 7089
face 4 2757 2758 -1 2801 2866 7091 7026
face 4 2757 2821 -1 2865 7090 7091 2866
face 4 2757 -1 4 2800 2865 2866 2801
face 4 2757 -1 5 7025 7026 7091 7090
face 4 2758 2759 -1 2802 2867 7092 7027
face 4 2758 2822 -1 2866 7091 7092 2867
face 4 2758 -1 4 2801 2866 2867 2802
face 4 2758 -1 5 7026 7027 7092 7091
face 4 2759 2760 -1 2803 2868 7093 7028
face 4 2759 2823 -1 2867 7092 7093 2868
face 4 2759 -1 4 2802 2867 2868 2803
face 4 2759 -1 5 7027 7028 7093 7092
face 4 2760 2761 -1 2804 2869 7094 7029
face 4 2760 2824 -1 2868 7093 7094 2869
face 4 2760 -1 4 2803 2868 2869 2804
face 4 2760 -1 5 7028 7029 7094 7093
face 4 2761 2762 -1 2805 2870 7095 7030
face 4 2761 2825 -1 2869 7094 7095 2870
face 4 2761 -1 4 2804 2869 2870 2805
face 4 2761 -1 5 7029 7030 7095 7094
face 4 2762 2763 -1 2806 2871 7096 7031
face 4 2762 2826 -1 2870 7095 7096 2871
face 4 2762 -1 4 2805 2870 2871 2806
face 4 2762 -1 5 7030 7031 7096 7095
face 4 2763 2764 -1 2807 2872 7097 7032
face 4 2763 2827 -1 2871 7096 7097 2872
face 4 2763 -1 4 2806 2871 2872 2807
face 4 2763 -1 5 7031 7032 7097 7096
face 4 2764 2765 -1 2808 2873 7098 7033
face 4 2764 2828 -1 2872 7097 7098 2873
face 4 2764 -1 4 2807 2872 2873 2808
face 4 2764 -1 5 7032 7033 7098 7097
face 4 2765 2766 -1 2809 2874 7099 7034
face 4 2765 2829 -1 2873 7098 7099 2874
face 4 2765 -1 4 2808 2873 2874 2809
face 4 2765 -1 5 7033 7034 7099 7098
face 4 2766 2767 -1 2810 2875 7100 7035
face 4 2766 2830 -1 2874 7099 7100 2875
face 4 2766 -1 4 2809 2874 2875 2810
face 4 2766 -1 5 7034 7035 7100 7099
face 4 2767 2768 -1 2811 2876 7101 7036
face 4 2767 2831 -1 2875 7100 7101 2876
face 4 2767 -1 4 2810 2875 2876 2811
face 4 2767 -1 5 7035 7036 7101 7100
face 4 2768 2769 -1 2812 2877 7102 7037
face 4 2768 2832 -1 2876 7101 7102 2877
face 4 2768 -1 4 2811 2876 2877 2812
face 4 2768 -1 5 7036 7037 7102 7101
face 4 2769 2770 -1 2813 2878 7103 7038
face 4 2769 2833 -1 2877 7102 7103 2878
face 4 2769 -1 4 2812 2877 2878 2813
face 4 2769 -1 5 7037 7038 7103 7102
face 4 2770 2771 -1 2814 2879 7104 7039
face 4 2770 2834 -1 2878 7103 7104 2879
face 4 2770 -1 4 2813 2878 2879 2814
face 4 2770 -1 5 7038 7039 7104 7103
face 4 2771 2772 -1 2815 2880 7105 7040
face 4 2771 2835 -1 2879 7104 7105 2880
face 4 2771 -1 4 2814 2879 2880 2815
face 4 2771 -1 5 7039 7040 7105 7104
face 4 2772 2773 -1 2816 2881 7106 7041
face 4 2772 2836 -1 2880 7105 7106 2881
face 4 2772 -1 4 2815 2880 2881 2816
face 4 2772 -1 5 7040 7041 7106 7105
face 4 2773 2774 -1 2817 2882 7107 7042
face 4 2773 2837 -1 2881 7106 7107 2882
face 4 2773 -1 4 2816 2881 2882 2817
face 4 2773 -1 5 7041 7042 7107 7106
face 4 2774 2775 -1 2818 2883 7108 7043
face 4 2774 2838 -1 2882 7107 7108 2883
face 4 2774 -1 4 2817 2882 2883 2818
face 4 2774 -1 5 7042 7043 7108 7107
face 4 2775 2776 -1 2819 2884 7109 7044
face 4 2775 2839 -1 2883 7108 7109 2884
face 4 2775 -1 4 2818 2883 2884 2819
face 4 2775 -1 5 7043 7044 7109 7108
face 4 2776 2777 -1 2820 2885 7110 7045
face 4 2776 2840 -1 2884 7109 7110 2885
face 4 2776 -1 4 2819 2884 2885 2820
face 4 2776 -1 5 7044 7045 7110 7109
face 4 2777 2778 -1 2821 2886 7111 7046
face 4 2777 2841 -1 2885 7110 7111 2886
face 4 2777 -1 4 2820 2885 2886 2821
face 4 2777 -1 5 7045 7046 7111 7110
face 4 2778 2779 -1 2822 2887 7112 7047
face 4 2778 2842 -1 2886 7111 7112 2887
face 4 2778 -1 4 2821 2886 2887 2822
face 4 2778 -1 5 7046 7047 7112 7111
face 4 2779 2780 -1 2823 2888 7113 7048
face 4 2779 2843 -1 2887 7112 7113 2888
face 4 2779 -1 4 2822 2887 2888 2823
face 4 2779 -1 5 7047 7048 7113 7112
face 4 2780 2781 -1 2824 2889 7114 7049
face 4 2780 2844 -1 2888 7113 7114 2889
face 4 2780 -1 4 2823 2888 2889 2824
face 4 2780 -1 5 7048 7049 7114 7113
face 4 2781 2782 -1 2825 2890 7115 7050
face 4 2781 2845 -1 2889 7114 7115 2890
face 4 2781 -1 4 2824 2889 2890 2825
face 4 2781 -1 5 7049 7050 7115 7114
face 4 2782 2783 -1 2826 2891 7116 7051
face 4 2782 2846 -1 2890 7115 7116 2891
face 4 2782 -1 4 2825 2890 2891 2826
face 4 2782 -1 5 7050 7051 7116 7115
face 4 2783 2784 -1 2827 2892 7117 7052
face 4 2783 2847 -1 2891 7116 7117 2892
face 4 2783 -1 4 2826 2891 2892 2827
face 4 2783 -1 5 7051 7052 7117 7116
face 4 2784 2785 -1 2828 2893 7118 7053
face 4 2784 2848 -1 2892 7117 7118 2893
face 4 2784 -1 4 2827 2892 2893 2828
face 4 2784 -1 5 7052 7053 7118 7117
face 4 2785 2786 -1 2829 2894 7119 7054
face 4 2785 2849 -1 2893 7118 7119 2894
face 4 2785 -1 4 2828 2893 2894 2829
face 4 2785 -1 5 7053 7054 7119 7118
face 4 2786 2787 -1 2830 2895 7120 7055
face 4 2786 2850 -1 2894 7119 7120 2895
face 4 2786 -1 4 2829 2894 2895 2830
face 4 2786 -1 5 7054 7055 7120 7119
face 4 2787 2788 -1 2831 2896 7121 7056
face 4 2787 2851 -1 2895 7120 7121 2896
face 4 2787 -1 4 2830 2895 2896 2831
face 4 2787 -1 5 7055 7056 7121 7120
face 4 2788 2789 -1 2832 2897 7122 7057
face 4 2788 2852 -1 2896 7121 7122 2897
face 4 2788 -1 4 2831 2896 2897 2832
face 4 2788 -1 5 7056 7057 7122 7121
face 4 2789 2790 -1 2833 2898 7123 7058
face 4 2789 2853 -1 2897 7122 7123 2898
face 4 2789 -1 4 2832 2897 2898 2833
face 4 2789 -1 5 7057 7058 7123 7122
face 4 2790 2791 -1 2834 2899 7124 7059
face 4 2790 2854 -1 2898 7123 7124 2899
face 4 2790 -1 4 2833 2898 2899 2834
face 4 2790 -1 5 7058 7059 7124 7123
face 4 2791 2792 -1 2835 2900 7125 7060
face 4 2791 2855 -1 2899 7124 7125 2900
face 4 2791 -1 4 2834 2899 2900 2835
face 4 2791 -1 5 7059 7060 7125 7124
face 4 2792 2793 -1 2836 2901 7126 7061
face 4 2792 2856 -1 2900 7125 7126 2901
face 4 2792 -1 4 2835 2900 2901 2836
face 4 2792 -1 5 7060 7061 7126 7125
face 4 2793 2794 -1 2837 2902 7127 7062
face 4 2793 2857 -1 2901 7126 7127 2902
face 4 2793 -1 4 2836 2901 2902 2837
face 4 2793 -1 5 7061 7062 7127 7126
face 4 2794 2795 -1 2838 2903 7128 7063
face 4 2794 2858 -1 2902 7127 7128 2903
face 4 2794 -1 4 2837 2902 2903 2838
face 4 2794 -1 5 7062 7063 7128 7127
face 4 2795 2796 -1 2839 2904 7129 7064
face 4 2795 2859 -1 2903 7128 7129 2904
face 4 2795 -1 4 2838 2903 2904 2839
face 4 2795 -1 5 7063 7064 7129 7128
face 4 2796 2797 -1 2840 2905 7130 7065
face 4 2796 2860 -1 2904 7129 7130 2905
face 4 2796 -1 4 2839 2904 2905 2840
face 4 2796 -1 5 7064 7065 7130 7129
face 4 2797 2798 -1 2841 2906 7131 7066
face 4 2797 2861 -1 2905 7130 7131 2906
face 4 2797 -1 4 2840 2905 2906 2841
face 4 2797 -1 5 7065 7066 7131 7130
face 4 2798 2799 -1 2842 2907 7132 7067
face 4 2798 2862 -1 2906 7131 7132 2907
face 4 2798 -1 4 2841 2906 2907 2842
face 4 2798 -1 5 7066 7067 7132 7131
face 4 2799 2800 -1 2843 2908 7133 7068
face 4 2799 2863 -1 2907 7132 7133 2908
face 4 2799 -1 4 2842 2907 2908 2843
face 4 2799 -1 5 7067 7068 7133 7132
face 4 2800 2801 -1 2844 2909 7134 7069
face 4 2800 2864 -1 2908 7133 7134 2909
face 4 2800 -1 4 2843 2908 2909 2844
face 4 2800 -1 5 7068 7069 7134 7133
face 4 2801 2802 -1 2845 2910 7135 7070
face 4 2801 2865 -1 2909 7134 7135 2910
face 4 2801 -1 4 2844 2909 2910 2845
face 4 2801 -1 5 7069 7070 7135 7134
face 4 2802 2803 -1 2846 2911 7136 7071
face 4 2802 2866 -1 2910 7135 7136 2911
face 4 2802 -1 4 2845 2910 2911 2846
face 4 2802 -1 5 7070 7071 7136 7135
face 4 2803 2804 -1 2847 2912 7137 7072
face 4 2803 2867 -1 2911 7136 7137 2912
face 4 2803 -1 4 2846 2911 2912 2847
face 4 2803 -1 5 7071 7072 7137 7136
face 4 2804 2805 -1 2848 2913 7138 7073
face 4 2804 2868 -1 2912 7137 7138 2913
face 4 2804 -1 4 2847 2912 2913 2848
face 4 2804 -1 5 7072 7073 7138 7137
face 4 2805 2806 -1 2849 2914 7139 7074
face 4 2805 2869 -1 2913 7138 7139 2914
face 4 2805 -1 4 2848 2913 2914 2849
face 4 2805 -1 5 7073 7074 7139 7138
face 4 2806 2807 -1 2850 2915 7140 7075
face 4 2806 2870 -1 2914 7139 7140 2915
face 4 2806 -1 4 2849 2914 2915 2850
face 4 2806 -1 5 7074 7075 7140 7139
face 4 2807 2808 -1 2851 2916 7141 7076
face 4 2807 2871 -1 2915 7140 7141 2916
face 4 2807 -1 4 2850 2915 2916 2851
face 4 2807 -1 5 7075 7076 7141 7140
face 4 2808 2809 -1 2852 2917 7142 7077
face 4 2808 2872 -1 2916 7141 7142 2917
face 4 2808 -1 4 2851 2916 2917 2852
face 4 2808 -1 5 7076 7077 7142 7141
face 4 2809 2810 -1 2853 2918 7143 7078
face 4 2809 2873 -1 2917 7142 7143 2918
face 4 2809 -1 4 2852 2917 2918 2853
face 4 2809 -1 5 7077 7078 7143 7142
face 4 2810 2811 -1 2854 2919 7144 7079
face 4 2810 2874 -1 2918 7143 7144 2919
face 4 2810 -1 4 2853 2918 2919 2854
face 4 2810 -1 5 7078 7079 7144 7143
face 4 2811 2812 -1 2855 2920 7145 7080
face 4 2811 2875 -1 2919 7144 7145 2920
face 4 2811 -1 4 2854 2919 2920 2855
face 4 2811 -1 5 7079 7080 7145 7144
face 4 2812 2813 -1 2856 2921 7146 7081
face 4 2812 2876 -1 2920 7145 7146 2921
face 4 2812 -1 4 2855 2920 2921 2856
face 4 2812 -1 5 7080 7081 7146 7145
face 4 2813 2814 -1 2857 2922 7147 7082
face 4 2813 2877 -1 2921 7146 7147 2922
face 4 2813 -1 4 2856 2921 2922 2857
face 4 2813 -1 5 7081 7082 7147 7146
face 4 2814 2815 -1 2858 2923 7148 7083
face 4 2814 2878 -1 2922 7147 7148 2923
face 4 2814 -1 4 2857 2922 2923 2858
face 4 2814 -1 5 7082 7083 7148 7147
face 4 2815 -1 1 2859 2924 7149 7084
face 4 2815 2879 -1 2923 7148 7149 2924
face 4 2815 -1 4 2858 2923 2924 2859
face 4 2815 -1 5 7083 7084 7149 7148
face 4 2816 -1 0 2860 7085 7150 2925
face 4 2816 2817 -1 2861 2926 7151 7086
face 4 2816 2880 -1 2925 7150 7151 2926
face 4 2816 -1 4 2860 2925 2926 2861
face 4 2816 -1 5 7085 7086 7151 7150
face 4 2817 2818 -1 2862 2927 7152 7087
face 4 2817 2881 -1 2926 7151 7152 2927
face 4 2817 -1 4 2861 2926 2927 2862
face 4 2817 -1 5 7086 7087 7152 7151
face 4 2818 2819 -1 2863 2928 7153 7088
face 4 2818 2882 -1 2927 7152 7153 2928
face 4 2818 -1 4 2862 2927 2928 2863
face 4 2818 -1 5 7087 7088 7153 7152
face 4 2819 2820 -1 2864 2929 7154 7089
face 4 2819 2883 -1 2928 7153 7154 2929
face 4 2819 -1 4 2863 2928 2929 2864
face 4 2819 -1 5 7088 7089 7154 7153
face 4 2820 2821 -1 2865 2930 7155 7090
face 4 2820 2884 -1 2929 7154 7155 2930
face 4 2820 -1 4 2864 2929 2930 2865
face 4 2820 -1 5 7089 7090 7155 7154
face 4 2821 2822 -1 2866 2931 7156 7091
face 4 2821 2885 -1 2930 7155 7156 2931
face 4 2821 -1 4 2865 2930 2931 2866
face 4 2821 -1 5 7090 7091 7156 7155
face 4 2822 2823 -1 2867 2932 7157 7092
face 4 2822 2886 -1 2931 7156 7157 2932
face 4 2822 -1 4 2866 2931 2932 2867
face 4 2822 -1 5 7091 7092 7157 7156
face 4 2823 2824 -1 2868 2933 7158 7093
face 4 2823 2887 -1 2932 7157 7158 2933
face 4 2823 -1 4 2867 2932 2933 2868
face 4 2823 -1 5 7092 7093 7158 7157
face 4 2824 2825 -1 2869 2934 7159 7094
face 4 2824 2888 -1 2933 7158 7159 2934
face 4 2824 -1 4 2868 2933 2934 2869
face 4 2824 -1 5 7093 7094 7159 7158
face 4 2825 2826 -1 2870 2935 7160 7095
face 4 2825 2889 -1 2934 7159 7160 2935
face 4 2825 -1 4 2869 2934 2935 2870
face 4 2825 -1 5 7094 7095 7160 7159
face 4 2826 2827 -1 2871 2936 7161 7096
face 4 2826 2890 -1 2935 7160 7161 2936
face 4 2826 -1 4 2870 2935 2936 2871
face 4 2826 -1 5 7095 7096 7161 7160
face 4 2827 2828 -1 2872 2937 7162 7097
face 4 2827 2891 -1 2936 7161 7162 2937
face 4 2827 -1 4 2871 2936 2937 2872
face 4 2827 -1 5 7096 7097 7162 7161
face 4 2828 2829 -1 2873 2938 7163 7098
face 4 2828 2892 -1 2937 7162 7163 2938
face 4 2828 -1 4 2872 2937 2938 2873
face 4 2828 -1 5 7097 7098 7163 7162
face 4 2829 2830 -1 2874 2939 7164 7099
face 4 2829 2893 -1 2938 7163 7164 2939
face 4 2829 -1 4 2873 2938 2939 2874
face 4 2829 -1 5 7098 7099 7164 7163
face 4 2830 2831 -1 2875 2940 7165 7100
face 4 2830 2894 -1 2939 7164 7165 2940
face 4 2830 -1 4 2874 2939 2940 2875
face 4 2830 -1 5 7099 7100 7165 7164
face 4 2831 2832 -1 2876 2941 7166 7101
face 4 2831 2895 -1 2940 7165 7166 2941
face 4 2831 -1 4 2875 2940 2941 2876
face 4 2831 -1 5 7100 7101 7166 7165
face 4 2832 2833 -1 2877 2942 7167 7102
face 4 2832 2896 -1 2941 7166 7167 2942
face 4 2832 -1 4 2876 2941 2942 2877
face 4 2832 -1 5 7101 7102 7167 7166
face 4 2833 2834 -1 2878 2943 7168 7103
face 4 2833 2897 -1 2942 7167 7168 2943
face 4 2833 -1 4 2877 2942 2943 2878
face 4 2833 -1 5 7102 7103 7168 7167
face 4 2834 2835 -1 2879 2944 7169 7104
face 4 2834 2898 -1 2943 7168 7169 2944
face 4 2834 -1 4 2878 2943 2944 2879
face 4 2834 -1 5 7103 7104 7169 7168
face 4 2835 2836 -1 2880 2945 7170 7105
face 4 2835 2899 -1 2944 7169 7170 2945
face 4 2835 -1 4 2879 2944 2945 2880
face 4 2835 -1 5 7104 7105 7170 7169
face 4 2836 2837 -1 2881 2946 7171 7106
face 4 2836 2900 -1 2945 7170 7171 2946
face 4 2836 -1 4 2880 2945 2946 2881
face 4 2836 -1 5 7105 7106 7171 7170
face 4 2837 2838 -1 2882 2947 7172 7107
face 4 2837 2901 -1 2946 7171 7172 2947
face 4 2837 -1 4 2881 2946 2947 2882
face 4 2837 -1 5 7106 7107 7172 7171
face 4 2838 2839 -1 2883 2948 7173 7108
face 4 2838 2902 -1 2947 7172 7173 2948
face 4 2838 -1 4 2882 2947 2948 2883
face 4 2838 -1 5 7107 7108 7173 7172
face 4 2839 2840 -1 2884 2949 7174 7109
face 4 2839 2903 -1 2948 7173 7174 2949
face 4 2839 -1 4 2883 2948 2949 2884
face 4 2839 -1 5 7108 7109 7174 7173
face 4 2840 2841 -1 2885 2950 7175 7110
face 4 2840 2904 -1 2949 7174 7175 2950
face 4 2840 -1 4 2884 2949 2950 2885
face 4 2840 -1 5 7109 7110 7175 7174
face 4 2841 2842 -1 2886 2951 7176 7111
face 4 2841 2905 -1 2950 7175 7176 2951
face 4 2841 -1 4 2885 2950 2951 2886
face 4 2841 -1 5 7110 7111 7176 7175
face 4 2842 2843 -1 2887 2952 7177 7112
face 4 2842 2906 -1 2951 7176 7177 2952
face 4 2842 -1 4 2886 2951 2952 2887
face 4 2842 -1 5 7111 7112 7177 7176
face 4 2843 2844 -1 2888 2953 7178 7113
face 4 2843 2907 -1 2952 7177 7178 2953
face 4 2843 -1 4 2887 2952 2953 2888
face 4 2843 -1 5 7112 7113 7178 7177
face 4 2844 2845 -1 2889 2954 7179 7114
face 4 2844 2908 -1 2953 7178 7179 2954
face 4 2844 -1 4 2888 2953 2954 2889
face 4 2844 -1 5 7113 7114 7179 7178
face 4 2845 2846 -1 2890 2955 7180 7115
face 4 2845 2909 -1 2954 7179 7180 2955
face 4 2845 -1 4 2889 2954 2955 2890
face 4 2845 -1 5 7114 7115 7180 7179
face 4 2846 2847 -1 2891 2956 7181 7116
face 4 2846 2910 -1 2955 7180 7181 2956
face 4 2846 -1 4 2890 2955 2956 2891
face 4 2846 -1 5 7115 7116 7181 7180
face 4 2847 2848 -1 2892 2957 7182 7117
face 4 2847 2911 -1 2956 7181 7182 2957
face 4 2847 -1 4 2891 2956 2957 2892
face 4 2847 -1 5 7116 7117 7182 7181
face 4 2848 2849 -1 2893 2958 7183 7118
face 4 2848 2912 -1 2957 7182 7183 2958
face 4 2848 -1 4 2892 2957 2958 2893
face 4 2848 -1 5 7117 7118 7183 7182
face 4 2849 2850 -1 2894 2959 7184 7119
face 4 2849 2913 -1 2958 7183 7184 2959
face 4 2849 -1 4 2893 2958 2959 2894
face 4 2849 -1 5 7118 7119 7184 7183
face 4 2850 2851 -1 2895 2960 7185 7120
face 4 2850 2914 -1 2959 7184 7185 2960
face 4 2850 -1 4 2894 2959 2960 2895
face 4 2850 -1 5 7119 7120 7185 7184
face 4 2851 2852 -1 2896 2961 7186 7121
face 4 2851 2915 -1 2960 7185 7186 2961
face 4 2851 -1 4 2895 2960 2961 2896
face 4 2851 -1 5 7120 7121 7186 7185
face 4 2852 2853 -1 2897 2962 7187 7122
face 4 2852 2916 -1 2961 7186 7187 2962
face 4 2852 -1 4 2896 2961 2962 2897
face 4 2852 -1 5 7121 7122 7187 7186
face 4 2853 2854 -1 2898 2963 7188 7123
face 4 2853 2917 -1 2962 7187 7188 2963
face 4 2853 -1 4 2897 2962 2963 2898
face 4 2853 -1 5 7122 7123 7188 7187
face 4 2854 2855 -1 2899 2964 7189 7124
face 4 2854 2918 -1 2963 7188 7189 2964
face 4 2854 -1 4 2898 2963 2964 2899
face 4 2854 -1 5 7123 7124 7189 7188
face 4 2855 2856 -1 2900 2965 7190 7125
face 4 2855 2919 -1 2964 7189 7190 2965
face 4 2855 -1 4 2899 2964 2965 2900
face 4 2855 -1 5 7124 7125 7190 7189
face 4 2856 2857 -1 2901 2966 7191 7126
face 4 2856 2920 -1 2965 7190 7191 2966
face 4 2856 -1 4 2900 2965 2966 2901
face 4 2856 -1 5 7125 7126 7191 7190
face 4 2857 2858 -1 2902 2967 7192 7127
face 4 2857 2921 -1 2966 7191 7192 2967
face 4 2857 -1 4 2901 2966 2967 2902
face 4 2857 -1 5 7126 7127 7192 7191
face 4 2858 2859 -1 2903 2968 7193 7128
face 4 2858 2922 -1 2967 7192 7193 2968
face 4 2858 -1 4 2902 2967 2968 2903
face 4 2858 -1 5 7127 7128 7193 7192
face 4 2859 2860 -1 2904 2969 7194 7129
face 4 2859 2923 -1 2968 7193 7194 2969
face 4 2859 -1 4 2903 2968 2969 2904
face 4 2859 -1 5 7128 7129 7194 7193
face 4 2860 2861 -1 2905 2970 7195 7130
face 4 2860 2924 -1 2969 7194 7195 2970
face 4 2860 -1 4 2904 2969 2970 2905
face 4 2860 -1 5 7129 7130 7195 7194
face 4 2861 2862 -1 2906 2971 7196 7131
face 4 2861 2925 -1 2970 7195 7196 2971
face 4 2861 -1 4 2905 2970 2971 2906
face 4 2861 -1 5 7130 7131 7196 7195
face 4 2862 2863 -1 2907 2972 7197 7132
face 4 2862 2926 -1 2971 7196 7197 2972
face 4 2862 -1 4 2906 2971 2972 2907
face 4 2862 -1 5 7131 7132 7197 7196
face 4 2863 2864 -1 2908 2973 7198 7133
face 4 2863 2927 -1 2972 7197 7198 2973
face 4 2863 -1 4 2907 2972 2973 2908
face 4 2863 -1 5 7132 7133 7198 7197
face 4 2864 2865 -1 2909 2974 7199 7134
face 4 2864 2928 -1 2973 7198 7199 2974
face 4 2864 -1 4 2908 2973 2974 2909
face 4 2864 -1 5 7133 7134 7199 7198
face 4 2865 2866 -1 2910 2975 7200 7135
face 4 2865 2929 -1 2974 7199 7200 2975
face 4 2865 -1 4 2909 2974 2975 2910
face 4 2865 -1 5 7134 7135 7200 7199
face 4 2866 2867 -1 2911 2976 7201 7136
face 4 2866 2930 -1 2975 7200 7201 2976
face 4 2866 -1 4 2910 2975 2976 2911
face 4 2866 -1 5 7135 7136 7201 7200
face 4 2867 2868 -1 2912 2977 7202 7137
face 4 2867 2931 -1 2976 7201 7202 2977
face 4 2867 -1 4 2911 2976 2977 2912
face 4 2867 -1 5 7136 7137 7202 7201
face 4 2868 2869 -1 2913 2978 7203 7138
face 4 2868 2932 -1 2977 7202 7203 2978
face 4 2868 -1 4 2912 2977 2978 2913
face 4 2868 -1 5 7137 7138 7203 7202
face 4 2869 2870 -1 2914 2979 7204 7139
face 4 2869 2933 -1 2978 7203 7204 2979
face 4 2869 -1 4 2913 2978 2979 2914
face 4 2869 -1 5 7138 7139 7204 7203
face 4 2870 2871 -1 2915 2980 7205 7140
face 4 2870 2934 -1 2979 7204 7205 2980
face 4 2870 -1 4 2914 2979 2980 2915
face 4 2870 -1 5 7139 7140 7205 7204
face 4 2871 2872 -1 2916 2981 7206 7141
face 4 2871 2935 -1 2980 7205 7206 2981
face 4 2871 -1 4 2915 2980 2981 2916
face 4 2871 -1 5 7140 7141 7206 7205
face 4 2872 2873 -1 2917 2982 7207 7142
face 4 2872 2936 -1 2981 7206 7207 2982
face 4 2872 -1 4 2916 2981 2982 2917
face 4 2872 -1 5 7141 7142 7207 7206
face 4 2873 2874 -1 2918 2983 7208 7143
face 4 2873 2937 -1 2982 7207 7208 2983
face 4 2873 -1 4 2917 2982 2983 2918
face 4 2873 -1 5 7142 7143 7208 7207
face 4 2874 2875 -1 2919 2984 7209 7144
face 4 2874 2938 -1 2983 7208 7209 2984
face 4 2874 -1 4 2918 2983 2984 2919
face 4 2874 -1 5 7143 7144 7209 7208
face 4 2875 2876 -1 2920 2985 7210 7145
face 4 2875 2939 -1 2984 7209 7210 2985
face 4 2875 -1 4 2919 2984 2985 2920
face 4 2875 -1 5 7144 7145 7210 7209
face 4 2876 2877 -1 2921 2986 7211 7146
face 4 2876 2940 -1 2985 7210 7211 2986
face 4 2876 -1 4 2920 2985 2986 2921
face 4 2876 -1 5 7145 7146 7211 7210
face 4 2877 2878 -1 2922 2987 7212 7147
face 4 2877 2941 -1 2986 7211 7212 2987
face 4 2877 -1 4 2921 2986 2987 2922
face 4 2877 -1 5 7146 7147 7212 7211
face 4 2878 2879 -1 2923 2988 7213 7148
face 4 2878 2942 -1 2987 7212 7213 2988
face 4 2878 -1 4 2922 2987 2988 2923
face 4 2878 -1 5 7147 7148 7213 7212
face 4 2879 -1 1 2924 2989 7214 7149
face 4 2879 2943 -1 2988 7213 7214 2989
face 4 2879 -1 4 2923 2988 2989 2924
face 4 2879 -1 5 7148 7149 7214 7213
face 4 2880 -1 0 2925 7150 7215 2990
face 4 2880 2881 -1 2926 2991 7216 7151
face 4 2880 2944 -1 2990 7215 7216 2991
face 4 2880 -1 4 2925 2990 2991 2926
face 4 2880 -1 5 7150 7151 7216 7215
face 4 2881 2882 -1 2927 2992 7217 7152
face 4 2881 2945 -1 2991 7216 7217 2992
face 4 2881 -1 4 2926 2991 2992 2927
face 4 2881 -1 5 7151 7152 7217 7216
face 4 2882 2883 -1 2928 2993 7218 7153
face 4 2882 2946 -1 2992 7217 7218 2993
face 4 2882 -1 4 2927 2992 2993 2928
face 4 2882 -1 5 7152 7153 7218 7217
face 4 2883 2884 -1 2929 2994 7219 7154
face 4 2883 2947 -1 2993 7218 7219 2994
face 4 2883 -1 4 2928 2993 2994 2929
face 4 2883 -1 5 7153 7154 7219 7218
face 4 2884 2885 -1 2930 2995 7220 7155
face 4 2884 2948 -1 2994 7219 7220 2995
face 4 2884 -1 4 2929 2994 2995 2930
face 4 2884 -1 5 7154 7155 7220 7219
face 4 2885 2886 -1 2931 2996 7221 7156
face 4 2885 2949 -1 2995 7220 7221 2996
face 4 2885 -1 4 2930 2995 2996 2931
face 4 2885 -1 5 7155 7156 7221 7220
face 4 2886 2887 -1 2932 2997 7222 7157
face 4 2886 2950 -1 2996 7221 7222 2997
face 4 2886 -1 4 2931 2996 2997 2932
face 4 2886 -1 5 7156 7157 7222 7221
face 4 2887 2888 -1 2933 2998 7223 7158
face 4 2887 2951 -1 2997 7222 7223 2998
face 4 2887 -1 4 2932 2997 2998 2933
face 4 2887 -1 5 7157 7158 7223 7222
face 4 2888 2889 -1 2934 2999 7224 7159
face 4 2888 2952 -1 2998 7223 7224 2999
face 4 2888 -1 4 2933 2998 2999 2934
face 4 2888 -1 5 7158 7159 7224 7223
face 4 2889 2890 -1 2935 3000 7225 7160
face 4 2889 2953 -1 2999 7224 7225 3000
face 4 2889 -1 4 2934 2999 3000 2935
face 4 2889 -1 5 7159 7160 7225 7224
face 4 2890 2891 -1 2936 3001 7226 7161
face 4 2890 2954 -1 3000 7225 7226 3001
face 4 2890 -1 4 2935 3000 3001 2936
face 4 2890 -1 5 7160 7161 7226 7225
face 4 2891 2892 -1 2937 3002 7227 7162
face 4 2891 2955 -1 3001 7226 7227 3002
face 4 2891 -1 4 2936 3001 3002 2937
face 4 2891 -1 5 7161 7162 7227 7226
face 4 2892 2893 -1 2938 3003 7228 7163
face 4 2892 2956 -1 3002 7227 7228 3003
face 4 2892 -1 4 2937 3002 3003 2938
face 4 2892 -1 5 7162 7163 7228 7227
face 4 2893 2894 -1 2939 3004 7229 7164
face 4 2893 2957 -1 3003 7228 7229 3004
face 4 2893 -1 4 2938 3003 3004 2939
face 4 2893 -1 5 7163 7164 7229 7228
face 4 2894 2895 -1 2940 3005 7230 7165
face 4 2894 2958 -1 3004 7229 7230 3005
face 4 2894 -1 4 2939 3004 3005 2940
face 4 2894 -1 5 7164 7165 7230 7229
face 4 2895 2896 -1 2941 3006 7231 7166
face 4 2895 2959 -1 3005 7230 7231 3006
face 4 2895 -1 4 2940 3005 3006 2941
face 4 2895 -1 5 7165 7166 7231 7230
face 4 2896 2897 -1 2942 3007 7232 7167
face 4 2896 2960 -1 3006 7231 7232 3007
face 4 2896 -1 4 2941 3006 3007 2942
face 4 2896 -1 5 7166 7167 7232 7231
face 4 2897 2898 -1 2943 3008 7233 7168
face 4 2897 2961 -1 3007 7232 7233 3008
face 4 2897 -1 4 2942 3007 3008 2943
face 4 2897 -1 5 7167 7168 7233 7232
face 4 2898 2899 -1 2944 3009 7234 7169
face 4 2898 2962 -1 3008 7233 7234 3009
face 4 2898 -1 4 2943 3008 3009 2944
face 4 2898 -1 5 7168 7169 7234 7233
face 4 2899 2900 -1 2945 3010 7235 7170
face 4 2899 2963 -1 3009 7234 7235 3010
face 4 2899 -1 4 2944 3009 3010 2945
face 4 2899 -1 5 7169 7170 7235 7234
face 4 2900 2901 -1 2946 3011 7236 7171
face 4 2900 2964 -1 3010 7235 7236 3011
face 4 2900 -1 4 2945 3010 3011 2946
face 4 2900 -1 5 7170 7171 7236 7235
face 4 2901 2902 -1 2947 3012 7237 7172
face 4 2901 2965 -1 3011 7236 7237 3012
face 4 2901 -1 4 2946 3011 3012 2947
face 4 2901 -1 5 7171 7172 7237 7236
face 4 2902 2903 -1 2948 3013 7238 7173
face 4 2902 2966 -1 3012 7237 7238 3013
face 4 2902 -1 4 2947 3012 3013 2948
face 4 2902 -1 5 7172 7173 7238 7237
face 4 2903 2904 -1 2949 3014 7239 7174
face 4 2903 2967 -1 3013 7238 7239 3014
face 4 2903 -1 4 2948 3013 3014 2949
face 4 2903 -1 5 7173 7174 7239 7238
face 4 2904 2905 -1 2950 3015 7240 7175
face 4 2904 2968 -1 3014 7239 7240 3015
face 4 2904 -1 4 2949 3014 3015 2950
face 4 2904 -1 5 7174 7175 7240 7239
face 4 2905 2906 -1 2951 3016 7241 7176
face 4 2905 2969 -1 3015 7240 7241 3016
face 4 2905 -1 4 2950 3015 3016 2951
face 4 2905 -1 5 7175 7176 7241 7240
face 4 2906 2907 -1 2952 3017 7242 7177
face 4 2906 2970 -1 3016 7241 7242 3017
face 4 2906 -1 4 2951 3016 3017 2952
face 4 2906 -1 5 7176 7177 7242 7241
face 4 2907 2908 -1 2953 3018 7243 7178
face 4 2907 2971 -1 3017 7242 7243 3018
face 4 2907 -1 4 2952 3017 3018 2953
face 4 2907 -1 5 7177 7178 7243 7242
face 4 2908 2909 -1 2954 3019 7244 7179
face 4 2908 2972 -1 3018 7243 7244 3019
face 4 2908 -1 4 2953 3018 3019 2954
face 4 2908 -1 5 7178 7179 7244 7243
face 4 2909 2910 -1 2955 3020 7245 7180
face 4 2909 2973 -1 3019 7244 7245 3020
face 4 2909 -1 4 2954 3019 3020 2955
face 4 2909 -1 5 7179 7180 7245 7244
face 4 2910 2911 -1 2956 3021 7246 7181
face 4 2910 2974 -1 3020 7245 7246 3021
face 4 2910 -1 4 2955 3020 3021 2956
face 4 2910 -1 5 7180 7181 7246 7245
face 4 2911 2912 -1 2957 3022 7247 7182
face 4 2911 2975 -1 3021 7246 7247 3022
face 4 2911 -1 4 2956 3021 3022 2957
face 4 2911 -1 5 7181 7182 7247 7246
face 4 2912 2913 -1 2958 3023 7248 7183
face 4 2912 2976 -1 3022 7247 7248 3023
face 4 2912 -1 4 2957 3022 3023 2958
face 4 2912 -1 5 7182 7183 7248 7247
face 4 2913 2914 -1 2959 3024 7249 7184
face 4 2913 2977 -1 3023 7248 7249 3024
face 4 2913 -1 4 2958 3023 3024 2959
face 4 2913 -1 5 7183 7184 7249 7248
face 4 2914 2915 -1 2960 3025 7250 7185
face 4 2914 2978 -1 3024 7249 7250 3025
face 4 2914 -1 4 2959 3024 3025 2960
face 4 2914 -1 5 7184 7185 7250 7249
face 4 2915 2916 -1 2961 3026 7251 7186
face 4 2915 2979 -1 3025 7250 7251 3026
face 4 2915 -1 4 2960 3025 3026 2961
face 4 2915 -1 5 7185 7186 7251 7250
face 4 2916 2917 -1 2962 3027 7252 7187
face 4 2916 2980 -1 3026 7251 7252 3027
face 4 2916 -1 4 2961 3026 3027 2962
face 4 2916 -1 5 7186 7187 7252 7251
face 4 2917 2918 -1 2963 3028 7253 7188
face 4 2917 2981 -1 3027 7252 7253 3028
face 4 2917 -1 4 2962 3027 3028 2963
face 4 2917 -1 5 7187 7188 7253 7252
face 4 2918 2919 -1 2964 3029 7254 7189
face 4 2918 2982 -1 3028 7253 7254 3029
face 4 2918 -1 4 2963 3028 3029 2964
face 4 2918 -1 5 7188 7189 7254 7253
face 4 2919 2920 -1 2965 3030 7255 7190
face 4 2919 2983 -1 3029 7254 7255 3030
face 4 2919 -1 4 2964 3029 3030 2965
face 4 2919 -1 5 7189 7190 7255 7254
face 4 2920 2921 -1 2966 3031 7256 7191
face 4 2920 2984 -1 3030 7255 7256 3031
face 4 2920 -1 4 2965 3030 3031 2966
face 4 2920 -1 5 7190 7191 7256 7255
face 4 2921 2922 -1 2967 3032 7257 7192
face 4 2921 2985 -1 3031 7256 7257 3032
face 4 2921 -1 4 2966 3031 3032 2967
face 4 2921 -1 5 7191 7192 7257 7256
face 4 2922 2923 -1 2968 3033 7258 7193
face 4 2922 2986 -1 3032 7257 7258 3033
face 4 2922 -1 4 2967 3032 3033 2968
face 4 2922 -1 5 7192 7193 7258 7257
face 4 2923 2924 -1 2969 3034 7259 7194
face 4 2923 2987 -1 3033 7258 7259 3034
face 4 2923 -1 4 2968 3033 3034 2969
face 4 2923 -1 5 7193 7194 7259 7258
face 4 2924 2925 -1 2970 3035 7260 7195
face 4 2924 2988 -1 3034 7259 7260 3035
face 4 2924 -1 4 2969 3034 3035 2970
face 4 2924 -1 5 7194 7195 7260 7259
face 4 2925 2926 -1 2971 3036 7261 7196
face 4 2925 2989 -1 3035 7260 7261 3036
face 4 2925 -1 4 2970 3035 3036 2971
face 4 2925 -1 5 7195 7196 7261 7260
face 4 2926 2927 -1 2972 3037 7262 7197
face 4 2926 2990 -1 3036 7261 7262 3037
face 4 2926 -1 4 2971 3036 3037 2972
face 4 2926 -1 5 7196 7197 7262 7261
face 4 2927 2928 -1 2973 3038 7263 7198
face 4 2927 2991 -1 3037 7262 7263 3038
face 4 2927 -1 4 2972 3037 3038 2973
face 4 2927 -1 5 7197 7198 7263 7262
face 4 2928 2929 -1 2974 3039 7264 7199
face 4 2928 2992 -1 3038 7263 7264 3039
face 4 2928 -1 4 2973 3038 3039 2974
face 4 2928 -1 5 7198 7199 7264 7263
face 4 2929 2930 -1 2975 3040 7265 7200
face 4 2929 2993 -1 3039 7264 7265 3040
face 4 2929 -1 4 2974 3039 3040 2975
face 4 2929 -1 5 7199 7200 7265 7264
face 4 2930 2931 -1 2976 3041 7266 7201
face 4 2930 2994 -1 3040 7265 7266 3041
face 4 2930 -1 4 2975 3040 3041 2976
face 4 2930 -1 5 7200 7201 7266 7265
face 4 2931 2932 -1 2977 3042 7267 7202
face 4 2931 2995 -1 3041 7266 7267 3042
face 4 2931 -1 4 2976 3041 3042 2977
face 4 2931 -1 5 7201 7202 7267 7266
face 4 2932 2933 -1 2978 3043 7268 7203
face 4 2932 2996 -1 3042 7267 7268 3043
face 4 2932 -1 4 2977 3042 3043 2978
face 4 2932 -1 5 7202 7203 7268 7267
face 4 2933 2934 -1 2979 3044 7269 7204
face 4 2933 2997 -1 3043 7268 7269 3044
face 4 2933 -1 4 2978 3043 3044 2979
face 4 2933 -1 5 7203 7204 7269 7268
face 4 2934 2935 -1 2980 3045 7270 7205
face 4 2934 2998 -1 3044 7269 7270 3045
face 4 2934 -1 4 2979 3044 3045 2980
face 4 2934 -1 5 7204 7205 7270 7269
face 4 2935 2936 -1 2981 3046 7271 7206
face 4 2935 2999 -1 3045 7270 7271 3046
face 4 2935 -1 4 2980 3045 3046 2981
face 4 2935 -1 5 7205 7206 7271 7270
face 4 2936 2937 -1 2982 3047 7272 7207
face 4 2936 3000 -1 3046 7271 7272 3047
face 4 2936 -1 4 2981 3046 3047 2982
face 4 2936 -1 5 7206 7207 7272 7271
face 4 2937 2938 -1 2983 3048 7273 7208
face 4 2937 3001 -1 3047 7272 7273 3048
face 4 2937 -1 4 2982 3047 3048 2983
face 4 2937 -1 5 7207 7208 7273 7272
face 4 2938 2939 -1 2984 3049 7274 7209
face 4 2938 3002 -1 3048 7273 7274 3049
face 4 2938 -1 4 2983 3048 3049 2984
face 4 2938 -1 5 7208 7209 7274 7273
face 4 2939 2940 -1 2985 3050 7275 7210
face 4 2939 3003 -1 3049 7274 7275 3050
face 4 2939 -1 4 2984 3049 3050 2985
face 4 2939 -1 5 7209 7210 7275 7274
face 4 2940 2941 -1 2986 3051 7276 7211
face 4 2940 3004 -1 3050 7275 7276 3051
face 4 2940 -1 4 2985 3050 3051 2986
face 4 2940 -1 5 7210 7211 7276 7275
face 4 2941 2942 -1 2987 3052 7277 7212
face 4 2941 3005 -1 3051 7276 7277 3052
face 4 2941 -1 4 2986 3051 3052 2987
face 4 2941 -1 5 7211 7212 7277 7276
face 4 2942 2943 -1 2988 3053 7278 7213
face 4 2942 3006 -1 3052 7277 7278 3053
face 4 2942 -1 4 2987 3052 3053 2988
face 4 2942 -1 5 7212 7213 7278 7277
face 4 2943 -1 1 2989 3054 7279 7214
face 4 2943 3007 -1 3053 7278 7279 3054
face 4 2943 -1 4 2988 3053 3054 2989
face 4 2943 -1 5 7213 7214 7279 7278
face 4 2944 -1 0 2990 7215 7280 3055
face 4 2944 2945 -1 2991 3056 7281 7216
face 4 2944 3008 -1 3055 7280 7281 3056
face 4 2944 -1 4 2990 3055 3056 2991
face 4 2944 -1 5 7215 7216 7281 7280
face 4 2945 2946 -1 2992 3057 7282 7217
face 4 2945 3009 -1 3056 7281 7282 3057
face 4 2945 -1 4 2991 3056 3057 2992
face 4 2945 -1 5 7216 7217 7282 7281
face 4 2946 2947 -1 2993 3058 7283 7218
face 4 2946 3010 -1 3057 7282 7283 3058
face 4 2946 -1 4 2992 3057 3058 2993
face 4 2946 -1 5 7217 7218 7283 7282
face 4 2947 2948 -1 2994 3059 7284 7219
face 4 2947 3011 -1 3058 7283 7284 3059
face 4 2947 -1 4 2993 3058 3059 2994
face 4 2947 -1 5 7218 7219 7284 7283
face 4 2948 2949 -1 2995 3060 7285 7220
face 4 2948 3012 -1 3059 7284 7285 3060
face 4 2948 -1 4 2994 3059 3060 2995
face 4 2948 -1 5 7219 7220 7285 7284
face 4 2949 2950 -1 2996 3061 7286 7221
face 4 2949 3013 -1 3060 7285 7286 3061
face 4 2949 -1 4 2995 3060 3061 2996
face 4 2949 -1 5 7220 7221 7286 7285
face 4 2950 2951 -1 2997 3062 7287 7222
face 4 2950 3014 -1 3061 7286 7287 3062
face 4 2950 -1 4 2996 3061 3062 2997
face 4 2950 -1 5 7221 7222 7287 7286
face 4 2951 2952 -1 2998 3063 7288 7223
face 4 2951 3015 -1 3062 7287 7288 3063
face 4 2951 -1 4 2997 3062 3063 2998
face 4 2951 -1 5 7222 7223 7288 7287
face 4 2952 2953 -1 2999 3064 7289 7224
face 4 2952 3016 -1 3063 7288 7289 3064
face 4 2952 -1 4 2998 3063 3064 2999
face 4 2952 -1 5 7223 7224 7289 7288
face 4 2953 2954 -1 3000 3065 7290 7225
face 4 2953 3017 -1 3064 7289 7290 3065
face 4 2953 -1 4 2999 3064 3065 3000
face 4 2953 -1 5 7224 7225 7290 7289
face 4 2954 2955 -1 3001 3066 7291 7226
face 4 2954 3018 -1 3065 7290 7291 3066
face 4 2954 -1 4 3000 3065 3066 3001
face 4 2954 -1 5 7225 7226 7291 7290
face 4 2955 2956 -1 3002 3067 7292 7227
face 4 2955 3019 -1 3066 7291 7292 3067
face 4 2955 -1 4 3001 3066 3067 3002
face 4 2955 -1 5 7226 7227 7292 7291
face 4 2956 2957 -1 3003 3068 7293 7228
face 4 2956 3020 -1 3067 7292 7293 3068
face 4 2956 -1 4 3002 3067 3068 3003
face 4 2956 -1 5 7227 7228 7293 7292
face 4 2957 2958 -1 3004 3069 7294 7229
face 4 2957 3021 -1 3068 7293 7294 3069
face 4 2957 -1 4 3003 3068 3069 3004
face 4 2957 -1 5 7228 7229 7294 7293
face 4 2958 2959 -1 3005 3070 7295 7230
face 4 2958 3022 -1 3069 7294 7295 3070
face 4 2958 -1 4 3004 3069 3070 3005
face 4 2958 -1 5 7229 7230 7295 7294
face 4 2959 2960 -1 3006 3071 7296 7231
face 4 2959 3023 -1 3070 7295 7296 3071
face 4 2959 -1 4 3005 3070 3071 3006
face 4 2959 -1 5 7230 7231 7296 7295
face 4 2960 2961 -1 3007 3072 7297 7232
face 4 2960 3024 -1 3071 7296 7297 3072
face 4 2960 -1 4 3006 3071 3072 3007
face 4 2960 -1 5 7231 7232 7297 7296
face 4 2961 2962 -1 3008 3073 7298 7233
face 4 2961 3025 -1 3072 7297 7298 3073
face 4 2961 -1 4 3007 3072 3073 3008
face 4 2961 -1 5 7232 7233 7298 7297
face 4 2962 2963 -1 3009 3074 7299 7234
face 4 2962 3026 -1 3073 7298 7299 3074
face 4 2962 -1 4 3008 3073 3074 3009
face 4 2962 -1 5 7233 7234 7299 7298
face 4 2963 2964 -1 3010 3075 7300 7235
face 4 2963 3027 -1 3074 7299 7300 3075
face 4 2963 -1 4 3009 3074 3075 3010
face 4 2963 -1 5 7234 7235 7300 7299
face 4 2964 2965 -1 3011 3076 7301 7236
face 4 2964 3028 -1 3075 7300 7301 3076
face 4 2964 -1 4 3010 3075 3076 3011
face 4 2964 -1 5 7235 7236 7301 7300
face 4 2965 2966 -1 3012 3077 7302 7237
face 4 2965 3029 -1 3076 7301 7302 3077
face 4 2965 -1 4 3011 3076 3077 3012
face 4 2965 -1 5 7236 7237 7302 7301
face 4 2966 2967 -1 3013 3078 7303 7238
face 4 2966 3030 -1 3077 7302 7303 3078
face 4 2966 -1 4 3012 3077 3078 3013
face 4 2966 -1 5 7237 7238 7303 7302
face 4 2967 2968 -1 3014 3079 7304 7239
face 4 2967 3031 -1 3078 7303 7304 3079
face 4 2967 -1 4 3013 3078 3079 3014
face 4 2967 -1 5 7238 7239 7304 7303
face 4 2968 2969 -1 3015 3080 7305 7240
face 4 2968 3032 -1 3079 7304 7305 3080
face 4 2968 -1 4 3014 3079 3080 3015
face 4 2968 -1 5 7239 7240 7305 7304
face 4 2969 2970 -1 3016 3081 7306 7241
face 4 2969 3033 -1 3080 7305 7306 3081
face 4 2969 -1 4 3015 3080 3081 3016
face 4 2969 -1 5 7240 7241 7306 7305
face 4 2970 2971 -1 3017 3082 7307 7242
face 4 2970 3034 -1 3081 7306 7307 3082
face 4 2970 -1 4 3016 3081 3082 3017
face 4 2970 -1 5 7241 7242 7307 7306
face 4 2971 2972 -1 3018 3083 7308 7243
face 4 2971 3035 -1 3082 7307 7308 3083
face 4 2971 -1 4 3017 3082 3083 3018
face 4 2971 -1 5 7242 7243 7308 7307
face 4 2972 2973 -1 3019 3084 7309 7244
face 4 2972 3036 -1 3083 7308 7309 3084
face 4 2972 -1 4 3018 3083 3084 3019
face 4 2972 -1 5 7243 7244 7309 7308
face 4 2973 2974 -1 3020 3085 7310 7245
face 4 2973 3037 -1 3084 7309 7310 3085
face 4 2973 -1 4 3019 3084 3085 3020
face 4 2973 -1 5 7244 7245 7310 7309
face 4 2974 2975 -1 3021 3086 7311 7246
face 4 2974 3038 -1 3085 7310 7311 3086
face 4 2974 -1 4 3020 3085 3086 3021
face 4 2974 -1 5 7245 7246 7311 7310
face 4 2975 2976 -1 3022 3087 7312 7247
face 4 2975 3039 -1 3086 7311 7312 3087
face 4 2975 -1 4 3021 3086 3087 3022
face 4 2975 -1 5 7246 7247 7312 7311
face 4 2976 2977 -1 3023 3088 7313 7248
face 4 2976 3040 -1 3087 7312 7313 3088
face 4 2976 -1 4 3022 3087 3088 3023
face 4 2976 -1 5 7247 7248 7313 7312
face 4 2977 2978 -1 3024 3089 7314 7249
face 4 2977 3041 -1 3088 7313 7314 3089
face 4 2977 -1 4 3023 3088 3089 3024
face 4 2977 -1 5 7248 7249 7314 7313
face 4 2978 2979 -1 3025 3090 7315 7250
face 4 2978 3042 -1 3089 7314 7315 3090
face 4 2978 -1 4 3024 3089 3090 3025
face 4 2978 -1 5 7249 7250 7315 7314
face 4 2979 2980 -1 3026 3091 7316 7251
face 4 2979 3043 -1 3090 7315 7316 3091
face 4 2979 -1 4 3025 3090 3091 3026
face 4 2979 -1 5 7250 7251 7316 7315
face 4 2980 2981 -1 3027 3092 7317 7252
face 4 2980 3044 -1 3091 7316 7317 3092
face 4 2980 -1 4 3026 3091 3092 3027
face 4 2980 -1 5 7251 7252 7317 7316
face 4 2981 2982 -1 3028 3093 7318 7253
face 4 2981 3045 -1 3092 7317 7318 3093
face 4 2981 -1 4 3027 3092 3093 3028
face 4 2981 -1 5 7252 7253 7318 7317
face 4 2982 2983 -1 3029 3094 7319 7254
face 4 2982 3046 -1 3093 7318 7319 3094
face 4 2982 -1 4 3028 3093 3094 3029
face 4 2982 -1 5 7253 7254 7319 7318
face 4 2983 2984 -1 3030 3095 7320 7255
face 4 2983 3047 -1 3094 7319 7320 3095
face 4 2983 -1 4 3029 3094 3095 3030
face 4 2983 -1 5 7254 7255 7320 7319
face 4 2984 2985 -1 3031 3096 7321 7256
face 4 2984 3048 -1 3095 7320 7321 3096
face 4 2984 -1 4 3030 3095 3096 3031
face 4 2984 -1 5 7255 7256 7321 7320
face 4 2985 2986 -1 3032 3097 7322 7257
face 4 2985 3049 -1 3096 7321 7322 3097
face 4 2985 -1 4 3031 3096 3097 3032
face 4 2985 -1 5 7256 7257 7322 7321
face 4 2986 2987 -1 3033 3098 7323 7258
face 4 2986 3050 -1 3097 7322 7323 3098
face 4 2986 -1 4 3032 3097 3098 3033
face 4 2986 -1 5 7257 7258 7323 7322
face 4 2987 2988 -1 3034 3099 7324 7259
face 4 2987 3051 -1 3098 7323 7324 3099
face 4 2987 -1 4 3033 3098 3099 3034
face 4 2987 -1 5 7258 7259 7324 7323
face 4 2988 2989 -1 3035 3100 7325 7260
face 4 2988 3052 -1 3099 7324 7325 3100
face 4 2988 -1 4 3034 3099 3100 3035
face 4 2988 -1 5 7259 7260 7325 7324
face 4 2989 2990 -1 3036 3101 7326 7261
face 4 2989 3053 -1 3100 7325 7326 3101
face 4 2989 -1 4 3035 3100 3101 3036
face 4 2989 -1 5 7260 7261 7326 7325
face 4 2990 2991 -1 3037 3102 7327 7262
face 4 2990 3054 -1 3101 7326 7327 3102
face 4 2990 -1 4 3036 3101 3102 3037
face 4 2990 -1 5 7261 7262 7327 7326
face 4 2991 2992 -1 3038 3103 7328 7263
face 4 2991 3055 -1 3102 7327 7328 3103
face 4 2991 -1 4 3037 3102 3103 3038
face 4 2991 -1 5 7262 7263 7328 7327
face 4 2992 2993 -1 3039 3104 7329 7264
face 4 2992 3056 -1 3103 7328 7329 3104
face 4 2992 -1 4 3038 3103 3104 3039
face 4 2992 -1 5 7263 7264 7329 7328
face 4 2993 2994 -1 3040 3105 7330 7265
face 4 2993 3057 -1 3104 7329 7330 3105
face 4 2993 -1 4 3039 3104 3105 3040
face 4 2993 -1 5 7264 7265 7330 7329
face 4 2994 2995 -1 3041 3106 7331 7266
face 4 2994 3058 -1 3105 7330 7331 3106
face 4 2994 -1 4 3040 3105 3106 3041
face 4 2994 -1 5 7265 7266 7331 7330
face 4 2995 2996 -1 3042 3107 7332 7267
face 4 2995 3059 -1 3106 7331 7332 3107
face 4 2995 -1 4 3041 3106 3107 3042
face 4 2995 -1 5 7266 7267 7332 7331
face 4 2996 2997 -1 3043 3108 7333 7268
face 4 2996 3060 -1 3107 7332 7333 3108
face 4 2996 -1 4 3042 3107 3108 3043
face 4 2996 -1 5 7267 7268 7333 7332
face 4 2997 2998 -1 3044 3109 7334 7269
face 4 2997 3061 -1 3108 7333 7334 3109
face 4 2997 -1 4 3043 3108 3109 3044
face 4 2997 -1 5 7268 7269 7334 7333
face 4 2998 2999 -1 3045 3110 7335 7270
face 4 2998 3062 -1 3109 7334 7335 3110
face 4 2998 -1 4 3044 3109 3110 3045
face 4 2998 -1 5 7269 7270 7335 7334
face 4 2999 3000 -1 3046 3111 7336 7271
face 4 2999 3063 -1 3110 7335 7336 3111
face 4 2999 -1 4 3045 3110 3111 3046
face 4 2999 -1 5 7270 7271 7336 7335
face 4 3000 3001 -1 3047 3112 7337 7272
face 4 3000 3064 -1 3111 7336 7337 3112
face 4 3000 -1 4 3046 3111 3112 3047
face 4 3000 -1 5 7271 7272 7337 7336
face 4 3001 3002 -1 3048 3113 7338 7273
face 4 3001 3065 -1 3112 7337 7338 3113
face 4 3001 -1 4 3047 3112 3113 3048
face 4 3001 -1 5 7272 7273 7338 7337
face 4 3002 3003 -1 3049 3114 7339 7274
face 4 3002 3066 -1 3113 7338 7339 3114
face 4 3002 -1 4 3048 3113 3114 3049
face 4 3002 -1 5 7273 7274 7339 7338
face 4 3003 3004 -1 3050 3115 7340 7275
face 4 3003 3067 -1 3114 7339 7340 3115
face 4 3003 -1 4 3049 3114 3115 3050
face 4 3003 -1 5 7274 7275 7340 7339
face 4 3004 3005 -1 3051 3116 7341 7276
face 4 3004 3068 -1 3115 7340 7341 3116
face 4 3004 -1 4 3050 3115 3116 3051
face 4 3004 -1 5 7275 7276 7341 7340
face 4 3005 3006 -1 3052 3117 7342 7277
face 4 3005 3069 -1 3116 7341 7342 3117
face 4 3005 -1 4 3051 3116 3117 3052
face 4 3005 -1 5 7276 7277 7342 7341
face 4 3006 3007 -1 3053 3118 7343 7278
face 4 3006 3070 -1 3117 7342 7343 3118
face 4 3006 -1 4 3052 3117 3118 3053
face 4 3006 -1 5 7277 7278 7343 7342
face 4 3007 -1 1 3054 3119 7344 7279
face 4 3007 3071 -1 3118 7343 7344 3119
face 4 3007 -1 4 3053 3118 3119 3054
face 4 3007 -1 5 7278 7279 7344 7343
face 4 3008 -1 0 3055 7280 7345 3120
face 4 3008 3009 -1 3056 3121 7346 7281
face 4 3008 3072 -1 3120 7345 7346 3121
face 4 3008 -1 4 3055 3120 3121 3056
face 4 3008 -1 5 7280 7281 7346 7345
face 4 3009 3010 -1 3057 3122 7347 7282
face 4 3009 3073 -1 3121 7346 7347 3122
face 4 3009 -1 4 3056 3121 3122 3057
face 4 3009 -1 5 7281 7282 7347 7346
face 4 3010 3011 -1 3058 3123 7348 7283
face 4 3010 3074 -1 3122 7347 7348 3123
face 4 3010 -1 4 3057 3122 3123 3058
face 4 3010 -1 5 7282 7283 7348 7347
face 4 3011 3012 -1 3059 3124 7349 7284
face 4 3011 3075 -1 3123 7348 7349 3124
face 4 3011 -1 4 3058 3123 3124 3059
face 4 3011 -1 5 7283 7284 7349 7348
face 4 3012 3013 -1 3060 3125 7350 7285
face 4 3012 3076 -1 3124 7349 7350 3125
face 4 3012 -1 4 3059 3124 3125 3060
face 4 3012 -1 5 7284 7285 7350 7349
face 4 3013 3014 -1 3061 3126 7351 7286
face 4 3013 3077 -1 3125 7350 7351 3126
face 4 3013 -1 4 3060 3125 3126 3061
face 4 3013 -1 5 7285 7286 7351 7350
face 4 3014 3015 -1 3062 3127 7352 7287
face 4 3014 3078 -1 3126 7351 7352 3127
face 4 3014 -1 4 3061 3126 3127 3062
face 4 3014 -1 5 7286 7287 7352 7351
face 4 3015 3016 -1 3063 3128 7353 7288
face 4 3015 3079 -1 3127 7352 7353 3128
face 4 3015 -1 4 3062 3127 3128 3063
face 4 3015 -1 5 7287 7288 7353 7352
face 4 3016 3017 -1 3064 3129 7354 7289
face 4 3016 3080 -1 3128 7353 7354 3129
face 4 3016 -1 4 3063 3128 3129 3064
face 4 3016 -1 5 7288 7289 7354 7353
face 4 3017 3018 -1 3065 3130 7355 7290
face 4 3017 3081 -1 3129 7354 7355 3130
face 4 3017 -1 4 3064 3129 3130 3065
face 4 3017 -1 5 7289 7290 7355 7354
face 4 3018 3019 -1 3066 3131 7356 7291
face 4 3018 3082 -1 3130 7355 7356 3131
face 4 3018 -1 4 3065 3130 3131 3066
face 4 3018 -1 5 7290 7291 7356 7355
face 4 3019 3020 -1 3067 3132 7357 7292
face 4 3019 3083 -1 3131 7356 7357 3132
face 4 3019 -1 4 3066 3131 3132 3067
face 4 3019 -1 5 7291 7292 7357 7356
face 4 3020 3021 -1 3068 3133 7358 7293
face 4 3020 3084 -1 3132 7357 7358 3133
face 4 3020 -1 4 3067 3132 3133 3068
face 4 3020 -1 5 7292 7293 7358 7357
face 4 3021 3022 -1 3069 3134 7359 7294
face 4 3021 3085 -1 3133 7358 7359 3134
face 4 3021 -1 4 3068 3133 3134 3069
face 4 3021 -1 5 7293 7294 7359 7358
face 4 3022 3023 -1 3070 3135 7360 7295
face 4 3022 3086 -1 3134 7359 7360 3135
face 4 3022 -1 4 3069 3134 3135 3070
face 4 3022 -1 5 7294 7295 7360 7359
face 4 3023 3024 -1 3071 3136 7361 7296
face 4 3023 3087 -1 3135 7360 7361 3136
face 4 3023 -1 4 3070 3135 3136 3071
face 4 3023 -1 5 7295 7296 7361 7360
face 4 3024 3025 -1 3072 3137 7362 7297
face 4 3024 3088 -1 3136 7361 7362 3137
face 4 3024 -1 4 3071 3136 3137 3072
face 4 3024 -1 5 7296 7297 7362 7361
face 4 3025 3026 -1 3073 3138 7363 7298
face 4 3025 3089 -1 3137 7362 7363 3138
face 4 3025 -1 4 3072 3137 3138 3073
face 4 3025 -1 5 7297 7298 7363 7362
face 4 3026 3027 -1 3074 3139 7364 7299
face 4 3026 3090 -1 3138 7363 7364 3139
face 4 3026 -1 4 3073 3138 3139 3074
face 4 3026 -1 5 7298 7299 7364 7363
face 4 3027 3028 -1 3075 3140 7365 7300
face 4 3027 3091 -1 3139 7364 7365 3140
face 4 3027 -1 4 3074 3139 3140 3075
face 4 3027 -1 5 7299 7300 7365 7364
face 4 3028 3029 -1 3076 3141 7366 7301
face 4 3028 3092 -1 3140 7365 7366 3141
face 4 3028 -1 4 3075 3140 3141 3076
face 4 3028 -1 5 7300 7301 7366 7365
face 4 3029 3030 -1 3077 3142 7367 7302
face 4 3029 3093 -1 3141 7366 7367 3142
face 4 3029 -1 4 3076 3141 3142 3077
face 4 3029 -1 5 7301 7302 7367 7366
face 4 3030 3031 -1 3078 3143 7368 7303
face 4 3030 3094 -1 3142 7367 7368 3143
face 4 3030 -1 4 3077 3142 3143 3078
face 4 3030 -1 5 7302 7303 7368 7367
face 4 3031 3032 -1 3079 3144 7369 7304
face 4 3031 3095 -1 3143 7368 7369 3144
face 4 3031 -1 4 3078 3143 3144 3079
face 4 3031 -1 5 7303 7304 7369 7368
face 4 3032 3033 -1 3080 3145 7370 7305
face 4 3032 3096 -1 3144 7369 7370 3145
face 4 3032 -1 4 3079 3144 3145 3080
face 4 3032 -1 5 7304 7305 7370 7369
face 4 3033 3034 -1 3081 3146 7371 7306
face 4 3033 3097 -1 3145 7370 7371 3146
face 4 3033 -1 4 3080 3145 3146 3081
face 4 3033 -1 5 7305 7306 7371 7370
face 4 3034 3035 -1 3082 3147 7372 7307
face 4 3034 3098 -1 3146 7371 7372 3147
face 4 3034 -1 4 3081 3146 3147 3082
face 4 3034 -1 5 7306 7307 7372 7371
face 4 3035 3036 -1 3083 3148 7373 7308
face 4 3035 3099 -1 3147 7372 7373 3148
face 4 3035 -1 4 3082 3147 3148 3083
face 4 3035 -1 5 7307 7308 7373 7372
face 4 3036 3037 -1 3084 3149 7374 7309
face 4 3036 3100 -1 3148 7373 7374 3149
face 4 3036 -1 4 3083 3148 3149 3084
face 4 3036 -1 5 7308 7309 7374 7373
face 4 3037 3038 -1 3085 3150 7375 7310
face 4 3037 3101 -1 3149 7374 7375 3150
face 4 3037 -1 4 3084 3149 3150 3085
face 4 3037 -1 5 7309 7310 7375 7374
face 4 3038 3039 -1 3086 3151 7376 7311
face 4 3038 3102 -1 3150 7375 7376 3151
face 4 3038 -1 4 3085 3150 3151 3086
face 4 3038 -1 5 7310 7311 7376 7375
face 4 3039 3040 -1 3087 3152 7377 7312
face 4 3039 3103 -1 3151 7376 7377 3152
face 4 3039 -1 4 3086 3151 3152 3087
face 4 3039 -1 5 7311 7312 7377 7376
face 4 3040 3041 -1 3088 3153 7378 7313
face 4 3040 3104 -1 3152 7377 7378 3153
face 4 3040 -1 4 3087 3152 3153 3088
face 4 3040 -1 5 7312 7313 7378 7377
face 4 3041 3042 -1 3089 3154 7379 7314
face 4 3041 3105 -1 3153 7378 7379 3154
face 4 3041 -1 4 3088 3153 3154 3089
face 4 3041 -1 5 7313 7314 7379 7378
face 4 3042 3043 -1 3090 3155 7380 7315
face 4 3042 3106 -1 3154 7379 7380 3155
face 4 3042 -1 4 3089 3154 3155 3090
face 4 3042 -1 5 7314 7315 7380 7379
face 4 3043 3044 -1 3091 3156 7381 7316
face 4 3043 3107 -1 3155 7380 7381 3156
face 4 3043 -1 4 3090 3155 3156 3091
face 4 3043 -1 5 7315 7316 7381 7380
face 4 3044 3045 -1 3092 3157 7382 7317
face 4 3044 3108 -1 3156 7381 7382 3157
face 4 3044 -1 4 3091 3156 3157 3092
face 4 3044 -1 5 7316 7317 7382 7381
face 4 3045 3046 -1 3093 3158 7383 7318
face 4 3045 3109 -1 3157 7382 7383 3158
face 4 3045 -1 4 3092 3157 3158 3093
face 4 3045 -1 5 7317 7318 7383 7382
face 4 3046 3047 -1 3094 3159 7384 7319
face 4 3046 3110 -1 3158 7383 7384 3159
face 4 3046 -1 4 3093 3158 3159 3094
face 4 3046 -1 5 7318 7319 7384 7383
face 4 3047 3048 -1 3095 3160 7385 7320
face 4 3047 3111 -1 3159 7384 7385 3160
face 4 3047 -1 4 3094 3159 3160 3095
face 4 3047 -1 5 7319 7320 7385 7384
face 4 3048 3049 -1 3096 3161 7386 7321
face 4 3048 3112 -1 3160 7385 7386 3161
face 4 3048 -1 4 3095 3160 3161 3096
face 4 3048 -1 5 7320 7321 7386 7385
face 4 3049 3050 -1 3097 3162 7387 7322
face 4 3049 3113 -1 3161 7386 7387 3162
face 4 3049 -1 4 3096 3161 3162 3097
face 4 3049 -1 5 7321 7322 7387 7386
face 4 3050 3051 -1 3098 3163 7388 7323
face 4 3050 3114 -1 3162 7387 7388 3163
face 4 3050 -1 4 3097 3162 3163 3098
face 4 3050 -1 5 7322 7323 7388 7387
face 4 3051 3052 -1 3099 3164 7389 7324
face 4 3051 3115 -1 3163 7388 7389 3164
face 4 3051 -1 4 3098 3163 3164 3099
face 4 3051 -1 5 7323 7324 7389 7388
face 4 3052 3053 -1 3100 3165 7390 7325
face 4 3052 3116 -1 3164 7389 7390 3165
face 4 3052 -1 4 3099 3164 3165 3100
face 4 3052 -1 5 7324 7325 7390 7389
face 4 3053 3054 -1 3101 3166 7391 7326
face 4 3053 3117 -1 3165 7390 7391 3166
face 4 3053 -1 4 3100 3165 3166 3101
face 4 3053 -1 5 7325 7326 7391 7390
face 4 3054 3055 -1 3102 3167 7392 7327
face 4 3054 3118 -1 3166 7391 7392 3167
face 4 3054 -1 4 3101 3166 3167 3102
face 4 3054 -1 5 7326 7327 7392 7391
face 4 3055 3056 -1 3103 3168 7393 7328
face 4 3055 3119 -1 3167 7392 7393 3168
face 4 3055 -1 4 3102 3167 3168 3103
face 4 3055 -1 5 7327 7328 7393 7392
face 4 3056 3057 -1 3104 3169 7394 7329
face 4 3056 3120 -1 3168 7393 7394 3169
face 4 3056 -1 4 3103 3168 3169 3104
face 4 3056 -1 5 7328 7329 7394 7393
face 4 3057 3058 -1 3105 3170 7395 7330
face 4 3057 3121 -1 3169 7394 7395 3170
face 4 3057 -1 4 3104 3169 3170 3105
face 4 3057 -1 5 7329 7330 7395 7394
face 4 3058 3059 -1 3106 3171 7396 7331
face 4 3058 3122 -1 3170 7395 7396 3171
face 4 3058 -1 4 3105 3170 3171 3106
face 4 3058 -1 5 7330 7331 7396 7395
face 4 3059 3060 -1 3107 3172 7397 7332
face 4 3059 3123 -1 3171 7396 7397 3172
face 4 3059 -1 4 3106 3171 3172 3107
face 4 3059 -1 5 7331 7332 7397 7396
face 4 3060 3061 -1 3108 3173 7398 7333
face 4 3060 3124 -1 3172 7397 7398 3173
face 4 3060 -1 4 3107 3172 3173 3108
face 4 3060 -1 5 7332 7333 7398 7397
face 4 3061 3062 -1 3109 3174 7399 7334
face 4 3061 3125 -1 3173 7398 7399 3174
face 4 3061 -1 4 3108 3173 3174 3109
face 4 3061 -1 5 7333 7334 7399 7398
face 4 3062 3063 -1 3110 3175 7400 7335
face 4 3062 3126 -1 3174 7399 7400 3175
face 4 3062 -1 4 3109 3174 3175 3110
face 4 3062 -1 5 7334 7335 7400 7399
face 4 3063 3064 -1 3111 3176 7401 7336
face 4 3063 3127 -1 3175 7400 7401 3176
face 4 3063 -1 4 3110 3175 3176 3111
face 4 3063 -1 5 7335 7336 7401 7400
face 4 3064 3065 -1 3112 3177 7402 7337
face 4 3064 3128 -1 3176 7401 7402 3177
face 4 3064 -1 4 3111 3176 3177 3112
face 4 3064 -1 5 7336 7337 7402 7401
face 4 3065 3066 -1 3113 3178 7403 7338
face 4 3065 3129 -1 3177 7402 7403 3178
face 4 3065 -1 4 3112 3177 3178 3113
face 4 3065 -1 5 7337 7338 7403 7402
face 4 3066 3067 -1 3114 3179 7404 7339
face 4 3066 3130 -1 3178 7403 7404 3179
face 4 3066 -1 4 3113 3178 3179 3114
face 4 3066 -1 5 7338 7339 7404 7403
face 4 3067 3068 -1 3115 3180 7405 7340
face 4 3067 3131 -1 3179 7404 7405 3180
face 4 3067 -1 4 3114 3179 3180 3115
face 4 3067 -1 5 7339 7340 7405 7404
face 4 3068 3069 -1 3116 3181 7406 7341
face 4 3068 3132 -1 3180 7405 7406 3181
face 4 3068 -1 4 3115 3180 3181 3116
face 4 3068 -1 5 7340 7341 7406 7405
face 4 3069 3070 -1 3117 3182 7407 7342
face 4 3069 3133 -1 3181 7406 7407 3182
face 4 3069 -1 4 3116 3181 3182 3117
face 4 3069 -1 5 7341 7342 7407 7406
face 4 3070 3071 -1 3118 3183 7408 7343
face 4 3070 3134 -1 3182 7407 7408 3183
face 4 3070 -1 4 3117 3182 3183 3118
face 4 3070 -1 5 7342 7343 7408 7407
face 4 3071 -1 1 3119 3184 7409 7344
face 4 3071 3135 -1 3183 7408 7409 3184
face 4 3071 -1 4 3118 3183 3184 3119
face 4 3071 -1 5 7343 7344 7409 7408
face 4 3072 -1 0 3120 7345 7410 3185
face 4 3072 3073 -1 3121 3186 7411 7346
face 4 3072 3136 -1 3185 7410 7411 3186
face 4 3072 -1 4 3120 3185 3186 3121
face 4 3072 -1 5 7345 7346 7411 7410
face 4 3073 3074 -1 3122 3187 7412 7347
face 4 3073 3137 -1 3186 7411 7412 3187
face 4 3073 -1 4 3121 3186 3187 3122
face 4 3073 -1 5 7346 7347 7412 7411
face 4 3074 3075 -1 3123 3188 7413 7348
face 4 3074 3138 -1 3187 7412 7413 3188
face 4 3074 -1 4 3122 3187 3188 3123
face 4 3074 -1 5 7347 7348 7413 7412
face 4 3075 3076 -1 3124 3189 7414 7349
face 4 3075 3139 -1 3188 7413 7414 3189
face 4 3075 -1 4 3123 3188 3189 3124
face 4 3075 -1 5 7348 7349 7414 7413
face 4 3076 3077 -1 3125 3190 7415 7350
face 4 3076 3140 -1 3189 7414 7415 3190
face 4 3076 -1 4 3124 3189 3190 3125
face 4 3076 -1 5 7349 7350 7415 7414
face 4 3077 3078 -1 3126 3191 7416 7351
face 4 3077 3141 -1 3190 7415 7416 3191
face 4 3077 -1 4 3125 3190 3191 3126
face 4 3077 -1 5 7350 7351 7416 7415
face 4 3078 3079 -1 3127 3192 7417 7352
face 4 3078 3142 -1 3191 7416 7417 3192
face 4 3078 -1 4 3126 3191 3192 3127
face 4 3078 -1 5 7351 7352 7417 7416
face 4 3079 3080 -1 3128 3193 7418 7353
face 4 3079 3143 -1 3192 7417 7418 3193
face 4 3079 -1 4 3127 3192 3193 3128
face 4 3079 -1 5 7352 7353 7418 7417
face 4 3080 3081 -1 3129 3194 7419 7354
face 4 3080 3144 -1 3193 7418 7419 3194
face 4 3080 -1 4 3128 3193 3194 3129
face 4 3080 -1 5 7353 7354 7419 7418
face 4 3081 3082 -1 3130 3195 7420 7355
face 4 3081 3145 -1 3194 7419 7420 3195
face 4 3081 -1 4 3129 3194 3195 3130
face 4 3081 -1 5 7354 7355 7420 7419
face 4 3082 3083 -1 3131 3196 7421 7356
face 4 3082 3146 -1 3195 7420 7421 3196
face 4 3082 -1 4 3130 3195 3196 3131
face 4 3082 -1 5 7355 7356 7421 7420
face 4 3083 3084 -1 3132 3197 7422 7357
face 4 3083 3147 -1 3196 7421 7422 3197
face 4 3083 -1 4 3131 3196 3197 3132
face 4 3083 -1 5 7356 7357 7422 7421
face 4 3084 3085 -1 3133 3198 7423 7358
face 4 3084 3148 -1 3197 7422 7423 3198
face 4 3084 -1 4 3132 3197 3198 3133
face 4 3084 -1 5 7357 7358 7423 7422
face 4 3085 3086 -1 3134 3199 7424 7359
face 4 3085 3149 -1 3198 7423 7424 3199
face 4 3085 -1 4 3133 3198 3199 3134
face 4 3085 -1 5 7358 7359 7424 7423
face 4 3086 3087 -1 3135 3200 7425 7360
face 4 3086 3150 -1 3199 7424 7425 3200
face 4 3086 -1 4 3134 3199 3200 3135
face 4 3086 -1 5 7359 7360 7425 7424
face 4 3087 3088 -1 3136 3201 7426 7361
face 4 3087 3151 -1 3200 7425 7426 3201
face 4 3087 -1 4 3135 3200 3201 3136
face 4 3087 -1 5 7360 7361 7426 7425
face 4 3088 3089 -1 3137 3202 7427 7362
face 4 3088 3152 -1 3201 7426 7427 3202
face 4 3088 -1 4 3136 3201 3202 3137
face 4 3088 -1 5 7361 7362 7427 7426
face 4 3089 3090 -1 3138 3203 7428 7363
face 4 3089 3153 -1 3202 7427 7428 3203
face 4 3089 -1 4 3137 3202 3203 3138
face 4 3089 -1 5 7362 7363 7428 7427
face 4 3090 3091 -1 3139 3204 7429 7364
face 4 3090 3154 -1 3203 7428 7429 3204
face 4 3090 -1 4 3138 3203 3204 3139
face 4 3090 -1 5 7363 7364 7429 7428
face 4 3091 3092 -1 3140 3205 7430 7365
face 4 3091 3155 -1 3204 7429 7430 3205
face 4 3091 -1 4 3139 3204 3205 3140
face 4 3091 -1 5 7364 7365 7430 7429
face 4 3092 3093 -1 3141 3206 7431 7366
face 4 3092 3156 -1 3205 7430 7431 3206
face 4 3092 -1 4 3140 3205 3206 3141
face 4 3092 -1 5 7365 7366 7431 7430
face 4 3093 3094 -1 3142 3207 7432 7367
face 4 3093 3157 -1 3206 7431 7432 3207
face 4 3093 -1 4 3141 3206 3207 3142
face 4 3093 -1 5 7366 7367 7432 7431
face 4 3094 3095 -1 3143 3208 7433 7368
face 4 3094 3158 -1 3207 7432 7433 3208
face 4 3094 -1 4 3142 3207 3208 3143
face 4 3094 -1 5 7367 7368 7433 7432
face 4 3095 3096 -1 3144 3209 7434 7369
face 4 3095 3159 -1 3208 7433 7434 3209
face 4 3095 -1 4 3143 3208 3209 3144
face 4 3095 -1 5 7368 7369 7434 7433
face 4 3096 3097 -1 3145 3210 7435 7370
face 4 3096 3160 -1 3209 7434 7435 3210
face 4 3096 -1 4 3144 3209 3210 3145
face 4 3096 -1 5 7369 7370 7435 7434
face 4 3097 3098 -1 3146 3211 7436 7371
face 4 3097 3161 -1 3210 7435 7436 3211
face 4 3097 -1 4 3145 3210 3211 3146
face 4 3097 -1 5 7370 7371 7436 7435
face 4 3098 3099 -1 3147 3212 7437 7372
face 4 3098 3162 -1 3211 7436 7437 3212
face 4 3098 -1 4 3146 3211 3212 3147
face 4 3098 -1 5 7371 7372 7437 7436
face 4 3099 3100 -1 3148 3213 7438 7373
face 4 3099 3163 -1 3212 7437 7438 3213
face 4 3099 -1 4 3147 3212 3213 3148
face 4 3099 -1 5 7372 7373 7438 7437
face 4 3100 3101 -1 3149 3214 7439 7374
face 4 3100 3164 -1 3213 7438 7439 3214
face 4 3100 -1 4 3148 3213 3214 3149
face 4 3100 -1 5 7373 7374 7439 7438
face 4 3101 3102 -1 3150 3215 7440 7375
face 4 3101 3165 -1 3214 7439 7440 3215
face 4 3101 -1 4 3149 3214 3215 3150
face 4 3101 -1 5 7374 7375 7440 7439
face 4 3102 3103 -1 3151 3216 7441 7376
face 4 3102 3166 -1 3215 7440 7441 3216
face 4 3102 -1 4 3150 3215 3216 3151
face 4 3102 -1 5 7375 7376 7441 7440
face 4 3103 3104 -1 3152 3217 7442 7377
face 4 3103 3167 -1 3216 7441 7442 3217
face 4 3103 -1 4 3151 3216 3217 3152
face 4 3103 -1 5 7376 7377 7442 7441
face 4 3104 3105 -1 3153 3218 7443 7378
face 4 3104 3168 -1 3217 7442 7443 3218
face 4 3104 -1 4 3152 3217 3218 3153
face 4 3104 -1 5 7377 7378 7443 7442
face 4 3105 3106 -1 3154 3219 7444 7379
face 4 3105 3169 -1 3218 7443 7444 3219
face 4 3105 -1 4 3153 3218 3219 3154
face 4 3105 -1 5 7378 7379 7444 7443
face 4 3106 3107 -1 3155 3220 7445 7380
face 4 3106 3170 -1 3219 7444 7445 3220
face 4 3106 -1 4 3154 3219 3220 3155
face 4 3106 -1 5 7379 7380 7445 7444
face 4 3107 3108 -1 3156 3221 7446 7381
face 4 3107 3171 -1 3220 7445 7446 3221
face 4 3107 -1 4 3155 3220 3221 3156
face 4 3107 -1 5 7380 7381 7446 7445
face 4 3108 3109 -1 3157 3222 7447 7382
face 4 3108 3172 -1 3221 7446 7447 3222
face 4 3108 -1 4 3156 3221 3222 3157
face 4 3108 -1 5 7381 7382 7447 7446
face 4 3109 3110 -1 3158 3223 7448 7383
face 4 3109 3173 -1 3222 7447 7448 3223
face 4 3109 -1 4 3157 3222 3223 3158
face 4 3109 -1 5 7382 7383 7448 7447
face 4 3110 3111 -1 3159 3224 7449 7384
face 4 3110 3174 -1 3223 7448 7449 3224
face 4 3110 -1 4 3158 3223 3224 3159
face 4 3110 -1 5 7383 7384 7449 7448
face 4 3111 3112 -1 3160 3225 7450 7385
face 4 3111 3175 -1 3224 7449 7450 3225
face 4 3111 -1 4 3159 3224 3225 3160
face 4 3111 -1 5 7384 7385 7450 7449
face 4 3112 3113 -1 3161 3226 7451 7386
face 4 3112 3176 -1 3225 7450 7451 3226
face 4 3112 -1 4 3160 3225 3226 3161
face 4 3112 -1 5 7385 7386 7451 7450
face 4 3113 3114 -1 3162 3227 7452 7387
face 4 3113 3177 -1 3226 7451 7452 3227
face 4 3113 -1 4 3161 3226 3227 3162
face 4 3113 -1 5 7386 7387 7452 7451
face 4 3114 3115 -1 3163 3228 7453 7388
face 4 3114 3178 -1 3227 7452 7453 3228
face 4 3114 -1 4 3162 3227 3228 3163
face 4 3114 -1 5 7387 7388 7453 7452
face 4 3115 3116 -1 3164 3229 7454 7389
face 4 3115 3179 -1 3228 7453 7454 3229
face 4 3115 -1 4 3163 3228 3229 3164
face 4 3115 -1 5 7388 7389 7454 7453
face 4 3116 3117 -1 3165 3230 7455 7390
face 4 3116 3180 -1 3229 7454 7455 3230
face 4 3116 -1 4 3164 3229 3230 3165
face 4 3116 -1 5 7389 7390 7455 7454
face 4 3117 3118 -1 3166 3231 7456 7391
face 4 3117 3181 -1 3230 7455 7456 3231
face 4 3117 -1 4 3165 3230 3231 3166
face 4 3117 -1 5 7390 7391 7456 7455
face 4 3118 3119 -1 3167 3232 7457 7392
face 4 3118 3182 -1 3231 7456 7457 3232
face 4 3118 -1 4 3166 3231 3232 3167
face 4 3118 -1 5 7391 7392 7457 7456
face 4 3119 3120 -1 3168 3233 7458 7393
face 4 3119 3183 -1 3232 7457 7458 3233
face 4 3119 -1 4 3167 3232 3233 3168
face 4 3119 -1 5 7392 7393 7458 7457
face 4 3120 3121 -1 3169 3234 7459 7394
face 4 3120 3184 -1 3233 7458 7459 3234
face 4 3120 -1 4 3168 3233 3234 3169
face 4 3120 -1 5 7393 7394 7459 7458
face 4 3121 3122 -1 3170 3235 7460 7395
face 4 3121 3185 -1 3234 7459 7460 3235
face 4 3121 -1 4 3169 3234 3235 3170
face 4 3121 -1 5 7394 7395 7460 7459
face 4 3122 3123 -1 3171 3236 7461 7396
face 4 3122 3186 -1 3235 7460 7461 3236
face 4 3122 -1 4 3170 3235 3236 3171
face 4 3122 -1 5 7395 7396 7461 7460
face 4 3123 3124 -1 3172 3237 7462 7397
face 4 3123 3187 -1 3236 7461 7462 3237
face 4 3123 -1 4 3171 3236 3237 3172
face 4 3123 -1 5 7396 7397 7462 7461
face 4 3124 3125 -1 3173 3238 7463 7398
face 4 3124 3188 -1 3237 7462 7463 3238
face 4 3124 -1 4 3172 3237 3238 3173
face 4 3124 -1 5 7397 7398 7463 7462
face 4 3125 3126 -1 3174 3239 7464 7399
face 4 3125 3189 -1 3238 7463 7464 3239
face 4 3125 -1 4 3173 3238 3239 3174
face 4 3125 -1 5 7398 7399 7464 7463
face 4 3126 3127 -1 3175 3240 7465 7400
face 4 3126 3190 -1 3239 7464 7465 3240
face 4 3126 -1 4 3174 3239 3240 3175
face 4 3126 -1 5 7399 7400 7465 7464
face 4 3127 3128 -1 3176 3241 7466 7401
face 4 3127 3191 -1 3240 7465 7466 3241
face 4 3127 -1 4 3175 3240 3241 3176
face 4 3127 -1 5 7400 7401 7466 7465
face 4 3128 3129 -1 3177 3242 7467 7402
face 4 3128 3192 -1 3241 7466 7467 3242
face 4 3128 -1 4 3176 3241 3242 3177
face 4 3128 -1 5 7401 7402 7467 7466
face 4 3129 3130 -1 3178 3243 7468 7403
face 4 3129 3193 -1 3242 7467 7468 3243
face 4 3129 -1 4 3177 3242 3243 3178
face 4 3129 -1 5 7402 7403 7468 7467
face 4 3130 3131 -1 3179 3244 7469 7404
face 4 3130 3194 -1 3243 7468 7469 3244
face 4 3130 -1 4 3178 3243 3244 3179
face 4 3130 -1 5 7403 7404 7469 7468
face 4 3131 3132 -1 3180 3245 7470 7405
face 4 3131 3195 -1 3244 7469 7470 3245
face 4 3131 -1 4 3179 3244 3245 3180
face 4 3131 -1 5 7404 7405 7470 7469
face 4 3132 3133 -1 3181 3246 7471 7406
face 4 3132 3196 -1 3245 7470 7471 3246
face 4 3132 -1 4 3180 3245 3246 3181
face 4 3132 -1 5 7405 7406 7471 7470
face 4 3133 3134 -1 3182 3247 7472 7407
face 4 3133 3197 -1 3246 7471 7472 3247
face 4 3133 -1 4 3181 3246 3247 3182
face 4 3133 -1 5 7406 7407 7472 7471
face 4 3134 3135 -1 3183 3248 7473 7408
face 4 3134 3198 -1 3247 7472 7473 3248
face 4 3134 -1 4 3182 3247 3248 3183
face 4 3134 -1 5 7407 7408 7473 7472
face 4 3135 -1 1 3184 3249 7474 7409
face 4 3135 3199 -1 3248 7473 7474 3249
face 4 3135 -1 4 3183 3248 3249 3184
face 4 3135 -1 5 7408 7409 7474 7473
face 4 3136 -1 0 3185 7410 7475 3250
face 4 3136 3137 -1 3186 3251 7476 7411
face 4 3136 3200 -1 3250 7475 7476 3251
face 4 3136 -1 4 3185 3250 3251 3186
face 4 3136 -1 5 7410 7411 7476 7475
face 4 3137 3138 -1 3187 3252 7477 7412
face 4 3137 3201 -1 3251 7476 7477 3252
face 4 3137 -1 4 3186 3251 3252 3187
face 4 3137 -1 5 7411 7412 7477 7476
face 4 3138 3139 -1 3188 3253 7478 7413
face 4 3138 3202 -1 3252 7477 7478 3253
face 4 3138 -1 4 3187 3252 3253 3188
face 4 3138 -1 5 7412 7413 7478 7477
face 4 3139 3140 -1 3189 3254 7479 7414
face 4 3139 3203 -1 3253 7478 7479 3254
face 4 3139 -1 4 3188 3253 3254 3189
face 4 3139 -1 5 7413 7414 7479 7478
face 4 3140 3141 -1 3190 3255 7480 7415
face 4 3140 3204 -1 3254 7479 7480 3255
face 4 3140 -1 4 3189 3254 3255 3190
face 4 3140 -1 5 7414 7415 7480 7479
face 4 3141 3142 -1 3191 3256 7481 7416
face 4 3141 3205 -1 3255 7480 7481 3256
face 4 3141 -1 4 3190 3255 3256 3191
face 4 3141 -1 5 7415 7416 7481 7480
face 4 3142 3143 -1 3192 3257 7482 7417
face 4 3142 3206 -1 3256 7481 7482 3257
face 4 3142 -1 4 3191 3256 3257 3192
face 4 3142 -1 5 7416 7417 7482 7481
face 4 3143 3144 -1 3193 3258 7483 7418
face 4 3143 3207 -1 3257 7482 7483 3258
face 4 3143 -1 4 3192 3257 3258 3193
face 4 3143 -1 5 7417 7418 7483 7482
face 4 3144 3145 -1 3194 3259 7484 7419
face 4 3144 3208 -1 3258 7483 7484 3259
face 4 3144 -1 4 3193 3258 3259 3194
face 4 3144 -1 5 7418 7419 7484 7483
face 4 3145 3146 -1 3195 3260 7485 7420
face 4 3145 3209 -1 3259 7484 7485 3260
face 4 3145 -1 4 3194 3259 3260 3195
face 4 3145 -1 5 7419 7420 7485 7484
face 4 3146 3147 -1 3196 3261 7486 7421
face 4 3146 3210 -1 3260 7485 7486 3261
face 4 3146 -1 4 3195 3260 3261 3196
face 4 3146 -1 5 7420 7421 7486 7485
face 4 3147 3148 -1 3197 3262 7487 7422
face 4 3147 3211 -1 3261 7486 7487 3262
face 4 3147 -1 4 3196 3261 3262 3197
face 4 3147 -1 5 7421 7422 7487 7486
face 4 3148 3149 -1 3198 3263 7488 7423
face 4 3148 3212 -1 3262 7487 7488 3263
face 4 3148 -1 4 3197 3262 3263 3198
face 4 3148 -1 5 7422 7423 7488 7487
face 4 3149 3150 -1 3199 3264 7489 7424
face 4 3149 3213 -1 3263 7488 7489 3264
face 4 3149 -1 4 3198 3263 3264 3199
face 4 3149 -1 5 7423 7424 7489 7488
face 4 3150 3151 -1 3200 3265 7490 7425
face 4 3150 3214 -1 3264 7489 7490 3265
face 4 3150 -1 4 3199 3264 3265 3200
face 4 3150 -1 5 7424 7425 7490 7489
face 4 3151 3152 -1 3201 3266 7491 7426
face 4 3151 3215 -1 3265 7490 7491 3266
face 4 3151 -1 4 3200 3265 3266 3201
face 4 3151 -1 5 7425 7426 7491 7490
face 4 3152 3153 -1 3202 3267 7492 7427
face 4 3152 3216 -1 3266 7491 7492 3267
face 4 3152 -1 4 3201 3266 3267 3202
face 4 3152 -1 5 7426 7427 7492 7491
face 4 3153 3154 -1 3203 3268 7493 7428
face 4 3153 3217 -1 3267 7492 7493 3268
face 4 3153 -1 4 3202 3267 3268 3203
face 4 3153 -1 5 7427 7428 7493 7492
face 4 3154 3155 -1 3204 3269 7494 7429
face 4 3154 3218 -1 3268 7493 7494 3269
face 4 3154 -1 4 3203 3268 3269 3204
face 4 3154 -1 5 7428 7429 7494 7493
face 4 3155 3156 -1 3205 3270 7495 7430
face 4 3155 3219 -1 3269 7494 7495 3270
face 4 3155 -1 4 3204 3269 3270 3205
face 4 3155 -1 5 7429 7430 7495 7494
face 4 3156 3157 -1 3206 3271 7496 7431
face 4 3156 3220 -1 3270 7495 7496 3271
face 4 3156 -1 4 3205 3270 3271 3206
face 4 3156 -1 5 7430 7431 7496 7495
face 4 3157 3158 -1 3207 3272 7497 7432
face 4 3157 3221 -1 3271 7496 7497 3272
face 4 3157 -1 4 3206 3271 3272 3207
face 4 3157 -1 5 7431 7432 7497 7496
face 4 3158 3159 -1 3208 3273 7498 7433
face 4 3158 3222 -1 3272 7497 7498 3273
face 4 3158 -1 4 3207 3272 3273 3208
face 4 3158 -1 5 7432 7433 7498 7497
face 4 3159 3160 -1 3209 3274 7499 7434
face 4 3159 3223 -1 3273 7498 7499 3274
face 4 3159 -1 4 3208 3273 3274 3209
face 4 3159 -1 5 7433 7434 7499 7498
face 4 3160 3161 -1 3210 3275 7500 7435
face 4 3160 3224 -1 3274 7499 7500 3275
face 4 3160 -1 4 3209 3274 3275 3210
face 4 3160 -1 5 7434 7435 7500 7499
face 4 3161 3162 -1 3211 3276 7501 7436
face 4 3161 3225 -1 3275 7500 7501 3276
face 4 3161 -1 4 3210 3275 3276 3211
face 4 3161 -1 5 7435 7436 7501 7500
face 4 3162 3163 -1 3212 3277 7502 7437
face 4 3162 3226 -1 3276 7501 7502 3277
face 4 3162 -1 4 3211 3276 3277 3212
face 4 3162 -1 5 7436 7437 7502 7501
face 4 3163 3164 -1 3213 3278 7503 7438
face 4 3163 3227 -1 3277 7502 7503 3278
face 4 3163 -1 4 3212 3277 3278 3213
face 4 3163 -1 5 7437 7438 7503 7502
face 4 3164 3165 -1 3214 3279 7504 7439
face 4 3164 3228 -1 3278 7503 7504 3279
face 4 3164 -1 4 3213 3278 3279 3214
face 4 3164 -1 5 7438 7439 7504 7503
face 4 3165 3166 -1 3215 3280 7505 7440
face 4 3165 3229 -1 3279 7504 7505 3280
face 4 3165 -1 4 3214 3279 3280 3215
face 4 3165 -1 5 7439 7440 7505 7504
face 4 3166 3167 -1 3216 3281 7506 7441
face 4 3166 3230 -1 3280 7505 7506 3281
face 4 3166 -1 4 3215 3280 3281 3216
face 4 3166 -1 5 7440 7441 7506 7505
face 4 3167 3168 -1 3217 3282 7507 7442
face 4 3167 3231 -1 3281 7506 7507 3282
face 4 3167 -1 4 3216 3281 3282 3217
face 4 3167 -1 5 7441 7442 7507 7506
face 4 3168 3169 -1 3218 3283 7508 7443
face 4 3168 3232 -1 3282 7507 7508 3283
face 4 3168 -1 4 3217 3282 3283 3218
face 4 3168 -1 5 7442 7443 7508 7507
face 4 3169 3170 -1 3219 3284 7509 7444
face 4 3169 3233 -1 3283 7508 7509 3284
face 4 3169 -1 4 3218 3283 3284 3219
face 4 3169 -1 5 7443 7444 7509 7508
face 4 3170 3171 -1 3220 3285 7510 7445
face 4 3170 3234 -1 3284 7509 7510 3285
face 4 3170 -1 4 3219 3284 3285 3220
face 4 3170 -1 5 7444 7445 7510 7509
face 4 3171 3172 -1 3221 3286 7511 7446
face 4 3171 3235 -1 3285 7510 7511 3286
face 4 3171 -1 4 3220 3285 3286 3221
face 4 3171 -1 5 7445 7446 7511 7510
face 4 3172 3173 -1 3222 3287 7512 7447
face 4 3172 3236 -1 3286 7511 7512 3287
face 4 3172 -1 4 3221 3286 3287 3222
face 4 3172 -1 5 7446 7447 7512 7511
face 4 3173 3174 -1 3223 3288 7513 7448
face 4 3173 3237 -1 3287 7512 7513 3288
face 4 3173 -1 4 3222 3287 3288 3223
face 4 3173 -1 5 7447 7448 7513 7512
face 4 3174 3175 -1 3224 3289 7514 7449
face 4 3174 3238 -1 3288 7513 7514 3289
face 4 3174 -1 4 3223 3288 3289 3224
face 4 3174 -1 5 7448 7449 7514 7513
face 4 3175 3176 -1 3225 3290 7515 7450
face 4 3175 3239 -1 3289 7514 7515 3290
face 4 3175 -1 4 3224 3289 3290 3225
face 4 3175 -1 5 7449 7450 7515 7514
face 4 3176 3177 -1 3226 3291 7516 7451
face 4 3176 3240 -1 3290 7515 7516 3291
face 4 3176 -1 4 3225 3290 3291 3226
face 4 3176 -1 5 7450 7451 7516 7515
face 4 3177 3178 -1 3227 3292 7517 7452
face 4 3177 3241 -1 3291 7516 7517 3292
face 4 3177 -1 4 3226 3291 3292 3227
face 4 3177 -1 5 7451 7452 7517 7516
face 4 3178 3179 -1 3228 3293 7518 7453
face 4 3178 3242 -1 3292 7517 7518 3293
face 4 3178 -1 4 3227 3292 3293 3228
face 4 3178 -1 5 7452 7453 7518 7517
face 4 3179 3180 -1 3229 3294 7519 7454
face 4 3179 3243 -1 3293 7518 7519 3294
face 4 3179 -1 4 3228 3293 3294 3229
face 4 3179 -1 5 7453 7454 7519 7518
face 4 3180 3181 -1 3230 3295 7520 7455
face 4 3180 3244 -1 3294 7519 7520 3295
face 4 3180 -1 4 3229 3294 3295 3230
face 4 3180 -1 5 7454 7455 7520 7519
face 4 3181 3182 -1 3231 3296 7521 7456
face 4 3181 3245 -1 3295 7520 7521 3296
face 4 3181 -1 4 3230 3295 3296 3231
face 4 3181 -1 5 7455 7456 7521 7520
face 4 3182 3183 -1 3232 3297 7522 7457
face 4 3182 3246 -1 3296 7521 7522 3297
face 4 3182 -1 4 3231 3296 3297 3232
face 4 3182 -1 5 7456 7457 7522 7521
face 4 3183 3184 -1 3233 3298 7523 7458
face 4 3183 3247 -1 3297 7522 7523 3298
face 4 3183 -1 4 3232 3297 3298 3233
face 4 3183 -1 5 7457 7458 7523 7522
face 4 3184 3185 -1 3234 3299 7524 7459
face 4 3184 3248 -1 3298 7523 7524 3299
face 4 3184 -1 4 3233 3298 3299 3234
face 4 3184 -1 5 7458 7459 7524 7523
face 4 3185 3186 -1 3235 3300 7525 7460
face 4 3185 3249 -1 3299 7524 7525 3300
face 4 3185 -1 4 3234 3299 3300 3235
face 4 3185 -1 5 7459 7460 7525 7524
face 4 3186 3187 -1 3236 3301 7526 7461
face 4 3186 3250 -1 3300 7525 7526 3301
face 4 3186 -1 4 3235 3300 3301 3236
face 4 3186 -1 5 7460 7461 7526 7525
face 4 3187 3188 -1 3237 3302 7527 7462
face 4 3187 3251 -1 3301 7526 7527 3302
face 4 3187 -1 4 3236 3301 3302 3237
face 4 3187 -1 5 7461 7462 7527 7526
face 4 3188 3189 -1 3238 3303 7528 7463
face 4 3188 3252 -1 3302 7527 7528 3303
face 4 3188 -1 4 3237 3302 3303 3238
face 4 3188 -1 5 7462 7463 7528 7527
face 4 3189 3190 -1 3239 3304 7529 7464
face 4 3189 3253 -1 3303 7528 7529 3304
face 4 3189 -1 4 3238 3303 3304 3239
face 4 3189 -1 5 7463 7464 7529 7528
face 4 3190 3191 -1 3240 3305 7530 7465
face 4 3190 3254 -1 3304 7529 7530 3305
face 4 3190 -1 4 3239 3304 3305 3240
face 4 3190 -1 5 7464 7465 7530 7529
face 4 3191 3192 -1 3241 3306 7531 7466
face 4 3191 3255 -1 3305 7530 7531 3306
face 4 3191 -1 4 3240 3305 3306 3241
face 4 3191 -1 5 7465 7466 7531 7530
face 4 3192 3193 -1 3242 3307 7532 7467
face 4 3192 3256 -1 3306 7531 7532 3307
face 4 3192 -1 4 3241 3306 3307 3242
face 4 3192 -1 5 7466 7467 7532 7531
face 4 3193 3194 -1 3243 3308 7533 7468
face 4 3193 3257 -1 3307 7532 7533 3308
face 4 3193 -1 4 3242 3307 3308 3243
face 4 3193 -1 5 7467 7468 7533 7532
face 4 3194 3195 -1 3244 3309 7534 7469
face 4 3194 3258 -1 3308 7533 7534 3309
face 4 3194 -1 4 3243 3308 3309 3244
face 4 3194 -1 5 7468 7469 7534 7533
face 4 3195 3196 -1 3245 3310 7535 7470
face 4 3195 3259 -1 3309 7534 7535 3310
face 4 3195 -1 4 3244 3309 3310 3245
face 4 3195 -1 5 7469 7470 7535 7534
face 4 3196 3197 -1 3246 3311 7536 7471
face 4 3196 3260 -1 3310 7535 7536 3311
face 4 3196 -1 4 3245 3310 3311 3246
face 4 3196 -1 5 7470 7471 7536 7535
face 4 3197 3198 -1 3247 3312 7537 7472
face 4 3197 3261 -1 3311 7536 7537 3312
face 4 3197 -1 4 3246 3311 3312 3247
face 4 3197 -1 5 7471 7472 7537 7536
face 4 3198 3199 -1 3248 3313 7538 7473
face 4 3198 3262 -1 3312 7537 7538 3313
face 4 3198 -1 4 3247 3312 3313 3248
face 4 3198 -1 5 7472 7473 7538 7537
face 4 3199 -1 1 3249 3314 7539 7474
face 4 3199 3263 -1 3313 7538 7539 3314
face 4 3199 -1 4 3248 3313 3314 3249
face 4 3199 -1 5 7473 7474 7539 7538
face 4 3200 -1 0 3250 7475 7540 3315
face 4 3200 3201 -1 3251 3316 7541 7476
face 4 3200 3264 -1 3315 7540 7541 3316
face 4 3200 -1 4 3250 3315 3316 3251
face 4 3200 -1 5 7475 7476 7541 7540
face 4 3201 3202 -1 3252 3317 7542 7477
face 4 3201 3265 -1 3316 7541 7542 3317
face 4 3201 -1 4 3251 3316 3317 3252
face 4 3201 -1 5 7476 7477 7542 7541
face 4 3202 3203 -1 3253 3318 7543 7478
face 4 3202 3266 -1 3317 7542 7543 3318
face 4 3202 -1 4 3252 3317 3318 3253
face 4 3202 -1 5 7477 7478 7543 7542
face 4 3203 3204 -1 3254 3319 7544 7479
face 4 3203 3267 -1 3318 7543 7544 3319
face 4 3203 -1 4 3253 3318 3319 3254
face 4 3203 -1 5 7478 7479 7544 7543
face 4 3204 3205 -1 3255 3320 7545 7480
face 4 3204 3268 -1 3319 7544 7545 3320
face 4 3204 -1 4 3254 3319 3320 3255
face 4 3204 -1 5 7479 7480 7545 7544
face 4 3205 3206 -1 3256 3321 7546 7481
face 4 3205 3269 -1 3320 7545 7546 3321
face 4 3205 -1 4 3255 3320 3321 3256
face 4 3205 -1 5 7480 7481 7546 7545
face 4 3206 3207 -1 3257 3322 7547 7482
face 4 3206 3270 -1 3321 7546 7547 3322
face 4 3206 -1 4 3256 3321 3322 3257
face 4 3206 -1 5 7481 7482 7547 7546
face 4 3207 3208 -1 3258 3323 7548 7483
face 4 3207 3271 -1 3322 7547 7548 3323
face 4 3207 -1 4 3257 3322 3323 3258
face 4 3207 -1 5 7482 7483 7548 7547
face 4 3208 3209 -1 3259 3324 7549 7484
face 4 3208 3272 -1 3323 7548 7549 3324
face 4 3208 -1 4 3258 3323 3324 3259
face 4 3208 -1 5 7483 7484 7549 7548
face 4 3209 3210 -1 3260 3325 7550 7485
face 4 3209 3273 -1 3324 7549 7550 3325
face 4 3209 -1 4 3259 3324 3325 3260
face 4 3209 -1 5 7484 7485 7550 7549
face 4 3210 3211 -1 3261 3326 7551 7486
face 4 3210 3274 -1 3325 7550 7551 3326
face 4 3210 -1 4 3260 3325 3326 3261
face 4 3210 -1 5 7485 7486 7551 7550
face 4 3211 3212 -1 3262 3327 7552 7487
face 4 3211 3275 -1 3326 7551 7552 3327
face 4 3211 -1 4 3261 3326 3327 3262
face 4 3211 -1 5 7486 7487 7552 7551
face 4 3212 3213 -1 3263 3328 7553 7488
face 4 3212 3276 -1 3327 7552 7553 3328
face 4 3212 -1 4 3262 3327 3328 3263
face 4 3212 -1 5 7487 7488 7553 7552
face 4 3213 3214 -1 3264 3329 7554 7489
face 4 3213 3277 -1 3328 7553 7554 3329
face 4 3213 -1 4 3263 3328 3329 3264
face 4 3213 -1 5 7488 7489 7554 7553
face 4 3214 3215 -1 3265 3330 7555 7490
face 4 3214 3278 -1 3329 7554 7555 3330
face 4 3214 -1 4 3264 3329 3330 3265
face 4 3214 -1 5 7489 7490 7555 7554
face 4 3215 3216 -1 3266 3331 7556 7491
face 4 3215 3279 -1 3330 7555 7556 3331
face 4 3215 -1 4 3265 3330 3331 3266
face 4 3215 -1 5 7490 7491 7556 7555
face 4 3216 3217 -1 3267 3332 7557 7492
face 4 3216 3280 -1 3331 7556 7557 3332
face 4 3216 -1 4 3266 3331 3332 3267
face 4 3216 -1 5 7491 7492 7557 7556
face 4 3217 3218 -1 3268 3333 7558 7493
face 4 3217 3281 -1 3332 7557 7558 3333
face 4 3217 -1 4 3267 3332 3333 3268
face 4 3217 -1 5 7492 7493 7558 7557
face 4 3218 3219 -1 3269 3334 7559 7494
face 4 3218 3282 -1 3333 7558 7559 3334
face 4 3218 -1 4 3268 3333 3334 3269
face 4 3218 -1 5 7493 7494 7559 7558
face 4 3219 3220 -1 3270 3335 7560 7495
face 4 3219 3283 -1 3334 7559 7560 3335
face 4 3219 -1 4 3269 3334 3335 3270
face 4 3219 -1 5 7494 7495 7560 7559
face 4 3220 3221 -1 3271 3336 7561 7496
face 4 3220 3284 -1 3335 7560 7561 3336
face 4 3220 -1 4 3270 3335 3336 3271
face 4 3220 -1 5 7495 7496 7561 7560
face 4 3221 3222 -1 3272 3337 7562 7497
face 4 3221 3285 -1 3336 7561 7562 3337
face 4 3221 -1 4 3271 3336 3337 3272
face 4 3221 -1 5 7496 7497 7562 7561
face 4 3222 3223 -1 3273 3338 7563 7498
face 4 3222 3286 -1 3337 7562 7563 3338
face 4 3222 -1 4 3272 3337 3338 3273
face 4 3222 -1 5 7497 7498 7563 7562
face 4 3223 3224 -1 3274 3339 7564 7499
face 4 3223 3287 -1 3338 7563 7564 3339
face 4 3223 -1 4 3273 3338 3339 3274
face 4 3223 -1 5 7498 7499 7564 7563
face 4 3224 3225 -1 3275 3340 7565 7500
face 4 3224 3288 -1 3339 7564 7565 3340
face 4 3224 -1 4 3274 3339 3340 3275
face 4 3224 -1 5 7499 7500 7565 7564
face 4 3225 3226 -1 3276 3341 7566 7501
face 4 3225 3289 -1 3340 7565 7566 3341
face 4 3225 -1 4 3275 3340 3341 3276
face 4 3225 -1 5 7500 7501 7566 7565
face 4 3226 3227 -1 3277 3342 7567 7502
face 4 3226 3290 -1 3341 7566 7567 3342
face 4 3226 -1 4 3276 3341 3342 3277
face 4 3226 -1 5 7501 7502 7567 7566
face 4 3227 3228 -1 3278 3343 7568 7503
face 4 3227 3291 -1 3342 7567 7568 3343
face 4 3227 -1 4 3277 3342 3343 3278
face 4 3227 -1 5 7502 7503 7568 7567
face 4 3228 3229 -1 3279 3344 7569 7504
face 4 3228 3292 -1 3343 7568 7569 3344
face 4 3228 -1 4 3278 3343 3344 3279
face 4 3228 -1 5 7503 7504 7569 7568
face 4 3229 3230 -1 3280 3345 7570 7505
face 4 3229 3293 -1 3344 7569 7570 3345
face 4 3229 -1 4 3279 3344 3345 3280
face 4 3229 -1 5 7504 7505 7570 7569
face 4 3230 3231 -1 3281 3346 7571 7506
face 4 3230 3294 -1 3345 7570 7571 3346
face 4 3230 -1 4 3280 3345 3346 3281
face 4 3230 -1 5 7505 7506 7571 7570
face 4 3231 3232 -1 3282 3347 7572 7507
face 4 3231 3295 -1 3346 7571 7572 3347
face 4 3231 -1 4 3281 3346 3347 3282
face 4 3231 -1 5 7506 7507 7572 7571
face 4 3232 3233 -1 3283 3348 7573 7508
face 4 3232 3296 -1 3347 7572 7573 3348
face 4 3232 -1 4 3282 3347 3348 3283
face 4 3232 -1 5 7507 7508 7573 7572
face 4 3233 3234 -1 3284 3349 7574 7509
face 4 3233 3297 -1 3348 7573 7574 3349
face 4 3233 -1 4 3283 3348 3349 3284
face 4 3233 -1 5 7508 7509 7574 7573
face 4 3234 3235 -1 3285 3350 7575 7510
face 4 3234 3298 -1 3349 7574 7575 3350
face 4 3234 -1 4 3284 3349 3350 3285
face 4 3234 -1 5 7509 7510 7575 7574
face 4 3235 3236 -1 3286 3351 7576 7511
face 4 3235 3299 -1 3350 7575 7576 3351
face 4 3235 -1 4 3285 3350 3351 3286
face 4 3235 -1 5 7510 7511 7576 7575
face 4 3236 3237 -1 3287 3352 7577 7512
face 4 3236 3300 -1 3351 7576 7577 3352
face 4 3236 -1 4 3286 3351 3352 3287
face 4 3236 -1 5 7511 7512 7577 7576
face 4 3237 3238 -1 3288 3353 7578 7513
face 4 3237 3301 -1 3352 7577 7578 3353
face 4 3237 -1 4 3287 3352 3353 3288
face 4 3237 -1 5 7512 7513 7578 7577
face 4 3238 3239 -1 3289 3354 7579 7514
face 4 3238 3302 -1 3353 7578 7579 3354
face 4 3238 -1 4 3288 3353 3354 3289
face 4 3238 -1 5 7513 7514 7579 7578
face 4 3239 3240 -1 3290 3355 7580 7515
face 4 3239 3303 -1 3354 7579 7580 3355
face 4 3239 -1 4 3289 3354 3355 3290
face 4 3239 -1 5 7514 7515 7580 7579
face 4 3240 3241 -1 3291 3356 7581 7516
face 4 3240 3304 -1 3355 7580 7581 3356
face 4 3240 -1 4 3290 3355 3356 3291
face 4 3240 -1 5 7515 7516 7581 7580
face 4 3241 3242 -1 3292 3357 7582 7517
face 4 3241 3305 -1 3356 7581 7582 3357
face 4 3241 -1 4 3291 3356 3357 3292
face 4 3241 -1 5 7516 7517 7582 7581
face 4 3242 3243 -1 3293 3358 7583 7518
face 4 3242 3306 -1 3357 7582 7583 3358
face 4 3242 -1 4 3292 3357 3358 3293
face 4 3242 -1 5 7517 7518 7583 7582
face 4 3243 3244 -1 3294 3359 7584 7519
face 4 3243 3307 -1 3358 7583 7584 3359
face 4 3243 -1 4 3293 3358 3359 3294
face 4 3243 -1 5 7518 7519 7584 7583
face 4 3244 3245 -1 3295 3360 7585 7520
face 4 3244 3308 -1 3359 7584 7585 3360
face 4 3244 -1 4 3294 3359 3360 3295
face 4 3244 -1 5 7519 7520 7585 7584
face 4 3245 3246 -1 3296 3361 7586 7521
face 4 3245 3309 -1 3360 7585 7586 3361
face 4 3245 -1 4 3295 3360 3361 3296
face 4 3245 -1 5 7520 7521 7586 7585
face 4 3246 3247 -1 3297 3362 7587 7522
face 4 3246 3310 -1 3361 7586 7587 3362
face 4 3246 -1 4 3296 3361 3362 3297
face 4 3246 -1 5 7521 7522 7587 7586
face 4 3247 3248 -1 3298 3363 7588 7523
face 4 3247 3311 -1 3362 7587 7588 3363
face 4 3247 -1 4 3297 3362 3363 3298
face 4 3247 -1 5 7522 7523 7588 7587
face 4 3248 3249 -1 3299 3364 7589 7524
face 4 3248 3312 -1 3363 7588 7589 3364
face 4 3248 -1 4 3298 3363 3364 3299
face 4 3248 -1 5 7523 7524 7589 7588
face 4 3249 3250 -1 3300 3365 7590 7525
face 4 3249 3313 -1 3364 7589 7590 3365
face 4 3249 -1 4 3299 3364 3365 3300
face 4 3249 -1 5 7524 7525 7590 7589
face 4 3250 3251 -1 3301 3366 7591 7526
face 4 3250 3314 -1 3365 7590 7591 3366
face 4 3250 -1 4 3300 3365 3366 3301
face 4 3250 -1 5 7525 7526 7591 7590
face 4 3251 3252 -1 3302 3367 7592 7527
face 4 3251 3315 -1 3366 7591 7592 3367
face 4 3251 -1 4 3301 3366 3367 3302
face 4 3251 -1 5 7526 7527 7592 7591
face 4 3252 3253 -1 3303 3368 7593 7528
face 4 3252 3316 -1 3367 7592 7593 3368
face 4 3252 -1 4 3302 3367 3368 3303
face 4 3252 -1 5 7527 7528 7593 7592
face 4 3253 3254 -1 3304 3369 7594 7529
face 4 3253 3317 -1 3368 7593 7594 3369
face 4 3253 -1 4 3303 3368 3369 3304
face 4 3253 -1 5 7528 7529 7594 7593
face 4 3254 3255 -1 3305 3370 7595 7530
face 4 3254 3318 -1 3369 7594 7595 3370
face 4 3254 -1 4 3304 3369 3370 3305
face 4 3254 -1 5 7529 7530 7595 7594
face 4 3255 3256 -1 3306 3371 7596 7531
face 4 3255 3319 -1 3370 7595 7596 3371
face 4 3255 -1 4 3305 3370 3371 3306
face 4 3255 -1 5 7530 7531 7596 7595
face 4 3256 3257 -1 3307 3372 7597 7532
face 4 3256 3320 -1 3371 7596 7597 3372
face 4 3256 -1 4 3306 3371 3372 3307
face 4 3256 -1 5 7531 7532 7597 7596
face 4 3257 3258 -1 3308 3373 7598 7533
face 4 3257 3321 -1 3372 7597 7598 3373
face 4 3257 -1 4 3307 3372 3373 3308
face 4 3257 -1 5 7532 7533 7598 7597
face 4 3258 3259 -1 3309 3374 7599 7534
face 4 3258 3322 -1 3373 7598 7599 3374
face 4 3258 -1 4 3308 3373 3374 3309
face 4 3258 -1 5 7533 7534 7599 7598
face 4 3259 3260 -1 3310 3375 7600 7535
face 4 3259 3323 -1 3374 7599 7600 3375
face 4 3259 -1 4 3309 3374 3375 3310
face 4 3259 -1 5 7534 7535 7600 7599
face 4 3260 3261 -1 3311 3376 7601 7536
face 4 3260 3324 -1 3375 7600 7601 3376
face 4 3260 -1 4 3310 3375 3376 3311
face 4 3260 -1 5 7535 7536 7601 7600
face 4 3261 3262 -1 3312 3377 7602 7537
face 4 3261 3325 -1 3376 7601 7602 3377
face 4 3261 -1 4 3311 3376 3377 3312
face 4 3261 -1 5 7536 7537 7602 7601
face 4 3262 3263 -1 3313 3378 7603 7538
face 4 3262 3326 -1 3377 7602 7603 3378
face 4 3262 -1 4 3312 3377 3378 3313
face 4 3262 -1 5 7537 7538 7603 7602
face 4 3263 -1 1 3314 3379 7604 7539
face 4 3263 3327 -1 3378 7603 7604 3379
face 4 3263 -1 4 3313 3378 3379 3314
face 4 3263 -1 5 7538 7539 7604 7603
face 4 3264 -1 0 3315 7540 7605 3380
face 4 3264 3265 -1 3316 3381 7606 7541
face 4 3264 3328 -1 3380 7605 7606 3381
face 4 3264 -1 4 3315 3380 3381 3316
face 4 3264 -1 5 7540 7541 7606 7605
face 4 3265 3266 -1 3317 3382 7607 7542
face 4 3265 3329 -1 3381 7606 7607 3382
face 4 3265 -1 4 3316 3381 3382 3317
face 4 3265 -1 5 7541 7542 7607 7606
face 4 3266 3267 -1 3318 3383 7608 7543
face 4 3266 3330 -1 3382 7607 7608 3383
face 4 3266 -1 4 3317 3382 3383 3318
face 4 3266 -1 5 7542 7543 7608 7607
face 4 3267 3268 -1 3319 3384 7609 7544
face 4 3267 3331 -1 3383 7608 7609 3384
face 4 3267 -1 4 3318 3383 3384 3319
face 4 3267 -1 5 7543 7544 7609 7608
face 4 3268 3269 -1 3320 3385 7610 7545
face 4 3268 3332 -1 3384 7609 7610 3385
face 4 3268 -1 4 3319 3384 3385 3320
face 4 3268 -1 5 7544 7545 7610 7609
face 4 3269 3270 -1 3321 3386 7611 7546
face 4 3269 3333 -1 3385 7610 7611 3386
face 4 3269 -1 4 3320 3385 3386 3321
face 4 3269 -1 5 7545 7546 7611 7610
face 4 3270 3271 -1 3322 3387 7612 7547
face 4 3270 3334 -1 3386 7611 7612 3387
face 4 3270 -1 4 3321 3386 3387 3322
face 4 3270 -1 5 7546 7547 7612 7611
face 4 3271 3272 -1 3323 3388 7613 7548
face 4 3271 3335 -1 3387 7612 7613 3388
face 4 3271 -1 4 3322 3387 3388 3323
face 4 3271 -1 5 7547 7548 7613 7612
face 4 3272 3273 -1 3324 3389 7614 7549
face 4 3272 3336 -1 3388 7613 7614 3389
face 4 3272 -1 4 3323 3388 3389 3324
face 4 3272 -1 5 7548 7549 7614 7613
face 4 3273 3274 -1 3325 3390 7615 7550
face 4 3273 3337 -1 3389 7614 7615 3390
face 4 3273 -1 4 3324 3389 3390 3325
face 4 3273 -1 5 7549 7550 7615 7614
face 4 3274 3275 -1 3326 3391 7616 7551
face 4 3274 3338 -1 3390 7615 7616 3391
face 4 3274 -1 4 3325 3390 3391 3326
face 4 3274 -1 5 7550 7551 7616 7615
face 4 3275 3276 -1 3327 3392 7617 7552
face 4 3275 3339 -1 3391 7616 7617 3392
face 4 3275 -1 4 3326 3391 3392 3327
face 4 3275 -1 5 7551 7552 7617 7616
face 4 3276 3277 -1 3328 3393 7618 7553
face 4 3276 3340 -1 3392 7617 7618 3393
face 4 3276 -1 4 3327 3392 3393 3328
face 4 3276 -1 5 7552 7553 7618 7617
face 4 3277 3278 -1 3329 3394 7619 7554
face 4 3277 3341 -1 3393 7618 7619 3394
face 4 3277 -1 4 3328 3393 3394 3329
face 4 3277 -1 5 7553 7554 7619 7618
face 4 3278 3279 -1 3330 3395 7620 7555
face 4 3278 3342 -1 3394 7619 7620 3395
face 4 3278 -1 4 3329 3394 3395 3330
face 4 3278 -1 5 7554 7555 7620 7619
face 4 3279 3280 -1 3331 3396 7621 7556
face 4 3279 3343 -1 3395 7620 7621 3396
face 4 3279 -1 4 3330 3395 3396 3331
face 4 3279 -1 5 7555 7556 7621 7620
face 4 3280 3281 -1 3332 3397 7622 7557
face 4 3280 3344 -1 3396 7621 7622 3397
face 4 3280 -1 4 3331 3396 3397 3332
face 4 3280 -1 5 7556 7557 7622 7621
face 4 3281 3282 -1 3333 3398 7623 7558
face 4 3281 3345 -1 3397 7622 7623 3398
face 4 3281 -1 4 3332 3397 3398 3333
face 4 3281 -1 5 7557 7558 7623 7622
face 4 3282 3283 -1 3334 3399 7624 7559
face 4 3282 3346 -1 3398 7623 7624 3399
face 4 3282 -1 4 3333 3398 3399 3334
face 4 3282 -1 5 7558 7559 7624 7623
face 4 3283 3284 -1 3335 3400 7625 7560
face 4 3283 3347 -1 3399 7624 7625 3400
face 4 3283 -1 4 3334 3399 3400 3335
face 4 3283 -1 5 7559 7560 7625 7624
face 4 3284 3285 -1 3336 3401 7626 7561
face 4 3284 3348 -1 3400 7625 7626 3401
face 4 3284 -1 4 3335 3400 3401 3336
face 4 3284 -1 5 7560 7561 7626 7625
face 4 3285 3286 -1 3337 3402 7627 7562
face 4 3285 3349 -1 3401 7626 7627 3402
face 4 3285 -1 4 3336 3401 3402 3337
face 4 3285 -1 5 7561 7562 7627 7626
face 4 3286 3287 -1 3338 3403 7628 7563
face 4 3286 3350 -1 3402 7627 7628 3403
face 4 3286 -1 4 3337 3402 3403 3338
face 4 3286 -1 5 7562 7563 7628 7627
face 4 3287 3288 -1 3339 3404 7629 7564
face 4 3287 3351 -1 3403 7628 7629 3404
face 4 3287 -1 4 3338 3403 3404 3339
face 4 3287 -1 5 7563 7564 7629 7628
face 4 3288 3289 -1 3340 3405 7630 7565
face 4 3288 3352 -1 3404 7629 7630 3405
face 4 3288 -1 4 3339 3404 3405 3340
face 4 3288 -1 5 7564 7565 7630 7629
face 4 3289 3290 -1 3341 3406 7631 7566
face 4 3289 3353 -1 3405 7630 7631 3406
face 4 3289 -1 4 3340 3405 3406 3341
face 4 3289 -1 5 7565 7566 7631 7630
face 4 3290 3291 -1 3342 3407 7632 7567
face 4 3290 3354 -1 3406 7631 7632 3407
face 4 3290 -1 4 3341 3406 3407 3342
face 4 3290 -1 5 7566 7567 7632 7631
face 4 3291 3292 -1 3343 3408 7633 7568
face 4 3291 3355 -1 3407 7632 7633 3408
face 4 3291 -1 4 3342 3407 3408 3343
face 4 3291 -1 5 7567 7568 7633 7632
face 4 3292 3293 -1 3344 3409 7634 7569
face 4 3292 3356 -1 3408 7633 7634 3409
face 4 3292 -1 4 3343 3408 3409 3344
face 4 3292 -1 5 7568 7569 7634 7633
face 4 3293 3294 -1 3345 3410 7635 7570
face 4 3293 3357 -1 3409 7634 7635 3410
face 4 3293 -1 4 3344 3409 3410 3345
face 4 3293 -1 5 7569 7570 7635 7634
face 4 3294 3295 -1 3346 3411 7636 7571
face 4 3294 3358 -1 3410 7635 7636 3411
face 4 3294 -1 4 3345 3410 3411 3346
face 4 3294 -1 5 7570 7571 7636 7635
face 4 3295 3296 -1 3347 3412 7637 7572
face 4 3295 3359 -1 3411 7636 7637 3412
face 4 3295 -1 4 3346 3411 3412 3347
face 4 3295 -1 5 7571 7572 7637 7636
face 4 3296 3297 -1 3348 3413 7638 7573
face 4 3296 3360 -1 3412 7637 7638 3413
face 4 3296 -1 4 3347 3412 3413 3348
face 4 3296 -1 5 7572 7573 7638 7637
face 4 3297 3298 -1 3349 3414 7639 7574
face 4 3297 3361 -1 3413 7638 7639 3414
face 4 3297 -1 4 3348 3413 3414 3349
face 4 3297 -1 5 7573 7574 7639 7638
face 4 3298 3299 -1 3350 3415 7640 7575
face 4 3298 3362 -1 3414 7639 7640 3415
face 4 3298 -1 4 3349 3414 3415 3350
face 4 3298 -1 5 7574 7575 7640 7639
face 4 3299 3300 -1 3351 3416 7641 7576
face 4 3299 3363 -1 3415 7640 7641 3416
face 4 3299 -1 4 3350 3415 3416 3351
face 4 3299 -1 5 7575 7576 7641 7640
face 4 3300 3301 -1 3352 3417 7642 7577
face 4 3300 3364 -1 3416 7641 7642 3417
face 4 3300 -1 4 3351 3416 3417 3352
face 4 3300 -1 5 7576 7577 7642 7641
face 4 3301 3302 -1 3353 3418 7643 7578
face 4 3301 3365 -1 3417 7642 7643 3418
face 4 3301 -1 4 3352 3417 3418 3353
face 4 3301 -1 5 7577 7578 7643 7642
face 4 3302 3303 -1 3354 3419 7644 7579
face 4 3302 3366 -1 3418 7643 7644 3419
face 4 3302 -1 4 3353 3418 3419 3354
face 4 3302 -1 5 7578 7579 7644 7643
face 4 3303 3304 -1 3355 3420 7645 7580
face 4 3303 3367 -1 3419 7644 7645 3420
face 4 3303 -1 4 3354 3419 3420 3355
face 4 3303 -1 5 7579 7580 7645 7644
face 4 3304 3305 -1 3356 3421 7646 7581
face 4 3304 3368 -1 3420 7645 7646 3421
face 4 3304 -1 4 3355 3420 3421 3356
face 4 3304 -1 5 7580 7581 7646 7645
face 4 3305 3306 -1 3357 3422 7647 7582
face 4 3305 3369 -1 3421 7646 7647 3422
face 4 3305 -1 4 3356 3421 3422 3357
face 4 3305 -1 5 7581 7582 7647 7646
face 4 3306 3307 -1 3358 3423 7648 7583
face 4 3306 3370 -1 3422 7647 7648 3423
face 4 3306 -1 4 3357 3422 3423 3358
face 4 3306 -1 5 7582 7583 7648 7647
face 4 3307 3308 -1 3359 3424 7649 7584
face 4 3307 3371 -1 3423 7648 7649 3424
face 4 3307 -1 4 3358 3423 3424 3359
face 4 3307 -1 5 7583 7584 7649 7648
face 4 3308 3309 -1 3360 3425 7650 7585
face 4 3308 3372 -1 3424 7649 7650 3425
face 4 3308 -1 4 3359 3424 3425 3360
face 4 3308 -1 5 7584 7585 7650 7649
face 4 3309 3310 -1 3361 3426 7651 7586
face 4 3309 3373 -1 3425 7650 7651 3426
face 4 3309 -1 4 3360 3425 3426 3361
face 4 3309 -1 5 7585 7586 7651 7650
face 4 3310 3311 -1 3362 3427 7652 7587
face 4 3310 3374 -1 3426 7651 7652 3427
face 4 3310 -1 4 3361 3426 3427 3362
face 4 3310 -1 5 7586 7587 7652 7651
face 4 3311 3312 -1 3363 3428 7653 7588
face 4 3311 3375 -1 3427 7652 7653 3428
face 4 3311 -1 4 3362 3427 3428 3363
face 4 3311 -1 5 7587 7588 7653 7652
face 4 3312 3313 -1 3364 3429 7654 7589
face 4 3312 3376 -1 3428 7653 7654 3429
face 4 3312 -1 4 3363 3428 3429 3364
face 4 3312 -1 5 7588 7589 7654 7653
face 4 3313 3314 -1 3365 3430 7655 7590
face 4 3313 3377 -1 3429 7654 7655 3430
face 4 3313 -1 4 3364 3429 3430 3365
face 4 3313 -1 5 7589 7590 7655 7654
face 4 3314 3315 -1 3366 3431 7656 7591
face 4 3314 3378 -1 3430 7655 7656 3431
face 4 3314 -1 4 3365 3430 3431 3366
face 4 3314 -1 5 7590 7591 7656 7655
face 4 3315 3316 -1 3367 3432 7657 7592
face 4 3315 3379 -1 3431 7656 7657 3432
face 4 3315 -1 4 3366 3431 3432 3367
face 4 3315 -1 5 7591 7592 7657 7656
face 4 3316 3317 -1 3368 3433 7658 7593
face 4 3316 3380 -1 3432 7657 7658 3433
face 4 3316 -1 4 3367 3432 3433 3368
face 4 3316 -1 5 7592 7593 7658 7657
face 4 3317 3318 -1 3369 3434 7659 7594
face 4 3317 3381 -1 3433 7658 7659 3434
face 4 3317 -1 4 3368 3433 3434 3369
face 4 3317 -1 5 7593 7594 7659 7658
face 4 3318 3319 -1 3370 3435 7660 7595
face 4 3318 3382 -1 3434 7659 7660 3435
face 4 3318 -1 4 3369 3434 3435 3370
face 4 3318 -1 5 7594 7595 7660 7659
face 4 3319 3320 -1 3371 3436 7661 7596
face 4 3319 3383 -1 3435 7660 7661 3436
face 4 3319 -1 4 3370 3435 3436 3371
face 4 3319 -1 5 7595 7596 7661 7660
face 4 3320 3321 -1 3372 3437 7662 7597
face 4 3320 3384 -1 3436 7661 7662 3437
face 4 3320 -1 4 3371 3436 3437 3372
face 4 3320 -1 5 7596 7597 7662 7661
face 4 3321 3322 -1 3373 3438 7663 7598
face 4 3321 3385 -1 3437 7662 7663 3438
face 4 3321 -1 4 3372 3437 3438 3373
face 4 3321 -1 5 7597 7598 7663 7662
face 4 3322 3323 -1 3374 3439 7664 7599
face 4 3322 3386 -1 3438 7663 7664 3439
face 4 3322 -1 4 3373 3438 3439 3374
face 4 3322 -1 5 7598 7599 7664 7663
face 4 3323 3324 -1 3375 3440 7665 7600
face 4 3323 3387 -1 3439 7664 7665 3440
face 4 3323 -1 4 3374 3439 3440 3375
face 4 3323 -1 5 7599 7600 7665 7664
face 4 3324 3325 -1 3376 3441 7666 7601
face 4 3324 3388 -1 3440 7665 7666 3441
face 4 3324 -1 4 3375 3440 3441 3376
face 4 3324 -1 5 7600 7601 7666 7665
face 4 3325 3326 -1 3377 3442 7667 7602
face 4 3325 3389 -1 3441 7666 7667 3442
face 4 3325 -1 4 3376 3441 3442 3377
face 4 3325 -1 5 7601 7602 7667 7666
face 4 3326 3327 -1 3378 3443 7668 7603
face 4 3326 3390 -1 3442 7667 7668 3443
face 4 3326 -1 4 3377 3442 3443 3378
face 4 3326 -1 5 7602 7603 7668 7667
face 4 3327 -1 1 3379 3444 7669 7604
face 4 3327 3391 -1 3443 7668 7669 3444
face 4 3327 -1 4 3378 3443 3444 3379
face 4 3327 -1 5 7603 7604 7669 7668
face 4 3328 -1 0 3380 7605 7670 3445
face 4 3328 3329 -1 3381 3446 7671 7606
face 4 3328 3392 -1 3445 7670 7671 3446
face 4 3328 -1 4 3380 3445 3446 3381
face 4 3328 -1 5 7605 7606 7671 7670
face 4 3329 3330 -1 3382 3447 7672 7607
face 4 3329 3393 -1 3446 7671 7672 3447
face 4 3329 -1 4 3381 3446 3447 3382
face 4 3329 -1 5 7606 7607 7672 7671
face 4 3330 3331 -1 3383 3448 7673 7608
face 4 3330 3394 -1 3447 7672 7673 3448
face 4 3330 -1 4 3382 3447 3448 3383
face 4 3330 -1 5 7607 7608 7673 7672
face 4 3331 3332 -1 3384 3449 7674 7609
face 4 3331 3395 -1 3448 7673 7674 3449
face 4 3331 -1 4 3383 3448 3449 3384
face 4 3331 -1 5 7608 7609 7674 7673
face 4 3332 3333 -1 3385 3450 7675 7610
face 4 3332 3396 -1 3449 7674 7675 3450
face 4 3332 -1 4 3384 3449 3450 3385
face 4 3332 -1 5 7609 7610 7675 7674
face 4 3333 3334 -1 3386 3451 7676 7611
face 4 3333 3397 -1 3450 7675 7676 3451
face 4 3333 -1 4 3385 3450 3451 3386
face 4 3333 -1 5 7610 7611 7676 7675
face 4 3334 3335 -1 3387 3452 7677 7612
face 4 3334 3398 -1 3451 7676 7677 3452
face 4 3334 -1 4 3386 3451 3452 3387
face 4 3334 -1 5 7611 7612 7677 7676
face 4 3335 3336 -1 3388 3453 7678 7613
face 4 3335 3399 -1 3452 7677 7678 3453
face 4 3335 -1 4 3387 3452 3453 3388
face 4 3335 -1 5 7612 7613 7678 7677
face 4 3336 3337 -1 3389 3454 7679 7614
face 4 3336 3400 -1 3453 7678 7679 3454
face 4 3336 -1 4 3388 3453 3454 3389
face 4 3336 -1 5 7613 7614 7679 7678
face 4 3337 3338 -1 3390 3455 7680 7615
face 4 3337 3401 -1 3454 7679 7680 3455
face 4 3337 -1 4 3389 3454 3455 3390
face 4 3337 -1 5 7614 7615 7680 7679
face 4 3338 3339 -1 3391 3456 7681 7616
face 4 3338 3402 -1 3455 7680 7681 3456
face 4 3338 -1 4 3390 3455 3456 3391
face 4 3338 -1 5 7615 7616 7681 7680
face 4 3339 3340 -1 3392 3457 7682 7617
face 4 3339 3403 -1 3456 7681 7682 3457
face 4 3339 -1 4 3391 3456 3457 3392
face 4 3339 -1 5 7616 7617 7682 7681
face 4 3340 3341 -1 3393 3458 7683 7618
face 4 3340 3404 -1 3457 7682 7683 3458
face 4 3340 -1 4 3392 3457 3458 3393
face 4 3340 -1 5 7617 7618 7683 7682
face 4 3341 3342 -1 3394 3459 7684 7619
face 4 3341 3405 -1 3458 7683 7684 3459
face 4 3341 -1 4 3393 3458 3459 3394
face 4 3341 -1 5 7618 7619 7684 7683
face 4 3342 3343 -1 3395 3460 7685 7620
face 4 3342 3406 -1 3459 7684 7685 3460
face 4 3342 -1 4 3394 3459 3460 3395
face 4 3342 -1 5 7619 7620 7685 7684
face 4 3343 3344 -1 3396 3461 7686 7621
face 4 3343 3407 -1 3460 7685 7686 3461
face 4 3343 -1 4 3395 3460 3461 3396
face 4 3343 -1 5 7620 7621 7686 7685
face 4 3344 3345 -1 3397 3462 7687 7622
face 4 3344 3408 -1 3461 7686 7687 3462
face 4 3344 -1 4 3396 3461 3462 3397
face 4 3344 -1 5 7621 7622 7687 7686
face 4 3345 3346 -1 3398 3463 7688 7623
face 4 3345 3409 -1 3462 7687 7688 3463
face 4 3345 -1 4 3397 3462 3463 3398
face 4 3345 -1 5 7622 7623 7688 7687
face 4 3346 3347 -1 3399 3464 7689 7624
face 4 3346 3410 -1 3463 7688 7689 3464
face 4 3346 -1 4 3398 3463 3464 3399
face 4 3346 -1 5 7623 7624 7689 7688
face 4 3347 3348 -1 3400 3465 7690 7625
face 4 3347 3411 -1 3464 7689 7690 3465
face 4 3347 -1 4 3399 3464 3465 3400
face 4 3347 -1 5 7624 7625 7690 7689
face 4 3348 3349 -1 3401 3466 7691 7626
face 4 3348 3412 -1 3465 7690 7691 3466
face 4 3348 -1 4 3400 3465 3466 3401
face 4 3348 -1 5 7625 7626 7691 7690
face 4 3349 3350 -1 3402 3467 7692 7627
face 4 3349 3413 -1 3466 7691 7692 3467
face 4 3349 -1 4 3401 3466 3467 3402
face 4 3349 -1 5 7626 7627 7692 7691
face 4 3350 3351 -1 3403 3468 7693 7628
face 4 3350 3414 -1 3467 7692 7693 3468
face 4 3350 -1 4 3402 3467 3468 3403
face 4 3350 -1 5 7627 7628 7693 7692
face 4 3351 3352 -1 3404 3469 7694 7629
face 4 3351 3415 -1 3468 7693 7694 3469
face 4 3351 -1 4 3403 3468 3469 3404
face 4 3351 -1 5 7628 7629 7694 7693
face 4 3352 3353 -1 3405 3470 7695 7630
face 4 3352 3416 -1 3469 7694 7695 3470
face 4 3352 -1 4 3404 3469 3470 3405
face 4 3352 -1 5 7629 7630 7695 7694
face 4 3353 3354 -1 3406 3471 7696 7631
face 4 3353 3417 -1 3470 7695 7696 3471
face 4 3353 -1 4 3405 3470 3471 3406
face 4 3353 -1 5 7630 7631 7696 7695
face 4 3354 3355 -1 3407 3472 7697 7632
face 4 3354 3418 -1 3471 7696 7697 3472
face 4 3354 -1 4 3406 3471 3472 3407
face 4 3354 -1 5 7631 7632 7697 7696
face 4 3355 3356 -1 3408 3473 7698 7633
face 4 3355 3419 -1 3472 7697 7698 3473
face 4 3355 -1 4 3407 3472 3473 3408
face 4 3355 -1 5 7632 7633 7698 7697
face 4 3356 3357 -1 3409 3474 7699 7634
face 4 3356 3420 -1 3473 7698 7699 3474
face 4 3356 -1 4 3408 3473 3474 3409
face 4 3356 -1 5 7633 7634 7699 7698
face 4 3357 3358 -1 3410 3475 7700 7635
face 4 3357 3421 -1 3474 7699 7700 3475
face 4 3357 -1 4 3409 3474 3475 3410
face 4 3357 -1 5 7634 7635 7700 7699
face 4 3358 3359 -1 3411 3476 7701 7636
face 4 3358 3422 -1 3475 7700 7701 3476
face 4 3358 -1 4 3410 3475 3476 3411
face 4 3358 -1 5 7635 7636 7701 7700
face 4 3359 3360 -1 3412 3477 7702 7637
face 4 3359 3423 -1 3476 7701 7702 3477
face 4 3359 -1 4 3411 3476 3477 3412
face 4 3359 -1 5 7636 7637 7702 7701
face 4 3360 3361 -1 3413 3478 7703 7638
face 4 3360 3424 -1 3477 7702 7703 3478
face 4 3360 -1 4 3412 3477 3478 3413
face 4 3360 -1 5 7637 7638 7703 7702
face 4 3361 3362 -1 3414 3479 7704 7639
face 4 3361 3425 -1 3478 7703 7704 3479
face 4 3361 -1 4 3413 3478 3479 3414
face 4 3361 -1 5 7638 7639 7704 7703
face 4 3362 3363 -1 3415 3480 7705 7640
face 4 3362 3426 -1 3479 7704 7705 3480
face 4 3362 -1 4 3414 3479 3480 3415
face 4 3362 -1 5 7639 7640 7705 7704
face 4 3363 3364 -1 3416 3481 7706 7641
face 4 3363 3427 -1 3480 7705 7706 3481
face 4 3363 -1 4 3415 3480 3481 3416
face 4 3363 -1 5 7640 7641 7706 7705
face 4 3364 3365 -1 3417 3482 7707 7642
face 4 3364 3428 -1 3481 7706 7707 3482
face 4 3364 -1 4 3416 3481 3482 3417
face 4 3364 -1 5 7641 7642 7707 7706
face 4 3365 3366 -1 3418 3483 7708 7643
face 4 3365 3429 -1 3482 7707 7708 3483
face 4 3365 -1 4 3417 3482 3483 3418
face 4 3365 -1 5 7642 7643 7708 7707
face 4 3366 3367 -1 3419 3484 7709 7644
face 4 3366 3430 -1 3483 7708 7709 3484
face 4 3366 -1 4 3418 3483 3484 3419
face 4 3366 -1 5 7643 7644 7709 7708
face 4 3367 3368 -1 3420 3485 7710 7645
face 4 3367 3431 -1 3484 7709 7710 3485
face 4 3367 -1 4 3419 3484 3485 3420
face 4 3367 -1 5 7644 7645 7710 7709
face 4 3368 3369 -1 3421 3486 7711 7646
face 4 3368 3432 -1 3485 7710 7711 3486
face 4 3368 -1 4 3420 3485 3486 3421
face 4 3368 -1 5 7645 7646 7711 7710
face 4 3369 3370 -1 3422 3487 7712 7647
face 4 3369 3433 -1 3486 7711 7712 3487
face 4 3369 -1 4 3421 3486 3487 3422
face 4 3369 -1 5 7646 7647 7712 7711
face 4 3370 3371 -1 3423 3488 7713 7648
face 4 3370 3434 -1 3487 7712 7713 3488
face 4 3370 -1 4 3422 3487 3488 3423
face 4 3370 -1 5 7647 7648 7713 7712
face 4 3371 3372 -1 3424 3489 7714 7649
face 4 3371 3435 -1 3488 7713 7714 3489
face 4 3371 -1 4 3423 3488 3489 3424
face 4 3371 -1 5 7648 7649 7714 7713
face 4 3372 3373 -1 3425 3490 7715 7650
face 4 3372 3436 -1 3489 7714 7715 3490
face 4 3372 -1 4 3424 3489 3490 3425
face 4 3372 -1 5 7649 7650 7715 7714
face 4 3373 3374 -1 3426 3491 7716 7651
face 4 3373 3437 -1 3490 7715 7716 3491
face 4 3373 -1 4 3425 3490 3491 3426
face 4 3373 -1 5 7650 7651 7716 7715
face 4 3374 3375 -1 3427 3492 7717 7652
face 4 3374 3438 -1 3491 7716 7717 3492
face 4 3374 -1 4 3426 3491 3492 3427
face 4 3374 -1 5 7651 7652 7717 7716
face 4 3375 3376 -1 3428 3493 7718 7653
face 4 3375 3439 -1 3492 7717 7718 3493
face 4 3375 -1 4 3427 3492 3493 3428
face 4 3375 -1 5 7652 7653 7718 7717
face 4 3376 3377 -1 3429 3494 7719 7654
face 4 3376 3440 -1 3493 7718 7719 3494
face 4 3376 -1 4 3428 3493 3494 3429
face 4 3376 -1 5 7653 7654 7719 7718
face 4 3377 3378 -1 3430 3495 7720 7655
face 4 3377 3441 -1 3494 7719 7720 3495
face 4 3377 -1 4 3429 3494 3495 3430
face 4 3377 -1 5 7654 7655 7720 7719
face 4 3378 3379 -1 3431 3496 7721 7656
face 4 3378 3442 -1 3495 7720 7721 3496
face 4 3378 -1 4 3430 3495 3496 3431
face 4 3378 -1 5 7655 7656 7721 7720
face 4 3379 3380 -1 3432 3497 7722 7657
face 4 3379 3443 -1 3496 7721 7722 3497
face 4 3379 -1 4 3431 3496 3497 3432
face 4 3379 -1 5 7656 7657 7722 7721
face 4 3380 3381 -1 3433 3498 7723 7658
face 4 3380 3444 -1 3497 7722 7723 3498
face 4 3380 -1 4 3432 3497 3498 3433
face 4 3380 -1 5 7657 7658 7723 7722
face 4 3381 3382 -1 3434 3499 7724 7659
face 4 3381 3445 -1 3498 7723 7724 3499
face 4 3381 -1 4 3433 3498 3499 3434
face 4 3381 -1 5 7658 7659 7724 7723
face 4 3382 3383 -1 3435 3500 7725 7660
face 4 3382 3446 -1 3499 7724 7725 3500
face 4 3382 -1 4 3434 3499 3500 3435
face 4 3382 -1 5 7659 7660 7725 7724
face 4 3383 3384 -1 3436 3501 7726 7661
face 4 3383 3447 -1 3500 7725 7726 3501
face 4 3383 -1 4 3435 3500 3501 3436
face 4 3383 -1 5 7660 7661 7726 7725
face 4 3384 3385 -1 3437 3502 7727 7662
face 4 3384 3448 -1 3501 7726 7727 3502
face 4 3384 -1 4 3436 3501 3502 3437
face 4 3384 -1 5 7661 7662 7727 7726
face 4 3385 3386 -1 3438 3503 7728 7663
face 4 3385 3449 -1 3502 7727 7728 3503
face 4 3385 -1 4 3437 3502 3503 3438
face 4 3385 -1 5 7662 7663 7728 7727
face 4 3386 3387 -1 3439 3504 7729 7664
face 4 3386 3450 -1 3503 7728 7729 3504
face 4 3386 -1 4 3438 3503 3504 3439
face 4 3386 -1 5 7663 7664 7729 7728
face 4 3387 3388 -1 3440 3505 7730 7665
face 4 3387 3451 -1 3504 7729 7730 3505
face 4 3387 -1 4 3439 3504 3505 3440
face 4 3387 -1 5 7664 7665 7730 7729
face 4 3388 3389 -1 3441 3506 7731 7666
face 4 3388 3452 -1 3505 7730 7731 3506
face 4 3388 -1 4 3440 3505 3506 3441
face 4 3388 -1 5 7665 7666 7731 7730
face 4 3389 3390 -1 3442 3507 7732 7667
face 4 3389 3453 -1 3506 7731 7732 3507
face 4 3389 -1 4 3441 3506 3507 3442
face 4 3389 -1 5 7666 7667 7732 7731
face 4 3390 3391 -1 3443 3508 7733 7668
face 4 3390 3454 -1 3507 7732 7733 3508
face 4 3390 -1 4 3442 3507 3508 3443
face 4 3390 -1 5 7667 7668 7733 7732
face 4 3391 -1 1 3444 3509 7734 7669
face 4 3391 3455 -1 3508 7733 7734 3509
face 4 3391 -1 4 3443 3508 3509 3444
face 4 3391 -1 5 7668 7669 7734 7733
face 4 3392 -1 0 3445 7670 7735 3510
face 4 3392 3393 -1 3446 3511 7736 7671
face 4 3392 3456 -1 3510 7735 7736 3511
face 4 3392 -1 4 3445 3510 3511 3446
face 4 3392 -1 5 7670 7671 7736 7735
face 4 3393 3394 -1 3447 3512 7737 7672
face 4 3393 3457 -1 3511 7736 7737 3512
face 4 3393 -1 4 3446 3511 3512 3447
face 4 3393 -1 5 7671 7672 7737 7736
face 4 3394 3395 -1 3448 3513 7738 7673
face 4 3394 3458 -1 3512 7737 7738 3513
face 4 3394 -1 4 3447 3512 3513 3448
face 4 3394 -1 5 7672 7673 7738 7737
face 4 3395 3396 -1 3449 3514 7739 7674
face 4 3395 3459 -1 3513 7738 7739 3514
face 4 3395 -1 4 3448 3513 3514 3449
face 4 3395 -1 5 7673 7674 7739 7738
face 4 3396 3397 -1 3450 3515 7740 7675
face 4 3396 3460 -1 3514 7739 7740 3515
face 4 3396 -1 4 3449 3514 3515 3450
face 4 3396 -1 5 7674 7675 7740 7739
face 4 3397 3398 -1 3451 3516 7741 7676
face 4 3397 3461 -1 3515 7740 7741 3516
face 4 3397 -1 4 3450 3515 3516 3451
face 4 3397 -1 5 7675 7676 7741 7740
face 4 3398 3399 -1 3452 3517 7742 7677
face 4 3398 3462 -1 3516 7741 7742 3517
face 4 3398 -1 4 3451 3516 3517 3452
face 4 3398 -1 5 7676 7677 7742 7741
face 4 3399 3400 -1 3453 3518 7743 7678
face 4 3399 3463 -1 3517 7742 7743 3518
face 4 3399 -1 4 3452 3517 3518 3453
face 4 3399 -1 5 7677 7678 7743 7742
face 4 3400 3401 -1 3454 3519 7744 7679
face 4 3400 3464 -1 3518 7743 7744 3519
face 4 3400 -1 4 3453 3518 3519 3454
face 4 3400 -1 5 7678 7679 7744 7743
face 4 3401 3402 -1 3455 3520 7745 7680
face 4 3401 3465 -1 3519 7744 7745 3520
face 4 3401 -1 4 3454 3519 3520 3455
face 4 3401 -1 5 7679 7680 7745 7744
face 4 3402 3403 -1 3456 3521 7746 7681
face 4 3402 3466 -1 3520 7745 7746 3521
face 4 3402 -1 4 3455 3520 3521 3456
face 4 3402 -1 5 7680 7681 7746 7745
face 4 3403 3404 -1 3457 3522 7747 7682
face 4 3403 3467 -1 3521 7746 7747 3522
face 4 3403 -1 4 3456 3521 3522 3457
face 4 3403 -1 5 7681 7682 7747 7746
face 4 3404 3405 -1 3458 3523 7748 7683
face 4 3404 3468 -1 3522 7747 7748 3523
face 4 3404 -1 4 3457 3522 3523 3458
face 4 3404 -1 5 7682 7683 7748 7747
face 4 3405 3406 -1 3459 3524 7749 7684
face 4 3405 3469 -1 3523 7748 7749 3524
face 4 3405 -1 4 3458 3523 3524 3459
face 4 3405 -1 5 7683 7684 7749 7748
face 4 3406 3407 -1 3460 3525 7750 7685
face 4 3406 3470 -1 3524 7749 7750 3525
face 4 3406 -1 4 3459 3524 3525 3460
face 4 3406 -1 5 7684 7685 7750 7749
face 4 3407 3408 -1 3461 3526 7751 7686
face 4 3407 3471 -1 3525 7750 7751 3526
face 4 3407 -1 4 3460 3525 3526 3461
face 4 3407 -1 5 7685 7686 7751 7750
face 4 3408 3409 -1 3462 3527 7752 7687
face 4 3408 3472 -1 3526 7751 7752 3527
face 4 3408 -1 4 3461 3526 3527 3462
face 4 3408 -1 5 7686 7687 7752 7751
face 4 3409 3410 -1 3463 3528 7753 7688
face 4 3409 3473 -1 3527 7752 7753 3528
face 4 3409 -1 4 3462 3527 3528 3463
face 4 3409 -1 5 7687 7688 7753 7752
face 4 3410 3411 -1 3464 3529 7754 7689
face 4 3410 3474 -1 3528 7753 7754 3529
face 4 3410 -1 4 3463 3528 3529 3464
face 4 3410 -1 5 7688 7689 7754 7753
face 4 3411 3412 -1 3465 3530 7755 7690
face 4 3411 3475 -1 3529 7754 7755 3530
face 4 3411 -1 4 3464 3529 3530 3465
face 4 3411 -1 5 7689 7690 7755 7754
face 4 3412 3413 -1 3466 3531 7756 7691
face 4 3412 3476 -1 3530 7755 7756 3531
face 4 3412 -1 4 3465 3530 3531 3466
face 4 3412 -1 5 7690 7691 7756 7755
face 4 3413 3414 -1 3467 3532 7757 7692
face 4 3413 3477 -1 3531 7756 7757 3532
face 4 3413 -1 4 3466 3531 3532 3467
face 4 3413 -1 5 7691 7692 7757 7756
face 4 3414 3415 -1 3468 3533 7758 7693
face 4 3414 3478 -1 3532 7757 7758 3533
face 4 3414 -1 4 3467 3532 3533 3468
face 4 3414 -1 5 7692 7693 7758 7757
face 4 3415 3416 -1 3469 3534 7759 7694
face 4 3415 3479 -1 3533 7758 7759 3534
face 4 3415 -1 4 3468 3533 3534 3469
face 4 3415 -1 5 7693 7694 7759 7758
face 4 3416 3417 -1 3470 3535 7760 7695
face 4 3416 3480 -1 3534 7759 7760 3535
face 4 3416 -1 4 3469 3534 3535 3470
face 4 3416 -1 5 7694 7695 7760 7759
face 4 3417 3418 -1 3471 3536 7761 7696
face 4 3417 3481 -1 3535 7760 7761 3536
face 4 3417 -1 4 3470 3535 3536 3471
face 4 3417 -1 5 7695 7696 7761 7760
face 4 3418 3419 -1 3472 3537 7762 7697
face 4 3418 3482 -1 3536 7761 7762 3537
face 4 3418 -1 4 3471 3536 3537 3472
face 4 3418 -1 5 7696 7697 7762 7761
face 4 3419 3420 -1 3473 3538 7763 7698
face 4 3419 3483 -1 3537 7762 7763 3538
face 4 3419 -1 4 3472 3537 3538 3473
face 4 3419 -1 5 7697 7698 7763 7762
face 4 3420 3421 -1 3474 3539 7764 7699
face 4 3420 3484 -1 3538 7763 7764 3539
face 4 3420 -1 4 3473 3538 3539 3474
face 4 3420 -1 5 7698 7699 7764 7763
face 4 3421 3422 -1 3475 3540 7765 7700
face 4 3421 3485 -1 3539 7764 7765 3540
face 4 3421 -1 4 3474 3539 3540 3475
face 4 3421 -1 5 7699 7700 7765 7764
face 4 3422 3423 -1 3476 3541 7766 7701
face 4 3422 3486 -1 3540 7765 7766 3541
face 4 3422 -1 4 3475 3540 3541 3476
face 4 3422 -1 5 7700 7701 7766 7765
face 4 3423 3424 -1 3477 3542 7767 7702
face 4 3423 3487 -1 3541 7766 7767 3542
face 4 3423 -1 4 3476 3541 3542 3477
face 4 3423 -1 5 7701 7702 7767 7766
face 4 3424 3425 -1 3478 3543 7768 7703
face 4 3424 3488 -1 3542 7767 7768 3543
face 4 3424 -1 4 3477 3542 3543 3478
face 4 3424 -1 5 7702 7703 7768 7767
face 4 3425 3426 -1 3479 3544 7769 7704
face 4 3425 3489 -1 3543 7768 7769 3544
face 4 3425 -1 4 3478 3543 3544 3479
face 4 3425 -1 5 7703 7704 7769 7768
face 4 3426 3427 -1 3480 3545 7770 7705
face 4 3426 3490 -1 3544 7769 7770 3545
face 4 3426 -1 4 3479 3544 3545 3480
face 4 3426 -1 5 7704 7705 7770 7769
face 4 3427 3428 -1 3481 3546 7771 7706
face 4 3427 3491 -1 3545 7770 7771 3546
face 4 3427 -1 4 3480 3545 3546 3481
face 4 3427 -1 5 7705 7706 7771 7770
face 4 3428 3429 -1 3482 3547 7772 7707
face 4 3428 3492 -1 3546 7771 7772 3547
face 4 3428 -1 4 3481 3546 3547 3482
face 4 3428 -1 5 7706 7707 7772 7771
face 4 3429 3430 -1 3483 3548 7773 7708
face 4 3429 3493 -1 3547 7772 7773 3548
face 4 3429 -1 4 3482 3547 3548 3483
face 4 3429 -1 5 7707 7708 7773 7772
face 4 3430 3431 -1 3484 3549 7774 7709
face 4 3430 3494 -1 3548 7773 7774 3549
face 4 3430 -1 4 3483 3548 3549 3484
face 4 3430 -1 5 7708 7709 7774 7773
face 4 3431 3432 -1 3485 3550 7775 7710
face 4 3431 3495 -1 3549 7774 7775 3550
face 4 3431 -1 4 3484 3549 3550 3485
face 4 3431 -1 5 7709 7710 7775 7774
face 4 3432 3433 -1 3486 3551 7776 7711
face 4 3432 3496 -1 3550 7775 7776 3551
face 4 3432 -1 4 3485 3550 3551 3486
face 4 3432 -1 5 7710 7711 7776 7775
face 4 3433 3434 -1 3487 3552 7777 7712
face 4 3433 3497 -1 3551 7776 7777 3552
face 4 3433 -1 4 3486 3551 3552 3487
face 4 3433 -1 5 7711 7712 7777 7776
face 4 3434 3435 -1 3488 3553 7778 7713
face 4 3434 3498 -1 3552 7777 7778 3553
face 4 3434 -1 4 3487 3552 3553 3488
face 4 3434 -1 5 7712 7713 7778 7777
face 4 3435 3436 -1 3489 3554 7779 7714
face 4 3435 3499 -1 3553 7778 7779 3554
face 4 3435 -1 4 3488 3553 3554 3489
face 4 3435 -1 5 7713 7714 7779 7778
face 4 3436 3437 -1 3490 3555 7780 7715
face 4 3436 3500 -1 3554 7779 7780 3555
face 4 3436 -1 4 3489 3554 3555 3490
face 4 3436 -1 5 7714 7715 7780 7779
face 4 3437 3438 -1 3491 3556 7781 7716
face 4 3437 3501 -1 3555 7780 7781 3556
face 4 3437 -1 4 3490 3555 3556 3491
face 4 3437 -1 5 7715 7716 7781 7780
face 4 3438 3439 -1 3492 3557 7782 7717
face 4 3438 3502 -1 3556 7781 7782 3557
face 4 3438 -1 4 3491 3556 3557 3492
face 4 3438 -1 5 7716 7717 7782 7781
face 4 3439 3440 -1 3493 3558 7783 7718
face 4 3439 3503 -1 3557 7782 7783 3558
face 4 3439 -1 4 3492 3557 3558 3493
face 4 3439 -1 5 7717 7718 7783 7782
face 4 3440 3441 -1 3494 3559 7784 7719
face 4 3440 3504 -1 3558 7783 7784 3559
face 4 3440 -1 4 3493 3558 3559 3494
face 4 3440 -1 5 7718 7719 7784 7783
face 4 3441 3442 -1 3495 3560 7785 7720
face 4 3441 3505 -1 3559 7784 7785 3560
face 4 3441 -1 4 3494 3559 3560 3495
face 4 3441 -1 5 7719 7720 7785 7784
face 4 3442 3443 -1 3496 3561 7786 7721
face 4 3442 3506 -1 3560 7785 7786 3561
face 4 3442 -1 4 3495 3560 3561 3496
face 4 3442 -1 5 7720 7721 7786 7785
face 4 3443 3444 -1 3497 3562 7787 7722
face 4 3443 3507 -1 3561 7786 7787 3562
face 4 3443 -1 4 3496 3561 3562 3497
face 4 3443 -1 5 7721 7722 7787 7786
face 4 3444 3445 -1 3498 3563 7788 7723
face 4 3444 3508 -1 3562 7787 7788 3563
face 4 3444 -1 4 3497 3562 3563 3498
face 4 3444 -1 5 7722 7723 7788 7787
face 4 3445 3446 -1 3499 3564 7789 7724
face 4 3445 3509 -1 3563 7788 7789 3564
face 4 3445 -1 4 3498 3563 3564 3499
face 4 3445 -1 5 7723 7724 7789 7788
face 4 3446 3447 -1 3500 3565 7790 7725
face 4 3446 3510 -1 3564 7789 7790 3565
face 4 3446 -1 4 3499 3564 3565 3500
face 4 3446 -1 5 7724 7725 7790 7789
face 4 3447 3448 -1 3501 3566 7791 7726
face 4 3447 3511 -1 3565 7790 7791 3566
face 4 3447 -1 4 3500 3565 3566 3501
face 4 3447 -1 5 7725 7726 7791 7790
face 4 3448 3449 -1 3502 3567 7792 7727
face 4 3448 3512 -1 3566 7791 7792 3567
face 4 3448 -1 4 3501 3566 3567 3502
face 4 3448 -1 5 7726 7727 7792 7791
face 4 3449 3450 -1 3503 3568 7793 7728
face 4 3449 3513 -1 3567 7792 7793 3568
face 4 3449 -1 4 3502 3567 3568 3503
face 4 3449 -1 5 7727 7728 7793 7792
face 4 3450 3451 -1 3504 3569 7794 7729
face 4 3450 3514 -1 3568 7793 7794 3569
face 4 3450 -1 4 3503 3568 3569 3504
face 4 3450 -1 5 7728 7729 7794 7793
face 4 3451 3452 -1 3505 3570 7795 7730
face 4 3451 3515 -1 3569 7794 7795 3570
face 4 3451 -1 4 3504 3569 3570 3505
face 4 3451 -1 5 7729 7730 7795 7794
face 4 3452 3453 -1 3506 3571 7796 7731
face 4 3452 3516 -1 3570 7795 7796 3571
face 4 3452 -1 4 3505 3570 3571 3506
face 4 3452 -1 5 7730 7731 7796 7795
face 4 3453 3454 -1 3507 3572 7797 7732
face 4 3453 3517 -1 3571 7796 7797 3572
face 4 3453 -1 4 3506 3571 3572 3507
face 4 3453 -1 5 7731 7732 7797 7796
face 4 3454 3455 -1 3508 3573 7798 7733
face 4 3454 3518 -1 3572 7797 7798 3573
face 4 3454 -1 4 3507 3572 3573 3508
face 4 3454 -1 5 7732 7733 7798 7797
face 4 3455 -1 1 3509 3574 7799 7734
face 4 3455 3519 -1 3573 7798 7799 3574
face 4 3455 -1 4 3508 3573 3574 3509
face 4 3455 -1 5 7733 7734 7799 7798
face 4 3456 -1 0 3510 7735 7800 3575
face 4 3456 3457 -1 3511 3576 7801 7736
face 4 3456 3520 -1 3575 7800 7801 3576
face 4 3456 -1 4 3510 3575 3576 3511
face 4 3456 -1 5 7735 7736 7801 7800
face 4 3457 3458 -1 3512 3577 7802 7737
face 4 3457 3521 -1 3576 7801 7802 3577
face 4 3457 -1 4 3511 3576 3577 3512
face 4 3457 -1 5 7736 7737 7802 7801
face 4 3458 3459 -1 3513 3578 7803 7738
face 4 3458 3522 -1 3577 7802 7803 3578
face 4 3458 -1 4 3512 3577 3578 3513
face 4 3458 -1 5 7737 7738 7803 7802
face 4 3459 3460 -1 3514 3579 7804 7739
face 4 3459 3523 -1 3578 7803 7804 3579
face 4 3459 -1 4 3513 3578 3579 3514
face 4 3459 -1 5 7738 7739 7804 7803
face 4 3460 3461 -1 3515 3580 7805 7740
face 4 3460 3524 -1 3579 7804 7805 3580
face 4 3460 -1 4 3514 3579 3580 3515
face 4 3460 -1 5 7739 7740 7805 7804
face 4 3461 3462 -1 3516 3581 7806 7741
face 4 3461 3525 -1 3580 7805 7806 3581
face 4 3461 -1 4 3515 3580 3581 3516
face 4 3461 -1 5 7740 7741 7806 7805
face 4 3462 3463 -1 3517 3582 7807 7742
face 4 3462 3526 -1 3581 7806 7807 3582
face 4 3462 -1 4 3516 3581 3582 3517
face 4 3462 -1 5 7741 7742 7807 7806
face 4 3463 3464 -1 3518 3583 7808 7743
face 4 3463 3527 -1 3582 7807 7808 3583
face 4 3463 -1 4 3517 3582 3583 3518
face 4 3463 -1 5 7742 7743 7808 7807
face 4 3464 3465 -1 3519 3584 7809 7744
face 4 3464 3528 -1 3583 7808 7809 3584
face 4 3464 -1 4 3518 3583 3584 3519
face 4 3464 -1 5 7743 7744 7809 7808
face 4 3465 3466 -1 3520 3585 7810 7745
face 4 3465 3529 -1 3584 7809 7810 3585
face 4 3465 -1 4 3519 3584 3585 3520
face 4 3465 -1 5 7744 7745 7810 7809
face 4 3466 3467 -1 3521 3586 7811 7746
face 4 3466 3530 -1 3585 7810 7811 3586
face 4 3466 -1 4 3520 3585 3586 3521
face 4 3466 -1 5 7745 7746 7811 7810
face 4 3467 3468 -1 3522 3587 7812 7747
face 4 3467 3531 -1 3586 7811 7812 3587
face 4 3467 -1 4 3521 3586 3587 3522
face 4 3467 -1 5 7746 7747 7812 7811
face 4 3468 3469 -1 3523 3588 7813 7748
face 4 3468 3532 -1 3587 7812 7813 3588
face 4 3468 -1 4 3522 3587 3588 3523
face 4 3468 -1 5 7747 7748 7813 7812
face 4 3469 3470 -1 3524 3589 7814 7749
face 4 3469 3533 -1 3588 7813 7814 3589
face 4 3469 -1 4 3523 3588 3589 3524
face 4 3469 -1 5 7748 7749 7814 7813
face 4 3470 3471 -1 3525 3590 7815 7750
face 4 3470 3534 -1 3589 7814 7815 3590
face 4 3470 -1 4 3524 3589 3590 3525
face 4 3470 -1 5 7749 7750 7815 7814
face 4 3471 3472 -1 3526 3591 7816 7751
face 4 3471 3535 -1 3590 7815 7816 3591
face 4 3471 -1 4 3525 3590 3591 3526
face 4 3471 -1 5 7750 7751 7816 7815
face 4 3472 3473 -1 3527 3592 7817 7752
face 4 3472 3536 -1 3591 7816 7817 3592
face 4 3472 -1 4 3526 3591 3592 3527
face 4 3472 -1 5 7751 7752 7817 7816
face 4 3473 3474 -1 3528 3593 7818 7753
face 4 3473 3537 -1 3592 7817 7818 3593
face 4 3473 -1 4 3527 3592 3593 3528
face 4 3473 -1 5 7752 7753 7818 7817
face 4 3474 3475 -1 3529 3594 7819 7754
face 4 3474 3538 -1 3593 7818 7819 3594
face 4 3474 -1 4 3528 3593 3594 3529
face 4 3474 -1 5 7753 7754 7819 7818
face 4 3475 3476 -1 3530 3595 7820 7755
face 4 3475 3539 -1 3594 7819 7820 3595
face 4 3475 -1 4 3529 3594 3595 3530
face 4 3475 -1 5 7754 7755 7820 7819
face 4 3476 3477 -1 3531 3596 7821 7756
face 4 3476 3540 -1 3595 7820 7821 3596
face 4 3476 -1 4 3530 3595 3596 3531
face 4 3476 -1 5 7755 7756 7821 7820
face 4 3477 3478 -1 3532 3597 7822 7757
face 4 3477 3541 -1 3596 7821 7822 3597
face 4 3477 -1 4 3531 3596 3597 3532
face 4 3477 -1 5 7756 7757 7822 7821
face 4 3478 3479 -1 3533 3598 7823 7758
face 4 3478 3542 -1 3597 7822 7823 3598
face 4 3478 -1 4 3532 3597 3598 3533
face 4 3478 -1 5 7757 7758 7823 7822
face 4 3479 3480 -1 3534 3599 7824 7759
face 4 3479 3543 -1 3598 7823 7824 3599
face 4 3479 -1 4 3533 3598 3599 3534
face 4 3479 -1 5 7758 7759 7824 7823
face 4 3480 3481 -1 3535 3600 7825 7760
face 4 3480 3544 -1 3599 7824 7825 3600
face 4 3480 -1 4 3534 3599 3600 3535
face 4 3480 -1 5 7759 7760 7825 7824
face 4 3481 3482 -1 3536 3601 7826 7761
face 4 3481 3545 -1 3600 7825 7826 3601
face 4 3481 -1 4 3535 3600 3601 3536
face 4 3481 -1 5 7760 7761 7826 7825
face 4 3482 3483 -1 3537 3602 7827 7762
face 4 3482 3546 -1 3601 7826 7827 3602
face 4 3482 -1 4 3536 3601 3602 3537
face 4 3482 -1 5 7761 7762 7827 7826
face 4 3483 3484 -1 3538 3603 7828 7763
face 4 3483 3547 -1 3602 7827 7828 3603
face 4 3483 -1 4 3537 3602 3603 3538
face 4 3483 -1 5 7762 7763 7828 7827
face 4 3484 3485 -1 3539 3604 7829 7764
face 4 3484 3548 -1 3603 7828 7829 3604
face 4 3484 -1 4 3538 3603 3604 3539
face 4 3484 -1 5 7763 7764 7829 7828
face 4 3485 3486 -1 3540 3605 7830 7765
face 4 3485 3549 -1 3604 7829 7830 3605
face 4 3485 -1 4 3539 3604 3605 3540
face 4 3485 -1 5 7764 7765 7830 7829
face 4 3486 3487 -1 3541 3606 7831 7766
face 4 3486 3550 -1 3605 7830 7831 3606
face 4 3486 -1 4 3540 3605 3606 3541
face 4 3486 -1 5 7765 7766 7831 7830
face 4 3487 3488 -1 3542 3607 7832 7767
face 4 3487 3551 -1 3606 7831 7832 3607
face 4 3487 -1 4 3541 3606 3607 3542
face 4 3487 -1 5 7766 7767 7832 7831
face 4 3488 3489 -1 3543 3608 7833 7768
face 4 3488 3552 -1 3607 7832 7833 3608
face 4 3488 -1 4 3542 3607 3608 3543
face 4 3488 -1 5 7767 7768 7833 7832
face 4 3489 3490 -1 3544 3609 7834 7769
face 4 3489 3553 -1 3608 7833 7834 3609
face 4 3489 -1 4 3543 3608 3609 3544
face 4 3489 -1 5 7768 7769 7834 7833
face 4 3490 3491 -1 3545 3610 7835 7770
face 4 3490 3554 -1 3609 7834 7835 3610
face 4 3490 -1 4 3544 3609 3610 3545
face 4 3490 -1 5 7769 7770 7835 7834
face 4 3491 3492 -1 3546 3611 7836 7771
face 4 3491 3555 -1 3610 7835 7836 3611
face 4 3491 -1 4 3545 3610 3611 3546
face 4 3491 -1 5 7770 7771 7836 7835
face 4 3492 3493 -1 3547 3612 7837 7772
face 4 3492 3556 -1 3611 7836 7837 3612
face 4 3492 -1 4 3546 3611 3612 3547
face 4 3492 -1 5 7771 7772 7837 7836
face 4 3493 3494 -1 3548 3613 7838 7773
face 4 3493 3557 -1 3612 7837 7838 3613
face 4 3493 -1 4 3547 3612 3613 3548
face 4 3493 -1 5 7772 7773 7838 7837
face 4 3494 3495 -1 3549 3614 7839 7774
face 4 3494 3558 -1 3613 7838 7839 3614
face 4 3494 -1 4 3548 3613 3614 3549
face 4 3494 -1 5 7773 7774 7839 7838
face 4 3495 3496 -1 3550 3615 7840 7775
face 4 3495 3559 -1 3614 7839 7840 3615
face 4 3495 -1 4 3549 3614 3615 3550
face 4 3495 -1 5 7774 7775 7840 7839
face 4 3496 3497 -1 3551 3616 7841 7776
face 4 3496 3560 -1 3615 7840 7841 3616
face 4 3496 -1 4 3550 3615 3616 3551
face 4 3496 -1 5 7775 7776 7841 7840
face 4 3497 3498 -1 3552 3617 7842 7777
face 4 3497 3561 -1 3616 7841 7842 3617
face 4 3497 -1 4 3551 3616 3617 3552
face 4 3497 -1 5 7776 7777 7842 7841
face 4 3498 3499 -1 3553 3618 7843 7778
face 4 3498 3562 -1 3617 7842 7843 3618
face 4 3498 -1 4 3552 3617 3618 3553
face 4 3498 -1 5 7777 7778 7843 7842
face 4 3499 3500 -1 3554 3619 7844 7779
face 4 3499 3563 -1 3618 7843 7844 3619
face 4 3499 -1 4 3553 3618 3619 3554
face 4 3499 -1 5 7778 7779 7844 7843
face 4 3500 3501 -1 3555 3620 7845 7780
face 4 3500 3564 -1 3619 7844 7845 3620
face 4 3500 -1 4 3554 3619 3620 3555
face 4 3500 -1 5 7779 7780 7845 7844
face 4 3501 3502 -1 3556 3621 7846 7781
face 4 3501 3565 -1 3620 7845 7846 3621
face 4 3501 -1 4 3555 3620 3621 3556
face 4 3501 -1 5 7780 7781 7846 7845
face 4 3502 3503 -1 3557 3622 7847 7782
face 4 3502 3566 -1 3621 7846 7847 3622
face 4 3502 -1 4 3556 3621 3622 3557
face 4 3502 -1 5 7781 7782 7847 7846
face 4 3503 3504 -1 3558 3623 7848 7783
face 4 3503 3567 -1 3622 7847 7848 3623
face 4 3503 -1 4 3557 3622 3623 3558
face 4 3503 -1 5 7782 7783 7848 7847
face 4 3504 3505 -1 3559 3624 7849 7784
face 4 3504 3568 -1 3623 7848 7849 3624
face 4 3504 -1 4 3558 3623 3624 3559
face 4 3504 -1 5 7783 7784 7849 7848
face 4 3505 3506 -1 3560 3625 7850 7785
face 4 3505 3569 -1 3624 7849 7850 3625
face 4 3505 -1 4 3559 3624 3625 3560
face 4 3505 -1 5 7784 7785 7850 7849
face 4 3506 3507 -1 3561 3626 7851 7786
face 4 3506 3570 -1 3625 7850 7851 3626
face 4 3506 -1 4 3560 3625 3626 3561
face 4 3506 -1 5 7785 7786 7851 7850
face 4 3507 3508 -1 3562 3627 7852 7787
face 4 3507 3571 -1 3626 7851 7852 3627
face 4 3507 -1 4 3561 3626 3627 3562
face 4 3507 -1 5 7786 7787 7852 7851
face 4 3508 3509 -1 3563 3628 7853 7788
face 4 3508 3572 -1 3627 7852 7853 3628
face 4 3508 -1 4 3562 3627 3628 3563
face 4 3508 -1 5 7787 7788 7853 7852
face 4 3509 3510 -1 3564 3629 7854 7789
face 4 3509 3573 -1 3628 7853 7854 3629
face 4 3509 -1 4 3563 3628 3629 3564
face 4 3509 -1 5 7788 7789 7854 7853
face 4 3510 3511 -1 3565 3630 7855 7790
face 4 3510 3574 -1 3629 7854 7855 3630
face 4 3510 -1 4 3564 3629 3630 3565
face 4 3510 -1 5 7789 7790 7855 7854
face 4 3511 3512 -1 3566 3631 7856 7791
face 4 3511 3575 -1 3630 7855 7856 3631
face 4 3511 -1 4 3565 3630 3631 3566
face 4 3511 -1 5 7790 7791 7856 7855
face 4 3512 3513 -1 3567 3632 7857 7792
face 4 3512 3576 -1 3631 7856 7857 3632
face 4 3512 -1 4 3566 3631 3632 3567
face 4 3512 -1 5 7791 7792 7857 7856
face 4 3513 3514 -1 3568 3633 7858 7793
face 4 3513 3577 -1 3632 7857 7858 3633
face 4 3513 -1 4 3567 3632 3633 3568
face 4 3513 -1 5 7792 7793 7858 7857
face 4 3514 3515 -1 3569 3634 7859 7794
face 4 3514 3578 -1 3633 7858 7859 3634
face 4 3514 -1 4 3568 3633 3634 3569
face 4 3514 -1 5 7793 7794 7859 7858
face 4 3515 3516 -1 3570 3635 7860 7795
face 4 3515 3579 -1 3634 7859 7860 3635
face 4 3515 -1 4 3569 3634 3635 3570
face 4 3515 -1 5 7794 7795 7860 7859
face 4 3516 3517 -1 3571 3636 7861 7796
face 4 3516 3580 -1 3635 7860 7861 3636
face 4 3516 -1 4 3570 3635 3636 3571
face 4 3516 -1 5 7795 7796 7861 7860
face 4 3517 3518 -1 3572 3637 7862 7797
face 4 3517 3581 -1 3636 7861 7862 3637
face 4 3517 -1 4 3571 3636 3637 3572
face 4 3517 -1 5 7796 7797 7862 7861
face 4 3518 3519 -1 3573 3638 7863 7798
face 4 3518 3582 -1 3637 7862 7863 3638
face 4 3518 -1 4 3572 3637 3638 3573
face 4 3518 -1 5 7797 7798 7863 7862
face 4 3519 -1 1 3574 3639 7864 7799
face 4 3519 3583 -1 3638 7863 7864 3639
face 4 3519 -1 4 3573 3638 3639 3574
face 4 3519 -1 5 7798 7799 7864 7863
face 4 3520 -1 0 3575 7800 7865 3640
face 4 3520 3521 -1 3576 3641 7866 7801
face 4 3520 3584 -1 3640 7865 7866 3641
face 4 3520 -1 4 3575 3640 3641 3576
face 4 3520 -1 5 7800 7801 7866 7865
face 4 3521 3522 -1 3577 3642 7867 7802
face 4 3521 3585 -1 3641 7866 7867 3642
face 4 3521 -1 4 3576 3641 3642 3577
face 4 3521 -1 5 7801 7802 7867 7866
face 4 3522 3523 -1 3578 3643 7868 7803
face 4 3522 3586 -1 3642 7867 7868 3643
face 4 3522 -1 4 3577 3642 3643 3578
face 4 3522 -1 5 7802 7803 7868 7867
face 4 3523 3524 -1 3579 3644 7869 7804
face 4 3523 3587 -1 3643 7868 7869 3644
face 4 3523 -1 4 3578 3643 3644 3579
face 4 3523 -1 5 7803 7804 7869 7868
face 4 3524 3525 -1 3580 3645 7870 7805
face 4 3524 3588 -1 3644 7869 7870 3645
face 4 3524 -1 4 3579 3644 3645 3580
face 4 3524 -1 5 7804 7805 7870 7869
face 4 3525 3526 -1 3581 3646 7871 7806
face 4 3525 3589 -1 3645 7870 7871 3646
face 4 3525 -1 4 3580 3645 3646 3581
face 4 3525 -1 5 7805 7806 7871 7870
face 4 3526 3527 -1 3582 3647 7872 7807
face 4 3526 3590 -1 3646 7871 7872 3647
face 4 3526 -1 4 3581 3646 3647 3582
face 4 3526 -1 5 7806 7807 7872 7871
face 4 3527 3528 -1 3583 3648 7873 7808
face 4 3527 3591 -1 3647 7872 7873 3648
face 4 3527 -1 4 3582 3647 3648 3583
face 4 3527 -1 5 7807 7808 7873 7872
face 4 3528 3529 -1 3584 3649 7874 7809
face 4 3528 3592 -1 3648 7873 7874 3649
face 4 3528 -1 4 3583 3648 3649 3584
face 4 3528 -1 5 7808 7809 7874 7873
face 4 3529 3530 -1 3585 3650 7875 7810
face 4 3529 3593 -1 3649 7874 7875 3650
face 4 3529 -1 4 3584 3649 3650 3585
face 4 3529 -1 5 7809 7810 7875 7874
face 4 3530 3531 -1 3586 3651 7876 7811
face 4 3530 3594 -1 3650 7875 7876 3651
face 4 3530 -1 4 3585 3650 3651 3586
face 4 3530 -1 5 7810 7811 7876 7875
face 4 3531 3532 -1 3587 3652 7877 7812
face 4 3531 3595 -1 3651 7876 7877 3652
face 4 3531 -1 4 3586 3651 3652 3587
face 4 3531 -1 5 7811 7812 7877 7876
face 4 3532 3533 -1 3588 3653 7878 7813
face 4 3532 3596 -1 3652 7877 7878 3653
face 4 3532 -1 4 3587 3652 3653 3588
face 4 3532 -1 5 7812 7813 7878 7877
face 4 3533 3534 -1 3589 3654 7879 7814
face 4 3533 3597 -1 3653 7878 7879 3654
face 4 3533 -1 4 3588 3653 3654 3589
face 4 3533 -1 5 7813 7814 7879 7878
face 4 3534 3535 -1 3590 3655 7880 7815
face 4 3534 3598 -1 3654 7879 7880 3655
face 4 3534 -1 4 3589 3654 3655 3590
face 4 3534 -1 5 7814 7815 7880 7879
face 4 3535 3536 -1 3591 3656 7881 7816
face 4 3535 3599 -1 3655 7880 7881 3656
face 4 3535 -1 4 3590 3655 3656 3591
face 4 3535 -1 5 7815 7816 7881 7880
face 4 3536 3537 -1 3592 3657 7882 7817
face 4 3536 3600 -1 3656 7881 7882 3657
face 4 3536 -1 4 3591 3656 3657 3592
face 4 3536 -1 5 7816 7817 7882 7881
face 4 3537 3538 -1 3593 3658 7883 7818
face 4 3537 3601 -1 3657 7882 7883 3658
face 4 3537 -1 4 3592 3657 3658 3593
face 4 3537 -1 5 7817 7818 7883 7882
face 4 3538 3539 -1 3594 3659 7884 7819
face 4 3538 3602 -1 3658 7883 7884 3659
face 4 3538 -1 4 3593 3658 3659 3594
face 4 3538 -1 5 7818 7819 7884 7883
face 4 3539 3540 -1 3595 3660 7885 7820
face 4 3539 3603 -1 3659 7884 7885 3660
face 4 3539 -1 4 3594 3659 3660 3595
face 4 3539 -1 5 7819 7820 7885 7884
face 4 3540 3541 -1 3596 3661 7886 7821
face 4 3540 3604 -1 3660 7885 7886 3661
face 4 3540 -1 4 3595 3660 3661 3596
face 4 3540 -1 5 7820 7821 7886 7885
face 4 3541 3542 -1 3597 3662 7887 7822
face 4 3541 3605 -1 3661 7886 7887 3662
face 4 3541 -1 4 3596 3661 3662 3597
face 4 3541 -1 5 7821 7822 7887 7886
face 4 3542 3543 -1 3598 3663 7888 7823
face 4 3542 3606 -1 3662 7887 7888 3663
face 4 3542 -1 4 3597 3662 3663 3598
face 4 3542 -1 5 7822 7823 7888 7887
face 4 3543 3544 -1 3599 3664 7889 7824
face 4 3543 3607 -1 3663 7888 7889 3664
face 4 3543 -1 4 3598 3663 3664 3599
face 4 3543 -1 5 7823 7824 7889 7888
face 4 3544 3545 -1 3600 3665 7890 7825
face 4 3544 3608 -1 3664 7889 7890 3665
face 4 3544 -1 4 3599 3664 3665 3600
face 4 3544 -1 5 7824 7825 7890 7889
face 4 3545 3546 -1 3601 3666 7891 7826
face 4 3545 3609 -1 3665 7890 7891 3666
face 4 3545 -1 4 3600 3665 3666 3601
face 4 3545 -1 5 7825 7826 7891 7890
face 4 3546 3547 -1 3602 3667 7892 7827
face 4 3546 3610 -1 3666 7891 7892 3667
face 4 3546 -1 4 3601 3666 3667 3602
face 4 3546 -1 5 7826 7827 7892 7891
face 4 3547 3548 -1 3603 3668 7893 7828
face 4 3547 3611 -1 3667 7892 7893 3668
face 4 3547 -1 4 3602 3667 3668 3603
face 4 3547 -1 5 7827 7828 7893 7892
face 4 3548 3549 -1 3604 3669 7894 7829
face 4 3548 3612 -1 3668 7893 7894 3669
face 4 3548 -1 4 3603 3668 3669 3604
face 4 3548 -1 5 7828 7829 7894 7893
face 4 3549 3550 -1 3605 3670 7895 7830
face 4 3549 3613 -1 3669 7894 7895 3670
face 4 3549 -1 4 3604 3669 3670 3605
face 4 3549 -1 5 7829 7830 7895 7894
face 4 3550 3551 -1 3606 3671 7896 7831
face 4 3550 3614 -1 3670 7895 7896 3671
face 4 3550 -1 4 3605 3670 3671 3606
face 4 3550 -1 5 7830 7831 7896 7895
face 4 3551 3552 -1 3607 3672 7897 7832
face 4 3551 3615 -1 3671 7896 7897 3672
face 4 3551 -1 4 3606 3671 3672 3607
face 4 3551 -1 5 7831 7832 7897 7896
face 4 3552 3553 -1 3608 3673 7898 7833
face 4 3552 3616 -1 3672 7897 7898 3673
face 4 3552 -1 4 3607 3672 3673 3608
face 4 3552 -1 5 7832 7833 7898 7897
face 4 3553 3554 -1 3609 3674 7899 7834
face 4 3553 3617 -1 3673 7898 7899 3674
face 4 3553 -1 4 3608 3673 3674 3609
face 4 3553 -1 5 7833 7834 7899 7898
face 4 3554 3555 -1 3610 3675 7900 7835
face 4 3554 3618 -1 3674 7899 7900 3675
face 4 3554 -1 4 3609 3674 3675 3610
face 4 3554 -1 5 7834 7835 7900 7899
face 4 3555 3556 -1 3611 3676 7901 7836
face 4 3555 3619 -1 3675 7900 7901 3676
face 4 3555 -1 4 3610 3675 3676 3611
face 4 3555 -1 5 7835 7836 7901 7900
face 4 3556 3557 -1 3612 3677 7902 7837
face 4 3556 3620 -1 3676 7901 7902 3677
face 4 3556 -1 4 3611 3676 3677 3612
face 4 3556 -1 5 7836 7837 7902 7901
face 4 3557 3558 -1 3613 3678 7903 7838
face 4 3557 3621 -1 3677 7902 7903 3678
face 4 3557 -1 4 3612 3677 3678 3613
face 4 3557 -1 5 7837 7838 7903 7902
face 4 3558 3559 -1 3614 3679 7904 7839
face 4 3558 3622 -1 3678 7903 7904 3679
face 4 3558 -1 4 3613 3678 3679 3614
face 4 3558 -1 5 7838 7839 7904 7903
face 4 3559 3560 -1 3615 3680 7905 7840
face 4 3559 3623 -1 3679 7904 7905 3680
face 4 3559 -1 4 3614 3679 3680 3615
face 4 3559 -1 5 7839 7840 7905 7904
face 4 3560 3561 -1 3616 3681 7906 7841
face 4 3560 3624 -1 3680 7905 7906 3681
face 4 3560 -1 4 3615 3680 3681 3616
face 4 3560 -1 5 7840 7841 7906 7905
face 4 3561 3562 -1 3617 3682 7907 7842
face 4 3561 3625 -1 3681 7906 7907 3682
face 4 3561 -1 4 3616 3681 3682 3617
face 4 3561 -1 5 7841 7842 7907 7906
face 4 3562 3563 -1 3618 3683 7908 7843
face 4 3562 3626 -1 3682 7907 7908 3683
face 4 3562 -1 4 3617 3682 3683 3618
face 4 3562 -1 5 7842 7843 7908 7907
face 4 3563 3564 -1 3619 3684 7909 7844
face 4 3563 3627 -1 3683 7908 7909 3684
face 4 3563 -1 4 3618 3683 3684 3619
face 4 3563 -1 5 7843 7844 7909 7908
face 4 3564 3565 -1 3620 3685 7910 7845
face 4 3564 3628 -1 3684 7909 7910 3685
face 4 3564 -1 4 3619 3684 3685 3620
face 4 3564 -1 5 7844 7845 7910 7909
face 4 3565 3566 -1 3621 3686 7911 7846
face 4 3565 3629 -1 3685 7910 7911 3686
face 4 3565 -1 4 3620 3685 3686 3621
face 4 3565 -1 5 7845 7846 7911 7910
face 4 3566 3567 -1 3622 3687 7912 7847
face 4 3566 3630 -1 3686 7911 7912 3687
face 4 3566 -1 4 3621 3686 3687 3622
face 4 3566 -1 5 7846 7847 7912 7911
face 4 3567 3568 -1 3623 3688 7913 7848
face 4 3567 3631 -1 3687 7912 7913 3688
face 4 3567 -1 4 3622 3687 3688 3623
face 4 3567 -1 5 7847 7848 7913 7912
face 4 3568 3569 -1 3624 3689 7914 7849
face 4 3568 3632 -1 3688 7913 7914 3689
face 4 3568 -1 4 3623 3688 3689 3624
face 4 3568 -1 5 7848 7849 7914 7913
face 4 3569 3570 -1 3625 3690 7915 7850
face 4 3569 3633 -1 3689 7914 7915 3690
face 4 3569 -1 4 3624 3689 3690 3625
face 4 3569 -1 5 7849 7850 7915 7914
face 4 3570 3571 -1 3626 3691 7916 7851
face 4 3570 3634 -1 3690 7915 7916 3691
face 4 3570 -1 4 3625 3690 3691 3626
face 4 3570 -1 5 7850 7851 7916 7915
face 4 3571 3572 -1 3627 3692 7917 7852
face 4 3571 3635 -1 3691 7916 7917 3692
face 4 3571 -1 4 3626 3691 3692 3627
face 4 3571 -1 5 7851 7852 7917 7916
face 4 3572 3573 -1 3628 3693 7918 7853
face 4 3572 3636 -1 3692 7917 7918 3693
face 4 3572 -1 4 3627 3692 3693 3628
face 4 3572 -1 5 7852 7853 7918 7917
face 4 3573 3574 -1 3629 3694 7919 7854
face 4 3573 3637 -1 3693 7918 7919 3694
face 4 3573 -1 4 3628 3693 3694 3629
face 4 3573 -1 5 7853 7854 7919 7918
face 4 3574 3575 -1 3630 3695 7920 7855
face 4 3574 3638 -1 3694 7919 7920 3695
face 4 3574 -1 4 3629 3694 3695 3630
face 4 3574 -1 5 7854 7855 7920 7919
face 4 3575 3576 -1 3631 3696 7921 7856
face 4 3575 3639 -1 3695 7920 7921 3696
face 4 3575 -1 4 3630 3695 3696 3631
face 4 3575 -1 5 7855 7856 7921 7920
face 4 3576 3577 -1 3632 3697 7922 7857
face 4 3576 3640 -1 3696 7921 7922 3697
face 4 3576 -1 4 3631 3696 3697 3632
face 4 3576 -1 5 7856 7857 7922 7921
face 4 3577 3578 -1 3633 3698 7923 7858
face 4 3577 3641 -1 3697 7922 7923 3698
face 4 3577 -1 4 3632 3697 3698 3633
face 4 3577 -1 5 7857 7858 7923 7922
face 4 3578 3579 -1 3634 3699 7924 7859
face 4 3578 3642 -1 3698 7923 7924 3699
face 4 3578 -1 4 3633 3698 3699 3634
face 4 3578 -1 5 7858 7859 7924 7923
face 4 3579 3580 -1 3635 3700 7925 7860
face 4 3579 3643 -1 3699 7924 7925 3700
face 4 3579 -1 4 3634 3699 3700 3635
face 4 3579 -1 5 7859 7860 7925 7924
face 4 3580 3581 -1 3636 3701 7926 7861
face 4 3580 3644 -1 3700 7925 7926 3701
face 4 3580 -1 4 3635 3700 3701 3636
face 4 3580 -1 5 7860 7861 7926 7925
face 4 3581 3582 -1 3637 3702 7927 7862
face 4 3581 3645 -1 3701 7926 7927 3702
face 4 3581 -1 4 3636 3701 3702 3637
face 4 3581 -1 5 7861 7862 7927 7926
face 4 3582 3583 -1 3638 3703 7928 7863
face 4 3582 3646 -1 3702 7927 7928 3703
face 4 3582 -1 4 3637 3702 3703 3638
face 4 3582 -1 5 7862 7863 7928 7927
face 4 3583 -1 1 3639 3704 7929 7864
face 4 3583 3647 -1 3703 7928 7929 3704
face 4 3583 -1 4 3638 3703 3704 3639
face 4 3583 -1 5 7863 7864 7929 7928
face 4 3584 -1 0 3640 7865 7930 3705
face 4 3584 3585 -1 3641 3706 7931 7866
face 4 3584 3648 -1 3705 7930 7931 3706
face 4 3584 -1 4 3640 3705 3706 3641
face 4 3584 -1 5 7865 7866 7931 7930
face 4 3585 3586 -1 3642 3707 7932 7867
face 4 3585 3649 -1 3706 7931 7932 3707
face 4 3585 -1 4 3641 3706 3707 3642
face 4 3585 -1 5 7866 7867 7932 7931
face 4 3586 3587 -1 3643 3708 7933 7868
face 4 3586 3650 -1 3707 7932 7933 3708
face 4 3586 -1 4 3642 3707 3708 3643
face 4 3586 -1 5 7867 7868 7933 7932
face 4 3587 3588 -1 3644 3709 7934 7869
face 4 3587 3651 -1 3708 7933 7934 3709
face 4 3587 -1 4 3643 3708 3709 3644
face 4 3587 -1 5 7868 7869 7934 7933
face 4 3588 3589 -1 3645 3710 7935 7870
face 4 3588 3652 -1 3709 7934 7935 3710
face 4 3588 -1 4 3644 3709 3710 3645
face 4 3588 -1 5 7869 7870 7935 7934
face 4 3589 3590 -1 3646 3711 7936 7871
face 4 3589 3653 -1 3710 7935 7936 3711
face 4 3589 -1 4 3645 3710 3711 3646
face 4 3589 -1 5 7870 7871 7936 7935
face 4 3590 3591 -1 3647 3712 7937 7872
face 4 3590 3654 -1 3711 7936 7937 3712
face 4 3590 -1 4 3646 3711 3712 3647
face 4 3590 -1 5 7871 7872 7937 7936
face 4 3591 3592 -1 3648 3713 7938 7873
face 4 3591 3655 -1 3712 7937 7938 3713
face 4 3591 -1 4 3647 3712 3713 3648
face 4 3591 -1 5 7872 7873 7938 7937
face 4 3592 3593 -1 3649 3714 7939 7874
face 4 3592 3656 -1 3713 7938 7939 3714
face 4 3592 -1 4 3648 3713 3714 3649
face 4 3592 -1 5 7873 7874 7939 7938
face 4 3593 3594 -1 3650 3715 7940 7875
face 4 3593 3657 -1 3714 7939 7940 3715
face 4 3593 -1 4 3649 3714 3715 3650
face 4 3593 -1 5 7874 7875 7940 7939
face 4 3594 3595 -1 3651 3716 7941 7876
face 4 3594 3658 -1 3715 7940 7941 3716
face 4 3594 -1 4 3650 3715 3716 3651
face 4 3594 -1 5 7875 7876 7941 7940
face 4 3595 3596 -1 3652 3717 7942 7877
face 4 3595 3659 -1 3716 7941 7942 3717
face 4 3595 -1 4 3651 3716 3717 3652
face 4 3595 -1 5 7876 7877 7942 7941
face 4 3596 3597 -1 3653 3718 7943 7878
face 4 3596 3660 -1 3717 7942 7943 3718
face 4 3596 -1 4 3652 3717 3718 3653
face 4 3596 -1 5 7877 7878 7943 7942
face 4 3597 3598 -1 3654 3719 7944 7879
face 4 3597 3661 -1 3718 7943 7944 3719
face 4 3597 -1 4 3653 3718 3719 3654
face 4 3597 -1 5 7878 7879 7944 7943
face 4 3598 3599 -1 3655 3720 7945 7880
face 4 3598 3662 -1 3719 7944 7945 3720
face 4 3598 -1 4 3654 3719 3720 3655
face 4 3598 -1 5 7879 7880 7945 7944
face 4 3599 3600 -1 3656 3721 7946 7881
face 4 3599 3663 -1 3720 7945 7946 3721
face 4 3599 -1 4 3655 3720 3721 3656
face 4 3599 -1 5 7880 7881 7946 7945
face 4 3600 3601 -1 3657 3722 7947 7882
face 4 3600 3664 -1 3721 7946 7947 3722
face 4 3600 -1 4 3656 3721 3722 3657
face 4 3600 -1 5 7881 7882 7947 7946
face 4 3601 3602 -1 3658 3723 7948 7883
face 4 3601 3665 -1 3722 7947 7948 3723
face 4 3601 -1 4 3657 3722 3723 3658
face 4 3601 -1 5 7882 7883 7948 7947
face 4 3602 3603 -1 3659 3724 7949 7884
face 4 3602 3666 -1 3723 7948 7949 3724
face 4 3602 -1 4 3658 3723 3724 3659
face 4 3602 -1 5 7883 7884 7949 7948
face 4 3603 3604 -1 3660 3725 7950 7885
face 4 3603 3667 -1 3724 7949 7950 3725
face 4 3603 -1 4 3659 3724 3725 3660
face 4 3603 -1 5 7884 7885 7950 7949
face 4 3604 3605 -1 3661 3726 7951 7886
face 4 3604 3668 -1 3725 7950 7951 3726
face 4 3604 -1 4 3660 3725 3726 3661
face 4 3604 -1 5 7885 7886 7951 7950
face 4 3605 3606 -1 3662 3727 7952 7887
face 4 3605 3669 -1 3726 7951 7952 3727
face 4 3605 -1 4 3661 3726 3727 3662
face 4 3605 -1 5 7886 7887 7952 7951
face 4 3606 3607 -1 3663 3728 7953 7888
face 4 3606 3670 -1 3727 7952 7953 3728
face 4 3606 -1 4 3662 3727 3728 3663
face 4 3606 -1 5 7887 7888 7953 7952
face 4 3607 3608 -1 3664 3729 7954 7889
face 4 3607 3671 -1 3728 7953 7954 3729
face 4 3607 -1 4 3663 3728 3729 3664
face 4 3607 -1 5 7888 7889 7954 7953
face 4 3608 3609 -1 3665 3730 7955 7890
face 4 3608 3672 -1 3729 7954 7955 3730
face 4 3608 -1 4 3664 3729 3730 3665
face 4 3608 -1 5 7889 7890 7955 7954
face 4 3609 3610 -1 3666 3731 7956 7891
face 4 3609 3673 -1 3730 7955 7956 3731
face 4 3609 -1 4 3665 3730 3731 3666
face 4 3609 -1 5 7890 7891 7956 7955
face 4 3610 3611 -1 3667 3732 7957 7892
face 4 3610 3674 -1 3731 7956 7957 3732
face 4 3610 -1 4 3666 3731 3732 3667
face 4 3610 -1 5 7891 7892 7957 7956
face 4 3611 3612 -1 3668 3733 7958 7893
face 4 3611 3675 -1 3732 7957 7958 3733
face 4 3611 -1 4 3667 3732 3733 3668
face 4 3611 -1 5 7892 7893 7958 7957
face 4 3612 3613 -1 3669 3734 7959 7894
face 4 3612 3676 -1 3733 7958 7959 3734
face 4 3612 -1 4 3668 3733 3734 3669
face 4 3612 -1 5 7893 7894 7959 7958
face 4 3613 3614 -1 3670 3735 7960 7895
face 4 3613 3677 -1 3734 7959 7960 3735
face 4 3613 -1 4 3669 3734 3735 3670
face 4 3613 -1 5 7894 7895 7960 7959
face 4 3614 3615 -1 3671 3736 7961 7896
face 4 3614 3678 -1 3735 7960 7961 3736
face 4 3614 -1 4 3670 3735 3736 3671
face 4 3614 -1 5 7895 7896 7961 7960
face 4 3615 3616 -1 3672 3737 7962 7897
face 4 3615 3679 -1 3736 7961 7962 3737
face 4 3615 -1 4 3671 3736 3737 3672
face 4 3615 -1 5 7896 7897 7962 7961
face 4 3616 3617 -1 3673 3738 7963 7898
face 4 3616 3680 -1 3737 7962 7963 3738
face 4 3616 -1 4 3672 3737 3738 3673
face 4 3616 -1 5 7897 7898 7963 7962
face 4 3617 3618 -1 3674 3739 7964 7899
face 4 3617 3681 -1 3738 7963 7964 3739
face 4 3617 -1 4 3673 3738 3739 3674
face 4 3617 -1 5 7898 7899 7964 7963
face 4 3618 3619 -1 3675 3740 7965 7900
face 4 3618 3682 -1 3739 7964 7965 3740
face 4 3618 -1 4 3674 3739 3740 3675
face 4 3618 -1 5 7899 7900 7965 7964
face 4 3619 3620 -1 3676 3741 7966 7901
face 4 3619 3683 -1 3740 7965 7966 3741
face 4 3619 -1 4 3675 3740 3741 3676
face 4 3619 -1 5 7900 7901 7966 7965
face 4 3620 3621 -1 3677 3742 7967 7902
face 4 3620 3684 -1 3741 7966 7967 3742
face 4 3620 -1 4 3676 3741 3742 3677
face 4 3620 -1 5 7901 7902 7967 7966
face 4 3621 3622 -1 3678 3743 7968 7903
face 4 3621 3685 -1 3742 7967 7968 3743
face 4 3621 -1 4 3677 3742 3743 3678
face 4 3621 -1 5 7902 7903 7968 7967
face 4 3622 3623 -1 3679 3744 7969 7904
face 4 3622 3686 -1 3743 7968 7969 3744
face 4 3622 -1 4 3678 3743 3744 3679
face 4 3622 -1 5 7903 7904 7969 7968
face 4 3623 3624 -1 3680 3745 7970 7905
face 4 3623 3687 -1 3744 7969 7970 3745
face 4 3623 -1 4 3679 3744 3745 3680
face 4 3623 -1 5 7904 7905 7970 7969
face 4 3624 3625 -1 3681 3746 7971 7906
face 4 3624 3688 -1 3745 7970 7971 3746
face 4 3624 -1 4 3680 3745 3746 3681
face 4 3624 -1 5 7905 7906 7971 7970
face 4 3625 3626 -1 3682 3747 7972 7907
face 4 3625 3689 -1 3746 7971 7972 3747
face 4 3625 -1 4 3681 3746 3747 3682
face 4 3625 -1 5 7906 7907 7972 7971
face 4 3626 3627 -1 3683 3748 7973 7908
face 4 3626 3690 -1 3747 7972 7973 3748
face 4 3626 -1 4 3682 3747 3748 3683
face 4 3626 -1 5 7907 7908 7973 7972
face 4 3627 3628 -1 3684 3749 7974 7909
face 4 3627 3691 -1 3748 7973 7974 3749
face 4 3627 -1 4 3683 3748 3749 3684
face 4 3627 -1 5 7908 7909 7974 7973
face 4 3628 3629 -1 3685 3750 7975 7910
face 4 3628 3692 -1 3749 7974 7975 3750
face 4 3628 -1 4 3684 3749 3750 3685
face 4 3628 -1 5 7909 7910 7975 7974
face 4 3629 3630 -1 3686 3751 7976 7911
face 4 3629 3693 -1 3750 7975 7976 3751
face 4 3629 -1 4 3685 3750 3751 3686
face 4 3629 -1 5 7910 7911 7976 7975
face 4 3630 3631 -1 3687 3752 7977 7912
face 4 3630 3694 -1 3751 7976 7977 3752
face 4 3630 -1 4 3686 3751 3752 3687
face 4 3630 -1 5 7911 7912 7977 7976
face 4 3631 3632 -1 3688 3753 7978 7913
face 4 3631 3695 -1 3752 7977 7978 3753
face 4 3631 -1 4 3687 3752 3753 3688
face 4 3631 -1 5 7912 7913 7978 7977
face 4 3632 3633 -1 3689 3754 7979 7914
face 4 3632 3696 -1 3753 7978 7979 3754
face 4 3632 -1 4 3688 3753 3754 3689
face 4 3632 -1 5 7913 7914 7979 7978
face 4 3633 3634 -1 3690 3755 7980 7915
face 4 3633 3697 -1 3754 7979 7980 3755
face 4 3633 -1 4 3689 3754 3755 3690
face 4 3633 -1 5 7914 7915 7980 7979
face 4 3634 3635 -1 3691 3756 7981 7916
face 4 3634 3698 -1 3755 7980 7981 3756
face 4 3634 -1 4 3690 3755 3756 3691
face 4 3634 -1 5 7915 7916 7981 7980
face 4 3635 3636 -1 3692 3757 7982 7917
face 4 3635 3699 -1 3756 7981 7982 3757
face 4 3635 -1 4 3691 3756 3757 3692
face 4 3635 -1 5 7916 7917 7982 7981
face 4 3636 3637 -1 3693 3758 7983 7918
face 4 3636 3700 -1 3757 7982 7983 3758
face 4 3636 -1 4 3692 3757 3758 3693
face 4 3636 -1 5 7917 7918 7983 7982
face 4 3637 3638 -1 3694 3759 7984 7919
face 4 3637 3701 -1 3758 7983 7984 3759
face 4 3637 -1 4 3693 3758 3759 3694
face 4 3637 -1 5 7918 7919 7984 7983
face 4 3638 3639 -1 3695 3760 7985 7920
face 4 3638 3702 -1 3759 7984 7985 3760
face 4 3638 -1 4 3694 3759 3760 3695
face 4 3638 -1 5 7919 7920 7985 7984
face 4 3639 3640 -1 3696 3761 7986 7921
face 4 3639 3703 -1 3760 7985 7986 3761
face 4 3639 -1 4 3695 3760 3761 3696
face 4 3639 -1 5 7920 7921 7986 7985
face 4 3640 3641 -1 3697 3762 7987 7922
face 4 3640 3704 -1 3761 7986 7987 3762
face 4 3640 -1 4 3696 3761 3762 3697
face 4 3640 -1 5 7921 7922 7987 7986
face 4 3641 3642 -1 3698 3763 7988 7923
face 4 3641 3705 -1 3762 7987 7988 3763
face 4 3641 -1 4 3697 3762 3763 3698
face 4 3641 -1 5 7922 7923 7988 7987
face 4 3642 3643 -1 3699 3764 7989 7924
face 4 3642 3706 -1 3763 7988 7989 3764
face 4 3642 -1 4 3698 3763 3764 3699
face 4 3642 -1 5 7923 7924 7989 7988
face 4 3643 3644 -1 3700 3765 7990 7925
face 4 3643 3707 -1 3764 7989 7990 3765
face 4 3643 -1 4 3699 3764 3765 3700
face 4 3643 -1 5 7924 7925 7990 7989
face 4 3644 3645 -1 3701 3766 7991 7926
face 4 3644 3708 -1 3765 7990 7991 3766
face 4 3644 -1 4 3700 3765 3766 3701
face 4 3644 -1 5 7925 7926 7991 7990
face 4 3645 3646 -1 3702 3767 7992 7927
face 4 3645 3709 -1 3766 7991 7992 3767
face 4 3645 -1 4 3701 3766 3767 3702
face 4 3645 -1 5 7926 7927 7992 7991
face 4 3646 3647 -1 3703 3768 7993 7928
face 4 3646 3710 -1 3767 7992 7993 3768
face 4 3646 -1 4 3702 3767 3768 3703
face 4 3646 -1 5 7927 7928 7993 7992
face 4 3647 -1 1 3704 3769 7994 7929
face 4 3647 3711 -1 3768 7993 7994 3769
face 4 3647 -1 4 3703 3768 3769 3704
face 4 3647 -1 5 7928 7929 7994 7993
face 4 3648 -1 0 3705 7930 7995 3770
face 4 3648 3649 -1 3706 3771 7996 7931
face 4 3648 3712 -1 3770 7995 7996 3771
face 4 3648 -1 4 3705 3770 3771 3706
face 4 3648 -1 5 7930 7931 7996 7995
face 4 3649 3650 -1 3707 3772 7997 7932
face 4 3649 3713 -1 3771 7996 7997 3772
face 4 3649 -1 4 3706 3771 3772 3707
face 4 3649 -1 5 7931 7932 7997 7996
face 4 3650 3651 -1 3708 3773 7998 7933
face 4 3650 3714 -1 3772 7997 7998 3773
face 4 3650 -1 4 3707 3772 3773 3708
face 4 3650 -1 5 7932 7933 7998 7997
face 4 3651 3652 -1 3709 3774 7999 7934
face 4 3651 3715 -1 3773 7998 7999 3774
face 4 3651 -1 4 3708 3773 3774 3709
face 4 3651 -1 5 7933 7934 7999 7998
face 4 3652 3653 -1 3710 3775 8000 7935
face 4 3652 3716 -1 3774 7999 8000 3775
face 4 3652 -1 4 3709 3774 3775 3710
face 4 3652 -1 5 7934 7935 8000 7999
face 4 3653 3654 -1 3711 3776 8001 7936
face 4 3653 3717 -1 3775 8000 8001 3776
face 4 3653 -1 4 3710 3775 3776 3711
face 4 3653 -1 5 7935 7936 8001 8000
face 4 3654 3655 -1 3712 3777 8002 7937
face 4 3654 3718 -1 3776 8001 8002 3777
face 4 3654 -1 4 3711 3776 3777 3712
face 4 3654 -1 5 7936 7937 8002 8001
face 4 3655 3656 -1 3713 3778 8003 7938
face 4 3655 3719 -1 3777 8002 8003 3778
face 4 3655 -1 4 3712 3777 3778 3713
face 4 3655 -1 5 7937 7938 8003 8002
face 4 3656 3657 -1 3714 3779 8004 7939
face 4 3656 3720 -1 3778 8003 8004 3779
face 4 3656 -1 4 3713 3778 3779 3714
face 4 3656 -1 5 7938 7939 8004 8003
face 4 3657 3658 -1 3715 3780 8005 7940
face 4 3657 3721 -1 3779 8004 8005 3780
face 4 3657 -1 4 3714 3779 3780 3715
face 4 3657 -1 5 7939 7940 8005 8004
face 4 3658 3659 -1 3716 3781 8006 7941
face 4 3658 3722 -1 3780 8005 8006 3781
face 4 3658 -1 4 3715 3780 3781 3716
face 4 3658 -1 5 7940 7941 8006 8005
face 4 3659 3660 -1 3717 3782 8007 7942
face 4 3659 3723 -1 3781 8006 8007 3782
face 4 3659 -1 4 3716 3781 3782 3717
face 4 3659 -1 5 7941 7942 8007 8006
face 4 3660 3661 -1 3718 3783 8008 7943
face 4 3660 3724 -1 3782 8007 8008 3783
face 4 3660 -1 4 3717 3782 3783 3718
face 4 3660 -1 5 7942 7943 8008 8007
face 4 3661 3662 -1 3719 3784 8009 7944
face 4 3661 3725 -1 3783 8008 8009 3784
face 4 3661 -1 4 3718 3783 3784 3719
face 4 3661 -1 5 7943 7944 8009 8008
face 4 3662 3663 -1 3720 3785 8010 7945
face 4 3662 3726 -1 3784 8009 8010 3785
face 4 3662 -1 4 3719 3784 3785 3720
face 4 3662 -1 5 7944 7945 8010 8009
face 4 3663 3664 -1 3721 3786 8011 7946
face 4 3663 3727 -1 3785 8010 8011 3786
face 4 3663 -1 4 3720 3785 3786 3721
face 4 3663 -1 5 7945 7946 8011 8010
face 4 3664 3665 -1 3722 3787 8012 7947
face 4 3664 3728 -1 3786 8011 8012 3787
face 4 3664 -1 4 3721 3786 3787 3722
face 4 3664 -1 5 7946 7947 8012 8011
face 4 3665 3666 -1 3723 3788 8013 7948
face 4 3665 3729 -1 3787 8012 8013 3788
face 4 3665 -1 4 3722 3787 3788 3723
face 4 3665 -1 5 7947 7948 8013 8012
face 4 3666 3667 -1 3724 3789 8014 7949
face 4 3666 3730 -1 3788 8013 8014 3789
face 4 3666 -1 4 3723 3788 3789 3724
face 4 3666 -1 5 7948 7949 8014 8013
face 4 3667 3668 -1 3725 3790 8015 7950
face 4 3667 3731 -1 3789 8014 8015 3790
face 4 3667 -1 4 3724 3789 3790 3725
face 4 3667 -1 5 7949 7950 8015 8014
face 4 3668 3669 -1 3726 3791 8016 7951
face 4 3668 3732 -1 3790 8015 8016 3791
face 4 3668 -1 4 3725 3790 3791 3726
face 4 3668 -1 5 7950 7951 8016 8015
face 4 3669 3670 -1 3727 3792 8017 7952
face 4 3669 3733 -1 3791 8016 8017 3792
face 4 3669 -1 4 3726 3791 3792 3727
face 4 3669 -1 5 7951 7952 8017 8016
face 4 3670 3671 -1 3728 3793 8018 7953
face 4 3670 3734 -1 3792 8017 8018 3793
face 4 3670 -1 4 3727 3792 3793 3728
face 4 3670 -1 5 7952 7953 8018 8017
face 4 3671 3672 -1 3729 3794 8019 7954
face 4 3671 3735 -1 3793 8018 8019 3794
face 4 3671 -1 4 3728 3793 3794 3729
face 4 3671 -1 5 7953 7954 8019 8018
face 4 3672 3673 -1 3730 3795 8020 7955
face 4 3672 3736 -1 3794 8019 8020 3795
face 4 3672 -1 4 3729 3794 3795 3730
face 4 3672 -1 5 7954 7955 8020 8019
face 4 3673 3674 -1 3731 3796 8021 7956
face 4 3673 3737 -1 3795 8020 8021 3796
face 4 3673 -1 4 3730 3795 3796 3731
face 4 3673 -1 5 7955 7956 8021 8020
face 4 3674 3675 -1 3732 3797 8022 7957
face 4 3674 3738 -1 3796 8021 8022 3797
face 4 3674 -1 4 3731 3796 3797 3732
face 4 3674 -1 5 7956 7957 8022 8021
face 4 3675 3676 -1 3733 3798 8023 7958
face 4 3675 3739 -1 3797 8022 8023 3798
face 4 3675 -1 4 3732 3797 3798 3733
face 4 3675 -1 5 7957 7958 8023 8022
face 4 3676 3677 -1 3734 3799 8024 7959
face 4 3676 3740 -1 3798 8023 8024 3799
face 4 3676 -1 4 3733 3798 3799 3734
face 4 3676 -1 5 7958 7959 8024 8023
face 4 3677 3678 -1 3735 3800 8025 7960
face 4 3677 3741 -1 3799 8024 8025 3800
face 4 3677 -1 4 3734 3799 3800 3735
face 4 3677 -1 5 7959 7960 8025 8024
face 4 3678 3679 -1 3736 3801 8026 7961
face 4 3678 3742 -1 3800 8025 8026 3801
face 4 3678 -1 4 3735 3800 3801 3736
face 4 3678 -1 5 7960 7961 8026 8025
face 4 3679 3680 -1 3737 3802 8027 7962
face 4 3679 3743 -1 3801 8026 8027 3802
face 4 3679 -1 4 3736 3801 3802 3737
face 4 3679 -1 5 7961 7962 8027 8026
face 4 3680 3681 -1 3738 3803 8028 7963
face 4 3680 3744 -1 3802 8027 8028 3803
face 4 3680 -1 4 3737 3802 3803 3738
face 4 3680 -1 5 7962 7963 8028 8027
face 4 3681 3682 -1 3739 3804 8029 7964
face 4 3681 3745 -1 3803 8028 8029 3804
face 4 3681 -1 4 3738 3803 3804 3739
face 4 3681 -1 5 7963 7964 8029 8028
face 4 3682 3683 -1 3740 3805 8030 7965
face 4 3682 3746 -1 3804 8029 8030 3805
face 4 3682 -1 4 3739 3804 3805 3740
face 4 3682 -1 5 7964 7965 8030 8029
face 4 3683 3684 -1 3741 3806 8031 7966
face 4 3683 3747 -1 3805 8030 8031 3806
face 4 3683 -1 4 3740 3805 3806 3741
face 4 3683 -1 5 7965 7966 8031 8030
face 4 3684 3685 -1 3742 3807 8032 7967
face 4 3684 3748 -1 3806 8031 8032 3807
face 4 3684 -1 4 3741 3806 3807 3742
face 4 3684 -1 5 7966 7967 8032 8031
face 4 3685 3686 -1 3743 3808 8033 7968
face 4 3685 3749 -1 3807 8032 8033 3808
face 4 3685 -1 4 3742 3807 3808 3743
face 4 3685 -1 5 7967 7968 8033 8032
face 4 3686 3687 -1 3744 3809 8034 7969
face 4 3686 3750 -1 3808 8033 8034 3809
face 4 3686 -1 4 3743 3808 3809 3744
face 4 3686 -1 5 7968 7969 8034 8033
face 4 3687 3688 -1 3745 3810 8035 7970
face 4 3687 3751 -1 3809 8034 8035 3810
face 4 3687 -1 4 3744 3809 3810 3745
face 4 3687 -1 5 7969 7970 8035 8034
face 4 3688 3689 -1 3746 3811 8036 7971
face 4 3688 3752 -1 3810 8035 8036 3811
face 4 3688 -1 4 3745 3810 3811 3746
face 4 3688 -1 5 7970 7971 8036 8035
face 4 3689 3690 -1 3747 3812 8037 7972
face 4 3689 3753 -1 3811 8036 8037 3812
face 4 3689 -1 4 3746 3811 3812 3747
face 4 3689 -1 5 7971 7972 8037 8036
face 4 3690 3691 -1 3748 3813 8038 7973
face 4 3690 3754 -1 3812 8037 8038 3813
face 4 3690 -1 4 3747 3812 3813 3748
face 4 3690 -1 5 7972 7973 8038 8037
face 4 3691 3692 -1 3749 3814 8039 7974
face 4 3691 3755 -1 3813 8038 8039 3814
face 4 3691 -1 4 3748 3813 3814 3749
face 4 3691 -1 5 7973 7974 8039 8038
face 4 3692 3693 -1 3750 3815 8040 7975
face 4 3692 3756 -1 3814 8039 8040 3815
face 4 3692 -1 4 3749 3814 3815 3750
face 4 3692 -1 5 7974 7975 8040 8039
face 4 3693 3694 -1 3751 3816 8041 7976
face 4 3693 3757 -1 3815 8040 8041 3816
face 4 3693 -1 4 3750 3815 3816 3751
face 4 3693 -1 5 7975 7976 8041 8040
face 4 3694 3695 -1 3752 3817 8042 7977
face 4 3694 3758 -1 3816 8041 8042 3817
face 4 3694 -1 4 3751 3816 3817 3752
face 4 3694 -1 5 7976 7977 8042 8041
face 4 3695 3696 -1 3753 3818 8043 7978
face 4 3695 3759 -1 3817 8042 8043 3818
face 4 3695 -1 4 3752 3817 3818 3753
face 4 3695 -1 5 7977 7978 8043 8042
face 4 3696 3697 -1 3754 3819 8044 7979
face 4 3696 3760 -1 3818 8043 8044 3819
face 4 3696 -1 4 3753 3818 3819 3754
face 4 3696 -1 5 7978 7979 8044 8043
face 4 3697 3698 -1 3755 3820 8045 7980
face 4 3697 3761 -1 3819 8044 8045 3820
face 4 3697 -1 4 3754 3819 3820 3755
face 4 3697 -1 5 7979 7980 8045 8044
face 4 3698 3699 -1 3756 3821 8046 7981
face 4 3698 3762 -1 3820 8045 8046 3821
face 4 3698 -1 4 3755 3820 3821 3756
face 4 3698 -1 5 7980 7981 8046 8045
face 4 3699 3700 -1 3757 3822 8047 7982
face 4 3699 3763 -1 3821 8046 8047 3822
face 4 3699 -1 4 3756 3821 3822 3757
face 4 3699 -1 5 7981 7982 8047 8046
face 4 3700 3701 -1 3758 3823 8048 7983
face 4 3700 3764 -1 3822 8047 8048 3823
face 4 3700 -1 4 3757 3822 3823 3758
face 4 3700 -1 5 7982 7983 8048 8047
face 4 3701 3702 -1 3759 3824 8049 7984
face 4 3701 3765 -1 3823 8048 8049 3824
face 4 3701 -1 4 3758 3823 3824 3759
face 4 3701 -1 5 7983 7984 8049 8048
face 4 3702 3703 -1 3760 3825 8050 7985
face 4 3702 3766 -1 3824 8049 8050 3825
face 4 3702 -1 4 3759 3824 3825 3760
face 4 3702 -1 5 7984 7985 8050 8049
face 4 3703 3704 -1 3761 3826 8051 7986
face 4 3703 3767 -1 3825 8050 8051 3826
face 4 3703 -1 4 3760 3825 3826 3761
face 4 3703 -1 5 7985 7986 8051 8050
face 4 3704 3705 -1 3762 3827 8052 7987
face 4 3704 3768 -1 3826 8051 8052 3827
face 4 3704 -1 4 3761 3826 3827 3762
face 4 3704 -1 5 7986 7987 8052 8051
face 4 3705 3706 -1 3763 3828 8053 7988
face 4 3705 3769 -1 3827 8052 8053 3828
face 4 3705 -1 4 3762 3827 3828 3763
face 4 3705 -1 5 7987 7988 8053 8052
face 4 3706 3707 -1 3764 3829 8054 7989
face 4 3706 3770 -1 3828 8053 8054 3829
face 4 3706 -1 4 3763 3828 3829 3764
face 4 3706 -1 5 7988 7989 8054 8053
face 4 3707 3708 -1 3765 3830 8055 7990
face 4 3707 3771 -1 3829 8054 8055 3830
face 4 3707 -1 4 3764 3829 3830 3765
face 4 3707 -1 5 7989 7990 8055 8054
face 4 3708 3709 -1 3766 3831 8056 7991
face 4 3708 3772 -1 3830 8055 8056 3831
face 4 3708 -1 4 3765 3830 3831 3766
face 4 3708 -1 5 7990 7991 8056 8055
face 4 3709 3710 -1 3767 3832 8057 7992
face 4 3709 3773 -1 3831 8056 8057 3832
face 4 3709 -1 4 3766 3831 3832 3767
face 4 3709 -1 5 7991 7992 8057 8056
face 4 3710 3711 -1 3768 3833 8058 7993
face 4 3710 3774 -1 3832 8057 8058 3833
face 4 3710 -1 4 3767 3832 3833 3768
face 4 3710 -1 5 7992 7993 8058 8057
face 4 3711 -1 1 3769 3834 8059 7994
face 4 3711 3775 -1 3833 8058 8059 3834
face 4 3711 -1 4 3768 3833 3834 3769
face 4 3711 -1 5 7993 7994 8059 8058
face 4 3712 -1 0 3770 7995 8060 3835
face 4 3712 3713 -1 3771 3836 8061 7996
face 4 3712 3776 -1 3835 8060 8061 3836
face 4 3712 -1 4 3770 3835 3836 3771
face 4 3712 -1 5 7995 7996 8061 8060
face 4 3713 3714 -1 3772 3837 8062 7997
face 4 3713 3777 -1 3836 8061 8062 3837
face 4 3713 -1 4 3771 3836 3837 3772
face 4 3713 -1 5 7996 7997 8062 8061
face 4 3714 3715 -1 3773 3838 8063 7998
face 4 3714 3778 -1 3837 8062 8063 3838
face 4 3714 -1 4 3772 3837 3838 3773
face 4 3714 -1 5 7997 7998 8063 8062
face 4 3715 3716 -1 3774 3839 8064 7999
face 4 3715 3779 -1 3838 8063 8064 3839
face 4 3715 -1 4 3773 3838 3839 3774
face 4 3715 -1 5 7998 7999 8064 8063
face 4 3716 3717 -1 3775 3840 8065 8000
face 4 3716 3780 -1 3839 8064 8065 3840
face 4 3716 -1 4 3774 3839 3840 3775
face 4 3716 -1 5 7999 8000 8065 8064
face 4 3717 3718 -1 3776 3841 8066 8001
face 4 3717 3781 -1 3840 8065 8066 3841
face 4 3717 -1 4 3775 3840 3841 3776
face 4 3717 -1 5 8000 8001 8066 8065
face 4 3718 3719 -1 3777 3842 8067 8002
face 4 3718 3782 -1 3841 8066 8067 3842
face 4 3718 -1 4 3776 3841 3842 3777
face 4 3718 -1 5 8001 8002 8067 8066
face 4 3719 3720 -1 3778 3843 8068 8003
face 4 3719 3783 -1 3842 8067 8068 3843
face 4 3719 -1 4 3777 3842 3843 3778
face 4 3719 -1 5 8002 8003 8068 8067
face 4 3720 3721 -1 3779 3844 8069 8004
face 4 3720 3784 -1 3843 8068 8069 3844
face 4 3720 -1 4 3778 3843 3844 3779
face 4 3720 -1 5 8003 8004 8069 8068
face 4 3721 3722 -1 3780 3845 8070 8005
face 4 3721 3785 -1 3844 8069 8070 3845
face 4 3721 -1 4 3779 3844 3845 3780
face 4 3721 -1 5 8004 8005 8070 8069
face 4 3722 3723 -1 3781 3846 8071 8006
face 4 3722 3786 -1 3845 8070 8071 3846
face 4 3722 -1 4 3780 3845 3846 3781
face 4 3722 -1 5 8005 8006 8071 8070
face 4 3723 3724 -1 3782 3847 8072 8007
face 4 3723 3787 -1 3846 8071 8072 3847
face 4 3723 -1 4 3781 3846 3847 3782
face 4 3723 -1 5 8006 8007 8072 8071
face 4 3724 3725 -1 3783 3848 8073 8008
face 4 3724 3788 -1 3847 8072 8073 3848
face 4 3724 -1 4 3782 3847 3848 3783
face 4 3724 -1 5 8007 8008 8073 8072
face 4 3725 3726 -1 3784 3849 8074 8009
face 4 3725 3789 -1 3848 8073 8074 3849
face 4 3725 -1 4 3783 3848 3849 3784
face 4 3725 -1 5 8008 8009 8074 8073
face 4 3726 3727 -1 3785 3850 8075 8010
face 4 3726 3790 -1 3849 8074 8075 3850
face 4 3726 -1 4 3784 3849 3850 3785
face 4 3726 -1 5 8009 8010 8075 8074
face 4 3727 3728 -1 3786 3851 8076 8011
face 4 3727 3791 -1 3850 8075 8076 3851
face 4 3727 -1 4 3785 3850 3851 3786
face 4 3727 -1 5 8010 8011 8076 8075
face 4 3728 3729 -1 3787 3852 8077 8012
face 4 3728 3792 -1 3851 8076 8077 3852
face 4 3728 -1 4 3786 3851 3852 3787
face 4 3728 -1 5 8011 8012 8077 8076
face 4 3729 3730 -1 3788 3853 8078 8013
face 4 3729 3793 -1 3852 8077 8078 3853
face 4 3729 -1 4 3787 3852 3853 3788
face 4 3729 -1 5 8012 8013 8078 8077
face 4 3730 3731 -1 3789 3854 8079 8014
face 4 3730 3794 -1 3853 8078 8079 3854
face 4 3730 -1 4 3788 3853 3854 3789
face 4 3730 -1 5 8013 8014 8079 8078
face 4 3731 3732 -1 3790 3855 8080 8015
face 4 3731 3795 -1 3854 8079 8080 3855
face 4 3731 -1 4 3789 3854 3855 3790
face 4 3731 -1 5 8014 8015 8080 8079
face 4 3732 3733 -1 3791 3856 8081 8016
face 4 3732 3796 -1 3855 8080 8081 3856
face 4 3732 -1 4 3790 3855 3856 3791
face 4 3732 -1 5 8015 8016 8081 8080
face 4 3733 3734 -1 3792 3857 8082 8017
face 4 3733 3797 -1 3856 8081 8082 3857
face 4 3733 -1 4 3791 3856 3857 3792
face 4 3733 -1 5 8016 8017 8082 8081
face 4 3734 3735 -1 3793 3858 8083 8018
face 4 3734 3798 -1 3857 8082 8083 3858
face 4 3734 -1 4 3792 3857 3858 3793
face 4 3734 -1 5 8017 8018 8083 8082
face 4 3735 3736 -1 3794 3859 8084 8019
face 4 3735 3799 -1 3858 8083 8084 3859
face 4 3735 -1 4 3793 3858 3859 3794
face 4 3735 -1 5 8018 8019 8084 8083
face 4 3736 3737 -1 3795 3860 8085 8020
face 4 3736 3800 -1 3859 8084 8085 3860
face 4 3736 -1 4 3794 3859 3860 3795
face 4 3736 -1 5 8019 8020 8085 8084
face 4 3737 3738 -1 3796 3861 8086 8021
face 4 3737 3801 -1 3860 8085 8086 3861
face 4 3737 -1 4 3795 3860 3861 3796
face 4 3737 -1 5 8020 8021 8086 8085
face 4 3738 3739 -1 3797 3862 8087 8022
face 4 3738 3802 -1 3861 8086 8087 3862
face 4 3738 -1 4 3796 3861 3862 3797
face 4 3738 -1 5 8021 8022 8087 8086
face 4 3739 3740 -1 3798 3863 8088 8023
face 4 3739 3803 -1 3862 8087 8088 3863
face 4 3739 -1 4 3797 3862 3863 3798
face 4 3739 -1 5 8022 8023 8088 8087
face 4 3740 3741 -1 3799 3864 8089 8024
face 4 3740 3804 -1 3863 8088 8089 3864
face 4 3740 -1 4 3798 3863 3864 3799
face 4 3740 -1 5 8023 8024 8089 8088
face 4 3741 3742 -1 3800 3865 8090 8025
face 4 3741 3805 -1 3864 8089 8090 3865
face 4 3741 -1 4 3799 3864 3865 3800
face 4 3741 -1 5 8024 8025 8090 8089
face 4 3742 3743 -1 3801 3866 8091 8026
face 4 3742 3806 -1 3865 8090 8091 3866
face 4 3742 -1 4 3800 3865 3866 3801
face 4 3742 -1 5 8025 8026 8091 8090
face 4 3743 3744 -1 3802 3867 8092 8027
face 4 3743 3807 -1 3866 8091 8092 3867
face 4 3743 -1 4 3801 3866 3867 3802
face 4 3743 -1 5 8026 8027 8092 8091
face 4 3744 3745 -1 3803 3868 8093 8028
face 4 3744 3808 -1 3867 8092 8093 3868
face 4 3744 -1 4 3802 3867 3868 3803
face 4 3744 -1 5 8027 8028 8093 8092
face 4 3745 3746 -1 3804 3869 8094 8029
face 4 3745 3809 -1 3868 8093 8094 3869
face 4 3745 -1 4 3803 3868 3869 3804
face 4 3745 -1 5 8028 8029 8094 8093
face 4 3746 3747 -1 3805 3870 8095 8030
face 4 3746 3810 -1 3869 8094 8095 3870
face 4 3746 -1 4 3804 3869 3870 3805
face 4 3746 -1 5 8029 8030 8095 8094
face 4 3747 3748 -1 3806 3871 8096 8031
face 4 3747 3811 -1 3870 8095 8096 3871
face 4 3747 -1 4 3805 3870 3871 3806
face 4 3747 -1 5 8030 8031 8096 8095
face 4 3748 3749 -1 3807 3872 8097 8032
face 4 3748 3812 -1 3871 8096 8097 3872
face 4 3748 -1 4 3806 3871 3872 3807
face 4 3748 -1 5 8031 8032 8097 8096
face 4 3749 3750 -1 3808 3873 8098 8033
face 4 3749 3813 -1 3872 8097 8098 3873
face 4 3749 -1 4 3807 3872 3873 3808
face 4 3749 -1 5 8032 8033 8098 8097
face 4 3750 3751 -1 3809 3874 8099 8034
face 4 3750 3814 -1 3873 8098 8099 3874
face 4 3750 -1 4 3808 3873 3874 3809
face 4 3750 -1 5 8033 8034 8099 8098
face 4 3751 3752 -1 3810 3875 8100 8035
face 4 3751 3815 -1 3874 8099 8100 3875
face 4 3751 -1 4 3809 3874 3875 3810
face 4 3751 -1 5 8034 8035 8100 8099
face 4 3752 3753 -1 3811 3876 8101 8036
face 4 3752 3816 -1 3875 8100 8101 3876
face 4 3752 -1 4 3810 3875 3876 3811
face 4 3752 -1 5 8035 8036 8101 8100
face 4 3753 3754 -1 3812 3877 8102 8037
face 4 3753 3817 -1 3876 8101 8102 3877
face 4 3753 -1 4 3811 3876 3877 3812
face 4 3753 -1 5 8036 8037 8102 8101
face 4 3754 3755 -1 3813 3878 8103 8038
face 4 3754 3818 -1 3877 8102 8103 3878
face 4 3754 -1 4 3812 3877 3878 3813
face 4 3754 -1 5 8037 8038 8103 8102
face 4 3755 3756 -1 3814 3879 8104 8039
face 4 3755 3819 -1 3878 8103 8104 3879
face 4 3755 -1 4 3813 3878 3879 3814
face 4 3755 -1 5 8038 8039 8104 8103
face 4 3756 3757 -1 3815 3880 8105 8040
face 4 3756 3820 -1 3879 8104 8105 3880
face 4 3756 -1 4 3814 3879 3880 3815
face 4 3756 -1 5 8039 8040 8105 8104
face 4 3757 3758 -1 3816 3881 8106 8041
face 4 3757 3821 -1 3880 8105 8106 3881
face 4 3757 -1 4 3815 3880 3881 3816
face 4 3757 -1 5 8040 8041 8106 8105
face 4 3758 3759 -1 3817 3882 8107 8042
face 4 3758 3822 -1 3881 8106 8107 3882
face 4 3758 -1 4 3816 3881 3882 3817
face 4 3758 -1 5 8041 8042 8107 8106
face 4 3759 3760 -1 3818 3883 8108 8043
face 4 3759 3823 -1 3882 8107 8108 3883
face 4 3759 -1 4 3817 3882 3883 3818
face 4 3759 -1 5 8042 8043 8108 8107
face 4 3760 3761 -1 3819 3884 8109 8044
face 4 3760 3824 -1 3883 8108 8109 3884
face 4 3760 -1 4 3818 3883 3884 3819
face 4 3760 -1 5 8043 8044 8109 8108
face 4 3761 3762 -1 3820 3885 8110 8045
face 4 3761 3825 -1 3884 8109 8110 3885
face 4 3761 -1 4 3819 3884 3885 3820
face 4 3761 -1 5 8044 8045 8110 8109
face 4 3762 3763 -1 3821 3886 8111 8046
face 4 3762 3826 -1 3885 8110 8111 3886
face 4 3762 -1 4 3820 3885 3886 3821
face 4 3762 -1 5 8045 8046 8111 8110
face 4 3763 3764 -1 3822 3887 8112 8047
face 4 3763 3827 -1 3886 8111 8112 3887
face 4 3763 -1 4 3821 3886 3887 3822
face 4 3763 -1 5 8046 8047 8112 8111
face 4 3764 3765 -1 3823 3888 8113 8048
face 4 3764 3828 -1 3887 8112 8113 3888
face 4 3764 -1 4 3822 3887 3888 3823
face 4 3764 -1 5 8047 8048 8113 8112
face 4 3765 3766 -1 3824 3889 8114 8049
face 4 3765 3829 -1 3888 8113 8114 3889
face 4 3765 -1 4 3823 3888 3889 3824
face 4 3765 -1 5 8048 8049 8114 8113
face 4 3766 3767 -1 3825 3890 8115 8050
face 4 3766 3830 -1 3889 8114 8115 3890
face 4 3766 -1 4 3824 3889 3890 3825
face 4 3766 -1 5 8049 8050 8115 8114
face 4 3767 3768 -1 3826 3891 8116 8051
face 4 3767 3831 -1 3890 8115 8116 3891
face 4 3767 -1 4 3825 3890 3891 3826
face 4 3767 -1 5 8050 8051 8116 8115
face 4 3768 3769 -1 3827 3892 8117 8052
face 4 3768 3832 -1 3891 8116 8117 3892
face 4 3768 -1 4 3826 3891 3892 3827
face 4 3768 -1 5 8051 8052 8117 8116
face 4 3769 3770 -1 3828 3893 8118 8053
face 4 3769 3833 -1 3892 8117 8118 3893
face 4 3769 -1 4 3827 3892 3893 3828
face 4 3769 -1 5 8052 8053 8118 8117
face 4 3770 3771 -1 3829 3894 8119 8054
face 4 3770 3834 -1 3893 8118 8119 3894
face 4 3770 -1 4 3828 3893 3894 3829
face 4 3770 -1 5 8053 8054 8119 8118
face 4 3771 3772 -1 3830 3895 8120 8055
face 4 3771 3835 -1 3894 8119 8120 3895
face 4 3771 -1 4 3829 3894 3895 3830
face 4 3771 -1 5 8054 8055 8120 8119
face 4 3772 3773 -1 3831 3896 8121 8056
face 4 3772 3836 -1 3895 8120 8121 3896
face 4 3772 -1 4 3830 3895 3896 3831
face 4 3772 -1 5 8055 8056 8121 8120
face 4 3773 3774 -1 3832 3897 8122 8057
face 4 3773 3837 -1 3896 8121 8122 3897
face 4 3773 -1 4 3831 3896 3897 3832
face 4 3773 -1 5 8056 8057 8122 8121
face 4 3774 3775 -1 3833 3898 8123 8058
face 4 3774 3838 -1 3897 8122 8123 3898
face 4 3774 -1 4 3832 3897 3898 3833
face 4 3774 -1 5 8057 8058 8123 8122
face 4 3775 -1 1 3834 3899 8124 8059
face 4 3775 3839 -1 3898 8123 8124 3899
face 4 3775 -1 4 3833 3898 3899 3834
face 4 3775 -1 5 8058 8059 8124 8123
face 4 3776 -1 0 3835 8060 8125 3900
face 4 3776 3777 -1 3836 3901 8126 8061
face 4 3776 3840 -1 3900 8125 8126 3901
face 4 3776 -1 4 3835 3900 3901 3836
face 4 3776 -1 5 8060 8061 8126 8125
face 4 3777 3778 -1 3837 3902 8127 8062
face 4 3777 3841 -1 3901 8126 8127 3902
face 4 3777 -1 4 3836 3901 3902 3837
face 4 3777 -1 5 8061 8062 8127 8126
face 4 3778 3779 -1 3838 3903 8128 8063
face 4 3778 3842 -1 3902 8127 8128 3903
face 4 3778 -1 4 3837 3902 3903 3838
face 4 3778 -1 5 8062 8063 8128 8127
face 4 3779 3780 -1 3839 3904 8129 8064
face 4 3779 3843 -1 3903 8128 8129 3904
face 4 3779 -1 4 3838 3903 3904 3839
face 4 3779 -1 5 8063 8064 8129 8128
face 4 3780 3781 -1 3840 3905 8130 8065
face 4 3780 3844 -1 3904 8129 8130 3905
face 4 3780 -1 4 3839 3904 3905 3840
face 4 3780 -1 5 8064 8065 8130 8129
face 4 3781 3782 -1 3841 3906 8131 8066
face 4 3781 3845 -1 3905 8130 8131 3906
face 4 3781 -1 4 3840 3905 3906 3841
face 4 3781 -1 5 8065 8066 8131 8130
face 4 3782 3783 -1 3842 3907 8132 8067
face 4 3782 3846 -1 3906 8131 8132 3907
face 4 3782 -1 4 3841 3906 3907 3842
face 4 3782 -1 5 8066 8067 8132 8131
face 4 3783 3784 -1 3843 3908 8133 8068
face 4 3783 3847 -1 3907 8132 8133 3908
face 4 3783 -1 4 3842 3907 3908 3843
face 4 3783 -1 5 8067 8068 8133 8132
face 4 3784 3785 -1 3844 3909 8134 8069
face 4 3784 3848 -1 3908 8133 8134 3909
face 4 3784 -1 4 3843 3908 3909 3844
face 4 3784 -1 5 8068 8069 8134 8133
face 4 3785 3786 -1 3845 3910 8135 8070
face 4 3785 3849 -1 3909 8134 8135 3910
face 4 3785 -1 4 3844 3909 3910 3845
face 4 3785 -1 5 8069 8070 8135 8134
face 4 3786 3787 -1 3846 3911 8136 8071
face 4 3786 3850 -1 3910 8135 8136 3911
face 4 3786 -1 4 3845 3910 3911 3846
face 4 3786 -1 5 8070 8071 8136 8135
face 4 3787 3788 -1 3847 3912 8137 8072
face 4 3787 3851 -1 3911 8136 8137 3912
face 4 3787 -1 4 3846 3911 3912 3847
face 4 3787 -1 5 8071 8072 8137 8136
face 4 3788 3789 -1 3848 3913 8138 8073
face 4 3788 3852 -1 3912 8137 8138 3913
face 4 3788 -1 4 3847 3912 3913 3848
face 4 3788 -1 5 8072 8073 8138 8137
face 4 3789 3790 -1 3849 3914 8139 8074
face 4 3789 3853 -1 3913 8138 8139 3914
face 4 3789 -1 4 3848 3913 3914 3849
face 4 3789 -1 5 8073 8074 8139 8138
face 4 3790 3791 -1 3850 3915 8140 8075
face 4 3790 3854 -1 3914 8139 8140 3915
face 4 3790 -1 4 3849 3914 3915 3850
face 4 3790 -1 5 8074 8075 8140 8139
face 4 3791 3792 -1 3851 3916 8141 8076
face 4 3791 3855 -1 3915 8140 8141 3916
face 4 3791 -1 4 3850 3915 3916 3851
face 4 3791 -1 5 8075 8076 8141 8140
face 4 3792 3793 -1 3852 3917 8142 8077
face 4 3792 3856 -1 3916 8141 8142 3917
face 4 3792 -1 4 3851 3916 3917 3852
face 4 3792 -1 5 8076 8077 8142 8141
face 4 3793 3794 -1 3853 3918 8143 8078
face 4 3793 3857 -1 3917 8142 8143 3918
face 4 3793 -1 4 3852 3917 3918 3853
face 4 3793 -1 5 8077 8078 8143 8142
face 4 3794 3795 -1 3854 3919 8144 8079
face 4 3794 3858 -1 3918 8143 8144 3919
face 4 3794 -1 4 3853 3918 3919 3854
face 4 3794 -1 5 8078 8079 8144 8143
face 4 3795 3796 -1 3855 3920 8145 8080
face 4 3795 3859 -1 3919 8144 8145 3920
face 4 3795 -1 4 3854 3919 3920 3855
face 4 3795 -1 5 8079 8080 8145 8144
face 4 3796 3797 -1 3856 3921 8146 8081
face 4 3796 3860 -1 3920 8145 8146 3921
face 4 3796 -1 4 3855 3920 3921 3856
face 4 3796 -1 5 8080 8081 8146 8145
face 4 3797 3798 -1 3857 3922 8147 8082
face 4 3797 3861 -1 3921 8146 8147 3922
face 4 3797 -1 4 3856 3921 3922 3857
face 4 3797 -1 5 8081 8082 8147 8146
face 4 3798 3799 -1 3858 3923 8148 8083
face 4 3798 3862 -1 3922 8147 8148 3923
face 4 3798 -1 4 3857 3922 3923 3858
face 4 3798 -1 5 8082 8083 8148 8147
face 4 3799 3800 -1 3859 3924 8149 8084
face 4 3799 3863 -1 3923 8148 8149 3924
face 4 3799 -1 4 3858 3923 3924 3859
face 4 3799 -1 5 8083 8084 8149 8148
face 4 3800 3801 -1 3860 3925 8150 8085
face 4 3800 3864 -1 3924 8149 8150 3925
face 4 3800 -1 4 3859 3924 3925 3860
face 4 3800 -1 5 8084 8085 8150 8149
face 4 3801 3802 -1 3861 3926 8151 8086
face 4 3801 3865 -1 3925 8150 8151 3926
face 4 3801 -1 4 3860 3925 3926 3861
face 4 3801 -1 5 8085 8086 8151 8150
face 4 3802 3803 -1 3862 3927 8152 8087
face 4 3802 3866 -1 3926 8151 8152 3927
face 4 3802 -1 4 3861 3926 3927 3862
face 4 3802 -1 5 8086 8087 8152 8151
face 4 3803 3804 -1 3863 3928 8153 8088
face 4 3803 3867 -1 3927 8152 8153 3928
face 4 3803 -1 4 3862 3927 3928 3863
face 4 3803 -1 5 8087 8088 8153 8152
face 4 3804 3805 -1 3864 3929 8154 8089
face 4 3804 3868 -1 3928 8153 8154 3929
face 4 3804 -1 4 3863 3928 3929 3864
face 4 3804 -1 5 8088 8089 8154 8153
face 4 3805 3806 -1 3865 3930 8155 8090
face 4 3805 3869 -1 3929 8154 8155 3930
face 4 3805 -1 4 3864 3929 3930 3865
face 4 3805 -1 5 8089 8090 8155 8154
face 4 3806 3807 -1 3866 3931 8156 8091
face 4 3806 3870 -1 3930 8155 8156 3931
face 4 3806 -1 4 3865 3930 3931 3866
face 4 3806 -1 5 8090 8091 8156 8155
face 4 3807 3808 -1 3867 3932 8157 8092
face 4 3807 3871 -1 3931 8156 8157 3932
face 4 3807 -1 4 3866 3931 3932 3867
face 4 3807 -1 5 8091 8092 8157 8156
face 4 3808 3809 -1 3868 3933 8158 8093
face 4 3808 3872 -1 3932 8157 8158 3933
face 4 3808 -1 4 3867 3932 3933 3868
face 4 3808 -1 5 8092 8093 8158 8157
face 4 3809 3810 -1 3869 3934 8159 8094
face 4 3809 3873 -1 3933 8158 8159 3934
face 4 3809 -1 4 3868 3933 3934 3869
face 4 3809 -1 5 8093 8094 8159 8158
face 4 3810 3811 -1 3870 3935 8160 8095
face 4 3810 3874 -1 3934 8159 8160 3935
face 4 3810 -1 4 3869 3934 3935 3870
face 4 3810 -1 5 8094 8095 8160 8159
face 4 3811 3812 -1 3871 3936 8161 8096
face 4 3811 3875 -1 3935 8160 8161 3936
face 4 3811 -1 4 3870 3935 3936 3871
face 4 3811 -1 5 8095 8096 8161 8160
face 4 3812 3813 -1 3872 3937 8162 8097
face 4 3812 3876 -1 3936 8161 8162 3937
face 4 3812 -1 4 3871 3936 3937 3872
face 4 3812 -1 5 8096 8097 8162 8161
face 4 3813 3814 -1 3873 3938 8163 8098
face 4 3813 3877 -1 3937 8162 8163 3938
face 4 3813 -1 4 3872 3937 3938 3873
face 4 3813 -1 5 8097 8098 8163 8162
face 4 3814 3815 -1 3874 3939 8164 8099
face 4 3814 3878 -1 3938 8163 8164 3939
face 4 3814 -1 4 3873 3938 3939 3874
face 4 3814 -1 5 8098 8099 8164 8163
face 4 3815 3816 -1 3875 3940 8165 8100
face 4 3815 3879 -1 3939 8164 8165 3940
face 4 3815 -1 4 3874 3939 3940 3875
face 4 3815 -1 5 8099 8100 8165 8164
face 4 3816 3817 -1 3876 3941 8166 8101
face 4 3816 3880 -1 3940 8165 8166 3941
face 4 3816 -1 4 3875 3940 3941 3876
face 4 3816 -1 5 8100 8101 8166 8165
face 4 3817 3818 -1 3877 3942 8167 8102
face 4 3817 3881 -1 3941 8166 8167 3942
face 4 3817 -1 4 3876 3941 3942 3877
face 4 3817 -1 5 8101 8102 8167 8166
face 4 3818 3819 -1 3878 3943 8168 8103
face 4 3818 3882 -1 3942 8167 8168 3943
face 4 3818 -1 4 3877 3942 3943 3878
face 4 3818 -1 5 8102 8103 8168 8167
face 4 3819 3820 -1 3879 3944 8169 8104
face 4 3819 3883 -1 3943 8168 8169 3944
face 4 3819 -1 4 3878 3943 3944 3879
face 4 3819 -1 5 8103 8104 8169 8168
face 4 3820 3821 -1 3880 3945 8170 8105
face 4 3820 3884 -1 3944 8169 8170 3945
face 4 3820 -1 4 3879 3944 3945 3880
face 4 3820 -1 5 8104 8105 8170 8169
face 4 3821 3822 -1 3881 3946 8171 8106
face 4 3821 3885 -1 3945 8170 8171 3946
face 4 3821 -1 4 3880 3945 3946 3881
face 4 3821 -1 5 8105 8106 8171 8170
face 4 3822 3823 -1 3882 3947 8172 8107
face 4 3822 3886 -1 3946 8171 8172 3947
face 4 3822 -1 4 3881 3946 3947 3882
face 4 3822 -1 5 8106 8107 8172 8171
face 4 3823 3824 -1 3883 3948 8173 8108
face 4 3823 3887 -1 3947 8172 8173 3948
face 4 3823 -1 4 3882 3947 3948 3883
face 4 3823 -1 5 8107 8108 8173 8172
face 4 3824 3825 -1 3884 3949 8174 8109
face 4 3824 3888 -1 3948 8173 8174 3949
face 4 3824 -1 4 3883 3948 3949 3884
face 4 3824 -1 5 8108 8109 8174 8173
face 4 3825 3826 -1 3885 3950 8175 8110
face 4 3825 3889 -1 3949 8174 8175 3950
face 4 3825 -1 4 3884 3949 3950 3885
face 4 3825 -1 5 8109 8110 8175 8174
face 4 3826 3827 -1 3886 3951 8176 8111
face 4 3826 3890 -1 3950 8175 8176 3951
face 4 3826 -1 4 3885 3950 3951 3886
face 4 3826 -1 5 8110 8111 8176 8175
face 4 3827 3828 -1 3887 3952 8177 8112
face 4 3827 3891 -1 3951 8176 8177 3952
face 4 3827 -1 4 3886 3951 3952 3887
face 4 3827 -1 5 8111 8112 8177 8176
face 4 3828 3829 -1 3888 3953 8178 8113
face 4 3828 3892 -1 3952 8177 8178 3953
face 4 3828 -1 4 3887 3952 3953 3888
face 4 3828 -1 5 8112 8113 8178 8177
face 4 3829 3830 -1 3889 3954 8179 8114
face 4 3829 3893 -1 3953 8178 8179 3954
face 4 3829 -1 4 3888 3953 3954 3889
face 4 3829 -1 5 8113 8114 8179 8178
face 4 3830 3831 -1 3890 3955 8180 8115
face 4 3830 3894 -1 3954 8179 8180 3955
face 4 3830 -1 4 3889 3954 3955 3890
face 4 3830 -1 5 8114 8115 8180 8179
face 4 3831 3832 -1 3891 3956 8181 8116
face 4 3831 3895 -1 3955 8180 8181 3956
face 4 3831 -1 4 3890 3955 3956 3891
face 4 3831 -1 5 8115 8116 8181 8180
face 4 3832 3833 -1 3892 3957 8182 8117
face 4 3832 3896 -1 3956 8181 8182 3957
face 4 3832 -1 4 3891 3956 3957 3892
face 4 3832 -1 5 8116 8117 8182 8181
face 4 3833 3834 -1 3893 3958 8183 8118
face 4 3833 3897 -1 3957 8182 8183 3958
face 4 3833 -1 4 3892 3957 3958 3893
face 4 3833 -1 5 8117 8118 8183 8182
face 4 3834 3835 -1 3894 3959 8184 8119
face 4 3834 3898 -1 3958 8183 8184 3959
face 4 3834 -1 4 3893 3958 3959 3894
face 4 3834 -1 5 8118 8119 8184 8183
face 4 3835 3836 -1 3895 3960 8185 8120
face 4 3835 3899 -1 3959 8184 8185 3960
face 4 3835 -1 4 3894 3959 3960 3895
face 4 3835 -1 5 8119 8120 8185 8184
face 4 3836 3837 -1 3896 3961 8186 8121
face 4 3836 3900 -1 3960 8185 8186 3961
face 4 3836 -1 4 3895 3960 3961 3896
face 4 3836 -1 5 8120 8121 8186 8185
face 4 3837 3838 -1 3897 3962 8187 8122
face 4 3837 3901 -1 3961 8186 8187 3962
face 4 3837 -1 4 3896 3961 3962 3897
face 4 3837 -1 5 8121 8122 8187 8186
face 4 3838 3839 -1 3898 3963 8188 8123
face 4 3838 3902 -1 3962 8187 8188 3963
face 4 3838 -1 4 3897 3962 3963 3898
face 4 3838 -1 5 8122 8123 8188 8187
face 4 3839 -1 1 3899 3964 8189 8124
face 4 3839 3903 -1 3963 8188 8189 3964
face 4 3839 -1 4 3898 3963 3964 3899
face 4 3839 -1 5 8123 8124 8189 8188
face 4 3840 -1 0 3900 8125 8190 3965
face 4 3840 3841 -1 3901 3966 8191 8126
face 4 3840 3904 -1 3965 8190 8191 3966
face 4 3840 -1 4 3900 3965 3966 3901
face 4 3840 -1 5 8125 8126 8191 8190
face 4 3841 3842 -1 3902 3967 8192 8127
face 4 3841 3905 -1 3966 8191 8192 3967
face 4 3841 -1 4 3901 3966 3967 3902
face 4 3841 -1 5 8126 8127 8192 8191
face 4 3842 3843 -1 3903 3968 8193 8128
face 4 3842 3906 -1 3967 8192 8193 3968
face 4 3842 -1 4 3902 3967 3968 3903
face 4 3842 -1 5 8127 8128 8193 8192
face 4 3843 3844 -1 3904 3969 8194 8129
face 4 3843 3907 -1 3968 8193 8194 3969
face 4 3843 -1 4 3903 3968 3969 3904
face 4 3843 -1 5 8128 8129 8194 8193
face 4 3844 3845 -1 3905 3970 8195 8130
face 4 3844 3908 -1 3969 8194 8195 3970
face 4 3844 -1 4 3904 3969 3970 3905
face 4 3844 -1 5 8129 8130 8195 8194
face 4 3845 3846 -1 3906 3971 8196 8131
face 4 3845 3909 -1 3970 8195 8196 3971
face 4 3845 -1 4 3905 3970 3971 3906
face 4 3845 -1 5 8130 8131 8196 8195
face 4 3846 3847 -1 3907 3972 8197 8132
face 4 3846 3910 -1 3971 8196 8197 3972
face 4 3846 -1 4 3906 3971 3972 3907
face 4 3846 -1 5 8131 8132 8197 8196
face 4 3847 3848 -1 3908 3973 8198 8133
face 4 3847 3911 -1 3972 8197 8198 3973
face 4 3847 -1 4 3907 3972 3973 3908
face 4 3847 -1 5 8132 8133 8198 8197
face 4 3848 3849 -1 3909 3974 8199 8134
face 4 3848 3912 -1 3973 8198 8199 3974
face 4 3848 -1 4 3908 3973 3974 3909
face 4 3848 -1 5 8133 8134 8199 8198
face 4 3849 3850 -1 3910 3975 8200 8135
face 4 3849 3913 -1 3974 8199 8200 3975
face 4 3849 -1 4 3909 3974 3975 3910
face 4 3849 -1 5 8134 8135 8200 8199
face 4 3850 3851 -1 3911 3976 8201 8136
face 4 3850 3914 -1 3975 8200 8201 3976
face 4 3850 -1 4 3910 3975 3976 3911
face 4 3850 -1 5 8135 8136 8201 8200
face 4 3851 3852 -1 3912 3977 8202 8137
face 4 3851 3915 -1 3976 8201 8202 3977
face 4 3851 -1 4 3911 3976 3977 3912
face 4 3851 -1 5 8136 8137 8202 8201
face 4 3852 3853 -1 3913 3978 8203 8138
face 4 3852 3916 -1 3977 8202 8203 3978
face 4 3852 -1 4 3912 3977 3978 3913
face 4 3852 -1 5 8137 8138 8203 8202
face 4 3853 3854 -1 3914 3979 8204 8139
face 4 3853 3917 -1 3978 8203 8204 3979
face 4 3853 -1 4 3913 3978 3979 3914
face 4 3853 -1 5 8138 8139 8204 8203
face 4 3854 3855 -1 3915 3980 8205 8140
face 4 3854 3918 -1 3979 8204 8205 3980
face 4 3854 -1 4 3914 3979 3980 3915
face 4 3854 -1 5 8139 8140 8205 8204
face 4 3855 3856 -1 3916 3981 8206 8141
face 4 3855 3919 -1 3980 8205 8206 3981
face 4 3855 -1 4 3915 3980 3981 3916
face 4 3855 -1 5 8140 8141 8206 8205
face 4 3856 3857 -1 3917 3982 8207 8142
face 4 3856 3920 -1 3981 8206 8207 3982
face 4 3856 -1 4 3916 3981 3982 3917
face 4 3856 -1 5 8141 8142 8207 8206
face 4 3857 3858 -1 3918 3983 8208 8143
face 4 3857 3921 -1 3982 8207 8208 3983
face 4 3857 -1 4 3917 3982 3983 3918
face 4 3857 -1 5 8142 8143 8208 8207
face 4 3858 3859 -1 3919 3984 8209 8144
face 4 3858 3922 -1 3983 8208 8209 3984
face 4 3858 -1 4 3918 3983 3984 3919
face 4 3858 -1 5 8143 8144 8209 8208
face 4 3859 3860 -1 3920 3985 8210 8145
face 4 3859 3923 -1 3984 8209 8210 3985
face 4 3859 -1 4 3919 3984 3985 3920
face 4 3859 -1 5 8144 8145 8210 8209
face 4 3860 3861 -1 3921 3986 8211 8146
face 4 3860 3924 -1 3985 8210 8211 3986
face 4 3860 -1 4 3920 3985 3986 3921
face 4 3860 -1 5 8145 8146 8211 8210
face 4 3861 3862 -1 3922 3987 8212 8147
face 4 3861 3925 -1 3986 8211 8212 3987
face 4 3861 -1 4 3921 3986 3987 3922
face 4 3861 -1 5 8146 8147 8212 8211
face 4 3862 3863 -1 3923 3988 8213 8148
face 4 3862 3926 -1 3987 8212 8213 3988
face 4 3862 -1 4 3922 3987 3988 3923
face 4 3862 -1 5 8147 8148 8213 8212
face 4 3863 3864 -1 3924 3989 8214 8149
face 4 3863 3927 -1 3988 8213 8214 3989
face 4 3863 -1 4 3923 3988 3989 3924
face 4 3863 -1 5 8148 8149 8214 8213
face 4 3864 3865 -1 3925 3990 8215 8150
face 4 3864 3928 -1 3989 8214 8215 3990
face 4 3864 -1 4 3924 3989 3990 3925
face 4 3864 -1 5 8149 8150 8215 8214
face 4 3865 3866 -1 3926 3991 8216 8151
face 4 3865 3929 -1 3990 8215 8216 3991
face 4 3865 -1 4 3925 3990 3991 3926
face 4 3865 -1 5 8150 8151 8216 8215
face 4 3866 3867 -1 3927 3992 8217 8152
face 4 3866 3930 -1 3991 8216 8217 3992
face 4 3866 -1 4 3926 3991 3992 3927
face 4 3866 -1 5 8151 8152 8217 8216
face 4 3867 3868 -1 3928 3993 8218 8153
face 4 3867 3931 -1 3992 8217 8218 3993
face 4 3867 -1 4 3927 3992 3993 3928
face 4 3867 -1 5 8152 8153 8218 8217
face 4 3868 3869 -1 3929 3994 8219 8154
face 4 3868 3932 -1 3993 8218 8219 3994
face 4 3868 -1 4 3928 3993 3994 3929
face 4 3868 -1 5 8153 8154 8219 8218
face 4 3869 3870 -1 3930 3995 8220 8155
face 4 3869 3933 -1 3994 8219 8220 3995
face 4 3869 -1 4 3929 3994 3995 3930
face 4 3869 -1 5 8154 8155 8220 8219
face 4 3870 3871 -1 3931 3996 8221 8156
face 4 3870 3934 -1 3995 8220 8221 3996
face 4 3870 -1 4 3930 3995 3996 3931
face 4 3870 -1 5 8155 8156 8221 8220
face 4 3871 3872 -1 3932 3997 8222 8157
face 4 3871 3935 -1 3996 8221 8222 3997
face 4 3871 -1 4 3931 3996 3997 3932
face 4 3871 -1 5 8156 8157 8222 8221
face 4 3872 3873 -1 3933 3998 8223 8158
face 4 3872 3936 -1 3997 8222 8223 3998
face 4 3872 -1 4 3932 3997 3998 3933
face 4 3872 -1 5 8157 8158 8223 8222
face 4 3873 3874 -1 3934 3999 8224 8159
face 4 3873 3937 -1 3998 8223 8224 3999
face 4 3873 -1 4 3933 3998 3999 3934
face 4 3873 -1 5 8158 8159 8224 8223
face 4 3874 3875 -1 3935 4000 8225 8160
face 4 3874 3938 -1 3999 8224 8225 4000
face 4 3874 -1 4 3934 3999 4000 3935
face 4 3874 -1 5 8159 8160 8225 8224
face 4 3875 3876 -1 3936 4001 8226 8161
face 4 3875 3939 -1 4000 8225 8226 4001
face 4 3875 -1 4 3935 4000 4001 3936
face 4 3875 -1 5 8160 8161 8226 8225
face 4 3876 3877 -1 3937 4002 8227 8162
face 4 3876 3940 -1 4001 8226 8227 4002
face 4 3876 -1 4 3936 4001 4002 3937
face 4 3876 -1 5 8161 8162 8227 8226
face 4 3877 3878 -1 3938 4003 8228 8163
face 4 3877 3941 -1 4002 8227 8228 4003
face 4 3877 -1 4 3937 4002 4003 3938
face 4 3877 -1 5 8162 8163 8228 8227
face 4 3878 3879 -1 3939 4004 8229 8164
face 4 3878 3942 -1 4003 8228 8229 4004
face 4 3878 -1 4 3938 4003 4004 3939
face 4 3878 -1 5 8163 8164 8229 8228
face 4 3879 3880 -1 3940 4005 8230 8165
face 4 3879 3943 -1 4004 8229 8230 4005
face 4 3879 -1 4 3939 4004 4005 3940
face 4 3879 -1 5 8164 8165 8230 8229
face 4 3880 3881 -1 3941 4006 8231 8166
face 4 3880 3944 -1 4005 8230 8231 4006
face 4 3880 -1 4 3940 4005 4006 3941
face 4 3880 -1 5 8165 8166 8231 8230
face 4 3881 3882 -1 3942 4007 8232 8167
face 4 3881 3945 -1 4006 8231 8232 4007
face 4 3881 -1 4 3941 4006 4007 3942
face 4 3881 -1 5 8166 8167 8232 8231
face 4 3882 3883 -1 3943 4008 8233 8168
face 4 3882 3946 -1 4007 8232 8233 4008
face 4 3882 -1 4 3942 4007 4008 3943
face 4 3882 -1 5 8167 8168 8233 8232
face 4 3883 3884 -1 3944 4009 8234 8169
face 4 3883 3947 -1 4008 8233 8234 4009
face 4 3883 -1 4 3943 4008 4009 3944
face 4 3883 -1 5 8168 8169 8234 8233
face 4 3884 3885 -1 3945 4010 8235 8170
face 4 3884 3948 -1 4009 8234 8235 4010
face 4 3884 -1 4 3944 4009 4010 3945
face 4 3884 -1 5 8169 8170 8235 8234
face 4 3885 3886 -1 3946 4011 8236 8171
face 4 3885 3949 -1 4010 8235 8236 4011
face 4 3885 -1 4 3945 4010 4011 3946
face 4 3885 -1 5 8170 8171 8236 8235
face 4 3886 3887 -1 3947 4012 8237 8172
face 4 3886 3950 -1 4011 8236 8237 4012
face 4 3886 -1 4 3946 4011 4012 3947
face 4 3886 -1 5 8171 8172 8237 8236
face 4 3887 3888 -1 3948 4013 8238 8173
face 4 3887 3951 -1 4012 8237 8238 4013
face 4 3887 -1 4 3947 4012 4013 3948
face 4 3887 -1 5 8172 8173 8238 8237
face 4 3888 3889 -1 3949 4014 8239 8174
face 4 3888 3952 -1 4013 8238 8239 4014
face 4 3888 -1 4 3948 4013 4014 3949
face 4 3888 -1 5 8173 8174 8239 8238
face 4 3889 3890 -1 3950 4015 8240 8175
face 4 3889 3953 -1 4014 8239 8240 4015
face 4 3889 -1 4 3949 4014 4015 3950
face 4 3889 -1 5 8174 8175 8240 8239
face 4 3890 3891 -1 3951 4016 8241 8176
face 4 3890 3954 -1 4015 8240 8241 4016
face 4 3890 -1 4 3950 4015 4016 3951
face 4 3890 -1 5 8175 8176 8241 8240
face 4 3891 3892 -1 3952 4017 8242 8177
face 4 3891 3955 -1 4016 8241 8242 4017
face 4 3891 -1 4 3951 4016 4017 3952
face 4 3891 -1 5 8176 8177 8242 8241
face 4 3892 3893 -1 3953 4018 8243 8178
face 4 3892 3956 -1 4017 8242 8243 4018
face 4 3892 -1 4 3952 4017 4018 3953
face 4 3892 -1 5 8177 8178 8243 8242
face 4 3893 3894 -1 3954 4019 8244 8179
face 4 3893 3957 -1 4018 8243 8244 4019
face 4 3893 -1 4 3953 4018 4019 3954
face 4 3893 -1 5 8178 8179 8244 8243
face 4 3894 3895 -1 3955 4020 8245 8180
face 4 3894 3958 -1 4019 8244 8245 4020
face 4 3894 -1 4 3954 4019 4020 3955
face 4 3894 -1 5 8179 8180 8245 8244
face 4 3895 3896 -1 3956 4021 8246 8181
face 4 3895 3959 -1 4020 8245 8246 4021
face 4 3895 -1 4 3955 4020 4021 3956
face 4 3895 -1 5 8180 8181 8246 8245
face 4 3896 3897 -1 3957 4022 8247 8182
face 4 3896 3960 -1 4021 8246 8247 4022
face 4 3896 -1 4 3956 4021 4022 3957
face 4 3896 -1 5 8181 8182 8247 8246
face 4 3897 3898 -1 3958 4023 8248 8183
face 4 3897 3961 -1 4022 8247 8248 4023
face 4 3897 -1 4 3957 4022 4023 3958
face 4 3897 -1 5 8182 8183 8248 8247
face 4 3898 3899 -1 3959 4024 8249 8184
face 4 3898 3962 -1 4023 8248 8249 4024
face 4 3898 -1 4 3958 4023 4024 3959
face 4 3898 -1 5 8183 8184 8249 8248
face 4 3899 3900 -1 3960 4025 8250 8185
face 4 3899 3963 -1 4024 8249 8250 4025
face 4 3899 -1 4 3959 4024 4025 3960
face 4 3899 -1 5 8184 8185 8250 8249
face 4 3900 3901 -1 3961 4026 8251 8186
face 4 3900 3964 -1 4025 8250 8251 4026
face 4 3900 -1 4 3960 4025 4026 3961
face 4 3900 -1 5 8185 8186 8251 8250
face 4 3901 3902 -1 3962 4027 8252 8187
face 4 3901 3965 -1 4026 8251 8252 4027
face 4 3901 -1 4 3961 4026 4027 3962
face 4 3901 -1 5 8186 8187 8252 8251
face 4 3902 3903 -1 3963 4028 8253 8188
face 4 3902 3966 -1 4027 8252 8253 4028
face 4 3902 -1 4 3962 4027 4028 3963
face 4 3902 -1 5 8187 8188 8253 8252
face 4 3903 -1 1 3964 4029 8254 8189
face 4 3903 3967 -1 4028 8253 8254 4029
face 4 3903 -1 4 3963 4028 4029 3964
face 4 3903 -1 5 8188 8189 8254 8253
face 4 3904 -1 0 3965 8190 8255 4030
face 4 3904 3905 -1 3966 4031 8256 8191
face 4 3904 3968 -1 4030 8255 8256 4031
face 4 3904 -1 4 3965 4030 4031 3966
face 4 3904 -1 5 8190 8191 8256 8255
face 4 3905 3906 -1 3967 4032 8257 8192
face 4 3905 3969 -1 4031 8256 8257 4032
face 4 3905 -1 4 3966 4031 4032 3967
face 4 3905 -1 5 8191 8192 8257 8256
face 4 3906 3907 -1 3968 4033 8258 8193
face 4 3906 3970 -1 4032 8257 8258 4033
face 4 3906 -1 4 3967 4032 4033 3968
face 4 3906 -1 5 8192 8193 8258 8257
face 4 3907 3908 -1 3969 4034 8259 8194
face 4 3907 3971 -1 4033 8258 8259 4034
face 4 3907 -1 4 3968 4033 4034 3969
face 4 3907 -1 5 8193 8194 8259 8258
face 4 3908 3909 -1 3970 4035 8260 8195
face 4 3908 3972 -1 4034 8259 8260 4035
face 4 3908 -1 4 3969 4034 4035 3970
face 4 3908 -1 5 8194 8195 8260 8259
face 4 3909 3910 -1 3971 4036 8261 8196
face 4 3909 3973 -1 4035 8260 8261 4036
face 4 3909 -1 4 3970 4035 4036 3971
face 4 3909 -1 5 8195 8196 8261 8260
face 4 3910 3911 -1 3972 4037 8262 8197
face 4 3910 3974 -1 4036 8261 8262 4037
face 4 3910 -1 4 3971 4036 4037 3972
face 4 3910 -1 5 8196 8197 8262 8261
face 4 3911 3912 -1 3973 4038 8263 8198
face 4 3911 3975 -1 4037 8262 8263 4038
face 4 3911 -1 4 3972 4037 4038 3973
face 4 3911 -1 5 8197 8198 8263 8262
face 4 3912 3913 -1 3974 4039 8264 8199
face 4 3912 3976 -1 4038 8263 8264 4039
face 4 3912 -1 4 3973 4038 4039 3974
face 4 3912 -1 5 8198 8199 8264 8263
face 4 3913 3914 -1 3975 4040 8265 8200
face 4 3913 3977 -1 4039 8264 8265 4040
face 4 3913 -1 4 3974 4039 4040 3975
face 4 3913 -1 5 8199 8200 8265 8264
face 4 3914 3915 -1 3976 4041 8266 8201
face 4 3914 3978 -1 4040 8265 8266 4041
face 4 3914 -1 4 3975 4040 4041 3976
face 4 3914 -1 5 8200 8201 8266 8265
face 4 3915 3916 -1 3977 4042 8267 8202
face 4 3915 3979 -1 4041 8266 8267 4042
face 4 3915 -1 4 3976 4041 4042 3977
face 4 3915 -1 5 8201 8202 8267 8266
face 4 3916 3917 -1 3978 4043 8268 8203
face 4 3916 3980 -1 4042 8267 8268 4043
face 4 3916 -1 4 3977 4042 4043 3978
face 4 3916 -1 5 8202 8203 8268 8267
face 4 3917 3918 -1 3979 4044 8269 8204
face 4 3917 3981 -1 4043 8268 8269 4044
face 4 3917 -1 4 3978 4043 4044 3979
face 4 3917 -1 5 8203 8204 8269 8268
face 4 3918 3919 -1 3980 4045 8270 8205
face 4 3918 3982 -1 4044 8269 8270 4045
face 4 3918 -1 4 3979 4044 4045 3980
face 4 3918 -1 5 8204 8205 8270 8269
face 4 3919 3920 -1 3981 4046 8271 8206
face 4 3919 3983 -1 4045 8270 8271 4046
face 4 3919 -1 4 3980 4045 4046 3981
face 4 3919 -1 5 8205 8206 8271 8270
face 4 3920 3921 -1 3982 4047 8272 8207
face 4 3920 3984 -1 4046 8271 8272 4047
face 4 3920 -1 4 3981 4046 4047 3982
face 4 3920 -1 5 8206 8207 8272 8271
face 4 3921 3922 -1 3983 4048 8273 8208
face 4 3921 3985 -1 4047 8272 8273 4048
face 4 3921 -1 4 3982 4047 4048 3983
face 4 3921 -1 5 8207 8208 8273 8272
face 4 3922 3923 -1 3984 4049 8274 8209
face 4 3922 3986 -1 4048 8273 8274 4049
face 4 3922 -1 4 3983 4048 4049 3984
face 4 3922 -1 5 8208 8209 8274 8273
face 4 3923 3924 -1 3985 4050 8275 8210
face 4 3923 3987 -1 4049 8274 8275 4050
face 4 3923 -1 4 3984 4049 4050 3985
face 4 3923 -1 5 8209 8210 8275 8274
face 4 3924 3925 -1 3986 4051 8276 8211
face 4 3924 3988 -1 4050 8275 8276 4051
face 4 3924 -1 4 3985 4050 4051 3986
face 4 3924 -1 5 8210 8211 8276 8275
face 4 3925 3926 -1 3987 4052 8277 8212
face 4 3925 3989 -1 4051 8276 8277 4052
face 4 3925 -1 4 3986 4051 4052 3987
face 4 3925 -1 5 8211 8212 8277 8276
face 4 3926 3927 -1 3988 4053 8278 8213
face 4 3926 3990 -1 4052 8277 8278 4053
face 4 3926 -1 4 3987 4052 4053 3988
face 4 3926 -1 5 8212 8213 8278 8277
face 4 3927 3928 -1 3989 4054 8279 8214
face 4 3927 3991 -1 4053 8278 8279 4054
face 4 3927 -1 4 3988 4053 4054 3989
face 4 3927 -1 5 8213 8214 8279 8278
face 4 3928 3929 -1 3990 4055 8280 8215
face 4 3928 3992 -1 4054 8279 8280 4055
face 4 3928 -1 4 3989 4054 4055 3990
face 4 3928 -1 5 8214 8215 8280 8279
face 4 3929 3930 -1 3991 4056 8281 8216
face 4 3929 3993 -1 4055 8280 8281 4056
face 4 3929 -1 4 3990 4055 4056 3991
face 4 3929 -1 5 8215 8216 8281 8280
face 4 3930 3931 -1 3992 4057 8282 8217
face 4 3930 3994 -1 4056 8281 8282 4057
face 4 3930 -1 4 3991 4056 4057 3992
face 4 3930 -1 5 8216 8217 8282 8281
face 4 3931 3932 -1 3993 4058 8283 8218
face 4 3931 3995 -1 4057 8282 8283 4058
face 4 3931 -1 4 3992 4057 4058 3993
face 4 3931 -1 5 8217 8218 8283 8282
face 4 3932 3933 -1 3994 4059 8284 8219
face 4 3932 3996 -1 4058 8283 8284 4059
face 4 3932 -1 4 3993 4058 4059 3994
face 4 3932 -1 5 8218 8219 8284 8283
face 4 3933 3934 -1 3995 4060 8285 8220
face 4 3933 3997 -1 4059 8284 8285 4060
face 4 3933 -1 4 3994 4059 4060 3995
face 4 3933 -1 5 8219 8220 8285 8284
face 4 3934 3935 -1 3996 4061 8286 8221
face 4 3934 3998 -1 4060 8285 8286 4061
face 4 3934 -1 4 3995 4060 4061 3996
face 4 3934 -1 5 8220 8221 8286 8285
face 4 3935 3936 -1 3997 4062 8287 8222
face 4 3935 3999 -1 4061 8286 8287 4062
face 4 3935 -1 4 3996 4061 4062 3997
face 4 3935 -1 5 8221 8222 8287 8286
face 4 3936 3937 -1 3998 4063 8288 8223
face 4 3936 4000 -1 4062 8287 8288 4063
face 4 3936 -1 4 3997 4062 4063 3998
face 4 3936 -1 5 8222 8223 8288 8287
face 4 3937 3938 -1 3999 4064 8289 8224
face 4 3937 4001 -1 4063 8288 8289 4064
face 4 3937 -1 4 3998 4063 4064 3999
face 4 3937 -1 5 8223 8224 8289 8288
face 4 3938 3939 -1 4000 4065 8290 8225
face 4 3938 4002 -1 4064 8289 8290 4065
face 4 3938 -1 4 3999 4064 4065 4000
face 4 3938 -1 5 8224 8225 8290 8289
face 4 3939 3940 -1 4001 4066 8291 8226
face 4 3939 4003 -1 4065 8290 8291 4066
face 4 3939 -1 4 4000 4065 4066 4001
face 4 3939 -1 5 8225 8226 8291 8290
face 4 3940 3941 -1 4002 4067 8292 8227
face 4 3940 4004 -1 4066 8291 8292 4067
face 4 3940 -1 4 4001 4066 4067 4002
face 4 3940 -1 5 8226 8227 8292 8291
face 4 3941 3942 -1 4003 4068 8293 8228
face 4 3941 4005 -1 4067 8292 8293 4068
face 4 3941 -1 4 4002 4067 4068 4003
face 4 3941 -1 5 8227 8228 8293 8292
face 4 3942 3943 -1 4004 4069 8294 8229
face 4 3942 4006 -1 4068 8293 8294 4069
face 4 3942 -1 4 4003 4068 4069 4004
face 4 3942 -1 5 8228 8229 8294 8293
face 4 3943 3944 -1 4005 4070 8295 8230
face 4 3943 4007 -1 4069 8294 8295 4070
face 4 3943 -1 4 4004 4069 4070 4005
face 4 3943 -1 5 8229 8230 8295 8294
face 4 3944 3945 -1 4006 4071 8296 8231
face 4 3944 4008 -1 4070 8295 8296 4071
face 4 3944 -1 4 4005 4070 4071 4006
face 4 3944 -1 5 8230 8231 8296 8295
face 4 3945 3946 -1 4007 4072 8297 8232
face 4 3945 4009 -1 4071 8296 8297 4072
face 4 3945 -1 4 4006 4071 4072 4007
face 4 3945 -1 5 8231 8232 8297 8296
face 4 3946 3947 -1 4008 4073 8298 8233
face 4 3946 4010 -1 4072 8297 8298 4073
face 4 3946 -1 4 4007 4072 4073 4008
face 4 3946 -1 5 8232 8233 8298 8297
face 4 3947 3948 -1 4009 4074 8299 8234
face 4 3947 4011 -1 4073 8298 8299 4074
face 4 3947 -1 4 4008 4073 4074 4009
face 4 3947 -1 5 8233 8234 8299 8298
face 4 3948 3949 -1 4010 4075 8300 8235
face 4 3948 4012 -1 4074 8299 8300 4075
face 4 3948 -1 4 4009 4074 4075 4010
face 4 3948 -1 5 8234 8235 8300 8299
face 4 3949 3950 -1 4011 4076 8301 8236
face 4 3949 4013 -1 4075 8300 8301 4076
face 4 3949 -1 4 4010 4075 4076 4011
face 4 3949 -1 5 8235 8236 8301 8300
face 4 3950 3951 -1 4012 4077 8302 8237
face 4 3950 4014 -1 4076 8301 8302 4077
face 4 3950 -1 4 4011 4076 4077 4012
face 4 3950 -1 5 8236 8237 8302 8301
face 4 3951 3952 -1 4013 4078 8303 8238
face 4 3951 4015 -1 4077 8302 8303 4078
face 4 3951 -1 4 4012 4077 4078 4013
face 4 3951 -1 5 8237 8238 8303 8302
face 4 3952 3953 -1 4014 4079 8304 8239
face 4 3952 4016 -1 4078 8303 8304 4079
face 4 3952 -1 4 4013 4078 4079 4014
face 4 3952 -1 5 8238 8239 8304 8303
face 4 3953 3954 -1 4015 4080 8305 8240
face 4 3953 4017 -1 4079 8304 8305 4080
face 4 3953 -1 4 4014 4079 4080 4015
face 4 3953 -1 5 8239 8240 8305 8304
face 4 3954 3955 -1 4016 4081 8306 8241
face 4 3954 4018 -1 4080 8305 8306 4081
face 4 3954 -1 4 4015 4080 4081 4016
face 4 3954 -1 5 8240 8241 8306 8305
face 4 3955 3956 -1 4017 4082 8307 8242
face 4 3955 4019 -1 4081 8306 8307 4082
face 4 3955 -1 4 4016 4081 4082 4017
face 4 3955 -1 5 8241 8242 8307 8306
face 4 3956 3957 -1 4018 4083 8308 8243
face 4 3956 4020 -1 4082 8307 8308 4083
face 4 3956 -1 4 4017 4082 4083 4018
face 4 3956 -1 5 8242 8243 8308 8307
face 4 3957 3958 -1 4019 4084 8309 8244
face 4 3957 4021 -1 4083 8308 8309 4084
face 4 3957 -1 4 4018 4083 4084 4019
face 4 3957 -1 5 8243 8244 8309 8308
face 4 3958 3959 -1 4020 4085 8310 8245
face 4 3958 4022 -1 4084 8309 8310 4085
face 4 3958 -1 4 4019 4084 4085 4020
face 4 3958 -1 5 8244 8245 8310 8309
face 4 3959 3960 -1 4021 4086 8311 8246
face 4 3959 4023 -1 4085 8310 8311 4086
face 4 3959 -1 4 4020 4085 4086 4021
face 4 3959 -1 5 8245 8246 8311 8310
face 4 3960 3961 -1 4022 4087 8312 8247
face 4 3960 4024 -1 4086 8311 8312 4087
face 4 3960 -1 4 4021 4086 4087 4022
face 4 3960 -1 5 8246 8247 8312 8311
face 4 3961 3962 -1 4023 4088 8313 8248
face 4 3961 4025 -1 4087 8312 8313 4088
face 4 3961 -1 4 4022 4087 4088 4023
face 4 3961 -1 5 8247 8248 8313 8312
face 4 3962 3963 -1 4024 4089 8314 8249
face 4 3962 4026 -1 4088 8313 8314 4089
face 4 3962 -1 4 4023 4088 4089 4024
face 4 3962 -1 5 8248 8249 8314 8313
face 4 3963 3964 -1 4025 4090 8315 8250
face 4 3963 4027 -1 4089 8314 8315 4090
face 4 3963 -1 4 4024 4089 4090 4025
face 4 3963 -1 5 8249 8250 8315 8314
face 4 3964 3965 -1 4026 4091 8316 8251
face 4 3964 4028 -1 4090 8315 8316 4091
face 4 3964 -1 4 4025 4090 4091 4026
face 4 3964 -1 5 8250 8251 8316 8315
face 4 3965 3966 -1 4027 4092 8317 8252
face 4 3965 4029 -1 4091 8316 8317 4092
face 4 3965 -1 4 4026 4091 4092 4027
face 4 3965 -1 5 8251 8252 8317 8316
face 4 3966 3967 -1 4028 4093 8318 8253
face 4 3966 4030 -1 4092 8317 8318 4093
face 4 3966 -1 4 4027 4092 4093 4028
face 4 3966 -1 5 8252 8253 8318 8317
face 4 3967 -1 1 4029 4094 8319 8254
face 4 3967 4031 -1 4093 8318 8319 4094
face 4 3967 -1 4 4028 4093 4094 4029
face 4 3967 -1 5 8253 8254 8319 8318
face 4 3968 -1 0 4030 8255 8320 4095
face 4 3968 3969 -1 4031 4096 8321 8256
face 4 3968 4032 -1 4095 8320 8321 4096
face 4 3968 -1 4 4030 4095 4096 4031
face 4 3968 -1 5 8255 8256 8321 8320
face 4 3969 3970 -1 4032 4097 8322 8257
face 4 3969 4033 -1 4096 8321 8322 4097
face 4 3969 -1 4 4031 4096 4097 4032
face 4 3969 -1 5 8256 8257 8322 8321
face 4 3970 3971 -1 4033 4098 8323 8258
face 4 3970 4034 -1 4097 8322 8323 4098
face 4 3970 -1 4 4032 4097 4098 4033
face 4 3970 -1 5 8257 8258 8323 8322
face 4 3971 3972 -1 4034 4099 8324 8259
face 4 3971 4035 -1 4098 8323 8324 4099
face 4 3971 -1 4 4033 4098 4099 4034
face 4 3971 -1 5 8258 8259 8324 8323
face 4 3972 3973 -1 4035 4100 8325 8260
face 4 3972 4036 -1 4099 8324 8325 4100
face 4 3972 -1 4 4034 4099 4100 4035
face 4 3972 -1 5 8259 8260 8325 8324
face 4 3973 3974 -1 4036 4101 8326 8261
face 4 3973 4037 -1 4100 8325 8326 4101
face 4 3973 -1 4 4035 4100 4101 4036
face 4 3973 -1 5 8260 8261 8326 8325
face 4 3974 3975 -1 4037 4102 8327 8262
face 4 3974 4038 -1 4101 8326 8327 4102
face 4 3974 -1 4 4036 4101 4102 4037
face 4 3974 -1 5 8261 8262 8327 8326
face 4 3975 3976 -1 4038 4103 8328 8263
face 4 3975 4039 -1 4102 8327 8328 4103
face 4 3975 -1 4 4037 4102 4103 4038
face 4 3975 -1 5 8262 8263 8328 8327
face 4 3976 3977 -1 4039 4104 8329 8264
face 4 3976 4040 -1 4103 8328 8329 4104
face 4 3976 -1 4 4038 4103 4104 4039
face 4 3976 -1 5 8263 8264 8329 8328
face 4 3977 3978 -1 4040 4105 8330 8265
face 4 3977 4041 -1 4104 8329 8330 4105
face 4 3977 -1 4 4039 4104 4105 4040
face 4 3977 -1 5 8264 8265 8330 8329
face 4 3978 3979 -1 4041 4106 8331 8266
face 4 3978 4042 -1 4105 8330 8331 4106
face 4 3978 -1 4 4040 4105 4106 4041
face 4 3978 -1 5 8265 8266 8331 8330
face 4 3979 3980 -1 4042 4107 8332 8267
face 4 3979 4043 -1 4106 8331 8332 4107
face 4 3979 -1 4 4041 4106 4107 4042
face 4 3979 -1 5 8266 8267 8332 8331
face 4 3980 3981 -1 4043 4108 8333 8268
face 4 3980 4044 -1 4107 8332 8333 4108
face 4 3980 -1 4 4042 4107 4108 4043
face 4 3980 -1 5 8267 8268 8333 8332
face 4 3981 3982 -1 4044 4109 8334 8269
face 4 3981 4045 -1 4108 8333 8334 4109
face 4 3981 -1 4 4043 4108 4109 4044
face 4 3981 -1 5 8268 8269 8334 8333
face 4 3982 3983 -1 4045 4110 8335 8270
face 4 3982 4046 -1 4109 8334 8335 4110
face 4 3982 -1 4 4044 4109 4110 4045
face 4 3982 -1 5 8269 8270 8335 8334
face 4 3983 3984 -1 4046 4111 8336 8271
face 4 3983 4047 -1 4110 8335 8336 4111
face 4 3983 -1 4 4045 4110 4111 4046
face 4 3983 -1 5 8270 8271 8336 8335
face 4 3984 3985 -1 4047 4112 8337 8272
face 4 3984 4048 -1 4111 8336 8337 4112
face 4 3984 -1 4 4046 4111 4112 4047
face 4 3984 -1 5 8271 8272 8337 8336
face 4 3985 3986 -1 4048 4113 8338 8273
face 4 3985 4049 -1 4112 8337 8338 4113
face 4 3985 -1 4 4047 4112 4113 4048
face 4 3985 -1 5 8272 8273 8338 8337
face 4 3986 3987 -1 4049 4114 8339 8274
face 4 3986 4050 -1 4113 8338 8339 4114
face 4 3986 -1 4 4048 4113 4114 4049
face 4 3986 -1 5 8273 8274 8339 8338
face 4 3987 3988 -1 4050 4115 8340 8275
face 4 3987 4051 -1 4114 8339 8340 4115
face 4 3987 -1 4 4049 4114 4115 4050
face 4 3987 -1 5 8274 8275 8340 8339
face 4 3988 3989 -1 4051 4116 8341 8276
face 4 3988 4052 -1 4115 8340 8341 4116
face 4 3988 -1 4 4050 4115 4116 4051
face 4 3988 -1 5 8275 8276 8341 8340
face 4 3989 3990 -1 4052 4117 8342 8277
face 4 3989 4053 -1 4116 8341 8342 4117
face 4 3989 -1 4 4051 4116 4117 4052
face 4 3989 -1 5 8276 8277 8342 8341
face 4 3990 3991 -1 4053 4118 8343 8278
face 4 3990 4054 -1 4117 8342 8343 4118
face 4 3990 -1 4 4052 4117 4118 4053
face 4 3990 -1 5 8277 8278 8343 8342
face 4 3991 3992 -1 4054 4119 8344 8279
face 4 3991 4055 -1 4118 8343 8344 4119
face 4 3991 -1 4 4053 4118 4119 4054
face 4 3991 -1 5 8278 8279 8344 8343
face 4 3992 3993 -1 4055 4120 8345 8280
face 4 3992 4056 -1 4119 8344 8345 4120
face 4 3992 -1 4 4054 4119 4120 4055
face 4 3992 -1 5 8279 8280 8345 8344
face 4 3993 3994 -1 4056 4121 8346 8281
face 4 3993 4057 -1 4120 8345 8346 4121
face 4 3993 -1 4 4055 4120 4121 4056
face 4 3993 -1 5 8280 8281 8346 8345
face 4 3994 3995 -1 4057 4122 8347 8282
face 4 3994 4058 -1 4121 8346 8347 4122
face 4 3994 -1 4 4056 4121 4122 4057
face 4 3994 -1 5 8281 8282 8347 8346
face 4 3995 3996 -1 4058 4123 8348 8283
face 4 3995 4059 -1 4122 8347 8348 4123
face 4 3995 -1 4 4057 4122 4123 4058
face 4 3995 -1 5 8282 8283 8348 8347
face 4 3996 3997 -1 4059 4124 8349 8284
face 4 3996 4060 -1 4123 8348 8349 4124
face 4 3996 -1 4 4058 4123 4124 4059
face 4 3996 -1 5 8283 8284 8349 8348
face 4 3997 3998 -1 4060 4125 8350 8285
face 4 3997 4061 -1 4124 8349 8350 4125
face 4 3997 -1 4 4059 4124 4125 4060
face 4 3997 -1 5 8284 8285 8350 8349
face 4 3998 3999 -1 4061 4126 8351 8286
face 4 3998 4062 -1 4125 8350 8351 4126
face 4 3998 -1 4 4060 4125 4126 4061
face 4 3998 -1 5 8285 8286 8351 8350
face 4 3999 4000 -1 4062 4127 8352 8287
face 4 3999 4063 -1 4126 8351 8352 4127
face 4 3999 -1 4 4061 4126 4127 4062
face 4 3999 -1 5 8286 8287 8352 8351
face 4 4000 4001 -1 4063 4128 8353 8288
face 4 4000 4064 -1 4127 8352 8353 4128
face 4 4000 -1 4 4062 4127 4128 4063
face 4 4000 -1 5 8287 8288 8353 8352
face 4 4001 4002 -1 4064 4129 8354 8289
face 4 4001 4065 -1 4128 8353 8354 4129
face 4 4001 -1 4 4063 4128 4129 4064
face 4 4001 -1 5 8288 8289 8354 8353
face 4 4002 4003 -1 4065 4130 8355 8290
face 4 4002 4066 -1 4129 8354 8355 4130
face 4 4002 -1 4 4064 4129 4130 4065
face 4 4002 -1 5 8289 8290 8355 8354
face 4 4003 4004 -1 4066 4131 8356 8291
face 4 4003 4067 -1 4130 8355 8356 4131
face 4 4003 -1 4 4065 4130 4131 4066
face 4 4003 -1 5 8290 8291 8356 8355
face 4 4004 4005 -1 4067 4132 8357 8292
face 4 4004 4068 -1 4131 8356 8357 4132
face 4 4004 -1 4 4066 4131 4132 4067
face 4 4004 -1 5 8291 8292 8357 8356
face 4 4005 4006 -1 4068 4133 8358 8293
face 4 4005 4069 -1 4132 8357 8358 4133
face 4 4005 -1 4 4067 4132 4133 4068
face 4 4005 -1 5 8292 8293 8358 8357
face 4 4006 4007 -1 4069 4134 8359 8294
face 4 4006 4070 -1 4133 8358 8359 4134
face 4 4006 -1 4 4068 4133 4134 4069
face 4 4006 -1 5 8293 8294 8359 8358
face 4 4007 4008 -1 4070 4135 8360 8295
face 4 4007 4071 -1 4134 8359 8360 4135
face 4 4007 -1 4 4069 4134 4135 4070
face 4 4007 -1 5 8294 8295 8360 8359
face 4 4008 4009 -1 4071 4136 8361 8296
face 4 4008 4072 -1 4135 8360 8361 4136
face 4 4008 -1 4 4070 4135 4136 4071
face 4 4008 -1 5 8295 8296 8361 8360
face 4 4009 4010 -1 4072 4137 8362 8297
face 4 4009 4073 -1 4136 8361 8362 4137
face 4 4009 -1 4 4071 4136 4137 4072
face 4 4009 -1 5 8296 8297 8362 8361
face 4 4010 4011 -1 4073 4138 8363 8298
face 4 4010 4074 -1 4137 8362 8363 4138
face 4 4010 -1 4 4072 4137 4138 4073
face 4 4010 -1 5 8297 8298 8363 8362
face 4 4011 4012 -1 4074 4139 8364 8299
face 4 4011 4075 -1 4138 8363 8364 4139
face 4 4011 -1 4 4073 4138 4139 4074
face 4 4011 -1 5 8298 8299 8364 8363
face 4 4012 4013 -1 4075 4140 8365 8300
face 4 4012 4076 -1 4139 8364 8365 4140
face 4 4012 -1 4 4074 4139 4140 4075
face 4 4012 -1 5 8299 8300 8365 8364
face 4 4013 4014 -1 4076 4141 8366 8301
face 4 4013 4077 -1 4140 8365 8366 4141
face 4 4013 -1 4 4075 4140 4141 4076
face 4 4013 -1 5 8300 8301 8366 8365
face 4 4014 4015 -1 4077 4142 8367 8302
face 4 4014 4078 -1 4141 8366 8367 4142
face 4 4014 -1 4 4076 4141 4142 4077
face 4 4014 -1 5 8301 8302 8367 8366
face 4 4015 4016 -1 4078 4143 8368 8303
face 4 4015 4079 -1 4142 8367 8368 4143
face 4 4015 -1 4 4077 4142 4143 4078
face 4 4015 -1 5 8302 8303 8368 8367
face 4 4016 4017 -1 4079 4144 8369 8304
face 4 4016 4080 -1 4143 8368 8369 4144
face 4 4016 -1 4 4078 4143 4144 4079
face 4 4016 -1 5 8303 8304 8369 8368
face 4 4017 4018 -1 4080 4145 8370 8305
face 4 4017 4081 -1 4144 8369 8370 4145
face 4 4017 -1 4 4079 4144 4145 4080
face 4 4017 -1 5 8304 8305 8370 8369
face 4 4018 4019 -1 4081 4146 8371 8306
face 4 4018 4082 -1 4145 8370 8371 4146
face 4 4018 -1 4 4080 4145 4146 4081
face 4 4018 -1 5 8305 8306 8371 8370
face 4 4019 4020 -1 4082 4147 8372 8307
face 4 4019 4083 -1 4146 8371 8372 4147
face 4 4019 -1 4 4081 4146 4147 4082
face 4 4019 -1 5 8306 8307 8372 8371
face 4 4020 4021 -1 4083 4148 8373 8308
face 4 4020 4084 -1 4147 8372 8373 4148
face 4 4020 -1 4 4082 4147 4148 4083
face 4 4020 -1 5 8307 8308 8373 8372
face 4 4021 4022 -1 4084 4149 8374 8309
face 4 4021 4085 -1 4148 8373 8374 4149
face 4 4021 -1 4 4083 4148 4149 4084
face 4 4021 -1 5 8308 8309 8374 8373
face 4 4022 4023 -1 4085 4150 8375 8310
face 4 4022 4086 -1 4149 8374 8375 4150
face 4 4022 -1 4 4084 4149 4150 4085
face 4 4022 -1 5 8309 8310 8375 8374
face 4 4023 4024 -1 4086 4151 8376 8311
face 4 4023 4087 -1 4150 8375 8376 4151
face 4 4023 -1 4 4085 4150 4151 4086
face 4 4023 -1 5 8310 8311 8376 8375
face 4 4024 4025 -1 4087 4152 8377 8312
face 4 4024 4088 -1 4151 8376 8377 4152
face 4 4024 -1 4 4086 4151 4152 4087
face 4 4024 -1 5 8311 8312 8377 8376
face 4 4025 4026 -1 4088 4153 8378 8313
face 4 4025 4089 -1 4152 8377 8378 4153
face 4 4025 -1 4 4087 4152 4153 4088
face 4 4025 -1 5 8312 8313 8378 8377
face 4 4026 4027 -1 4089 4154 8379 8314
face 4 4026 4090 -1 4153 8378 8379 4154
face 4 4026 -1 4 4088 4153 4154 4089
face 4 4026 -1 5 8313 8314 8379 8378
face 4 4027 4028 -1 4090 4155 8380 8315
face 4 4027 4091 -1 4154 8379 8380 4155
face 4 4027 -1 4 4089 4154 4155 4090
face 4 4027 -1 5 8314 8315 8380 8379
face 4 4028 4029 -1 4091 4156 8381 8316
face 4 4028 4092 -1 4155 8380 8381 4156
face 4 4028 -1 4 4090 4155 4156 4091
face 4 4028 -1 5 8315 8316 8381 8380
face 4 4029 4030 -1 4092 4157 8382 8317
face 4 4029 4093 -1 4156 8381 8382 4157
face 4 4029 -1 4 4091 4156 4157 4092
face 4 4029 -1 5 8316 8317 8382 8381
face 4 4030 4031 -1 4093 4158 8383 8318
face 4 4030 4094 -1 4157 8382 8383 4158
face 4 4030 -1 4 4092 4157 4158 4093
face 4 4030 -1 5 8317 8318 8383 8382
face 4 4031 -1 1 4094 4159 8384 8319
face 4 4031 4095 -1 4158 8383 8384 4159
face 4 4031 -1 4 4093 4158 4159 4094
face 4 4031 -1 5 8318 8319 8384 8383
face 4 4032 -1 0 4095 8320 8385 4160
face 4 4032 4033 -1 4096 4161 8386 8321
face 4 4032 -1 3 4160 8385 8386 4161
face 4 4032 -1 4 4095 4160 4161 4096
face 4 4032 -1 5 8320 8321 8386 8385
face 4 4033 4034 -1 4097 4162 8387 8322
face 4 4033 -1 3 4161 8386 8387 4162
face 4 4033 -1 4 4096 4161 4162 4097
face 4 4033 -1 5 8321 8322 8387 8386
face 4 4034 4035 -1 4098 4163 8388 8323
face 4 4034 -1 3 4162 8387 8388 4163
face 4 4034 -1 4 4097 4162 4163 4098
face 4 4034 -1 5 8322 8323 8388 8387
face 4 4035 4036 -1 4099 4164 8389 8324
face 4 4035 -1 3 4163 8388 8389 4164
face 4 4035 -1 4 4098 4163 4164 4099
face 4 4035 -1 5 8323 8324 8389 8388
face 4 4036 4037 -1 4100 4165 8390 8325
face 4 4036 -1 3 4164 8389 8390 4165
face 4 4036 -1 4 4099 4164 4165 4100
face 4 4036 -1 5 8324 8325 8390 8389
face 4 4037 4038 -1 4101 4166 8391 8326
face 4 4037 -1 3 4165 8390 8391 4166
face 4 4037 -1 4 4100 4165 4166 4101
face 4 4037 -1 5 8325 8326 8391 8390
face 4 4038 4039 -1 4102 4167 8392 8327
face 4 4038 -1 3 4166 8391 8392 4167
face 4 4038 -1 4 4101 4166 4167 4102
face 4 4038 -1 5 8326 8327 8392 8391
face 4 4039 4040 -1 4103 4168 8393 8328
face 4 4039 -1 3 4167 8392 8393 4168
face 4 4039 -1 4 4102 4167 4168 4103
face 4 4039 -1 5 8327 8328 8393 8392
face 4 4040 4041 -1 4104 4169 8394 8329
face 4 4040 -1 3 4168 8393 8394 4169
face 4 4040 -1 4 4103 4168 4169 4104
face 4 4040 -1 5 8328 8329 8394 8393
face 4 4041 4042 -1 4105 4170 8395 8330
face 4 4041 -1 3 4169 8394 8395 4170
face 4 4041 -1 4 4104 4169 4170 4105
face 4 4041 -1 5 8329 8330 8395 8394
face 4 4042 4043 -1 4106 4171 8396 8331
face 4 4042 -1 3 4170 8395 8396 4171
face 4 4042 -1 4 4105 4170 4171 4106
face 4 4042 -1 5 8330 8331 8396 8395
face 4 4043 4044 -1 4107 4172 8397 8332
face 4 4043 -1 3 4171 8396 8397 4172
face 4 4043 -1 4 4106 4171 4172 4107
face 4 4043 -1 5 8331 8332 8397 8396
face 4 4044 4045 -1 4108 4173 8398 8333
face 4 4044 -1 3 4172 8397 8398 4173
face 4 4044 -1 4 4107 4172 4173 4108
face 4 4044 -1 5 8332 8333 8398 8397
face 4 4045 4046 -1 4109 4174 8399 8334
face 4 4045 -1 3 4173 8398 8399 4174
face 4 4045 -1 4 4108 4173 4174 4109
face 4 4045 -1 5 8333 8334 8399 8398
face 4 4046 4047 -1 4110 4175 8400 8335
face 4 4046 -1 3 4174 8399 8400 4175
face 4 4046 -1 4 4109 4174 4175 4110
face 4 4046 -1 5 8334 8335 8400 8399
face 4 4047 4048 -1 4111 4176 8401 8336
face 4 4047 -1 3 4175 8400 8401 4176
face 4 4047 -1 4 4110 4175 4176 4111
face 4 4047 -1 5 8335 8336 8401 8400
face 4 4048 4049 -1 4112 4177 8402 8337
face 4 4048 -1 3 4176 8401 8402 4177
face 4 4048 -1 4 4111 4176 4177 4112
face 4 4048 -1 5 8336 8337 8402 8401
face 4 4049 4050 -1 4113 4178 8403 8338
face 4 4049 -1 3 4177 8402 8403 4178
face 4 4049 -1 4 4112 4177 4178 4113
face 4 4049 -1 5 8337 8338 8403 8402
face 4 4050 4051 -1 4114 4179 8404 8339
face 4 4050 -1 3 4178 8403 8404 4179
face 4 4050 -1 4 4113 4178 4179 4114
face 4 4050 -1 5 8338 8339 8404 8403
face 4 4051 4052 -1 4115 4180 8405 8340
face 4 4051 -1 3 4179 8404 8405 4180
face 4 4051 -1 4 4114 4179 4180 4115
face 4 4051 -1 5 8339 8340 8405 8404
face 4 4052 4053 -1 4116 4181 8406 8341
face 4 4052 -1 3 4180 8405 8406 4181
face 4 4052 -1 4 4115 4180 4181 4116
face 4 4052 -1 5 8340 8341 8406 8405
face 4 4053 4054 -1 4117 4182 8407 8342
face 4 4053 -1 3 4181 8406 8407 4182
face 4 4053 -1 4 4116 4181 4182 4117
face 4 4053 -1 5 8341 8342 8407 8406
face 4 4054 4055 -1 4118 4183 8408 8343
face 4 4054 -1 3 4182 8407 8408 4183
face 4 4054 -1 4 4117 4182 4183 4118
face 4 4054 -1 5 8342 8343 8408 8407
face 4 4055 4056 -1 4119 4184 8409 8344
face 4 4055 -1 3 4183 8408 8409 4184
face 4 4055 -1 4 4118 4183 4184 4119
face 4 4055 -1 5 8343 8344 8409 8408
face 4 4056 4057 -1 4120 4185 8410 8345
face 4 4056 -1 3 4184 8409 8410 4185
face 4 4056 -1 4 4119 4184 4185 4120
face 4 4056 -1 5 8344 8345 8410 8409
face 4 4057 4058 -1 4121 4186 8411 8346
face 4 4057 -1 3 4185 8410 8411 4186
face 4 4057 -1 4 4120 4185 4186 4121
face 4 4057 -1 5 8345 8346 8411 8410
face 4 4058 4059 -1 4122 4187 8412 8347
face 4 4058 -1 3 4186 8411 8412 4187
face 4 4058 -1 4 4121 4186 4187 4122
face 4 4058 -1 5 8346 8347 8412 8411
face 4 4059 4060 -1 4123 4188 8413 8348
face 4 4059 -1 3 4187 8412 8413 4188
face 4 4059 -1 4 4122 4187 4188 4123
face 4 4059 -1 5 8347 8348 8413 8412
face 4 4060 4061 -1 4124 4189 8414 8349
face 4 4060 -1 3 4188 8413 8414 4189
face 4 4060 -1 4 4123 4188 4189 4124
face 4 4060 -1 5 8348 8349 8414 8413
face 4 4061 4062 -1 4125 4190 8415 8350
face 4 4061 -1 3 4189 8414 8415 4190
face 4 4061 -1 4 4124 4189 4190 4125
face 4 4061 -1 5 8349 8350 8415 8414
face 4 4062 4063 -1 4126 4191 8416 8351
face 4 4062 -1 3 4190 8415 8416 4191
face 4 4062 -1 4 4125 4190 4191 4126
face 4 4062 -1 5 8350 8351 8416 8415
face 4 4063 4064 -1 4127 4192 8417 8352
face 4 4063 -1 3 4191 8416 8417 4192
face 4 4063 -1 4 4126 4191 4192 4127
face 4 4063 -1 5 8351 8352 8417 8416
face 4 4064 4065 -1 4128 4193 8418 8353
face 4 4064 -1 3 4192 8417 8418 4193
face 4 4064 -1 4 4127 4192 4193 4128
face 4 4064 -1 5 8352 8353 8418 8417
face 4 4065 4066 -1 4129 4194 8419 8354
face 4 4065 -1 3 4193 8418 8419 4194
face 4 4065 -1 4 4128 4193 4194 4129
face 4 4065 -1 5 8353 8354 8419 8418
face 4 4066 4067 -1 4130 4195 8420 8355
face 4 4066 -1 3 4194 8419 8420 4195
face 4 4066 -1 4 4129 4194 4195 4130
face 4 4066 -1 5 8354 8355 8420 8419
face 4 4067 4068 -1 4131 4196 8421 8356
face 4 4067 -1 3 4195 8420 8421 4196
face 4 4067 -1 4 4130 4195 4196 4131
face 4 4067 -1 5 8355 8356 8421 8420
face 4 4068 4069 -1 4132 4197 8422 8357
face 4 4068 -1 3 4196 8421 8422 4197
face 4 4068 -1 4 4131 4196 4197 4132
face 4 4068 -1 5 8356 8357 8422 8421
face 4 4069 4070 -1 4133 4198 8423 8358
face 4 4069 -1 3 4197 8422 8423 4198
face 4 4069 -1 4 4132 4197 4198 4133
face 4 4069 -1 5 8357 8358 8423 8422
face 4 4070 4071 -1 4134 4199 8424 8359
face 4 4070 -1 3 4198 8423 8424 4199
face 4 4070 -1 4 4133 4198 4199 4134
face 4 4070 -1 5 8358 8359 8424 8423
face 4 4071 4072 -1 4135 4200 8425 8360
face 4 4071 -1 3 4199 8424 8425 4200
face 4 4071 -1 4 4134 4199 4200 4135
face 4 4071 -1 5 8359 8360 8425 8424
face 4 4072 4073 -1 4136 4201 8426 8361
face 4 4072 -1 3 4200 8425 8426 4201
face 4 4072 -1 4 4135 4200 4201 4136
face 4 4072 -1 5 8360 8361 8426 8425
face 4 4073 4074 -1 4137 4202 8427 8362
face 4 4073 -1 3 4201 8426 8427 4202
face 4 4073 -1 4 4136 4201 4202 4137
face 4 4073 -1 5 8361 8362 8427 8426
face 4 4074 4075 -1 4138 4203 8428 8363
face 4 4074 -1 3 4202 8427 8428 4203
face 4 4074 -1 4 4137 4202 4203 4138
face 4 4074 -1 5 8362 8363 8428 8427
face 4 4075 4076 -1 4139 4204 8429 8364
face 4 4075 -1 3 4203 8428 8429 4204
face 4 4075 -1 4 4138 4203 4204 4139
face 4 4075 -1 5 8363 8364 8429 8428
face 4 4076 4077 -1 4140 4205 8430 8365
face 4 4076 -1 3 4204 8429 8430 4205
face 4 4076 -1 4 4139 4204 4205 4140
face 4 4076 -1 5 8364 8365 8430 8429
face 4 4077 4078 -1 4141 4206 8431 8366
face 4 4077 -1 3 4205 8430 8431 4206
face 4 4077 -1 4 4140 4205 4206 4141
face 4 4077 -1 5 8365 8366 8431 8430
face 4 4078 4079 -1 4142 4207 8432 8367
face 4 4078 -1 3 4206 8431 8432 4207
face 4 4078 -1 4 4141 4206 4207 4142
face 4 4078 -1 5 8366 8367 8432 8431
face 4 4079 4080 -1 4143 4208 8433 8368
face 4 4079 -1 3 4207 8432 8433 4208
face 4 4079 -1 4 4142 4207 4208 4143
face 4 4079 -1 5 8367 8368 8433 8432
face 4 4080 4081 -1 4144 4209 8434 8369
face 4 4080 -1 3 4208 8433 8434 4209
face 4 4080 -1 4 4143 4208 4209 4144
face 4 4080 -1 5 8368 8369 8434 8433
face 4 4081 4082 -1 4145 4210 8435 8370
face 4 4081 -1 3 4209 8434 8435 4210
face 4 4081 -1 4 4144 4209 4210 4145
face 4 4081 -1 5 8369 8370 8435 8434
face 4 4082 4083 -1 4146 4211 8436 8371
face 4 4082 -1 3 4210 8435 8436 4211
face 4 4082 -1 4 4145 4210 4211 4146
face 4 4082 -1 5 8370 8371 8436 8435
face 4 4083 4084 -1 4147 4212 8437 8372
face 4 4083 -1 3 4211 8436 8437 4212
face 4 4083 -1 4 4146 4211 4212 4147
face 4 4083 -1 5 8371 8372 8437 8436
face 4 4084 4085 -1 4148 4213 8438 8373
face 4 4084 -1 3 4212 8437 8438 4213
face 4 4084 -1 4 4147 4212 4213 4148
face 4 4084 -1 5 8372 8373 8438 8437
face 4 4085 4086 -1 4149 4214 8439 8374
face 4 4085 -1 3 4213 8438 8439 4214
face 4 4085 -1 4 4148 4213 4214 4149
face 4 4085 -1 5 8373 8374 8439 8438
face 4 4086 4087 -1 4150 4215 8440 8375
face 4 4086 -1 3 4214 8439 8440 4215
face 4 4086 -1 4 4149 4214 4215 4150
face 4 4086 -1 5 8374 8375 8440 8439
face 4 4087 4088 -1 4151 4216 8441 8376
face 4 4087 -1 3 4215 8440 8441 4216
face 4 4087 -1 4 4150 4215 4216 4151
face 4 4087 -1 5 8375 8376 8441 8440
face 4 4088 4089 -1 4152 4217 8442 8377
face 4 4088 -1 3 4216 8441 8442 4217
face 4 4088 -1 4 4151 4216 4217 4152
face 4 4088 -1 5 8376 8377 8442 8441
face 4 4089 4090 -1 4153 4218 8443 8378
face 4 4089 -1 3 4217 8442 8443 4218
face 4 4089 -1 4 4152 4217 4218 4153
face 4 4089 -1 5 8377 8378 8443 8442
face 4 4090 4091 -1 4154 4219 8444 8379
face 4 4090 -1 3 4218 8443 8444 4219
face 4 4090 -1 4 4153 4218 4219 4154
face 4 4090 -1 5 8378 8379 8444 8443
face 4 4091 4092 -1 4155 4220 8445 8380
face 4 4091 -1 3 4219 8444 8445 4220
face 4 4091 -1 4 4154 4219 4220 4155
face 4 4091 -1 5 8379 8380 8445 8444
face 4 4092 4093 -1 4156 4221 8446 8381
face 4 4092 -1 3 4220 8445 8446 4221
face 4 4092 -1 4 4155 4220 4221 4156
face 4 4092 -1 5 8380 8381 8446 8445
face 4 4093 4094 -1 4157 4222 8447 8382
face 4 4093 -1 3 4221 8446 8447 4222
face 4 4093 -1 4 4156 4221 4222 4157
face 4 4093 -1 5 8381 8382 8447 8446
face 4 4094 4095 -1 4158 4223 8448 8383
face 4 4094 -1 3 4222 8447 8448 4223
face 4 4094 -1 4 4157 4222 4223 4158
face 4 4094 -1 5 8382 8383 8448 8447
face 4 4095 -1 1 4159 4224 8449 8384
face 4 4095 -1 3 4223 8448 8449 4224
face 4 4095 -1 4 4158 4223 4224 4159
face 4 4095 -1 5 8383 8384 8449 8448
patches
6
patch
cavity_left
wall
patch
cavity_right
wall
patch
cavity_bottom
wall
patch
lid
wall
patch
front
symmetry
patch
back
symmetry
end
