BABELSIM_MESH 2
vertices 8946
0 0 0
0.16129032258064516 0 0
0.32258064516129031 0 0
0.4838709677419355 0 0
0.64516129032258063 0 0
0.80645161290322576 0 0
0.967741935483871 0 0
1.129032258064516 0 0
1.2903225806451613 0 0
1.4516129032258065 0 0
1.6129032258064515 0 0
1.774193548387097 0 0
1.935483870967742 0 0
2.096774193548387 0 0
2.258064516129032 0 0
2.4193548387096775 0 0
2.5806451612903225 0 0
2.7419354838709675 0 0
2.903225806451613 0 0
3.064516129032258 0 0
3.225806451612903 0 0
3.387096774193548 0 0
3.5483870967741939 0 0
3.709677419354839 0 0
3.870967741935484 0 0
4.032258064516129 0 0
4.193548387096774 0 0
4.354838709677419 0 0
4.5161290322580641 0 0
4.6774193548387091 0 0
4.838709677419355 0 0
5 0 0
5.161290322580645 0 0
5.32258064516129 0 0
5.4838709677419351 0 0
5.645161290322581 0 0
5.806451612903226 0 0
5.967741935483871 0 0
6.129032258064516 0 0
6.290322580645161 0 0
6.4516129032258061 0 0
6.6129032258064511 0 0
6.7741935483870961 0 0
6.935483870967742 0 0
7.0967741935483879 0 0
7.258064516129032 0 0
7.4193548387096779 0 0
7.5806451612903221 0 0
7.741935483870968 0 0
7.9032258064516121 0 0
8.064516129032258 0 0
8.2258064516129039 0 0
8.387096774193548 0 0
8.5483870967741939 0 0
8.7096774193548381 0 0
8.870967741935484 0 0
9.0322580645161281 0 0
9.193548387096774 0 0
9.3548387096774182 0 0
9.5161290322580641 0 0
9.67741935483871 0 0
9.8387096774193559 0 0
10 0 0
0 0.014285714285714285 0
0.16129032258064516 0.014285714285714285 0
0.32258064516129031 0.014285714285714285 0
0.4838709677419355 0.014285714285714285 0
0.64516129032258063 0.014285714285714285 0
0.80645161290322576 0.014285714285714285 0
0.967741935483871 0.014285714285714285 0
1.129032258064516 0.014285714285714285 0
1.2903225806451613 0.014285714285714285 0
1.4516129032258065 0.014285714285714285 0
1.6129032258064515 0.014285714285714285 0
1.774193548387097 0.014285714285714285 0
1.935483870967742 0.014285714285714285 0
2.096774193548387 0.014285714285714285 0
2.258064516129032 0.014285714285714285 0
2.4193548387096775 0.014285714285714285 0
2.5806451612903225 0.014285714285714285 0
2.7419354838709675 0.014285714285714285 0
2.903225806451613 0.014285714285714285 0
3.064516129032258 0.014285714285714285 0
3.225806451612903 0.014285714285714285 0
3.387096774193548 0.014285714285714285 0
3.5483870967741939 0.014285714285714285 0
3.709677419354839 0.014285714285714285 0
3.870967741935484 0.014285714285714285 0
4.032258064516129 0.014285714285714285 0
4.193548387096774 0.014285714285714285 0
4.354838709677419 0.014285714285714285 0
4.5161290322580641 0.014285714285714285 0
4.6774193548387091 0.014285714285714285 0
4.838709677419355 0.014285714285714285 0
5 0.014285714285714285 0
5.161290322580645 0.014285714285714285 0
5.32258064516129 0.014285714285714285 0
5.4838709677419351 0.014285714285714285 0
5.645161290322581 0.014285714285714285 0
5.806451612903226 0.014285714285714285 0
5.967741935483871 0.014285714285714285 0
6.129032258064516 0.014285714285714285 0
6.290322580645161 0.014285714285714285 0
6.4516129032258061 0.014285714285714285 0
6.6129032258064511 0.014285714285714285 0
6.7741935483870961 0.014285714285714285 0
6.935483870967742 0.014285714285714285 0
7.0967741935483879 0.014285714285714285 0
7.258064516129032 0.014285714285714285 0
7.4193548387096779 0.014285714285714285 0
7.5806451612903221 0.014285714285714285 0
7.741935483870968 0.014285714285714285 0
7.9032258064516121 0.014285714285714285 0
8.064516129032258 0.014285714285714285 0
8.2258064516129039 0.014285714285714285 0
8.387096774193548 0.014285714285714285 0
8.5483870967741939 0.014285714285714285 0
8.7096774193548381 0.014285714285714285 0
8.870967741935484 0.014285714285714285 0
9.0322580645161281 0.014285714285714285 0
9.193548387096774 0.014285714285714285 0
9.3548387096774182 0.014285714285714285 0
9.5161290322580641 0.014285714285714285 0
9.67741935483871 0.014285714285714285 0
9.8387096774193559 0.014285714285714285 0
10 0.014285714285714285 0
0 0.028571428571428571 0
0.16129032258064516 0.028571428571428571 0
0.32258064516129031 0.028571428571428571 0
0.4838709677419355 0.028571428571428571 0
0.64516129032258063 0.028571428571428571 0
0.80645161290322576 0.028571428571428571 0
0.967741935483871 0.028571428571428571 0
1.129032258064516 0.028571428571428571 0
1.2903225806451613 0.028571428571428571 0
1.4516129032258065 0.028571428571428571 0
1.6129032258064515 0.028571428571428571 0
1.774193548387097 0.028571428571428571 0
1.935483870967742 0.028571428571428571 0
2.096774193548387 0.028571428571428571 0
2.258064516129032 0.028571428571428571 0
2.4193548387096775 0.028571428571428571 0
2.5806451612903225 0.028571428571428571 0
2.7419354838709675 0.028571428571428571 0
2.903225806451613 0.028571428571428571 0
3.064516129032258 0.028571428571428571 0
3.225806451612903 0.028571428571428571 0
3.387096774193548 0.028571428571428571 0
3.5483870967741939 0.028571428571428571 0
3.709677419354839 0.028571428571428571 0
3.870967741935484 0.028571428571428571 0
4.032258064516129 0.028571428571428571 0
4.193548387096774 0.028571428571428571 0
4.354838709677419 0.028571428571428571 0
4.5161290322580641 0.028571428571428571 0
4.6774193548387091 0.028571428571428571 0
4.838709677419355 0.028571428571428571 0
5 0.028571428571428571 0
5.161290322580645 0.028571428571428571 0
5.32258064516129 0.028571428571428571 0
5.4838709677419351 0.028571428571428571 0
5.645161290322581 0.028571428571428571 0
5.806451612903226 0.028571428571428571 0
5.967741935483871 0.028571428571428571 0
6.129032258064516 0.028571428571428571 0
6.290322580645161 0.028571428571428571 0
6.4516129032258061 0.028571428571428571 0
6.6129032258064511 0.028571428571428571 0
6.7741935483870961 0.028571428571428571 0
6.935483870967742 0.028571428571428571 0
7.0967741935483879 0.028571428571428571 0
7.258064516129032 0.028571428571428571 0
7.4193548387096779 0.028571428571428571 0
7.5806451612903221 0.028571428571428571 0
7.741935483870968 0.028571428571428571 0
7.9032258064516121 0.028571428571428571 0
8.064516129032258 0.028571428571428571 0
8.2258064516129039 0.028571428571428571 0
8.387096774193548 0.028571428571428571 0
8.5483870967741939 0.028571428571428571 0
8.7096774193548381 0.028571428571428571 0
8.870967741935484 0.028571428571428571 0
9.0322580645161281 0.028571428571428571 0
9.193548387096774 0.028571428571428571 0
9.3548387096774182 0.028571428571428571 0
9.5161290322580641 0.028571428571428571 0
9.67741935483871 0.028571428571428571 0
9.8387096774193559 0.028571428571428571 0
10 0.028571428571428571 0
0 0.042857142857142858 0
0.16129032258064516 0.042857142857142858 0
0.32258064516129031 0.042857142857142858 0
0.4838709677419355 0.042857142857142858 0
0.64516129032258063 0.042857142857142858 0
0.80645161290322576 0.042857142857142858 0
0.967741935483871 0.042857142857142858 0
1.129032258064516 0.042857142857142858 0
1.2903225806451613 0.042857142857142858 0
1.4516129032258065 0.042857142857142858 0
1.6129032258064515 0.042857142857142858 0
1.774193548387097 0.042857142857142858 0
1.935483870967742 0.042857142857142858 0
2.096774193548387 0.042857142857142858 0
2.258064516129032 0.042857142857142858 0
2.4193548387096775 0.042857142857142858 0
2.5806451612903225 0.042857142857142858 0
2.7419354838709675 0.042857142857142858 0
2.903225806451613 0.042857142857142858 0
3.064516129032258 0.042857142857142858 0
3.225806451612903 0.042857142857142858 0
3.387096774193548 0.042857142857142858 0
3.5483870967741939 0.042857142857142858 0
3.709677419354839 0.042857142857142858 0
3.870967741935484 0.042857142857142858 0
4.032258064516129 0.042857142857142858 0
4.193548387096774 0.042857142857142858 0
4.354838709677419 0.042857142857142858 0
4.5161290322580641 0.042857142857142858 0
4.6774193548387091 0.042857142857142858 0
4.838709677419355 0.042857142857142858 0
5 0.042857142857142858 0
5.161290322580645 0.042857142857142858 0
5.32258064516129 0.042857142857142858 0
5.4838709677419351 0.042857142857142858 0
5.645161290322581 0.042857142857142858 0
5.806451612903226 0.042857142857142858 0
5.967741935483871 0.042857142857142858 0
6.129032258064516 0.042857142857142858 0
6.290322580645161 0.042857142857142858 0
6.4516129032258061 0.042857142857142858 0
6.6129032258064511 0.042857142857142858 0
6.7741935483870961 0.042857142857142858 0
6.935483870967742 0.042857142857142858 0
7.0967741935483879 0.042857142857142858 0
7.258064516129032 0.042857142857142858 0
7.4193548387096779 0.042857142857142858 0
7.5806451612903221 0.042857142857142858 0
7.741935483870968 0.042857142857142858 0
7.9032258064516121 0.042857142857142858 0
8.064516129032258 0.042857142857142858 0
8.2258064516129039 0.042857142857142858 0
8.387096774193548 0.042857142857142858 0
8.5483870967741939 0.042857142857142858 0
8.7096774193548381 0.042857142857142858 0
8.870967741935484 0.042857142857142858 0
9.0322580645161281 0.042857142857142858 0
9.193548387096774 0.042857142857142858 0
9.3548387096774182 0.042857142857142858 0
9.5161290322580641 0.042857142857142858 0
9.67741935483871 0.042857142857142858 0
9.8387096774193559 0.042857142857142858 0
10 0.042857142857142858 0
0 0.057142857142857141 0
0.16129032258064516 0.057142857142857141 0
0.32258064516129031 0.057142857142857141 0
0.4838709677419355 0.057142857142857141 0
0.64516129032258063 0.057142857142857141 0
0.80645161290322576 0.057142857142857141 0
0.967741935483871 0.057142857142857141 0
1.129032258064516 0.057142857142857141 0
1.2903225806451613 0.057142857142857141 0
1.4516129032258065 0.057142857142857141 0
1.6129032258064515 0.057142857142857141 0
1.774193548387097 0.057142857142857141 0
1.935483870967742 0.057142857142857141 0
2.096774193548387 0.057142857142857141 0
2.258064516129032 0.057142857142857141 0
2.4193548387096775 0.057142857142857141 0
2.5806451612903225 0.057142857142857141 0
2.7419354838709675 0.057142857142857141 0
2.903225806451613 0.057142857142857141 0
3.064516129032258 0.057142857142857141 0
3.225806451612903 0.057142857142857141 0
3.387096774193548 0.057142857142857141 0
3.5483870967741939 0.057142857142857141 0
3.709677419354839 0.057142857142857141 0
3.870967741935484 0.057142857142857141 0
4.032258064516129 0.057142857142857141 0
4.193548387096774 0.057142857142857141 0
4.354838709677419 0.057142857142857141 0
4.5161290322580641 0.057142857142857141 0
4.6774193548387091 0.057142857142857141 0
4.838709677419355 0.057142857142857141 0
5 0.057142857142857141 0
5.161290322580645 0.057142857142857141 0
5.32258064516129 0.057142857142857141 0
5.4838709677419351 0.057142857142857141 0
5.645161290322581 0.057142857142857141 0
5.806451612903226 0.057142857142857141 0
5.967741935483871 0.057142857142857141 0
6.129032258064516 0.057142857142857141 0
6.290322580645161 0.057142857142857141 0
6.4516129032258061 0.057142857142857141 0
6.6129032258064511 0.057142857142857141 0
6.7741935483870961 0.057142857142857141 0
6.935483870967742 0.057142857142857141 0
7.0967741935483879 0.057142857142857141 0
7.258064516129032 0.057142857142857141 0
7.4193548387096779 0.057142857142857141 0
7.5806451612903221 0.057142857142857141 0
7.741935483870968 0.057142857142857141 0
7.9032258064516121 0.057142857142857141 0
8.064516129032258 0.057142857142857141 0
8.2258064516129039 0.057142857142857141 0
8.387096774193548 0.057142857142857141 0
8.5483870967741939 0.057142857142857141 0
8.7096774193548381 0.057142857142857141 0
8.870967741935484 0.057142857142857141 0
9.0322580645161281 0.057142857142857141 0
9.193548387096774 0.057142857142857141 0
9.3548387096774182 0.057142857142857141 0
9.5161290322580641 0.057142857142857141 0
9.67741935483871 0.057142857142857141 0
9.8387096774193559 0.057142857142857141 0
10 0.057142857142857141 0
0 0.071428571428571425 0
0.16129032258064516 0.071428571428571425 0
0.32258064516129031 0.071428571428571425 0
0.4838709677419355 0.071428571428571425 0
0.64516129032258063 0.071428571428571425 0
0.80645161290322576 0.071428571428571425 0
0.967741935483871 0.071428571428571425 0
1.129032258064516 0.071428571428571425 0
1.2903225806451613 0.071428571428571425 0
1.4516129032258065 0.071428571428571425 0
1.6129032258064515 0.071428571428571425 0
1.774193548387097 0.071428571428571425 0
1.935483870967742 0.071428571428571425 0
2.096774193548387 0.071428571428571425 0
2.258064516129032 0.071428571428571425 0
2.4193548387096775 0.071428571428571425 0
2.5806451612903225 0.071428571428571425 0
2.7419354838709675 0.071428571428571425 0
2.903225806451613 0.071428571428571425 0
3.064516129032258 0.071428571428571425 0
3.225806451612903 0.071428571428571425 0
3.387096774193548 0.071428571428571425 0
3.5483870967741939 0.071428571428571425 0
3.709677419354839 0.071428571428571425 0
3.870967741935484 0.071428571428571425 0
4.032258064516129 0.071428571428571425 0
4.193548387096774 0.071428571428571425 0
4.354838709677419 0.071428571428571425 0
4.5161290322580641 0.071428571428571425 0
4.6774193548387091 0.071428571428571425 0
4.838709677419355 0.071428571428571425 0
5 0.071428571428571425 0
5.161290322580645 0.071428571428571425 0
5.32258064516129 0.071428571428571425 0
5.4838709677419351 0.071428571428571425 0
5.645161290322581 0.071428571428571425 0
5.806451612903226 0.071428571428571425 0
5.967741935483871 0.071428571428571425 0
6.129032258064516 0.071428571428571425 0
6.290322580645161 0.071428571428571425 0
6.4516129032258061 0.071428571428571425 0
6.6129032258064511 0.071428571428571425 0
6.7741935483870961 0.071428571428571425 0
6.935483870967742 0.071428571428571425 0
7.0967741935483879 0.071428571428571425 0
7.258064516129032 0.071428571428571425 0
7.4193548387096779 0.071428571428571425 0
7.5806451612903221 0.071428571428571425 0
7.741935483870968 0.071428571428571425 0
7.9032258064516121 0.071428571428571425 0
8.064516129032258 0.071428571428571425 0
8.2258064516129039 0.071428571428571425 0
8.387096774193548 0.071428571428571425 0
8.5483870967741939 0.071428571428571425 0
8.7096774193548381 0.071428571428571425 0
8.870967741935484 0.071428571428571425 0
9.0322580645161281 0.071428571428571425 0
9.193548387096774 0.071428571428571425 0
9.3548387096774182 0.071428571428571425 0
9.5161290322580641 0.071428571428571425 0
9.67741935483871 0.071428571428571425 0
9.8387096774193559 0.071428571428571425 0
10 0.071428571428571425 0
0 0.085714285714285715 0
0.16129032258064516 0.085714285714285715 0
0.32258064516129031 0.085714285714285715 0
0.4838709677419355 0.085714285714285715 0
0.64516129032258063 0.085714285714285715 0
0.80645161290322576 0.085714285714285715 0
0.967741935483871 0.085714285714285715 0
1.129032258064516 0.085714285714285715 0
1.2903225806451613 0.085714285714285715 0
1.4516129032258065 0.085714285714285715 0
1.6129032258064515 0.085714285714285715 0
1.774193548387097 0.085714285714285715 0
1.935483870967742 0.085714285714285715 0
2.096774193548387 0.085714285714285715 0
2.258064516129032 0.085714285714285715 0
2.4193548387096775 0.085714285714285715 0
2.5806451612903225 0.085714285714285715 0
2.7419354838709675 0.085714285714285715 0
2.903225806451613 0.085714285714285715 0
3.064516129032258 0.085714285714285715 0
3.225806451612903 0.085714285714285715 0
3.387096774193548 0.085714285714285715 0
3.5483870967741939 0.085714285714285715 0
3.709677419354839 0.085714285714285715 0
3.870967741935484 0.085714285714285715 0
4.032258064516129 0.085714285714285715 0
4.193548387096774 0.085714285714285715 0
4.354838709677419 0.085714285714285715 0
4.5161290322580641 0.085714285714285715 0
4.6774193548387091 0.085714285714285715 0
4.838709677419355 0.085714285714285715 0
5 0.085714285714285715 0
5.161290322580645 0.085714285714285715 0
5.32258064516129 0.085714285714285715 0
5.4838709677419351 0.085714285714285715 0
5.645161290322581 0.085714285714285715 0
5.806451612903226 0.085714285714285715 0
5.967741935483871 0.085714285714285715 0
6.129032258064516 0.085714285714285715 0
6.290322580645161 0.085714285714285715 0
6.4516129032258061 0.085714285714285715 0
6.6129032258064511 0.085714285714285715 0
6.7741935483870961 0.085714285714285715 0
6.935483870967742 0.085714285714285715 0
7.0967741935483879 0.085714285714285715 0
7.258064516129032 0.085714285714285715 0
7.4193548387096779 0.085714285714285715 0
7.5806451612903221 0.085714285714285715 0
7.741935483870968 0.085714285714285715 0
7.9032258064516121 0.085714285714285715 0
8.064516129032258 0.085714285714285715 0
8.2258064516129039 0.085714285714285715 0
8.387096774193548 0.085714285714285715 0
8.5483870967741939 0.085714285714285715 0
8.7096774193548381 0.085714285714285715 0
8.870967741935484 0.085714285714285715 0
9.0322580645161281 0.085714285714285715 0
9.193548387096774 0.085714285714285715 0
9.3548387096774182 0.085714285714285715 0
9.5161290322580641 0.085714285714285715 0
9.67741935483871 0.085714285714285715 0
9.8387096774193559 0.085714285714285715 0
10 0.085714285714285715 0
0 0.10000000000000001 0
0.16129032258064516 0.10000000000000001 0
0.32258064516129031 0.10000000000000001 0
0.4838709677419355 0.10000000000000001 0
0.64516129032258063 0.10000000000000001 0
0.80645161290322576 0.10000000000000001 0
0.967741935483871 0.10000000000000001 0
1.129032258064516 0.10000000000000001 0
1.2903225806451613 0.10000000000000001 0
1.4516129032258065 0.10000000000000001 0
1.6129032258064515 0.10000000000000001 0
1.774193548387097 0.10000000000000001 0
1.935483870967742 0.10000000000000001 0
2.096774193548387 0.10000000000000001 0
2.258064516129032 0.10000000000000001 0
2.4193548387096775 0.10000000000000001 0
2.5806451612903225 0.10000000000000001 0
2.7419354838709675 0.10000000000000001 0
2.903225806451613 0.10000000000000001 0
3.064516129032258 0.10000000000000001 0
3.225806451612903 0.10000000000000001 0
3.387096774193548 0.10000000000000001 0
3.5483870967741939 0.10000000000000001 0
3.709677419354839 0.10000000000000001 0
3.870967741935484 0.10000000000000001 0
4.032258064516129 0.10000000000000001 0
4.193548387096774 0.10000000000000001 0
4.354838709677419 0.10000000000000001 0
4.5161290322580641 0.10000000000000001 0
4.6774193548387091 0.10000000000000001 0
4.838709677419355 0.10000000000000001 0
5 0.10000000000000001 0
5.161290322580645 0.10000000000000001 0
5.32258064516129 0.10000000000000001 0
5.4838709677419351 0.10000000000000001 0
5.645161290322581 0.10000000000000001 0
5.806451612903226 0.10000000000000001 0
5.967741935483871 0.10000000000000001 0
6.129032258064516 0.10000000000000001 0
6.290322580645161 0.10000000000000001 0
6.4516129032258061 0.10000000000000001 0
6.6129032258064511 0.10000000000000001 0
6.7741935483870961 0.10000000000000001 0
6.935483870967742 0.10000000000000001 0
7.0967741935483879 0.10000000000000001 0
7.258064516129032 0.10000000000000001 0
7.4193548387096779 0.10000000000000001 0
7.5806451612903221 0.10000000000000001 0
7.741935483870968 0.10000000000000001 0
7.9032258064516121 0.10000000000000001 0
8.064516129032258 0.10000000000000001 0
8.2258064516129039 0.10000000000000001 0
8.387096774193548 0.10000000000000001 0
8.5483870967741939 0.10000000000000001 0
8.7096774193548381 0.10000000000000001 0
8.870967741935484 0.10000000000000001 0
9.0322580645161281 0.10000000000000001 0
9.193548387096774 0.10000000000000001 0
9.3548387096774182 0.10000000000000001 0
9.5161290322580641 0.10000000000000001 0
9.67741935483871 0.10000000000000001 0
9.8387096774193559 0.10000000000000001 0
10 0.10000000000000001 0
0 0.11428571428571428 0
0.16129032258064516 0.11428571428571428 0
0.32258064516129031 0.11428571428571428 0
0.4838709677419355 0.11428571428571428 0
0.64516129032258063 0.11428571428571428 0
0.80645161290322576 0.11428571428571428 0
0.967741935483871 0.11428571428571428 0
1.129032258064516 0.11428571428571428 0
1.2903225806451613 0.11428571428571428 0
1.4516129032258065 0.11428571428571428 0
1.6129032258064515 0.11428571428571428 0
1.774193548387097 0.11428571428571428 0
1.935483870967742 0.11428571428571428 0
2.096774193548387 0.11428571428571428 0
2.258064516129032 0.11428571428571428 0
2.4193548387096775 0.11428571428571428 0
2.5806451612903225 0.11428571428571428 0
2.7419354838709675 0.11428571428571428 0
2.903225806451613 0.11428571428571428 0
3.064516129032258 0.11428571428571428 0
3.225806451612903 0.11428571428571428 0
3.387096774193548 0.11428571428571428 0
3.5483870967741939 0.11428571428571428 0
3.709677419354839 0.11428571428571428 0
3.870967741935484 0.11428571428571428 0
4.032258064516129 0.11428571428571428 0
4.193548387096774 0.11428571428571428 0
4.354838709677419 0.11428571428571428 0
4.5161290322580641 0.11428571428571428 0
4.6774193548387091 0.11428571428571428 0
4.838709677419355 0.11428571428571428 0
5 0.11428571428571428 0
5.161290322580645 0.11428571428571428 0
5.32258064516129 0.11428571428571428 0
5.4838709677419351 0.11428571428571428 0
5.645161290322581 0.11428571428571428 0
5.806451612903226 0.11428571428571428 0
5.967741935483871 0.11428571428571428 0
6.129032258064516 0.11428571428571428 0
6.290322580645161 0.11428571428571428 0
6.4516129032258061 0.11428571428571428 0
6.6129032258064511 0.11428571428571428 0
6.7741935483870961 0.11428571428571428 0
6.935483870967742 0.11428571428571428 0
7.0967741935483879 0.11428571428571428 0
7.258064516129032 0.11428571428571428 0
7.4193548387096779 0.11428571428571428 0
7.5806451612903221 0.11428571428571428 0
7.741935483870968 0.11428571428571428 0
7.9032258064516121 0.11428571428571428 0
8.064516129032258 0.11428571428571428 0
8.2258064516129039 0.11428571428571428 0
8.387096774193548 0.11428571428571428 0
8.5483870967741939 0.11428571428571428 0
8.7096774193548381 0.11428571428571428 0
8.870967741935484 0.11428571428571428 0
9.0322580645161281 0.11428571428571428 0
9.193548387096774 0.11428571428571428 0
9.3548387096774182 0.11428571428571428 0
9.5161290322580641 0.11428571428571428 0
9.67741935483871 0.11428571428571428 0
9.8387096774193559 0.11428571428571428 0
10 0.11428571428571428 0
0 0.12857142857142856 0
0.16129032258064516 0.12857142857142856 0
0.32258064516129031 0.12857142857142856 0
0.4838709677419355 0.12857142857142856 0
0.64516129032258063 0.12857142857142856 0
0.80645161290322576 0.12857142857142856 0
0.967741935483871 0.12857142857142856 0
1.129032258064516 0.12857142857142856 0
1.2903225806451613 0.12857142857142856 0
1.4516129032258065 0.12857142857142856 0
1.6129032258064515 0.12857142857142856 0
1.774193548387097 0.12857142857142856 0
1.935483870967742 0.12857142857142856 0
2.096774193548387 0.12857142857142856 0
2.258064516129032 0.12857142857142856 0
2.4193548387096775 0.12857142857142856 0
2.5806451612903225 0.12857142857142856 0
2.7419354838709675 0.12857142857142856 0
2.903225806451613 0.12857142857142856 0
3.064516129032258 0.12857142857142856 0
3.225806451612903 0.12857142857142856 0
3.387096774193548 0.12857142857142856 0
3.5483870967741939 0.12857142857142856 0
3.709677419354839 0.12857142857142856 0
3.870967741935484 0.12857142857142856 0
4.032258064516129 0.12857142857142856 0
4.193548387096774 0.12857142857142856 0
4.354838709677419 0.12857142857142856 0
4.5161290322580641 0.12857142857142856 0
4.6774193548387091 0.12857142857142856 0
4.838709677419355 0.12857142857142856 0
5 0.12857142857142856 0
5.161290322580645 0.12857142857142856 0
5.32258064516129 0.12857142857142856 0
5.4838709677419351 0.12857142857142856 0
5.645161290322581 0.12857142857142856 0
5.806451612903226 0.12857142857142856 0
5.967741935483871 0.12857142857142856 0
6.129032258064516 0.12857142857142856 0
6.290322580645161 0.12857142857142856 0
6.4516129032258061 0.12857142857142856 0
6.6129032258064511 0.12857142857142856 0
6.7741935483870961 0.12857142857142856 0
6.935483870967742 0.12857142857142856 0
7.0967741935483879 0.12857142857142856 0
7.258064516129032 0.12857142857142856 0
7.4193548387096779 0.12857142857142856 0
7.5806451612903221 0.12857142857142856 0
7.741935483870968 0.12857142857142856 0
7.9032258064516121 0.12857142857142856 0
8.064516129032258 0.12857142857142856 0
8.2258064516129039 0.12857142857142856 0
8.387096774193548 0.12857142857142856 0
8.5483870967741939 0.12857142857142856 0
8.7096774193548381 0.12857142857142856 0
8.870967741935484 0.12857142857142856 0
9.0322580645161281 0.12857142857142856 0
9.193548387096774 0.12857142857142856 0
9.3548387096774182 0.12857142857142856 0
9.5161290322580641 0.12857142857142856 0
9.67741935483871 0.12857142857142856 0
9.8387096774193559 0.12857142857142856 0
10 0.12857142857142856 0
0 0.14285714285714285 0
0.16129032258064516 0.14285714285714285 0
0.32258064516129031 0.14285714285714285 0
0.4838709677419355 0.14285714285714285 0
0.64516129032258063 0.14285714285714285 0
0.80645161290322576 0.14285714285714285 0
0.967741935483871 0.14285714285714285 0
1.129032258064516 0.14285714285714285 0
1.2903225806451613 0.14285714285714285 0
1.4516129032258065 0.14285714285714285 0
1.6129032258064515 0.14285714285714285 0
1.774193548387097 0.14285714285714285 0
1.935483870967742 0.14285714285714285 0
2.096774193548387 0.14285714285714285 0
2.258064516129032 0.14285714285714285 0
2.4193548387096775 0.14285714285714285 0
2.5806451612903225 0.14285714285714285 0
2.7419354838709675 0.14285714285714285 0
2.903225806451613 0.14285714285714285 0
3.064516129032258 0.14285714285714285 0
3.225806451612903 0.14285714285714285 0
3.387096774193548 0.14285714285714285 0
3.5483870967741939 0.14285714285714285 0
3.709677419354839 0.14285714285714285 0
3.870967741935484 0.14285714285714285 0
4.032258064516129 0.14285714285714285 0
4.193548387096774 0.14285714285714285 0
4.354838709677419 0.14285714285714285 0
4.5161290322580641 0.14285714285714285 0
4.6774193548387091 0.14285714285714285 0
4.838709677419355 0.14285714285714285 0
5 0.14285714285714285 0
5.161290322580645 0.14285714285714285 0
5.32258064516129 0.14285714285714285 0
5.4838709677419351 0.14285714285714285 0
5.645161290322581 0.14285714285714285 0
5.806451612903226 0.14285714285714285 0
5.967741935483871 0.14285714285714285 0
6.129032258064516 0.14285714285714285 0
6.290322580645161 0.14285714285714285 0
6.4516129032258061 0.14285714285714285 0
6.6129032258064511 0.14285714285714285 0
6.7741935483870961 0.14285714285714285 0
6.935483870967742 0.14285714285714285 0
7.0967741935483879 0.14285714285714285 0
7.258064516129032 0.14285714285714285 0
7.4193548387096779 0.14285714285714285 0
7.5806451612903221 0.14285714285714285 0
7.741935483870968 0.14285714285714285 0
7.9032258064516121 0.14285714285714285 0
8.064516129032258 0.14285714285714285 0
8.2258064516129039 0.14285714285714285 0
8.387096774193548 0.14285714285714285 0
8.5483870967741939 0.14285714285714285 0
8.7096774193548381 0.14285714285714285 0
8.870967741935484 0.14285714285714285 0
9.0322580645161281 0.14285714285714285 0
9.193548387096774 0.14285714285714285 0
9.3548387096774182 0.14285714285714285 0
9.5161290322580641 0.14285714285714285 0
9.67741935483871 0.14285714285714285 0
9.8387096774193559 0.14285714285714285 0
10 0.14285714285714285 0
0 0.15714285714285714 0
0.16129032258064516 0.15714285714285714 0
0.32258064516129031 0.15714285714285714 0
0.4838709677419355 0.15714285714285714 0
0.64516129032258063 0.15714285714285714 0
0.80645161290322576 0.15714285714285714 0
0.967741935483871 0.15714285714285714 0
1.129032258064516 0.15714285714285714 0
1.2903225806451613 0.15714285714285714 0
1.4516129032258065 0.15714285714285714 0
1.6129032258064515 0.15714285714285714 0
1.774193548387097 0.15714285714285714 0
1.935483870967742 0.15714285714285714 0
2.096774193548387 0.15714285714285714 0
2.258064516129032 0.15714285714285714 0
2.4193548387096775 0.15714285714285714 0
2.5806451612903225 0.15714285714285714 0
2.7419354838709675 0.15714285714285714 0
2.903225806451613 0.15714285714285714 0
3.064516129032258 0.15714285714285714 0
3.225806451612903 0.15714285714285714 0
3.387096774193548 0.15714285714285714 0
3.5483870967741939 0.15714285714285714 0
3.709677419354839 0.15714285714285714 0
3.870967741935484 0.15714285714285714 0
4.032258064516129 0.15714285714285714 0
4.193548387096774 0.15714285714285714 0
4.354838709677419 0.15714285714285714 0
4.5161290322580641 0.15714285714285714 0
4.6774193548387091 0.15714285714285714 0
4.838709677419355 0.15714285714285714 0
5 0.15714285714285714 0
5.161290322580645 0.15714285714285714 0
5.32258064516129 0.15714285714285714 0
5.4838709677419351 0.15714285714285714 0
5.645161290322581 0.15714285714285714 0
5.806451612903226 0.15714285714285714 0
5.967741935483871 0.15714285714285714 0
6.129032258064516 0.15714285714285714 0
6.290322580645161 0.15714285714285714 0
6.4516129032258061 0.15714285714285714 0
6.6129032258064511 0.15714285714285714 0
6.7741935483870961 0.15714285714285714 0
6.935483870967742 0.15714285714285714 0
7.0967741935483879 0.15714285714285714 0
7.258064516129032 0.15714285714285714 0
7.4193548387096779 0.15714285714285714 0
7.5806451612903221 0.15714285714285714 0
7.741935483870968 0.15714285714285714 0
7.9032258064516121 0.15714285714285714 0
8.064516129032258 0.15714285714285714 0
8.2258064516129039 0.15714285714285714 0
8.387096774193548 0.15714285714285714 0
8.5483870967741939 0.15714285714285714 0
8.7096774193548381 0.15714285714285714 0
8.870967741935484 0.15714285714285714 0
9.0322580645161281 0.15714285714285714 0
9.193548387096774 0.15714285714285714 0
9.3548387096774182 0.15714285714285714 0
9.5161290322580641 0.15714285714285714 0
9.67741935483871 0.15714285714285714 0
9.8387096774193559 0.15714285714285714 0
10 0.15714285714285714 0
0 0.17142857142857143 0
0.16129032258064516 0.17142857142857143 0
0.32258064516129031 0.17142857142857143 0
0.4838709677419355 0.17142857142857143 0
0.64516129032258063 0.17142857142857143 0
0.80645161290322576 0.17142857142857143 0
0.967741935483871 0.17142857142857143 0
1.129032258064516 0.17142857142857143 0
1.2903225806451613 0.17142857142857143 0
1.4516129032258065 0.17142857142857143 0
1.6129032258064515 0.17142857142857143 0
1.774193548387097 0.17142857142857143 0
1.935483870967742 0.17142857142857143 0
2.096774193548387 0.17142857142857143 0
2.258064516129032 0.17142857142857143 0
2.4193548387096775 0.17142857142857143 0
2.5806451612903225 0.17142857142857143 0
2.7419354838709675 0.17142857142857143 0
2.903225806451613 0.17142857142857143 0
3.064516129032258 0.17142857142857143 0
3.225806451612903 0.17142857142857143 0
3.387096774193548 0.17142857142857143 0
3.5483870967741939 0.17142857142857143 0
3.709677419354839 0.17142857142857143 0
3.870967741935484 0.17142857142857143 0
4.032258064516129 0.17142857142857143 0
4.193548387096774 0.17142857142857143 0
4.354838709677419 0.17142857142857143 0
4.5161290322580641 0.17142857142857143 0
4.6774193548387091 0.17142857142857143 0
4.838709677419355 0.17142857142857143 0
5 0.17142857142857143 0
5.161290322580645 0.17142857142857143 0
5.32258064516129 0.17142857142857143 0
5.4838709677419351 0.17142857142857143 0
5.645161290322581 0.17142857142857143 0
5.806451612903226 0.17142857142857143 0
5.967741935483871 0.17142857142857143 0
6.129032258064516 0.17142857142857143 0
6.290322580645161 0.17142857142857143 0
6.4516129032258061 0.17142857142857143 0
6.6129032258064511 0.17142857142857143 0
6.7741935483870961 0.17142857142857143 0
6.935483870967742 0.17142857142857143 0
7.0967741935483879 0.17142857142857143 0
7.258064516129032 0.17142857142857143 0
7.4193548387096779 0.17142857142857143 0
7.5806451612903221 0.17142857142857143 0
7.741935483870968 0.17142857142857143 0
7.9032258064516121 0.17142857142857143 0
8.064516129032258 0.17142857142857143 0
8.2258064516129039 0.17142857142857143 0
8.387096774193548 0.17142857142857143 0
8.5483870967741939 0.17142857142857143 0
8.7096774193548381 0.17142857142857143 0
8.870967741935484 0.17142857142857143 0
9.0322580645161281 0.17142857142857143 0
9.193548387096774 0.17142857142857143 0
9.3548387096774182 0.17142857142857143 0
9.5161290322580641 0.17142857142857143 0
9.67741935483871 0.17142857142857143 0
9.8387096774193559 0.17142857142857143 0
10 0.17142857142857143 0
0 0.18571428571428572 0
0.16129032258064516 0.18571428571428572 0
0.32258064516129031 0.18571428571428572 0
0.4838709677419355 0.18571428571428572 0
0.64516129032258063 0.18571428571428572 0
0.80645161290322576 0.18571428571428572 0
0.967741935483871 0.18571428571428572 0
1.129032258064516 0.18571428571428572 0
1.2903225806451613 0.18571428571428572 0
1.4516129032258065 0.18571428571428572 0
1.6129032258064515 0.18571428571428572 0
1.774193548387097 0.18571428571428572 0
1.935483870967742 0.18571428571428572 0
2.096774193548387 0.18571428571428572 0
2.258064516129032 0.18571428571428572 0
2.4193548387096775 0.18571428571428572 0
2.5806451612903225 0.18571428571428572 0
2.7419354838709675 0.18571428571428572 0
2.903225806451613 0.18571428571428572 0
3.064516129032258 0.18571428571428572 0
3.225806451612903 0.18571428571428572 0
3.387096774193548 0.18571428571428572 0
3.5483870967741939 0.18571428571428572 0
3.709677419354839 0.18571428571428572 0
3.870967741935484 0.18571428571428572 0
4.032258064516129 0.18571428571428572 0
4.193548387096774 0.18571428571428572 0
4.354838709677419 0.18571428571428572 0
4.5161290322580641 0.18571428571428572 0
4.6774193548387091 0.18571428571428572 0
4.838709677419355 0.18571428571428572 0
5 0.18571428571428572 0
5.161290322580645 0.18571428571428572 0
5.32258064516129 0.18571428571428572 0
5.4838709677419351 0.18571428571428572 0
5.645161290322581 0.18571428571428572 0
5.806451612903226 0.18571428571428572 0
5.967741935483871 0.18571428571428572 0
6.129032258064516 0.18571428571428572 0
6.290322580645161 0.18571428571428572 0
6.4516129032258061 0.18571428571428572 0
6.6129032258064511 0.18571428571428572 0
6.7741935483870961 0.18571428571428572 0
6.935483870967742 0.18571428571428572 0
7.0967741935483879 0.18571428571428572 0
7.258064516129032 0.18571428571428572 0
7.4193548387096779 0.18571428571428572 0
7.5806451612903221 0.18571428571428572 0
7.741935483870968 0.18571428571428572 0
7.9032258064516121 0.18571428571428572 0
8.064516129032258 0.18571428571428572 0
8.2258064516129039 0.18571428571428572 0
8.387096774193548 0.18571428571428572 0
8.5483870967741939 0.18571428571428572 0
8.7096774193548381 0.18571428571428572 0
8.870967741935484 0.18571428571428572 0
9.0322580645161281 0.18571428571428572 0
9.193548387096774 0.18571428571428572 0
9.3548387096774182 0.18571428571428572 0
9.5161290322580641 0.18571428571428572 0
9.67741935483871 0.18571428571428572 0
9.8387096774193559 0.18571428571428572 0
10 0.18571428571428572 0
0 0.20000000000000001 0
0.16129032258064516 0.20000000000000001 0
0.32258064516129031 0.20000000000000001 0
0.4838709677419355 0.20000000000000001 0
0.64516129032258063 0.20000000000000001 0
0.80645161290322576 0.20000000000000001 0
0.967741935483871 0.20000000000000001 0
1.129032258064516 0.20000000000000001 0
1.2903225806451613 0.20000000000000001 0
1.4516129032258065 0.20000000000000001 0
1.6129032258064515 0.20000000000000001 0
1.774193548387097 0.20000000000000001 0
1.935483870967742 0.20000000000000001 0
2.096774193548387 0.20000000000000001 0
2.258064516129032 0.20000000000000001 0
2.4193548387096775 0.20000000000000001 0
2.5806451612903225 0.20000000000000001 0
2.7419354838709675 0.20000000000000001 0
2.903225806451613 0.20000000000000001 0
3.064516129032258 0.20000000000000001 0
3.225806451612903 0.20000000000000001 0
3.387096774193548 0.20000000000000001 0
3.5483870967741939 0.20000000000000001 0
3.709677419354839 0.20000000000000001 0
3.870967741935484 0.20000000000000001 0
4.032258064516129 0.20000000000000001 0
4.193548387096774 0.20000000000000001 0
4.354838709677419 0.20000000000000001 0
4.5161290322580641 0.20000000000000001 0
4.6774193548387091 0.20000000000000001 0
4.838709677419355 0.20000000000000001 0
5 0.20000000000000001 0
5.161290322580645 0.20000000000000001 0
5.32258064516129 0.20000000000000001 0
5.4838709677419351 0.20000000000000001 0
5.645161290322581 0.20000000000000001 0
5.806451612903226 0.20000000000000001 0
5.967741935483871 0.20000000000000001 0
6.129032258064516 0.20000000000000001 0
6.290322580645161 0.20000000000000001 0
6.4516129032258061 0.20000000000000001 0
6.6129032258064511 0.20000000000000001 0
6.7741935483870961 0.20000000000000001 0
6.935483870967742 0.20000000000000001 0
7.0967741935483879 0.20000000000000001 0
7.258064516129032 0.20000000000000001 0
7.4193548387096779 0.20000000000000001 0
7.5806451612903221 0.20000000000000001 0
7.741935483870968 0.20000000000000001 0
7.9032258064516121 0.20000000000000001 0
8.064516129032258 0.20000000000000001 0
8.2258064516129039 0.20000000000000001 0
8.387096774193548 0.20000000000000001 0
8.5483870967741939 0.20000000000000001 0
8.7096774193548381 0.20000000000000001 0
8.870967741935484 0.20000000000000001 0
9.0322580645161281 0.20000000000000001 0
9.193548387096774 0.20000000000000001 0
9.3548387096774182 0.20000000000000001 0
9.5161290322580641 0.20000000000000001 0
9.67741935483871 0.20000000000000001 0
9.8387096774193559 0.20000000000000001 0
10 0.20000000000000001 0
0 0.21428571428571427 0
0.16129032258064516 0.21428571428571427 0
0.32258064516129031 0.21428571428571427 0
0.4838709677419355 0.21428571428571427 0
0.64516129032258063 0.21428571428571427 0
0.80645161290322576 0.21428571428571427 0
0.967741935483871 0.21428571428571427 0
1.129032258064516 0.21428571428571427 0
1.2903225806451613 0.21428571428571427 0
1.4516129032258065 0.21428571428571427 0
1.6129032258064515 0.21428571428571427 0
1.774193548387097 0.21428571428571427 0
1.935483870967742 0.21428571428571427 0
2.096774193548387 0.21428571428571427 0
2.258064516129032 0.21428571428571427 0
2.4193548387096775 0.21428571428571427 0
2.5806451612903225 0.21428571428571427 0
2.7419354838709675 0.21428571428571427 0
2.903225806451613 0.21428571428571427 0
3.064516129032258 0.21428571428571427 0
3.225806451612903 0.21428571428571427 0
3.387096774193548 0.21428571428571427 0
3.5483870967741939 0.21428571428571427 0
3.709677419354839 0.21428571428571427 0
3.870967741935484 0.21428571428571427 0
4.032258064516129 0.21428571428571427 0
4.193548387096774 0.21428571428571427 0
4.354838709677419 0.21428571428571427 0
4.5161290322580641 0.21428571428571427 0
4.6774193548387091 0.21428571428571427 0
4.838709677419355 0.21428571428571427 0
5 0.21428571428571427 0
5.161290322580645 0.21428571428571427 0
5.32258064516129 0.21428571428571427 0
5.4838709677419351 0.21428571428571427 0
5.645161290322581 0.21428571428571427 0
5.806451612903226 0.21428571428571427 0
5.967741935483871 0.21428571428571427 0
6.129032258064516 0.21428571428571427 0
6.290322580645161 0.21428571428571427 0
6.4516129032258061 0.21428571428571427 0
6.6129032258064511 0.21428571428571427 0
6.7741935483870961 0.21428571428571427 0
6.935483870967742 0.21428571428571427 0
7.0967741935483879 0.21428571428571427 0
7.258064516129032 0.21428571428571427 0
7.4193548387096779 0.21428571428571427 0
7.5806451612903221 0.21428571428571427 0
7.741935483870968 0.21428571428571427 0
7.9032258064516121 0.21428571428571427 0
8.064516129032258 0.21428571428571427 0
8.2258064516129039 0.21428571428571427 0
8.387096774193548 0.21428571428571427 0
8.5483870967741939 0.21428571428571427 0
8.7096774193548381 0.21428571428571427 0
8.870967741935484 0.21428571428571427 0
9.0322580645161281 0.21428571428571427 0
9.193548387096774 0.21428571428571427 0
9.3548387096774182 0.21428571428571427 0
9.5161290322580641 0.21428571428571427 0
9.67741935483871 0.21428571428571427 0
9.8387096774193559 0.21428571428571427 0
10 0.21428571428571427 0
0 0.22857142857142856 0
0.16129032258064516 0.22857142857142856 0
0.32258064516129031 0.22857142857142856 0
0.4838709677419355 0.22857142857142856 0
0.64516129032258063 0.22857142857142856 0
0.80645161290322576 0.22857142857142856 0
0.967741935483871 0.22857142857142856 0
1.129032258064516 0.22857142857142856 0
1.2903225806451613 0.22857142857142856 0
1.4516129032258065 0.22857142857142856 0
1.6129032258064515 0.22857142857142856 0
1.774193548387097 0.22857142857142856 0
1.935483870967742 0.22857142857142856 0
2.096774193548387 0.22857142857142856 0
2.258064516129032 0.22857142857142856 0
2.4193548387096775 0.22857142857142856 0
2.5806451612903225 0.22857142857142856 0
2.7419354838709675 0.22857142857142856 0
2.903225806451613 0.22857142857142856 0
3.064516129032258 0.22857142857142856 0
3.225806451612903 0.22857142857142856 0
3.387096774193548 0.22857142857142856 0
3.5483870967741939 0.22857142857142856 0
3.709677419354839 0.22857142857142856 0
3.870967741935484 0.22857142857142856 0
4.032258064516129 0.22857142857142856 0
4.193548387096774 0.22857142857142856 0
4.354838709677419 0.22857142857142856 0
4.5161290322580641 0.22857142857142856 0
4.6774193548387091 0.22857142857142856 0
4.838709677419355 0.22857142857142856 0
5 0.22857142857142856 0
5.161290322580645 0.22857142857142856 0
5.32258064516129 0.22857142857142856 0
5.4838709677419351 0.22857142857142856 0
5.645161290322581 0.22857142857142856 0
5.806451612903226 0.22857142857142856 0
5.967741935483871 0.22857142857142856 0
6.129032258064516 0.22857142857142856 0
6.290322580645161 0.22857142857142856 0
6.4516129032258061 0.22857142857142856 0
6.6129032258064511 0.22857142857142856 0
6.7741935483870961 0.22857142857142856 0
6.935483870967742 0.22857142857142856 0
7.0967741935483879 0.22857142857142856 0
7.258064516129032 0.22857142857142856 0
7.4193548387096779 0.22857142857142856 0
7.5806451612903221 0.22857142857142856 0
7.741935483870968 0.22857142857142856 0
7.9032258064516121 0.22857142857142856 0
8.064516129032258 0.22857142857142856 0
8.2258064516129039 0.22857142857142856 0
8.387096774193548 0.22857142857142856 0
8.5483870967741939 0.22857142857142856 0
8.7096774193548381 0.22857142857142856 0
8.870967741935484 0.22857142857142856 0
9.0322580645161281 0.22857142857142856 0
9.193548387096774 0.22857142857142856 0
9.3548387096774182 0.22857142857142856 0
9.5161290322580641 0.22857142857142856 0
9.67741935483871 0.22857142857142856 0
9.8387096774193559 0.22857142857142856 0
10 0.22857142857142856 0
0 0.24285714285714285 0
0.16129032258064516 0.24285714285714285 0
0.32258064516129031 0.24285714285714285 0
0.4838709677419355 0.24285714285714285 0
0.64516129032258063 0.24285714285714285 0
0.80645161290322576 0.24285714285714285 0
0.967741935483871 0.24285714285714285 0
1.129032258064516 0.24285714285714285 0
1.2903225806451613 0.24285714285714285 0
1.4516129032258065 0.24285714285714285 0
1.6129032258064515 0.24285714285714285 0
1.774193548387097 0.24285714285714285 0
1.935483870967742 0.24285714285714285 0
2.096774193548387 0.24285714285714285 0
2.258064516129032 0.24285714285714285 0
2.4193548387096775 0.24285714285714285 0
2.5806451612903225 0.24285714285714285 0
2.7419354838709675 0.24285714285714285 0
2.903225806451613 0.24285714285714285 0
3.064516129032258 0.24285714285714285 0
3.225806451612903 0.24285714285714285 0
3.387096774193548 0.24285714285714285 0
3.5483870967741939 0.24285714285714285 0
3.709677419354839 0.24285714285714285 0
3.870967741935484 0.24285714285714285 0
4.032258064516129 0.24285714285714285 0
4.193548387096774 0.24285714285714285 0
4.354838709677419 0.24285714285714285 0
4.5161290322580641 0.24285714285714285 0
4.6774193548387091 0.24285714285714285 0
4.838709677419355 0.24285714285714285 0
5 0.24285714285714285 0
5.161290322580645 0.24285714285714285 0
5.32258064516129 0.24285714285714285 0
5.4838709677419351 0.24285714285714285 0
5.645161290322581 0.24285714285714285 0
5.806451612903226 0.24285714285714285 0
5.967741935483871 0.24285714285714285 0
6.129032258064516 0.24285714285714285 0
6.290322580645161 0.24285714285714285 0
6.4516129032258061 0.24285714285714285 0
6.6129032258064511 0.24285714285714285 0
6.7741935483870961 0.24285714285714285 0
6.935483870967742 0.24285714285714285 0
7.0967741935483879 0.24285714285714285 0
7.258064516129032 0.24285714285714285 0
7.4193548387096779 0.24285714285714285 0
7.5806451612903221 0.24285714285714285 0
7.741935483870968 0.24285714285714285 0
7.9032258064516121 0.24285714285714285 0
8.064516129032258 0.24285714285714285 0
8.2258064516129039 0.24285714285714285 0
8.387096774193548 0.24285714285714285 0
8.5483870967741939 0.24285714285714285 0
8.7096774193548381 0.24285714285714285 0
8.870967741935484 0.24285714285714285 0
9.0322580645161281 0.24285714285714285 0
9.193548387096774 0.24285714285714285 0
9.3548387096774182 0.24285714285714285 0
9.5161290322580641 0.24285714285714285 0
9.67741935483871 0.24285714285714285 0
9.8387096774193559 0.24285714285714285 0
10 0.24285714285714285 0
0 0.25714285714285712 0
0.16129032258064516 0.25714285714285712 0
0.32258064516129031 0.25714285714285712 0
0.4838709677419355 0.25714285714285712 0
0.64516129032258063 0.25714285714285712 0
0.80645161290322576 0.25714285714285712 0
0.967741935483871 0.25714285714285712 0
1.129032258064516 0.25714285714285712 0
1.2903225806451613 0.25714285714285712 0
1.4516129032258065 0.25714285714285712 0
1.6129032258064515 0.25714285714285712 0
1.774193548387097 0.25714285714285712 0
1.935483870967742 0.25714285714285712 0
2.096774193548387 0.25714285714285712 0
2.258064516129032 0.25714285714285712 0
2.4193548387096775 0.25714285714285712 0
2.5806451612903225 0.25714285714285712 0
2.7419354838709675 0.25714285714285712 0
2.903225806451613 0.25714285714285712 0
3.064516129032258 0.25714285714285712 0
3.225806451612903 0.25714285714285712 0
3.387096774193548 0.25714285714285712 0
3.5483870967741939 0.25714285714285712 0
3.709677419354839 0.25714285714285712 0
3.870967741935484 0.25714285714285712 0
4.032258064516129 0.25714285714285712 0
4.193548387096774 0.25714285714285712 0
4.354838709677419 0.25714285714285712 0
4.5161290322580641 0.25714285714285712 0
4.6774193548387091 0.25714285714285712 0
4.838709677419355 0.25714285714285712 0
5 0.25714285714285712 0
5.161290322580645 0.25714285714285712 0
5.32258064516129 0.25714285714285712 0
5.4838709677419351 0.25714285714285712 0
5.645161290322581 0.25714285714285712 0
5.806451612903226 0.25714285714285712 0
5.967741935483871 0.25714285714285712 0
6.129032258064516 0.25714285714285712 0
6.290322580645161 0.25714285714285712 0
6.4516129032258061 0.25714285714285712 0
6.6129032258064511 0.25714285714285712 0
6.7741935483870961 0.25714285714285712 0
6.935483870967742 0.25714285714285712 0
7.0967741935483879 0.25714285714285712 0
7.258064516129032 0.25714285714285712 0
7.4193548387096779 0.25714285714285712 0
7.5806451612903221 0.25714285714285712 0
7.741935483870968 0.25714285714285712 0
7.9032258064516121 0.25714285714285712 0
8.064516129032258 0.25714285714285712 0
8.2258064516129039 0.25714285714285712 0
8.387096774193548 0.25714285714285712 0
8.5483870967741939 0.25714285714285712 0
8.7096774193548381 0.25714285714285712 0
8.870967741935484 0.25714285714285712 0
9.0322580645161281 0.25714285714285712 0
9.193548387096774 0.25714285714285712 0
9.3548387096774182 0.25714285714285712 0
9.5161290322580641 0.25714285714285712 0
9.67741935483871 0.25714285714285712 0
9.8387096774193559 0.25714285714285712 0
10 0.25714285714285712 0
0 0.27142857142857141 0
0.16129032258064516 0.27142857142857141 0
0.32258064516129031 0.27142857142857141 0
0.4838709677419355 0.27142857142857141 0
0.64516129032258063 0.27142857142857141 0
0.80645161290322576 0.27142857142857141 0
0.967741935483871 0.27142857142857141 0
1.129032258064516 0.27142857142857141 0
1.2903225806451613 0.27142857142857141 0
1.4516129032258065 0.27142857142857141 0
1.6129032258064515 0.27142857142857141 0
1.774193548387097 0.27142857142857141 0
1.935483870967742 0.27142857142857141 0
2.096774193548387 0.27142857142857141 0
2.258064516129032 0.27142857142857141 0
2.4193548387096775 0.27142857142857141 0
2.5806451612903225 0.27142857142857141 0
2.7419354838709675 0.27142857142857141 0
2.903225806451613 0.27142857142857141 0
3.064516129032258 0.27142857142857141 0
3.225806451612903 0.27142857142857141 0
3.387096774193548 0.27142857142857141 0
3.5483870967741939 0.27142857142857141 0
3.709677419354839 0.27142857142857141 0
3.870967741935484 0.27142857142857141 0
4.032258064516129 0.27142857142857141 0
4.193548387096774 0.27142857142857141 0
4.354838709677419 0.27142857142857141 0
4.5161290322580641 0.27142857142857141 0
4.6774193548387091 0.27142857142857141 0
4.838709677419355 0.27142857142857141 0
5 0.27142857142857141 0
5.161290322580645 0.27142857142857141 0
5.32258064516129 0.27142857142857141 0
5.4838709677419351 0.27142857142857141 0
5.645161290322581 0.27142857142857141 0
5.806451612903226 0.27142857142857141 0
5.967741935483871 0.27142857142857141 0
6.129032258064516 0.27142857142857141 0
6.290322580645161 0.27142857142857141 0
6.4516129032258061 0.27142857142857141 0
6.6129032258064511 0.27142857142857141 0
6.7741935483870961 0.27142857142857141 0
6.935483870967742 0.27142857142857141 0
7.0967741935483879 0.27142857142857141 0
7.258064516129032 0.27142857142857141 0
7.4193548387096779 0.27142857142857141 0
7.5806451612903221 0.27142857142857141 0
7.741935483870968 0.27142857142857141 0
7.9032258064516121 0.27142857142857141 0
8.064516129032258 0.27142857142857141 0
8.2258064516129039 0.27142857142857141 0
8.387096774193548 0.27142857142857141 0
8.5483870967741939 0.27142857142857141 0
8.7096774193548381 0.27142857142857141 0
8.870967741935484 0.27142857142857141 0
9.0322580645161281 0.27142857142857141 0
9.193548387096774 0.27142857142857141 0
9.3548387096774182 0.27142857142857141 0
9.5161290322580641 0.27142857142857141 0
9.67741935483871 0.27142857142857141 0
9.8387096774193559 0.27142857142857141 0
10 0.27142857142857141 0
0 0.2857142857142857 0
0.16129032258064516 0.2857142857142857 0
0.32258064516129031 0.2857142857142857 0
0.4838709677419355 0.2857142857142857 0
0.64516129032258063 0.2857142857142857 0
0.80645161290322576 0.2857142857142857 0
0.967741935483871 0.2857142857142857 0
1.129032258064516 0.2857142857142857 0
1.2903225806451613 0.2857142857142857 0
1.4516129032258065 0.2857142857142857 0
1.6129032258064515 0.2857142857142857 0
1.774193548387097 0.2857142857142857 0
1.935483870967742 0.2857142857142857 0
2.096774193548387 0.2857142857142857 0
2.258064516129032 0.2857142857142857 0
2.4193548387096775 0.2857142857142857 0
2.5806451612903225 0.2857142857142857 0
2.7419354838709675 0.2857142857142857 0
2.903225806451613 0.2857142857142857 0
3.064516129032258 0.2857142857142857 0
3.225806451612903 0.2857142857142857 0
3.387096774193548 0.2857142857142857 0
3.5483870967741939 0.2857142857142857 0
3.709677419354839 0.2857142857142857 0
3.870967741935484 0.2857142857142857 0
4.032258064516129 0.2857142857142857 0
4.193548387096774 0.2857142857142857 0
4.354838709677419 0.2857142857142857 0
4.5161290322580641 0.2857142857142857 0
4.6774193548387091 0.2857142857142857 0
4.838709677419355 0.2857142857142857 0
5 0.2857142857142857 0
5.161290322580645 0.2857142857142857 0
5.32258064516129 0.2857142857142857 0
5.4838709677419351 0.2857142857142857 0
5.645161290322581 0.2857142857142857 0
5.806451612903226 0.2857142857142857 0
5.967741935483871 0.2857142857142857 0
6.129032258064516 0.2857142857142857 0
6.290322580645161 0.2857142857142857 0
6.4516129032258061 0.2857142857142857 0
6.6129032258064511 0.2857142857142857 0
6.7741935483870961 0.2857142857142857 0
6.935483870967742 0.2857142857142857 0
7.0967741935483879 0.2857142857142857 0
7.258064516129032 0.2857142857142857 0
7.4193548387096779 0.2857142857142857 0
7.5806451612903221 0.2857142857142857 0
7.741935483870968 0.2857142857142857 0
7.9032258064516121 0.2857142857142857 0
8.064516129032258 0.2857142857142857 0
8.2258064516129039 0.2857142857142857 0
8.387096774193548 0.2857142857142857 0
8.5483870967741939 0.2857142857142857 0
8.7096774193548381 0.2857142857142857 0
8.870967741935484 0.2857142857142857 0
9.0322580645161281 0.2857142857142857 0
9.193548387096774 0.2857142857142857 0
9.3548387096774182 0.2857142857142857 0
9.5161290322580641 0.2857142857142857 0
9.67741935483871 0.2857142857142857 0
9.8387096774193559 0.2857142857142857 0
10 0.2857142857142857 0
0 0.29999999999999999 0
0.16129032258064516 0.29999999999999999 0
0.32258064516129031 0.29999999999999999 0
0.4838709677419355 0.29999999999999999 0
0.64516129032258063 0.29999999999999999 0
0.80645161290322576 0.29999999999999999 0
0.967741935483871 0.29999999999999999 0
1.129032258064516 0.29999999999999999 0
1.2903225806451613 0.29999999999999999 0
1.4516129032258065 0.29999999999999999 0
1.6129032258064515 0.29999999999999999 0
1.774193548387097 0.29999999999999999 0
1.935483870967742 0.29999999999999999 0
2.096774193548387 0.29999999999999999 0
2.258064516129032 0.29999999999999999 0
2.4193548387096775 0.29999999999999999 0
2.5806451612903225 0.29999999999999999 0
2.7419354838709675 0.29999999999999999 0
2.903225806451613 0.29999999999999999 0
3.064516129032258 0.29999999999999999 0
3.225806451612903 0.29999999999999999 0
3.387096774193548 0.29999999999999999 0
3.5483870967741939 0.29999999999999999 0
3.709677419354839 0.29999999999999999 0
3.870967741935484 0.29999999999999999 0
4.032258064516129 0.29999999999999999 0
4.193548387096774 0.29999999999999999 0
4.354838709677419 0.29999999999999999 0
4.5161290322580641 0.29999999999999999 0
4.6774193548387091 0.29999999999999999 0
4.838709677419355 0.29999999999999999 0
5 0.29999999999999999 0
5.161290322580645 0.29999999999999999 0
5.32258064516129 0.29999999999999999 0
5.4838709677419351 0.29999999999999999 0
5.645161290322581 0.29999999999999999 0
5.806451612903226 0.29999999999999999 0
5.967741935483871 0.29999999999999999 0
6.129032258064516 0.29999999999999999 0
6.290322580645161 0.29999999999999999 0
6.4516129032258061 0.29999999999999999 0
6.6129032258064511 0.29999999999999999 0
6.7741935483870961 0.29999999999999999 0
6.935483870967742 0.29999999999999999 0
7.0967741935483879 0.29999999999999999 0
7.258064516129032 0.29999999999999999 0
7.4193548387096779 0.29999999999999999 0
7.5806451612903221 0.29999999999999999 0
7.741935483870968 0.29999999999999999 0
7.9032258064516121 0.29999999999999999 0
8.064516129032258 0.29999999999999999 0
8.2258064516129039 0.29999999999999999 0
8.387096774193548 0.29999999999999999 0
8.5483870967741939 0.29999999999999999 0
8.7096774193548381 0.29999999999999999 0
8.870967741935484 0.29999999999999999 0
9.0322580645161281 0.29999999999999999 0
9.193548387096774 0.29999999999999999 0
9.3548387096774182 0.29999999999999999 0
9.5161290322580641 0.29999999999999999 0
9.67741935483871 0.29999999999999999 0
9.8387096774193559 0.29999999999999999 0
10 0.29999999999999999 0
0 0.31428571428571428 0
0.16129032258064516 0.31428571428571428 0
0.32258064516129031 0.31428571428571428 0
0.4838709677419355 0.31428571428571428 0
0.64516129032258063 0.31428571428571428 0
0.80645161290322576 0.31428571428571428 0
0.967741935483871 0.31428571428571428 0
1.129032258064516 0.31428571428571428 0
1.2903225806451613 0.31428571428571428 0
1.4516129032258065 0.31428571428571428 0
1.6129032258064515 0.31428571428571428 0
1.774193548387097 0.31428571428571428 0
1.935483870967742 0.31428571428571428 0
2.096774193548387 0.31428571428571428 0
2.258064516129032 0.31428571428571428 0
2.4193548387096775 0.31428571428571428 0
2.5806451612903225 0.31428571428571428 0
2.7419354838709675 0.31428571428571428 0
2.903225806451613 0.31428571428571428 0
3.064516129032258 0.31428571428571428 0
3.225806451612903 0.31428571428571428 0
3.387096774193548 0.31428571428571428 0
3.5483870967741939 0.31428571428571428 0
3.709677419354839 0.31428571428571428 0
3.870967741935484 0.31428571428571428 0
4.032258064516129 0.31428571428571428 0
4.193548387096774 0.31428571428571428 0
4.354838709677419 0.31428571428571428 0
4.5161290322580641 0.31428571428571428 0
4.6774193548387091 0.31428571428571428 0
4.838709677419355 0.31428571428571428 0
5 0.31428571428571428 0
5.161290322580645 0.31428571428571428 0
5.32258064516129 0.31428571428571428 0
5.4838709677419351 0.31428571428571428 0
5.645161290322581 0.31428571428571428 0
5.806451612903226 0.31428571428571428 0
5.967741935483871 0.31428571428571428 0
6.129032258064516 0.31428571428571428 0
6.290322580645161 0.31428571428571428 0
6.4516129032258061 0.31428571428571428 0
6.6129032258064511 0.31428571428571428 0
6.7741935483870961 0.31428571428571428 0
6.935483870967742 0.31428571428571428 0
7.0967741935483879 0.31428571428571428 0
7.258064516129032 0.31428571428571428 0
7.4193548387096779 0.31428571428571428 0
7.5806451612903221 0.31428571428571428 0
7.741935483870968 0.31428571428571428 0
7.9032258064516121 0.31428571428571428 0
8.064516129032258 0.31428571428571428 0
8.2258064516129039 0.31428571428571428 0
8.387096774193548 0.31428571428571428 0
8.5483870967741939 0.31428571428571428 0
8.7096774193548381 0.31428571428571428 0
8.870967741935484 0.31428571428571428 0
9.0322580645161281 0.31428571428571428 0
9.193548387096774 0.31428571428571428 0
9.3548387096774182 0.31428571428571428 0
9.5161290322580641 0.31428571428571428 0
9.67741935483871 0.31428571428571428 0
9.8387096774193559 0.31428571428571428 0
10 0.31428571428571428 0
0 0.32857142857142857 0
0.16129032258064516 0.32857142857142857 0
0.32258064516129031 0.32857142857142857 0
0.4838709677419355 0.32857142857142857 0
0.64516129032258063 0.32857142857142857 0
0.80645161290322576 0.32857142857142857 0
0.967741935483871 0.32857142857142857 0
1.129032258064516 0.32857142857142857 0
1.2903225806451613 0.32857142857142857 0
1.4516129032258065 0.32857142857142857 0
1.6129032258064515 0.32857142857142857 0
1.774193548387097 0.32857142857142857 0
1.935483870967742 0.32857142857142857 0
2.096774193548387 0.32857142857142857 0
2.258064516129032 0.32857142857142857 0
2.4193548387096775 0.32857142857142857 0
2.5806451612903225 0.32857142857142857 0
2.7419354838709675 0.32857142857142857 0
2.903225806451613 0.32857142857142857 0
3.064516129032258 0.32857142857142857 0
3.225806451612903 0.32857142857142857 0
3.387096774193548 0.32857142857142857 0
3.5483870967741939 0.32857142857142857 0
3.709677419354839 0.32857142857142857 0
3.870967741935484 0.32857142857142857 0
4.032258064516129 0.32857142857142857 0
4.193548387096774 0.32857142857142857 0
4.354838709677419 0.32857142857142857 0
4.5161290322580641 0.32857142857142857 0
4.6774193548387091 0.32857142857142857 0
4.838709677419355 0.32857142857142857 0
5 0.32857142857142857 0
5.161290322580645 0.32857142857142857 0
5.32258064516129 0.32857142857142857 0
5.4838709677419351 0.32857142857142857 0
5.645161290322581 0.32857142857142857 0
5.806451612903226 0.32857142857142857 0
5.967741935483871 0.32857142857142857 0
6.129032258064516 0.32857142857142857 0
6.290322580645161 0.32857142857142857 0
6.4516129032258061 0.32857142857142857 0
6.6129032258064511 0.32857142857142857 0
6.7741935483870961 0.32857142857142857 0
6.935483870967742 0.32857142857142857 0
7.0967741935483879 0.32857142857142857 0
7.258064516129032 0.32857142857142857 0
7.4193548387096779 0.32857142857142857 0
7.5806451612903221 0.32857142857142857 0
7.741935483870968 0.32857142857142857 0
7.9032258064516121 0.32857142857142857 0
8.064516129032258 0.32857142857142857 0
8.2258064516129039 0.32857142857142857 0
8.387096774193548 0.32857142857142857 0
8.5483870967741939 0.32857142857142857 0
8.7096774193548381 0.32857142857142857 0
8.870967741935484 0.32857142857142857 0
9.0322580645161281 0.32857142857142857 0
9.193548387096774 0.32857142857142857 0
9.3548387096774182 0.32857142857142857 0
9.5161290322580641 0.32857142857142857 0
9.67741935483871 0.32857142857142857 0
9.8387096774193559 0.32857142857142857 0
10 0.32857142857142857 0
0 0.34285714285714286 0
0.16129032258064516 0.34285714285714286 0
0.32258064516129031 0.34285714285714286 0
0.4838709677419355 0.34285714285714286 0
0.64516129032258063 0.34285714285714286 0
0.80645161290322576 0.34285714285714286 0
0.967741935483871 0.34285714285714286 0
1.129032258064516 0.34285714285714286 0
1.2903225806451613 0.34285714285714286 0
1.4516129032258065 0.34285714285714286 0
1.6129032258064515 0.34285714285714286 0
1.774193548387097 0.34285714285714286 0
1.935483870967742 0.34285714285714286 0
2.096774193548387 0.34285714285714286 0
2.258064516129032 0.34285714285714286 0
2.4193548387096775 0.34285714285714286 0
2.5806451612903225 0.34285714285714286 0
2.7419354838709675 0.34285714285714286 0
2.903225806451613 0.34285714285714286 0
3.064516129032258 0.34285714285714286 0
3.225806451612903 0.34285714285714286 0
3.387096774193548 0.34285714285714286 0
3.5483870967741939 0.34285714285714286 0
3.709677419354839 0.34285714285714286 0
3.870967741935484 0.34285714285714286 0
4.032258064516129 0.34285714285714286 0
4.193548387096774 0.34285714285714286 0
4.354838709677419 0.34285714285714286 0
4.5161290322580641 0.34285714285714286 0
4.6774193548387091 0.34285714285714286 0
4.838709677419355 0.34285714285714286 0
5 0.34285714285714286 0
5.161290322580645 0.34285714285714286 0
5.32258064516129 0.34285714285714286 0
5.4838709677419351 0.34285714285714286 0
5.645161290322581 0.34285714285714286 0
5.806451612903226 0.34285714285714286 0
5.967741935483871 0.34285714285714286 0
6.129032258064516 0.34285714285714286 0
6.290322580645161 0.34285714285714286 0
6.4516129032258061 0.34285714285714286 0
6.6129032258064511 0.34285714285714286 0
6.7741935483870961 0.34285714285714286 0
6.935483870967742 0.34285714285714286 0
7.0967741935483879 0.34285714285714286 0
7.258064516129032 0.34285714285714286 0
7.4193548387096779 0.34285714285714286 0
7.5806451612903221 0.34285714285714286 0
7.741935483870968 0.34285714285714286 0
7.9032258064516121 0.34285714285714286 0
8.064516129032258 0.34285714285714286 0
8.2258064516129039 0.34285714285714286 0
8.387096774193548 0.34285714285714286 0
8.5483870967741939 0.34285714285714286 0
8.7096774193548381 0.34285714285714286 0
8.870967741935484 0.34285714285714286 0
9.0322580645161281 0.34285714285714286 0
9.193548387096774 0.34285714285714286 0
9.3548387096774182 0.34285714285714286 0
9.5161290322580641 0.34285714285714286 0
9.67741935483871 0.34285714285714286 0
9.8387096774193559 0.34285714285714286 0
10 0.34285714285714286 0
0 0.35714285714285715 0
0.16129032258064516 0.35714285714285715 0
0.32258064516129031 0.35714285714285715 0
0.4838709677419355 0.35714285714285715 0
0.64516129032258063 0.35714285714285715 0
0.80645161290322576 0.35714285714285715 0
0.967741935483871 0.35714285714285715 0
1.129032258064516 0.35714285714285715 0
1.2903225806451613 0.35714285714285715 0
1.4516129032258065 0.35714285714285715 0
1.6129032258064515 0.35714285714285715 0
1.774193548387097 0.35714285714285715 0
1.935483870967742 0.35714285714285715 0
2.096774193548387 0.35714285714285715 0
2.258064516129032 0.35714285714285715 0
2.4193548387096775 0.35714285714285715 0
2.5806451612903225 0.35714285714285715 0
2.7419354838709675 0.35714285714285715 0
2.903225806451613 0.35714285714285715 0
3.064516129032258 0.35714285714285715 0
3.225806451612903 0.35714285714285715 0
3.387096774193548 0.35714285714285715 0
3.5483870967741939 0.35714285714285715 0
3.709677419354839 0.35714285714285715 0
3.870967741935484 0.35714285714285715 0
4.032258064516129 0.35714285714285715 0
4.193548387096774 0.35714285714285715 0
4.354838709677419 0.35714285714285715 0
4.5161290322580641 0.35714285714285715 0
4.6774193548387091 0.35714285714285715 0
4.838709677419355 0.35714285714285715 0
5 0.35714285714285715 0
5.161290322580645 0.35714285714285715 0
5.32258064516129 0.35714285714285715 0
5.4838709677419351 0.35714285714285715 0
5.645161290322581 0.35714285714285715 0
5.806451612903226 0.35714285714285715 0
5.967741935483871 0.35714285714285715 0
6.129032258064516 0.35714285714285715 0
6.290322580645161 0.35714285714285715 0
6.4516129032258061 0.35714285714285715 0
6.6129032258064511 0.35714285714285715 0
6.7741935483870961 0.35714285714285715 0
6.935483870967742 0.35714285714285715 0
7.0967741935483879 0.35714285714285715 0
7.258064516129032 0.35714285714285715 0
7.4193548387096779 0.35714285714285715 0
7.5806451612903221 0.35714285714285715 0
7.741935483870968 0.35714285714285715 0
7.9032258064516121 0.35714285714285715 0
8.064516129032258 0.35714285714285715 0
8.2258064516129039 0.35714285714285715 0
8.387096774193548 0.35714285714285715 0
8.5483870967741939 0.35714285714285715 0
8.7096774193548381 0.35714285714285715 0
8.870967741935484 0.35714285714285715 0
9.0322580645161281 0.35714285714285715 0
9.193548387096774 0.35714285714285715 0
9.3548387096774182 0.35714285714285715 0
9.5161290322580641 0.35714285714285715 0
9.67741935483871 0.35714285714285715 0
9.8387096774193559 0.35714285714285715 0
10 0.35714285714285715 0
0 0.37142857142857144 0
0.16129032258064516 0.37142857142857144 0
0.32258064516129031 0.37142857142857144 0
0.4838709677419355 0.37142857142857144 0
0.64516129032258063 0.37142857142857144 0
0.80645161290322576 0.37142857142857144 0
0.967741935483871 0.37142857142857144 0
1.129032258064516 0.37142857142857144 0
1.2903225806451613 0.37142857142857144 0
1.4516129032258065 0.37142857142857144 0
1.6129032258064515 0.37142857142857144 0
1.774193548387097 0.37142857142857144 0
1.935483870967742 0.37142857142857144 0
2.096774193548387 0.37142857142857144 0
2.258064516129032 0.37142857142857144 0
2.4193548387096775 0.37142857142857144 0
2.5806451612903225 0.37142857142857144 0
2.7419354838709675 0.37142857142857144 0
2.903225806451613 0.37142857142857144 0
3.064516129032258 0.37142857142857144 0
3.225806451612903 0.37142857142857144 0
3.387096774193548 0.37142857142857144 0
3.5483870967741939 0.37142857142857144 0
3.709677419354839 0.37142857142857144 0
3.870967741935484 0.37142857142857144 0
4.032258064516129 0.37142857142857144 0
4.193548387096774 0.37142857142857144 0
4.354838709677419 0.37142857142857144 0
4.5161290322580641 0.37142857142857144 0
4.6774193548387091 0.37142857142857144 0
4.838709677419355 0.37142857142857144 0
5 0.37142857142857144 0
5.161290322580645 0.37142857142857144 0
5.32258064516129 0.37142857142857144 0
5.4838709677419351 0.37142857142857144 0
5.645161290322581 0.37142857142857144 0
5.806451612903226 0.37142857142857144 0
5.967741935483871 0.37142857142857144 0
6.129032258064516 0.37142857142857144 0
6.290322580645161 0.37142857142857144 0
6.4516129032258061 0.37142857142857144 0
6.6129032258064511 0.37142857142857144 0
6.7741935483870961 0.37142857142857144 0
6.935483870967742 0.37142857142857144 0
7.0967741935483879 0.37142857142857144 0
7.258064516129032 0.37142857142857144 0
7.4193548387096779 0.37142857142857144 0
7.5806451612903221 0.37142857142857144 0
7.741935483870968 0.37142857142857144 0
7.9032258064516121 0.37142857142857144 0
8.064516129032258 0.37142857142857144 0
8.2258064516129039 0.37142857142857144 0
8.387096774193548 0.37142857142857144 0
8.5483870967741939 0.37142857142857144 0
8.7096774193548381 0.37142857142857144 0
8.870967741935484 0.37142857142857144 0
9.0322580645161281 0.37142857142857144 0
9.193548387096774 0.37142857142857144 0
9.3548387096774182 0.37142857142857144 0
9.5161290322580641 0.37142857142857144 0
9.67741935483871 0.37142857142857144 0
9.8387096774193559 0.37142857142857144 0
10 0.37142857142857144 0
0 0.38571428571428573 0
0.16129032258064516 0.38571428571428573 0
0.32258064516129031 0.38571428571428573 0
0.4838709677419355 0.38571428571428573 0
0.64516129032258063 0.38571428571428573 0
0.80645161290322576 0.38571428571428573 0
0.967741935483871 0.38571428571428573 0
1.129032258064516 0.38571428571428573 0
1.2903225806451613 0.38571428571428573 0
1.4516129032258065 0.38571428571428573 0
1.6129032258064515 0.38571428571428573 0
1.774193548387097 0.38571428571428573 0
1.935483870967742 0.38571428571428573 0
2.096774193548387 0.38571428571428573 0
2.258064516129032 0.38571428571428573 0
2.4193548387096775 0.38571428571428573 0
2.5806451612903225 0.38571428571428573 0
2.7419354838709675 0.38571428571428573 0
2.903225806451613 0.38571428571428573 0
3.064516129032258 0.38571428571428573 0
3.225806451612903 0.38571428571428573 0
3.387096774193548 0.38571428571428573 0
3.5483870967741939 0.38571428571428573 0
3.709677419354839 0.38571428571428573 0
3.870967741935484 0.38571428571428573 0
4.032258064516129 0.38571428571428573 0
4.193548387096774 0.38571428571428573 0
4.354838709677419 0.38571428571428573 0
4.5161290322580641 0.38571428571428573 0
4.6774193548387091 0.38571428571428573 0
4.838709677419355 0.38571428571428573 0
5 0.38571428571428573 0
5.161290322580645 0.38571428571428573 0
5.32258064516129 0.38571428571428573 0
5.4838709677419351 0.38571428571428573 0
5.645161290322581 0.38571428571428573 0
5.806451612903226 0.38571428571428573 0
5.967741935483871 0.38571428571428573 0
6.129032258064516 0.38571428571428573 0
6.290322580645161 0.38571428571428573 0
6.4516129032258061 0.38571428571428573 0
6.6129032258064511 0.38571428571428573 0
6.7741935483870961 0.38571428571428573 0
6.935483870967742 0.38571428571428573 0
7.0967741935483879 0.38571428571428573 0
7.258064516129032 0.38571428571428573 0
7.4193548387096779 0.38571428571428573 0
7.5806451612903221 0.38571428571428573 0
7.741935483870968 0.38571428571428573 0
7.9032258064516121 0.38571428571428573 0
8.064516129032258 0.38571428571428573 0
8.2258064516129039 0.38571428571428573 0
8.387096774193548 0.38571428571428573 0
8.5483870967741939 0.38571428571428573 0
8.7096774193548381 0.38571428571428573 0
8.870967741935484 0.38571428571428573 0
9.0322580645161281 0.38571428571428573 0
9.193548387096774 0.38571428571428573 0
9.3548387096774182 0.38571428571428573 0
9.5161290322580641 0.38571428571428573 0
9.67741935483871 0.38571428571428573 0
9.8387096774193559 0.38571428571428573 0
10 0.38571428571428573 0
0 0.40000000000000002 0
0.16129032258064516 0.40000000000000002 0
0.32258064516129031 0.40000000000000002 0
0.4838709677419355 0.40000000000000002 0
0.64516129032258063 0.40000000000000002 0
0.80645161290322576 0.40000000000000002 0
0.967741935483871 0.40000000000000002 0
1.129032258064516 0.40000000000000002 0
1.2903225806451613 0.40000000000000002 0
1.4516129032258065 0.40000000000000002 0
1.6129032258064515 0.40000000000000002 0
1.774193548387097 0.40000000000000002 0
1.935483870967742 0.40000000000000002 0
2.096774193548387 0.40000000000000002 0
2.258064516129032 0.40000000000000002 0
2.4193548387096775 0.40000000000000002 0
2.5806451612903225 0.40000000000000002 0
2.7419354838709675 0.40000000000000002 0
2.903225806451613 0.40000000000000002 0
3.064516129032258 0.40000000000000002 0
3.225806451612903 0.40000000000000002 0
3.387096774193548 0.40000000000000002 0
3.5483870967741939 0.40000000000000002 0
3.709677419354839 0.40000000000000002 0
3.870967741935484 0.40000000000000002 0
4.032258064516129 0.40000000000000002 0
4.193548387096774 0.40000000000000002 0
4.354838709677419 0.40000000000000002 0
4.5161290322580641 0.40000000000000002 0
4.6774193548387091 0.40000000000000002 0
4.838709677419355 0.40000000000000002 0
5 0.40000000000000002 0
5.161290322580645 0.40000000000000002 0
5.32258064516129 0.40000000000000002 0
5.4838709677419351 0.40000000000000002 0
5.645161290322581 0.40000000000000002 0
5.806451612903226 0.40000000000000002 0
5.967741935483871 0.40000000000000002 0
6.129032258064516 0.40000000000000002 0
6.290322580645161 0.40000000000000002 0
6.4516129032258061 0.40000000000000002 0
6.6129032258064511 0.40000000000000002 0
6.7741935483870961 0.40000000000000002 0
6.935483870967742 0.40000000000000002 0
7.0967741935483879 0.40000000000000002 0
7.258064516129032 0.40000000000000002 0
7.4193548387096779 0.40000000000000002 0
7.5806451612903221 0.40000000000000002 0
7.741935483870968 0.40000000000000002 0
7.9032258064516121 0.40000000000000002 0
8.064516129032258 0.40000000000000002 0
8.2258064516129039 0.40000000000000002 0
8.387096774193548 0.40000000000000002 0
8.5483870967741939 0.40000000000000002 0
8.7096774193548381 0.40000000000000002 0
8.870967741935484 0.40000000000000002 0
9.0322580645161281 0.40000000000000002 0
9.193548387096774 0.40000000000000002 0
9.3548387096774182 0.40000000000000002 0
9.5161290322580641 0.40000000000000002 0
9.67741935483871 0.40000000000000002 0
9.8387096774193559 0.40000000000000002 0
10 0.40000000000000002 0
0 0.41428571428571431 0
0.16129032258064516 0.41428571428571431 0
0.32258064516129031 0.41428571428571431 0
0.4838709677419355 0.41428571428571431 0
0.64516129032258063 0.41428571428571431 0
0.80645161290322576 0.41428571428571431 0
0.967741935483871 0.41428571428571431 0
1.129032258064516 0.41428571428571431 0
1.2903225806451613 0.41428571428571431 0
1.4516129032258065 0.41428571428571431 0
1.6129032258064515 0.41428571428571431 0
1.774193548387097 0.41428571428571431 0
1.935483870967742 0.41428571428571431 0
2.096774193548387 0.41428571428571431 0
2.258064516129032 0.41428571428571431 0
2.4193548387096775 0.41428571428571431 0
2.5806451612903225 0.41428571428571431 0
2.7419354838709675 0.41428571428571431 0
2.903225806451613 0.41428571428571431 0
3.064516129032258 0.41428571428571431 0
3.225806451612903 0.41428571428571431 0
3.387096774193548 0.41428571428571431 0
3.5483870967741939 0.41428571428571431 0
3.709677419354839 0.41428571428571431 0
3.870967741935484 0.41428571428571431 0
4.032258064516129 0.41428571428571431 0
4.193548387096774 0.41428571428571431 0
4.354838709677419 0.41428571428571431 0
4.5161290322580641 0.41428571428571431 0
4.6774193548387091 0.41428571428571431 0
4.838709677419355 0.41428571428571431 0
5 0.41428571428571431 0
5.161290322580645 0.41428571428571431 0
5.32258064516129 0.41428571428571431 0
5.4838709677419351 0.41428571428571431 0
5.645161290322581 0.41428571428571431 0
5.806451612903226 0.41428571428571431 0
5.967741935483871 0.41428571428571431 0
6.129032258064516 0.41428571428571431 0
6.290322580645161 0.41428571428571431 0
6.4516129032258061 0.41428571428571431 0
6.6129032258064511 0.41428571428571431 0
6.7741935483870961 0.41428571428571431 0
6.935483870967742 0.41428571428571431 0
7.0967741935483879 0.41428571428571431 0
7.258064516129032 0.41428571428571431 0
7.4193548387096779 0.41428571428571431 0
7.5806451612903221 0.41428571428571431 0
7.741935483870968 0.41428571428571431 0
7.9032258064516121 0.41428571428571431 0
8.064516129032258 0.41428571428571431 0
8.2258064516129039 0.41428571428571431 0
8.387096774193548 0.41428571428571431 0
8.5483870967741939 0.41428571428571431 0
8.7096774193548381 0.41428571428571431 0
8.870967741935484 0.41428571428571431 0
9.0322580645161281 0.41428571428571431 0
9.193548387096774 0.41428571428571431 0
9.3548387096774182 0.41428571428571431 0
9.5161290322580641 0.41428571428571431 0
9.67741935483871 0.41428571428571431 0
9.8387096774193559 0.41428571428571431 0
10 0.41428571428571431 0
0 0.42857142857142855 0
0.16129032258064516 0.42857142857142855 0
0.32258064516129031 0.42857142857142855 0
0.4838709677419355 0.42857142857142855 0
0.64516129032258063 0.42857142857142855 0
0.80645161290322576 0.42857142857142855 0
0.967741935483871 0.42857142857142855 0
1.129032258064516 0.42857142857142855 0
1.2903225806451613 0.42857142857142855 0
1.4516129032258065 0.42857142857142855 0
1.6129032258064515 0.42857142857142855 0
1.774193548387097 0.42857142857142855 0
1.935483870967742 0.42857142857142855 0
2.096774193548387 0.42857142857142855 0
2.258064516129032 0.42857142857142855 0
2.4193548387096775 0.42857142857142855 0
2.5806451612903225 0.42857142857142855 0
2.7419354838709675 0.42857142857142855 0
2.903225806451613 0.42857142857142855 0
3.064516129032258 0.42857142857142855 0
3.225806451612903 0.42857142857142855 0
3.387096774193548 0.42857142857142855 0
3.5483870967741939 0.42857142857142855 0
3.709677419354839 0.42857142857142855 0
3.870967741935484 0.42857142857142855 0
4.032258064516129 0.42857142857142855 0
4.193548387096774 0.42857142857142855 0
4.354838709677419 0.42857142857142855 0
4.5161290322580641 0.42857142857142855 0
4.6774193548387091 0.42857142857142855 0
4.838709677419355 0.42857142857142855 0
5 0.42857142857142855 0
5.161290322580645 0.42857142857142855 0
5.32258064516129 0.42857142857142855 0
5.4838709677419351 0.42857142857142855 0
5.645161290322581 0.42857142857142855 0
5.806451612903226 0.42857142857142855 0
5.967741935483871 0.42857142857142855 0
6.129032258064516 0.42857142857142855 0
6.290322580645161 0.42857142857142855 0
6.4516129032258061 0.42857142857142855 0
6.6129032258064511 0.42857142857142855 0
6.7741935483870961 0.42857142857142855 0
6.935483870967742 0.42857142857142855 0
7.0967741935483879 0.42857142857142855 0
7.258064516129032 0.42857142857142855 0
7.4193548387096779 0.42857142857142855 0
7.5806451612903221 0.42857142857142855 0
7.741935483870968 0.42857142857142855 0
7.9032258064516121 0.42857142857142855 0
8.064516129032258 0.42857142857142855 0
8.2258064516129039 0.42857142857142855 0
8.387096774193548 0.42857142857142855 0
8.5483870967741939 0.42857142857142855 0
8.7096774193548381 0.42857142857142855 0
8.870967741935484 0.42857142857142855 0
9.0322580645161281 0.42857142857142855 0
9.193548387096774 0.42857142857142855 0
9.3548387096774182 0.42857142857142855 0
9.5161290322580641 0.42857142857142855 0
9.67741935483871 0.42857142857142855 0
9.8387096774193559 0.42857142857142855 0
10 0.42857142857142855 0
0 0.44285714285714284 0
0.16129032258064516 0.44285714285714284 0
0.32258064516129031 0.44285714285714284 0
0.4838709677419355 0.44285714285714284 0
0.64516129032258063 0.44285714285714284 0
0.80645161290322576 0.44285714285714284 0
0.967741935483871 0.44285714285714284 0
1.129032258064516 0.44285714285714284 0
1.2903225806451613 0.44285714285714284 0
1.4516129032258065 0.44285714285714284 0
1.6129032258064515 0.44285714285714284 0
1.774193548387097 0.44285714285714284 0
1.935483870967742 0.44285714285714284 0
2.096774193548387 0.44285714285714284 0
2.258064516129032 0.44285714285714284 0
2.4193548387096775 0.44285714285714284 0
2.5806451612903225 0.44285714285714284 0
2.7419354838709675 0.44285714285714284 0
2.903225806451613 0.44285714285714284 0
3.064516129032258 0.44285714285714284 0
3.225806451612903 0.44285714285714284 0
3.387096774193548 0.44285714285714284 0
3.5483870967741939 0.44285714285714284 0
3.709677419354839 0.44285714285714284 0
3.870967741935484 0.44285714285714284 0
4.032258064516129 0.44285714285714284 0
4.193548387096774 0.44285714285714284 0
4.354838709677419 0.44285714285714284 0
4.5161290322580641 0.44285714285714284 0
4.6774193548387091 0.44285714285714284 0
4.838709677419355 0.44285714285714284 0
5 0.44285714285714284 0
5.161290322580645 0.44285714285714284 0
5.32258064516129 0.44285714285714284 0
5.4838709677419351 0.44285714285714284 0
5.645161290322581 0.44285714285714284 0
5.806451612903226 0.44285714285714284 0
5.967741935483871 0.44285714285714284 0
6.129032258064516 0.44285714285714284 0
6.290322580645161 0.44285714285714284 0
6.4516129032258061 0.44285714285714284 0
6.6129032258064511 0.44285714285714284 0
6.7741935483870961 0.44285714285714284 0
6.935483870967742 0.44285714285714284 0
7.0967741935483879 0.44285714285714284 0
7.258064516129032 0.44285714285714284 0
7.4193548387096779 0.44285714285714284 0
7.5806451612903221 0.44285714285714284 0
7.741935483870968 0.44285714285714284 0
7.9032258064516121 0.44285714285714284 0
8.064516129032258 0.44285714285714284 0
8.2258064516129039 0.44285714285714284 0
8.387096774193548 0.44285714285714284 0
8.5483870967741939 0.44285714285714284 0
8.7096774193548381 0.44285714285714284 0
8.870967741935484 0.44285714285714284 0
9.0322580645161281 0.44285714285714284 0
9.193548387096774 0.44285714285714284 0
9.3548387096774182 0.44285714285714284 0
9.5161290322580641 0.44285714285714284 0
9.67741935483871 0.44285714285714284 0
9.8387096774193559 0.44285714285714284 0
10 0.44285714285714284 0
0 0.45714285714285713 0
0.16129032258064516 0.45714285714285713 0
0.32258064516129031 0.45714285714285713 0
0.4838709677419355 0.45714285714285713 0
0.64516129032258063 0.45714285714285713 0
0.80645161290322576 0.45714285714285713 0
0.967741935483871 0.45714285714285713 0
1.129032258064516 0.45714285714285713 0
1.2903225806451613 0.45714285714285713 0
1.4516129032258065 0.45714285714285713 0
1.6129032258064515 0.45714285714285713 0
1.774193548387097 0.45714285714285713 0
1.935483870967742 0.45714285714285713 0
2.096774193548387 0.45714285714285713 0
2.258064516129032 0.45714285714285713 0
2.4193548387096775 0.45714285714285713 0
2.5806451612903225 0.45714285714285713 0
2.7419354838709675 0.45714285714285713 0
2.903225806451613 0.45714285714285713 0
3.064516129032258 0.45714285714285713 0
3.225806451612903 0.45714285714285713 0
3.387096774193548 0.45714285714285713 0
3.5483870967741939 0.45714285714285713 0
3.709677419354839 0.45714285714285713 0
3.870967741935484 0.45714285714285713 0
4.032258064516129 0.45714285714285713 0
4.193548387096774 0.45714285714285713 0
4.354838709677419 0.45714285714285713 0
4.5161290322580641 0.45714285714285713 0
4.6774193548387091 0.45714285714285713 0
4.838709677419355 0.45714285714285713 0
5 0.45714285714285713 0
5.161290322580645 0.45714285714285713 0
5.32258064516129 0.45714285714285713 0
5.4838709677419351 0.45714285714285713 0
5.645161290322581 0.45714285714285713 0
5.806451612903226 0.45714285714285713 0
5.967741935483871 0.45714285714285713 0
6.129032258064516 0.45714285714285713 0
6.290322580645161 0.45714285714285713 0
6.4516129032258061 0.45714285714285713 0
6.6129032258064511 0.45714285714285713 0
6.7741935483870961 0.45714285714285713 0
6.935483870967742 0.45714285714285713 0
7.0967741935483879 0.45714285714285713 0
7.258064516129032 0.45714285714285713 0
7.4193548387096779 0.45714285714285713 0
7.5806451612903221 0.45714285714285713 0
7.741935483870968 0.45714285714285713 0
7.9032258064516121 0.45714285714285713 0
8.064516129032258 0.45714285714285713 0
8.2258064516129039 0.45714285714285713 0
8.387096774193548 0.45714285714285713 0
8.5483870967741939 0.45714285714285713 0
8.7096774193548381 0.45714285714285713 0
8.870967741935484 0.45714285714285713 0
9.0322580645161281 0.45714285714285713 0
9.193548387096774 0.45714285714285713 0
9.3548387096774182 0.45714285714285713 0
9.5161290322580641 0.45714285714285713 0
9.67741935483871 0.45714285714285713 0
9.8387096774193559 0.45714285714285713 0
10 0.45714285714285713 0
0 0.47142857142857142 0
0.16129032258064516 0.47142857142857142 0
0.32258064516129031 0.47142857142857142 0
0.4838709677419355 0.47142857142857142 0
0.64516129032258063 0.47142857142857142 0
0.80645161290322576 0.47142857142857142 0
0.967741935483871 0.47142857142857142 0
1.129032258064516 0.47142857142857142 0
1.2903225806451613 0.47142857142857142 0
1.4516129032258065 0.47142857142857142 0
1.6129032258064515 0.47142857142857142 0
1.774193548387097 0.47142857142857142 0
1.935483870967742 0.47142857142857142 0
2.096774193548387 0.47142857142857142 0
2.258064516129032 0.47142857142857142 0
2.4193548387096775 0.47142857142857142 0
2.5806451612903225 0.47142857142857142 0
2.7419354838709675 0.47142857142857142 0
2.903225806451613 0.47142857142857142 0
3.064516129032258 0.47142857142857142 0
3.225806451612903 0.47142857142857142 0
3.387096774193548 0.47142857142857142 0
3.5483870967741939 0.47142857142857142 0
3.709677419354839 0.47142857142857142 0
3.870967741935484 0.47142857142857142 0
4.032258064516129 0.47142857142857142 0
4.193548387096774 0.47142857142857142 0
4.354838709677419 0.47142857142857142 0
4.5161290322580641 0.47142857142857142 0
4.6774193548387091 0.47142857142857142 0
4.838709677419355 0.47142857142857142 0
5 0.47142857142857142 0
5.161290322580645 0.47142857142857142 0
5.32258064516129 0.47142857142857142 0
5.4838709677419351 0.47142857142857142 0
5.645161290322581 0.47142857142857142 0
5.806451612903226 0.47142857142857142 0
5.967741935483871 0.47142857142857142 0
6.129032258064516 0.47142857142857142 0
6.290322580645161 0.47142857142857142 0
6.4516129032258061 0.47142857142857142 0
6.6129032258064511 0.47142857142857142 0
6.7741935483870961 0.47142857142857142 0
6.935483870967742 0.47142857142857142 0
7.0967741935483879 0.47142857142857142 0
7.258064516129032 0.47142857142857142 0
7.4193548387096779 0.47142857142857142 0
7.5806451612903221 0.47142857142857142 0
7.741935483870968 0.47142857142857142 0
7.9032258064516121 0.47142857142857142 0
8.064516129032258 0.47142857142857142 0
8.2258064516129039 0.47142857142857142 0
8.387096774193548 0.47142857142857142 0
8.5483870967741939 0.47142857142857142 0
8.7096774193548381 0.47142857142857142 0
8.870967741935484 0.47142857142857142 0
9.0322580645161281 0.47142857142857142 0
9.193548387096774 0.47142857142857142 0
9.3548387096774182 0.47142857142857142 0
9.5161290322580641 0.47142857142857142 0
9.67741935483871 0.47142857142857142 0
9.8387096774193559 0.47142857142857142 0
10 0.47142857142857142 0
0 0.48571428571428571 0
0.16129032258064516 0.48571428571428571 0
0.32258064516129031 0.48571428571428571 0
0.4838709677419355 0.48571428571428571 0
0.64516129032258063 0.48571428571428571 0
0.80645161290322576 0.48571428571428571 0
0.967741935483871 0.48571428571428571 0
1.129032258064516 0.48571428571428571 0
1.2903225806451613 0.48571428571428571 0
1.4516129032258065 0.48571428571428571 0
1.6129032258064515 0.48571428571428571 0
1.774193548387097 0.48571428571428571 0
1.935483870967742 0.48571428571428571 0
2.096774193548387 0.48571428571428571 0
2.258064516129032 0.48571428571428571 0
2.4193548387096775 0.48571428571428571 0
2.5806451612903225 0.48571428571428571 0
2.7419354838709675 0.48571428571428571 0
2.903225806451613 0.48571428571428571 0
3.064516129032258 0.48571428571428571 0
3.225806451612903 0.48571428571428571 0
3.387096774193548 0.48571428571428571 0
3.5483870967741939 0.48571428571428571 0
3.709677419354839 0.48571428571428571 0
3.870967741935484 0.48571428571428571 0
4.032258064516129 0.48571428571428571 0
4.193548387096774 0.48571428571428571 0
4.354838709677419 0.48571428571428571 0
4.5161290322580641 0.48571428571428571 0
4.6774193548387091 0.48571428571428571 0
4.838709677419355 0.48571428571428571 0
5 0.48571428571428571 0
5.161290322580645 0.48571428571428571 0
5.32258064516129 0.48571428571428571 0
5.4838709677419351 0.48571428571428571 0
5.645161290322581 0.48571428571428571 0
5.806451612903226 0.48571428571428571 0
5.967741935483871 0.48571428571428571 0
6.129032258064516 0.48571428571428571 0
6.290322580645161 0.48571428571428571 0
6.4516129032258061 0.48571428571428571 0
6.6129032258064511 0.48571428571428571 0
6.7741935483870961 0.48571428571428571 0
6.935483870967742 0.48571428571428571 0
7.0967741935483879 0.48571428571428571 0
7.258064516129032 0.48571428571428571 0
7.4193548387096779 0.48571428571428571 0
7.5806451612903221 0.48571428571428571 0
7.741935483870968 0.48571428571428571 0
7.9032258064516121 0.48571428571428571 0
8.064516129032258 0.48571428571428571 0
8.2258064516129039 0.48571428571428571 0
8.387096774193548 0.48571428571428571 0
8.5483870967741939 0.48571428571428571 0
8.7096774193548381 0.48571428571428571 0
8.870967741935484 0.48571428571428571 0
9.0322580645161281 0.48571428571428571 0
9.193548387096774 0.48571428571428571 0
9.3548387096774182 0.48571428571428571 0
9.5161290322580641 0.48571428571428571 0
9.67741935483871 0.48571428571428571 0
9.8387096774193559 0.48571428571428571 0
10 0.48571428571428571 0
0 0.5 0
0.16129032258064516 0.5 0
0.32258064516129031 0.5 0
0.4838709677419355 0.5 0
0.64516129032258063 0.5 0
0.80645161290322576 0.5 0
0.967741935483871 0.5 0
1.129032258064516 0.5 0
1.2903225806451613 0.5 0
1.4516129032258065 0.5 0
1.6129032258064515 0.5 0
1.774193548387097 0.5 0
1.935483870967742 0.5 0
2.096774193548387 0.5 0
2.258064516129032 0.5 0
2.4193548387096775 0.5 0
2.5806451612903225 0.5 0
2.7419354838709675 0.5 0
2.903225806451613 0.5 0
3.064516129032258 0.5 0
3.225806451612903 0.5 0
3.387096774193548 0.5 0
3.5483870967741939 0.5 0
3.709677419354839 0.5 0
3.870967741935484 0.5 0
4.032258064516129 0.5 0
4.193548387096774 0.5 0
4.354838709677419 0.5 0
4.5161290322580641 0.5 0
4.6774193548387091 0.5 0
4.838709677419355 0.5 0
5 0.5 0
5.161290322580645 0.5 0
5.32258064516129 0.5 0
5.4838709677419351 0.5 0
5.645161290322581 0.5 0
5.806451612903226 0.5 0
5.967741935483871 0.5 0
6.129032258064516 0.5 0
6.290322580645161 0.5 0
6.4516129032258061 0.5 0
6.6129032258064511 0.5 0
6.7741935483870961 0.5 0
6.935483870967742 0.5 0
7.0967741935483879 0.5 0
7.258064516129032 0.5 0
7.4193548387096779 0.5 0
7.5806451612903221 0.5 0
7.741935483870968 0.5 0
7.9032258064516121 0.5 0
8.064516129032258 0.5 0
8.2258064516129039 0.5 0
8.387096774193548 0.5 0
8.5483870967741939 0.5 0
8.7096774193548381 0.5 0
8.870967741935484 0.5 0
9.0322580645161281 0.5 0
9.193548387096774 0.5 0
9.3548387096774182 0.5 0
9.5161290322580641 0.5 0
9.67741935483871 0.5 0
9.8387096774193559 0.5 0
10 0.5 0
0 0.51428571428571423 0
0.16129032258064516 0.51428571428571423 0
0.32258064516129031 0.51428571428571423 0
0.4838709677419355 0.51428571428571423 0
0.64516129032258063 0.51428571428571423 0
0.80645161290322576 0.51428571428571423 0
0.967741935483871 0.51428571428571423 0
1.129032258064516 0.51428571428571423 0
1.2903225806451613 0.51428571428571423 0
1.4516129032258065 0.51428571428571423 0
1.6129032258064515 0.51428571428571423 0
1.774193548387097 0.51428571428571423 0
1.935483870967742 0.51428571428571423 0
2.096774193548387 0.51428571428571423 0
2.258064516129032 0.51428571428571423 0
2.4193548387096775 0.51428571428571423 0
2.5806451612903225 0.51428571428571423 0
2.7419354838709675 0.51428571428571423 0
2.903225806451613 0.51428571428571423 0
3.064516129032258 0.51428571428571423 0
3.225806451612903 0.51428571428571423 0
3.387096774193548 0.51428571428571423 0
3.5483870967741939 0.51428571428571423 0
3.709677419354839 0.51428571428571423 0
3.870967741935484 0.51428571428571423 0
4.032258064516129 0.51428571428571423 0
4.193548387096774 0.51428571428571423 0
4.354838709677419 0.51428571428571423 0
4.5161290322580641 0.51428571428571423 0
4.6774193548387091 0.51428571428571423 0
4.838709677419355 0.51428571428571423 0
5 0.51428571428571423 0
5.161290322580645 0.51428571428571423 0
5.32258064516129 0.51428571428571423 0
5.4838709677419351 0.51428571428571423 0
5.645161290322581 0.51428571428571423 0
5.806451612903226 0.51428571428571423 0
5.967741935483871 0.51428571428571423 0
6.129032258064516 0.51428571428571423 0
6.290322580645161 0.51428571428571423 0
6.4516129032258061 0.51428571428571423 0
6.6129032258064511 0.51428571428571423 0
6.7741935483870961 0.51428571428571423 0
6.935483870967742 0.51428571428571423 0
7.0967741935483879 0.51428571428571423 0
7.258064516129032 0.51428571428571423 0
7.4193548387096779 0.51428571428571423 0
7.5806451612903221 0.51428571428571423 0
7.741935483870968 0.51428571428571423 0
7.9032258064516121 0.51428571428571423 0
8.064516129032258 0.51428571428571423 0
8.2258064516129039 0.51428571428571423 0
8.387096774193548 0.51428571428571423 0
8.5483870967741939 0.51428571428571423 0
8.7096774193548381 0.51428571428571423 0
8.870967741935484 0.51428571428571423 0
9.0322580645161281 0.51428571428571423 0
9.193548387096774 0.51428571428571423 0
9.3548387096774182 0.51428571428571423 0
9.5161290322580641 0.51428571428571423 0
9.67741935483871 0.51428571428571423 0
9.8387096774193559 0.51428571428571423 0
10 0.51428571428571423 0
0 0.52857142857142858 0
0.16129032258064516 0.52857142857142858 0
0.32258064516129031 0.52857142857142858 0
0.4838709677419355 0.52857142857142858 0
0.64516129032258063 0.52857142857142858 0
0.80645161290322576 0.52857142857142858 0
0.967741935483871 0.52857142857142858 0
1.129032258064516 0.52857142857142858 0
1.2903225806451613 0.52857142857142858 0
1.4516129032258065 0.52857142857142858 0
1.6129032258064515 0.52857142857142858 0
1.774193548387097 0.52857142857142858 0
1.935483870967742 0.52857142857142858 0
2.096774193548387 0.52857142857142858 0
2.258064516129032 0.52857142857142858 0
2.4193548387096775 0.52857142857142858 0
2.5806451612903225 0.52857142857142858 0
2.7419354838709675 0.52857142857142858 0
2.903225806451613 0.52857142857142858 0
3.064516129032258 0.52857142857142858 0
3.225806451612903 0.52857142857142858 0
3.387096774193548 0.52857142857142858 0
3.5483870967741939 0.52857142857142858 0
3.709677419354839 0.52857142857142858 0
3.870967741935484 0.52857142857142858 0
4.032258064516129 0.52857142857142858 0
4.193548387096774 0.52857142857142858 0
4.354838709677419 0.52857142857142858 0
4.5161290322580641 0.52857142857142858 0
4.6774193548387091 0.52857142857142858 0
4.838709677419355 0.52857142857142858 0
5 0.52857142857142858 0
5.161290322580645 0.52857142857142858 0
5.32258064516129 0.52857142857142858 0
5.4838709677419351 0.52857142857142858 0
5.645161290322581 0.52857142857142858 0
5.806451612903226 0.52857142857142858 0
5.967741935483871 0.52857142857142858 0
6.129032258064516 0.52857142857142858 0
6.290322580645161 0.52857142857142858 0
6.4516129032258061 0.52857142857142858 0
6.6129032258064511 0.52857142857142858 0
6.7741935483870961 0.52857142857142858 0
6.935483870967742 0.52857142857142858 0
7.0967741935483879 0.52857142857142858 0
7.258064516129032 0.52857142857142858 0
7.4193548387096779 0.52857142857142858 0
7.5806451612903221 0.52857142857142858 0
7.741935483870968 0.52857142857142858 0
7.9032258064516121 0.52857142857142858 0
8.064516129032258 0.52857142857142858 0
8.2258064516129039 0.52857142857142858 0
8.387096774193548 0.52857142857142858 0
8.5483870967741939 0.52857142857142858 0
8.7096774193548381 0.52857142857142858 0
8.870967741935484 0.52857142857142858 0
9.0322580645161281 0.52857142857142858 0
9.193548387096774 0.52857142857142858 0
9.3548387096774182 0.52857142857142858 0
9.5161290322580641 0.52857142857142858 0
9.67741935483871 0.52857142857142858 0
9.8387096774193559 0.52857142857142858 0
10 0.52857142857142858 0
0 0.54285714285714282 0
0.16129032258064516 0.54285714285714282 0
0.32258064516129031 0.54285714285714282 0
0.4838709677419355 0.54285714285714282 0
0.64516129032258063 0.54285714285714282 0
0.80645161290322576 0.54285714285714282 0
0.967741935483871 0.54285714285714282 0
1.129032258064516 0.54285714285714282 0
1.2903225806451613 0.54285714285714282 0
1.4516129032258065 0.54285714285714282 0
1.6129032258064515 0.54285714285714282 0
1.774193548387097 0.54285714285714282 0
1.935483870967742 0.54285714285714282 0
2.096774193548387 0.54285714285714282 0
2.258064516129032 0.54285714285714282 0
2.4193548387096775 0.54285714285714282 0
2.5806451612903225 0.54285714285714282 0
2.7419354838709675 0.54285714285714282 0
2.903225806451613 0.54285714285714282 0
3.064516129032258 0.54285714285714282 0
3.225806451612903 0.54285714285714282 0
3.387096774193548 0.54285714285714282 0
3.5483870967741939 0.54285714285714282 0
3.709677419354839 0.54285714285714282 0
3.870967741935484 0.54285714285714282 0
4.032258064516129 0.54285714285714282 0
4.193548387096774 0.54285714285714282 0
4.354838709677419 0.54285714285714282 0
4.5161290322580641 0.54285714285714282 0
4.6774193548387091 0.54285714285714282 0
4.838709677419355 0.54285714285714282 0
5 0.54285714285714282 0
5.161290322580645 0.54285714285714282 0
5.32258064516129 0.54285714285714282 0
5.4838709677419351 0.54285714285714282 0
5.645161290322581 0.54285714285714282 0
5.806451612903226 0.54285714285714282 0
5.967741935483871 0.54285714285714282 0
6.129032258064516 0.54285714285714282 0
6.290322580645161 0.54285714285714282 0
6.4516129032258061 0.54285714285714282 0
6.6129032258064511 0.54285714285714282 0
6.7741935483870961 0.54285714285714282 0
6.935483870967742 0.54285714285714282 0
7.0967741935483879 0.54285714285714282 0
7.258064516129032 0.54285714285714282 0
7.4193548387096779 0.54285714285714282 0
7.5806451612903221 0.54285714285714282 0
7.741935483870968 0.54285714285714282 0
7.9032258064516121 0.54285714285714282 0
8.064516129032258 0.54285714285714282 0
8.2258064516129039 0.54285714285714282 0
8.387096774193548 0.54285714285714282 0
8.5483870967741939 0.54285714285714282 0
8.7096774193548381 0.54285714285714282 0
8.870967741935484 0.54285714285714282 0
9.0322580645161281 0.54285714285714282 0
9.193548387096774 0.54285714285714282 0
9.3548387096774182 0.54285714285714282 0
9.5161290322580641 0.54285714285714282 0
9.67741935483871 0.54285714285714282 0
9.8387096774193559 0.54285714285714282 0
10 0.54285714285714282 0
0 0.55714285714285716 0
0.16129032258064516 0.55714285714285716 0
0.32258064516129031 0.55714285714285716 0
0.4838709677419355 0.55714285714285716 0
0.64516129032258063 0.55714285714285716 0
0.80645161290322576 0.55714285714285716 0
0.967741935483871 0.55714285714285716 0
1.129032258064516 0.55714285714285716 0
1.2903225806451613 0.55714285714285716 0
1.4516129032258065 0.55714285714285716 0
1.6129032258064515 0.55714285714285716 0
1.774193548387097 0.55714285714285716 0
1.935483870967742 0.55714285714285716 0
2.096774193548387 0.55714285714285716 0
2.258064516129032 0.55714285714285716 0
2.4193548387096775 0.55714285714285716 0
2.5806451612903225 0.55714285714285716 0
2.7419354838709675 0.55714285714285716 0
2.903225806451613 0.55714285714285716 0
3.064516129032258 0.55714285714285716 0
3.225806451612903 0.55714285714285716 0
3.387096774193548 0.55714285714285716 0
3.5483870967741939 0.55714285714285716 0
3.709677419354839 0.55714285714285716 0
3.870967741935484 0.55714285714285716 0
4.032258064516129 0.55714285714285716 0
4.193548387096774 0.55714285714285716 0
4.354838709677419 0.55714285714285716 0
4.5161290322580641 0.55714285714285716 0
4.6774193548387091 0.55714285714285716 0
4.838709677419355 0.55714285714285716 0
5 0.55714285714285716 0
5.161290322580645 0.55714285714285716 0
5.32258064516129 0.55714285714285716 0
5.4838709677419351 0.55714285714285716 0
5.645161290322581 0.55714285714285716 0
5.806451612903226 0.55714285714285716 0
5.967741935483871 0.55714285714285716 0
6.129032258064516 0.55714285714285716 0
6.290322580645161 0.55714285714285716 0
6.4516129032258061 0.55714285714285716 0
6.6129032258064511 0.55714285714285716 0
6.7741935483870961 0.55714285714285716 0
6.935483870967742 0.55714285714285716 0
7.0967741935483879 0.55714285714285716 0
7.258064516129032 0.55714285714285716 0
7.4193548387096779 0.55714285714285716 0
7.5806451612903221 0.55714285714285716 0
7.741935483870968 0.55714285714285716 0
7.9032258064516121 0.55714285714285716 0
8.064516129032258 0.55714285714285716 0
8.2258064516129039 0.55714285714285716 0
8.387096774193548 0.55714285714285716 0
8.5483870967741939 0.55714285714285716 0
8.7096774193548381 0.55714285714285716 0
8.870967741935484 0.55714285714285716 0
9.0322580645161281 0.55714285714285716 0
9.193548387096774 0.55714285714285716 0
9.3548387096774182 0.55714285714285716 0
9.5161290322580641 0.55714285714285716 0
9.67741935483871 0.55714285714285716 0
9.8387096774193559 0.55714285714285716 0
10 0.55714285714285716 0
0 0.5714285714285714 0
0.16129032258064516 0.5714285714285714 0
0.32258064516129031 0.5714285714285714 0
0.4838709677419355 0.5714285714285714 0
0.64516129032258063 0.5714285714285714 0
0.80645161290322576 0.5714285714285714 0
0.967741935483871 0.5714285714285714 0
1.129032258064516 0.5714285714285714 0
1.2903225806451613 0.5714285714285714 0
1.4516129032258065 0.5714285714285714 0
1.6129032258064515 0.5714285714285714 0
1.774193548387097 0.5714285714285714 0
1.935483870967742 0.5714285714285714 0
2.096774193548387 0.5714285714285714 0
2.258064516129032 0.5714285714285714 0
2.4193548387096775 0.5714285714285714 0
2.5806451612903225 0.5714285714285714 0
2.7419354838709675 0.5714285714285714 0
2.903225806451613 0.5714285714285714 0
3.064516129032258 0.5714285714285714 0
3.225806451612903 0.5714285714285714 0
3.387096774193548 0.5714285714285714 0
3.5483870967741939 0.5714285714285714 0
3.709677419354839 0.5714285714285714 0
3.870967741935484 0.5714285714285714 0
4.032258064516129 0.5714285714285714 0
4.193548387096774 0.5714285714285714 0
4.354838709677419 0.5714285714285714 0
4.5161290322580641 0.5714285714285714 0
4.6774193548387091 0.5714285714285714 0
4.838709677419355 0.5714285714285714 0
5 0.5714285714285714 0
5.161290322580645 0.5714285714285714 0
5.32258064516129 0.5714285714285714 0
5.4838709677419351 0.5714285714285714 0
5.645161290322581 0.5714285714285714 0
5.806451612903226 0.5714285714285714 0
5.967741935483871 0.5714285714285714 0
6.129032258064516 0.5714285714285714 0
6.290322580645161 0.5714285714285714 0
6.4516129032258061 0.5714285714285714 0
6.6129032258064511 0.5714285714285714 0
6.7741935483870961 0.5714285714285714 0
6.935483870967742 0.5714285714285714 0
7.0967741935483879 0.5714285714285714 0
7.258064516129032 0.5714285714285714 0
7.4193548387096779 0.5714285714285714 0
7.5806451612903221 0.5714285714285714 0
7.741935483870968 0.5714285714285714 0
7.9032258064516121 0.5714285714285714 0
8.064516129032258 0.5714285714285714 0
8.2258064516129039 0.5714285714285714 0
8.387096774193548 0.5714285714285714 0
8.5483870967741939 0.5714285714285714 0
8.7096774193548381 0.5714285714285714 0
8.870967741935484 0.5714285714285714 0
9.0322580645161281 0.5714285714285714 0
9.193548387096774 0.5714285714285714 0
9.3548387096774182 0.5714285714285714 0
9.5161290322580641 0.5714285714285714 0
9.67741935483871 0.5714285714285714 0
9.8387096774193559 0.5714285714285714 0
10 0.5714285714285714 0
0 0.58571428571428574 0
0.16129032258064516 0.58571428571428574 0
0.32258064516129031 0.58571428571428574 0
0.4838709677419355 0.58571428571428574 0
0.64516129032258063 0.58571428571428574 0
0.80645161290322576 0.58571428571428574 0
0.967741935483871 0.58571428571428574 0
1.129032258064516 0.58571428571428574 0
1.2903225806451613 0.58571428571428574 0
1.4516129032258065 0.58571428571428574 0
1.6129032258064515 0.58571428571428574 0
1.774193548387097 0.58571428571428574 0
1.935483870967742 0.58571428571428574 0
2.096774193548387 0.58571428571428574 0
2.258064516129032 0.58571428571428574 0
2.4193548387096775 0.58571428571428574 0
2.5806451612903225 0.58571428571428574 0
2.7419354838709675 0.58571428571428574 0
2.903225806451613 0.58571428571428574 0
3.064516129032258 0.58571428571428574 0
3.225806451612903 0.58571428571428574 0
3.387096774193548 0.58571428571428574 0
3.5483870967741939 0.58571428571428574 0
3.709677419354839 0.58571428571428574 0
3.870967741935484 0.58571428571428574 0
4.032258064516129 0.58571428571428574 0
4.193548387096774 0.58571428571428574 0
4.354838709677419 0.58571428571428574 0
4.5161290322580641 0.58571428571428574 0
4.6774193548387091 0.58571428571428574 0
4.838709677419355 0.58571428571428574 0
5 0.58571428571428574 0
5.161290322580645 0.58571428571428574 0
5.32258064516129 0.58571428571428574 0
5.4838709677419351 0.58571428571428574 0
5.645161290322581 0.58571428571428574 0
5.806451612903226 0.58571428571428574 0
5.967741935483871 0.58571428571428574 0
6.129032258064516 0.58571428571428574 0
6.290322580645161 0.58571428571428574 0
6.4516129032258061 0.58571428571428574 0
6.6129032258064511 0.58571428571428574 0
6.7741935483870961 0.58571428571428574 0
6.935483870967742 0.58571428571428574 0
7.0967741935483879 0.58571428571428574 0
7.258064516129032 0.58571428571428574 0
7.4193548387096779 0.58571428571428574 0
7.5806451612903221 0.58571428571428574 0
7.741935483870968 0.58571428571428574 0
7.9032258064516121 0.58571428571428574 0
8.064516129032258 0.58571428571428574 0
8.2258064516129039 0.58571428571428574 0
8.387096774193548 0.58571428571428574 0
8.5483870967741939 0.58571428571428574 0
8.7096774193548381 0.58571428571428574 0
8.870967741935484 0.58571428571428574 0
9.0322580645161281 0.58571428571428574 0
9.193548387096774 0.58571428571428574 0
9.3548387096774182 0.58571428571428574 0
9.5161290322580641 0.58571428571428574 0
9.67741935483871 0.58571428571428574 0
9.8387096774193559 0.58571428571428574 0
10 0.58571428571428574 0
0 0.59999999999999998 0
0.16129032258064516 0.59999999999999998 0
0.32258064516129031 0.59999999999999998 0
0.4838709677419355 0.59999999999999998 0
0.64516129032258063 0.59999999999999998 0
0.80645161290322576 0.59999999999999998 0
0.967741935483871 0.59999999999999998 0
1.129032258064516 0.59999999999999998 0
1.2903225806451613 0.59999999999999998 0
1.4516129032258065 0.59999999999999998 0
1.6129032258064515 0.59999999999999998 0
1.774193548387097 0.59999999999999998 0
1.935483870967742 0.59999999999999998 0
2.096774193548387 0.59999999999999998 0
2.258064516129032 0.59999999999999998 0
2.4193548387096775 0.59999999999999998 0
2.5806451612903225 0.59999999999999998 0
2.7419354838709675 0.59999999999999998 0
2.903225806451613 0.59999999999999998 0
3.064516129032258 0.59999999999999998 0
3.225806451612903 0.59999999999999998 0
3.387096774193548 0.59999999999999998 0
3.5483870967741939 0.59999999999999998 0
3.709677419354839 0.59999999999999998 0
3.870967741935484 0.59999999999999998 0
4.032258064516129 0.59999999999999998 0
4.193548387096774 0.59999999999999998 0
4.354838709677419 0.59999999999999998 0
4.5161290322580641 0.59999999999999998 0
4.6774193548387091 0.59999999999999998 0
4.838709677419355 0.59999999999999998 0
5 0.59999999999999998 0
5.161290322580645 0.59999999999999998 0
5.32258064516129 0.59999999999999998 0
5.4838709677419351 0.59999999999999998 0
5.645161290322581 0.59999999999999998 0
5.806451612903226 0.59999999999999998 0
5.967741935483871 0.59999999999999998 0
6.129032258064516 0.59999999999999998 0
6.290322580645161 0.59999999999999998 0
6.4516129032258061 0.59999999999999998 0
6.6129032258064511 0.59999999999999998 0
6.7741935483870961 0.59999999999999998 0
6.935483870967742 0.59999999999999998 0
7.0967741935483879 0.59999999999999998 0
7.258064516129032 0.59999999999999998 0
7.4193548387096779 0.59999999999999998 0
7.5806451612903221 0.59999999999999998 0
7.741935483870968 0.59999999999999998 0
7.9032258064516121 0.59999999999999998 0
8.064516129032258 0.59999999999999998 0
8.2258064516129039 0.59999999999999998 0
8.387096774193548 0.59999999999999998 0
8.5483870967741939 0.59999999999999998 0
8.7096774193548381 0.59999999999999998 0
8.870967741935484 0.59999999999999998 0
9.0322580645161281 0.59999999999999998 0
9.193548387096774 0.59999999999999998 0
9.3548387096774182 0.59999999999999998 0
9.5161290322580641 0.59999999999999998 0
9.67741935483871 0.59999999999999998 0
9.8387096774193559 0.59999999999999998 0
10 0.59999999999999998 0
0 0.61428571428571432 0
0.16129032258064516 0.61428571428571432 0
0.32258064516129031 0.61428571428571432 0
0.4838709677419355 0.61428571428571432 0
0.64516129032258063 0.61428571428571432 0
0.80645161290322576 0.61428571428571432 0
0.967741935483871 0.61428571428571432 0
1.129032258064516 0.61428571428571432 0
1.2903225806451613 0.61428571428571432 0
1.4516129032258065 0.61428571428571432 0
1.6129032258064515 0.61428571428571432 0
1.774193548387097 0.61428571428571432 0
1.935483870967742 0.61428571428571432 0
2.096774193548387 0.61428571428571432 0
2.258064516129032 0.61428571428571432 0
2.4193548387096775 0.61428571428571432 0
2.5806451612903225 0.61428571428571432 0
2.7419354838709675 0.61428571428571432 0
2.903225806451613 0.61428571428571432 0
3.064516129032258 0.61428571428571432 0
3.225806451612903 0.61428571428571432 0
3.387096774193548 0.61428571428571432 0
3.5483870967741939 0.61428571428571432 0
3.709677419354839 0.61428571428571432 0
3.870967741935484 0.61428571428571432 0
4.032258064516129 0.61428571428571432 0
4.193548387096774 0.61428571428571432 0
4.354838709677419 0.61428571428571432 0
4.5161290322580641 0.61428571428571432 0
4.6774193548387091 0.61428571428571432 0
4.838709677419355 0.61428571428571432 0
5 0.61428571428571432 0
5.161290322580645 0.61428571428571432 0
5.32258064516129 0.61428571428571432 0
5.4838709677419351 0.61428571428571432 0
5.645161290322581 0.61428571428571432 0
5.806451612903226 0.61428571428571432 0
5.967741935483871 0.61428571428571432 0
6.129032258064516 0.61428571428571432 0
6.290322580645161 0.61428571428571432 0
6.4516129032258061 0.61428571428571432 0
6.6129032258064511 0.61428571428571432 0
6.7741935483870961 0.61428571428571432 0
6.935483870967742 0.61428571428571432 0
7.0967741935483879 0.61428571428571432 0
7.258064516129032 0.61428571428571432 0
7.4193548387096779 0.61428571428571432 0
7.5806451612903221 0.61428571428571432 0
7.741935483870968 0.61428571428571432 0
7.9032258064516121 0.61428571428571432 0
8.064516129032258 0.61428571428571432 0
8.2258064516129039 0.61428571428571432 0
8.387096774193548 0.61428571428571432 0
8.5483870967741939 0.61428571428571432 0
8.7096774193548381 0.61428571428571432 0
8.870967741935484 0.61428571428571432 0
9.0322580645161281 0.61428571428571432 0
9.193548387096774 0.61428571428571432 0
9.3548387096774182 0.61428571428571432 0
9.5161290322580641 0.61428571428571432 0
9.67741935483871 0.61428571428571432 0
9.8387096774193559 0.61428571428571432 0
10 0.61428571428571432 0
0 0.62857142857142856 0
0.16129032258064516 0.62857142857142856 0
0.32258064516129031 0.62857142857142856 0
0.4838709677419355 0.62857142857142856 0
0.64516129032258063 0.62857142857142856 0
0.80645161290322576 0.62857142857142856 0
0.967741935483871 0.62857142857142856 0
1.129032258064516 0.62857142857142856 0
1.2903225806451613 0.62857142857142856 0
1.4516129032258065 0.62857142857142856 0
1.6129032258064515 0.62857142857142856 0
1.774193548387097 0.62857142857142856 0
1.935483870967742 0.62857142857142856 0
2.096774193548387 0.62857142857142856 0
2.258064516129032 0.62857142857142856 0
2.4193548387096775 0.62857142857142856 0
2.5806451612903225 0.62857142857142856 0
2.7419354838709675 0.62857142857142856 0
2.903225806451613 0.62857142857142856 0
3.064516129032258 0.62857142857142856 0
3.225806451612903 0.62857142857142856 0
3.387096774193548 0.62857142857142856 0
3.5483870967741939 0.62857142857142856 0
3.709677419354839 0.62857142857142856 0
3.870967741935484 0.62857142857142856 0
4.032258064516129 0.62857142857142856 0
4.193548387096774 0.62857142857142856 0
4.354838709677419 0.62857142857142856 0
4.5161290322580641 0.62857142857142856 0
4.6774193548387091 0.62857142857142856 0
4.838709677419355 0.62857142857142856 0
5 0.62857142857142856 0
5.161290322580645 0.62857142857142856 0
5.32258064516129 0.62857142857142856 0
5.4838709677419351 0.62857142857142856 0
5.645161290322581 0.62857142857142856 0
5.806451612903226 0.62857142857142856 0
5.967741935483871 0.62857142857142856 0
6.129032258064516 0.62857142857142856 0
6.290322580645161 0.62857142857142856 0
6.4516129032258061 0.62857142857142856 0
6.6129032258064511 0.62857142857142856 0
6.7741935483870961 0.62857142857142856 0
6.935483870967742 0.62857142857142856 0
7.0967741935483879 0.62857142857142856 0
7.258064516129032 0.62857142857142856 0
7.4193548387096779 0.62857142857142856 0
7.5806451612903221 0.62857142857142856 0
7.741935483870968 0.62857142857142856 0
7.9032258064516121 0.62857142857142856 0
8.064516129032258 0.62857142857142856 0
8.2258064516129039 0.62857142857142856 0
8.387096774193548 0.62857142857142856 0
8.5483870967741939 0.62857142857142856 0
8.7096774193548381 0.62857142857142856 0
8.870967741935484 0.62857142857142856 0
9.0322580645161281 0.62857142857142856 0
9.193548387096774 0.62857142857142856 0
9.3548387096774182 0.62857142857142856 0
9.5161290322580641 0.62857142857142856 0
9.67741935483871 0.62857142857142856 0
9.8387096774193559 0.62857142857142856 0
10 0.62857142857142856 0
0 0.6428571428571429 0
0.16129032258064516 0.6428571428571429 0
0.32258064516129031 0.6428571428571429 0
0.4838709677419355 0.6428571428571429 0
0.64516129032258063 0.6428571428571429 0
0.80645161290322576 0.6428571428571429 0
0.967741935483871 0.6428571428571429 0
1.129032258064516 0.6428571428571429 0
1.2903225806451613 0.6428571428571429 0
1.4516129032258065 0.6428571428571429 0
1.6129032258064515 0.6428571428571429 0
1.774193548387097 0.6428571428571429 0
1.935483870967742 0.6428571428571429 0
2.096774193548387 0.6428571428571429 0
2.258064516129032 0.6428571428571429 0
2.4193548387096775 0.6428571428571429 0
2.5806451612903225 0.6428571428571429 0
2.7419354838709675 0.6428571428571429 0
2.903225806451613 0.6428571428571429 0
3.064516129032258 0.6428571428571429 0
3.225806451612903 0.6428571428571429 0
3.387096774193548 0.6428571428571429 0
3.5483870967741939 0.6428571428571429 0
3.709677419354839 0.6428571428571429 0
3.870967741935484 0.6428571428571429 0
4.032258064516129 0.6428571428571429 0
4.193548387096774 0.6428571428571429 0
4.354838709677419 0.6428571428571429 0
4.5161290322580641 0.6428571428571429 0
4.6774193548387091 0.6428571428571429 0
4.838709677419355 0.6428571428571429 0
5 0.6428571428571429 0
5.161290322580645 0.6428571428571429 0
5.32258064516129 0.6428571428571429 0
5.4838709677419351 0.6428571428571429 0
5.645161290322581 0.6428571428571429 0
5.806451612903226 0.6428571428571429 0
5.967741935483871 0.6428571428571429 0
6.129032258064516 0.6428571428571429 0
6.290322580645161 0.6428571428571429 0
6.4516129032258061 0.6428571428571429 0
6.6129032258064511 0.6428571428571429 0
6.7741935483870961 0.6428571428571429 0
6.935483870967742 0.6428571428571429 0
7.0967741935483879 0.6428571428571429 0
7.258064516129032 0.6428571428571429 0
7.4193548387096779 0.6428571428571429 0
7.5806451612903221 0.6428571428571429 0
7.741935483870968 0.6428571428571429 0
7.9032258064516121 0.6428571428571429 0
8.064516129032258 0.6428571428571429 0
8.2258064516129039 0.6428571428571429 0
8.387096774193548 0.6428571428571429 0
8.5483870967741939 0.6428571428571429 0
8.7096774193548381 0.6428571428571429 0
8.870967741935484 0.6428571428571429 0
9.0322580645161281 0.6428571428571429 0
9.193548387096774 0.6428571428571429 0
9.3548387096774182 0.6428571428571429 0
9.5161290322580641 0.6428571428571429 0
9.67741935483871 0.6428571428571429 0
9.8387096774193559 0.6428571428571429 0
10 0.6428571428571429 0
0 0.65714285714285714 0
0.16129032258064516 0.65714285714285714 0
0.32258064516129031 0.65714285714285714 0
0.4838709677419355 0.65714285714285714 0
0.64516129032258063 0.65714285714285714 0
0.80645161290322576 0.65714285714285714 0
0.967741935483871 0.65714285714285714 0
1.129032258064516 0.65714285714285714 0
1.2903225806451613 0.65714285714285714 0
1.4516129032258065 0.65714285714285714 0
1.6129032258064515 0.65714285714285714 0
1.774193548387097 0.65714285714285714 0
1.935483870967742 0.65714285714285714 0
2.096774193548387 0.65714285714285714 0
2.258064516129032 0.65714285714285714 0
2.4193548387096775 0.65714285714285714 0
2.5806451612903225 0.65714285714285714 0
2.7419354838709675 0.65714285714285714 0
2.903225806451613 0.65714285714285714 0
3.064516129032258 0.65714285714285714 0
3.225806451612903 0.65714285714285714 0
3.387096774193548 0.65714285714285714 0
3.5483870967741939 0.65714285714285714 0
3.709677419354839 0.65714285714285714 0
3.870967741935484 0.65714285714285714 0
4.032258064516129 0.65714285714285714 0
4.193548387096774 0.65714285714285714 0
4.354838709677419 0.65714285714285714 0
4.5161290322580641 0.65714285714285714 0
4.6774193548387091 0.65714285714285714 0
4.838709677419355 0.65714285714285714 0
5 0.65714285714285714 0
5.161290322580645 0.65714285714285714 0
5.32258064516129 0.65714285714285714 0
5.4838709677419351 0.65714285714285714 0
5.645161290322581 0.65714285714285714 0
5.806451612903226 0.65714285714285714 0
5.967741935483871 0.65714285714285714 0
6.129032258064516 0.65714285714285714 0
6.290322580645161 0.65714285714285714 0
6.4516129032258061 0.65714285714285714 0
6.6129032258064511 0.65714285714285714 0
6.7741935483870961 0.65714285714285714 0
6.935483870967742 0.65714285714285714 0
7.0967741935483879 0.65714285714285714 0
7.258064516129032 0.65714285714285714 0
7.4193548387096779 0.65714285714285714 0
7.5806451612903221 0.65714285714285714 0
7.741935483870968 0.65714285714285714 0
7.9032258064516121 0.65714285714285714 0
8.064516129032258 0.65714285714285714 0
8.2258064516129039 0.65714285714285714 0
8.387096774193548 0.65714285714285714 0
8.5483870967741939 0.65714285714285714 0
8.7096774193548381 0.65714285714285714 0
8.870967741935484 0.65714285714285714 0
9.0322580645161281 0.65714285714285714 0
9.193548387096774 0.65714285714285714 0
9.3548387096774182 0.65714285714285714 0
9.5161290322580641 0.65714285714285714 0
9.67741935483871 0.65714285714285714 0
9.8387096774193559 0.65714285714285714 0
10 0.65714285714285714 0
0 0.67142857142857137 0
0.16129032258064516 0.67142857142857137 0
0.32258064516129031 0.67142857142857137 0
0.4838709677419355 0.67142857142857137 0
0.64516129032258063 0.67142857142857137 0
0.80645161290322576 0.67142857142857137 0
0.967741935483871 0.67142857142857137 0
1.129032258064516 0.67142857142857137 0
1.2903225806451613 0.67142857142857137 0
1.4516129032258065 0.67142857142857137 0
1.6129032258064515 0.67142857142857137 0
1.774193548387097 0.67142857142857137 0
1.935483870967742 0.67142857142857137 0
2.096774193548387 0.67142857142857137 0
2.258064516129032 0.67142857142857137 0
2.4193548387096775 0.67142857142857137 0
2.5806451612903225 0.67142857142857137 0
2.7419354838709675 0.67142857142857137 0
2.903225806451613 0.67142857142857137 0
3.064516129032258 0.67142857142857137 0
3.225806451612903 0.67142857142857137 0
3.387096774193548 0.67142857142857137 0
3.5483870967741939 0.67142857142857137 0
3.709677419354839 0.67142857142857137 0
3.870967741935484 0.67142857142857137 0
4.032258064516129 0.67142857142857137 0
4.193548387096774 0.67142857142857137 0
4.354838709677419 0.67142857142857137 0
4.5161290322580641 0.67142857142857137 0
4.6774193548387091 0.67142857142857137 0
4.838709677419355 0.67142857142857137 0
5 0.67142857142857137 0
5.161290322580645 0.67142857142857137 0
5.32258064516129 0.67142857142857137 0
5.4838709677419351 0.67142857142857137 0
5.645161290322581 0.67142857142857137 0
5.806451612903226 0.67142857142857137 0
5.967741935483871 0.67142857142857137 0
6.129032258064516 0.67142857142857137 0
6.290322580645161 0.67142857142857137 0
6.4516129032258061 0.67142857142857137 0
6.6129032258064511 0.67142857142857137 0
6.7741935483870961 0.67142857142857137 0
6.935483870967742 0.67142857142857137 0
7.0967741935483879 0.67142857142857137 0
7.258064516129032 0.67142857142857137 0
7.4193548387096779 0.67142857142857137 0
7.5806451612903221 0.67142857142857137 0
7.741935483870968 0.67142857142857137 0
7.9032258064516121 0.67142857142857137 0
8.064516129032258 0.67142857142857137 0
8.2258064516129039 0.67142857142857137 0
8.387096774193548 0.67142857142857137 0
8.5483870967741939 0.67142857142857137 0
8.7096774193548381 0.67142857142857137 0
8.870967741935484 0.67142857142857137 0
9.0322580645161281 0.67142857142857137 0
9.193548387096774 0.67142857142857137 0
9.3548387096774182 0.67142857142857137 0
9.5161290322580641 0.67142857142857137 0
9.67741935483871 0.67142857142857137 0
9.8387096774193559 0.67142857142857137 0
10 0.67142857142857137 0
0 0.68571428571428572 0
0.16129032258064516 0.68571428571428572 0
0.32258064516129031 0.68571428571428572 0
0.4838709677419355 0.68571428571428572 0
0.64516129032258063 0.68571428571428572 0
0.80645161290322576 0.68571428571428572 0
0.967741935483871 0.68571428571428572 0
1.129032258064516 0.68571428571428572 0
1.2903225806451613 0.68571428571428572 0
1.4516129032258065 0.68571428571428572 0
1.6129032258064515 0.68571428571428572 0
1.774193548387097 0.68571428571428572 0
1.935483870967742 0.68571428571428572 0
2.096774193548387 0.68571428571428572 0
2.258064516129032 0.68571428571428572 0
2.4193548387096775 0.68571428571428572 0
2.5806451612903225 0.68571428571428572 0
2.7419354838709675 0.68571428571428572 0
2.903225806451613 0.68571428571428572 0
3.064516129032258 0.68571428571428572 0
3.225806451612903 0.68571428571428572 0
3.387096774193548 0.68571428571428572 0
3.5483870967741939 0.68571428571428572 0
3.709677419354839 0.68571428571428572 0
3.870967741935484 0.68571428571428572 0
4.032258064516129 0.68571428571428572 0
4.193548387096774 0.68571428571428572 0
4.354838709677419 0.68571428571428572 0
4.5161290322580641 0.68571428571428572 0
4.6774193548387091 0.68571428571428572 0
4.838709677419355 0.68571428571428572 0
5 0.68571428571428572 0
5.161290322580645 0.68571428571428572 0
5.32258064516129 0.68571428571428572 0
5.4838709677419351 0.68571428571428572 0
5.645161290322581 0.68571428571428572 0
5.806451612903226 0.68571428571428572 0
5.967741935483871 0.68571428571428572 0
6.129032258064516 0.68571428571428572 0
6.290322580645161 0.68571428571428572 0
6.4516129032258061 0.68571428571428572 0
6.6129032258064511 0.68571428571428572 0
6.7741935483870961 0.68571428571428572 0
6.935483870967742 0.68571428571428572 0
7.0967741935483879 0.68571428571428572 0
7.258064516129032 0.68571428571428572 0
7.4193548387096779 0.68571428571428572 0
7.5806451612903221 0.68571428571428572 0
7.741935483870968 0.68571428571428572 0
7.9032258064516121 0.68571428571428572 0
8.064516129032258 0.68571428571428572 0
8.2258064516129039 0.68571428571428572 0
8.387096774193548 0.68571428571428572 0
8.5483870967741939 0.68571428571428572 0
8.7096774193548381 0.68571428571428572 0
8.870967741935484 0.68571428571428572 0
9.0322580645161281 0.68571428571428572 0
9.193548387096774 0.68571428571428572 0
9.3548387096774182 0.68571428571428572 0
9.5161290322580641 0.68571428571428572 0
9.67741935483871 0.68571428571428572 0
9.8387096774193559 0.68571428571428572 0
10 0.68571428571428572 0
0 0.69999999999999996 0
0.16129032258064516 0.69999999999999996 0
0.32258064516129031 0.69999999999999996 0
0.4838709677419355 0.69999999999999996 0
0.64516129032258063 0.69999999999999996 0
0.80645161290322576 0.69999999999999996 0
0.967741935483871 0.69999999999999996 0
1.129032258064516 0.69999999999999996 0
1.2903225806451613 0.69999999999999996 0
1.4516129032258065 0.69999999999999996 0
1.6129032258064515 0.69999999999999996 0
1.774193548387097 0.69999999999999996 0
1.935483870967742 0.69999999999999996 0
2.096774193548387 0.69999999999999996 0
2.258064516129032 0.69999999999999996 0
2.4193548387096775 0.69999999999999996 0
2.5806451612903225 0.69999999999999996 0
2.7419354838709675 0.69999999999999996 0
2.903225806451613 0.69999999999999996 0
3.064516129032258 0.69999999999999996 0
3.225806451612903 0.69999999999999996 0
3.387096774193548 0.69999999999999996 0
3.5483870967741939 0.69999999999999996 0
3.709677419354839 0.69999999999999996 0
3.870967741935484 0.69999999999999996 0
4.032258064516129 0.69999999999999996 0
4.193548387096774 0.69999999999999996 0
4.354838709677419 0.69999999999999996 0
4.5161290322580641 0.69999999999999996 0
4.6774193548387091 0.69999999999999996 0
4.838709677419355 0.69999999999999996 0
5 0.69999999999999996 0
5.161290322580645 0.69999999999999996 0
5.32258064516129 0.69999999999999996 0
5.4838709677419351 0.69999999999999996 0
5.645161290322581 0.69999999999999996 0
5.806451612903226 0.69999999999999996 0
5.967741935483871 0.69999999999999996 0
6.129032258064516 0.69999999999999996 0
6.290322580645161 0.69999999999999996 0
6.4516129032258061 0.69999999999999996 0
6.6129032258064511 0.69999999999999996 0
6.7741935483870961 0.69999999999999996 0
6.935483870967742 0.69999999999999996 0
7.0967741935483879 0.69999999999999996 0
7.258064516129032 0.69999999999999996 0
7.4193548387096779 0.69999999999999996 0
7.5806451612903221 0.69999999999999996 0
7.741935483870968 0.69999999999999996 0
7.9032258064516121 0.69999999999999996 0
8.064516129032258 0.69999999999999996 0
8.2258064516129039 0.69999999999999996 0
8.387096774193548 0.69999999999999996 0
8.5483870967741939 0.69999999999999996 0
8.7096774193548381 0.69999999999999996 0
8.870967741935484 0.69999999999999996 0
9.0322580645161281 0.69999999999999996 0
9.193548387096774 0.69999999999999996 0
9.3548387096774182 0.69999999999999996 0
9.5161290322580641 0.69999999999999996 0
9.67741935483871 0.69999999999999996 0
9.8387096774193559 0.69999999999999996 0
10 0.69999999999999996 0
0 0.7142857142857143 0
0.16129032258064516 0.7142857142857143 0
0.32258064516129031 0.7142857142857143 0
0.4838709677419355 0.7142857142857143 0
0.64516129032258063 0.7142857142857143 0
0.80645161290322576 0.7142857142857143 0
0.967741935483871 0.7142857142857143 0
1.129032258064516 0.7142857142857143 0
1.2903225806451613 0.7142857142857143 0
1.4516129032258065 0.7142857142857143 0
1.6129032258064515 0.7142857142857143 0
1.774193548387097 0.7142857142857143 0
1.935483870967742 0.7142857142857143 0
2.096774193548387 0.7142857142857143 0
2.258064516129032 0.7142857142857143 0
2.4193548387096775 0.7142857142857143 0
2.5806451612903225 0.7142857142857143 0
2.7419354838709675 0.7142857142857143 0
2.903225806451613 0.7142857142857143 0
3.064516129032258 0.7142857142857143 0
3.225806451612903 0.7142857142857143 0
3.387096774193548 0.7142857142857143 0
3.5483870967741939 0.7142857142857143 0
3.709677419354839 0.7142857142857143 0
3.870967741935484 0.7142857142857143 0
4.032258064516129 0.7142857142857143 0
4.193548387096774 0.7142857142857143 0
4.354838709677419 0.7142857142857143 0
4.5161290322580641 0.7142857142857143 0
4.6774193548387091 0.7142857142857143 0
4.838709677419355 0.7142857142857143 0
5 0.7142857142857143 0
5.161290322580645 0.7142857142857143 0
5.32258064516129 0.7142857142857143 0
5.4838709677419351 0.7142857142857143 0
5.645161290322581 0.7142857142857143 0
5.806451612903226 0.7142857142857143 0
5.967741935483871 0.7142857142857143 0
6.129032258064516 0.7142857142857143 0
6.290322580645161 0.7142857142857143 0
6.4516129032258061 0.7142857142857143 0
6.6129032258064511 0.7142857142857143 0
6.7741935483870961 0.7142857142857143 0
6.935483870967742 0.7142857142857143 0
7.0967741935483879 0.7142857142857143 0
7.258064516129032 0.7142857142857143 0
7.4193548387096779 0.7142857142857143 0
7.5806451612903221 0.7142857142857143 0
7.741935483870968 0.7142857142857143 0
7.9032258064516121 0.7142857142857143 0
8.064516129032258 0.7142857142857143 0
8.2258064516129039 0.7142857142857143 0
8.387096774193548 0.7142857142857143 0
8.5483870967741939 0.7142857142857143 0
8.7096774193548381 0.7142857142857143 0
8.870967741935484 0.7142857142857143 0
9.0322580645161281 0.7142857142857143 0
9.193548387096774 0.7142857142857143 0
9.3548387096774182 0.7142857142857143 0
9.5161290322580641 0.7142857142857143 0
9.67741935483871 0.7142857142857143 0
9.8387096774193559 0.7142857142857143 0
10 0.7142857142857143 0
0 0.72857142857142854 0
0.16129032258064516 0.72857142857142854 0
0.32258064516129031 0.72857142857142854 0
0.4838709677419355 0.72857142857142854 0
0.64516129032258063 0.72857142857142854 0
0.80645161290322576 0.72857142857142854 0
0.967741935483871 0.72857142857142854 0
1.129032258064516 0.72857142857142854 0
1.2903225806451613 0.72857142857142854 0
1.4516129032258065 0.72857142857142854 0
1.6129032258064515 0.72857142857142854 0
1.774193548387097 0.72857142857142854 0
1.935483870967742 0.72857142857142854 0
2.096774193548387 0.72857142857142854 0
2.258064516129032 0.72857142857142854 0
2.4193548387096775 0.72857142857142854 0
2.5806451612903225 0.72857142857142854 0
2.7419354838709675 0.72857142857142854 0
2.903225806451613 0.72857142857142854 0
3.064516129032258 0.72857142857142854 0
3.225806451612903 0.72857142857142854 0
3.387096774193548 0.72857142857142854 0
3.5483870967741939 0.72857142857142854 0
3.709677419354839 0.72857142857142854 0
3.870967741935484 0.72857142857142854 0
4.032258064516129 0.72857142857142854 0
4.193548387096774 0.72857142857142854 0
4.354838709677419 0.72857142857142854 0
4.5161290322580641 0.72857142857142854 0
4.6774193548387091 0.72857142857142854 0
4.838709677419355 0.72857142857142854 0
5 0.72857142857142854 0
5.161290322580645 0.72857142857142854 0
5.32258064516129 0.72857142857142854 0
5.4838709677419351 0.72857142857142854 0
5.645161290322581 0.72857142857142854 0
5.806451612903226 0.72857142857142854 0
5.967741935483871 0.72857142857142854 0
6.129032258064516 0.72857142857142854 0
6.290322580645161 0.72857142857142854 0
6.4516129032258061 0.72857142857142854 0
6.6129032258064511 0.72857142857142854 0
6.7741935483870961 0.72857142857142854 0
6.935483870967742 0.72857142857142854 0
7.0967741935483879 0.72857142857142854 0
7.258064516129032 0.72857142857142854 0
7.4193548387096779 0.72857142857142854 0
7.5806451612903221 0.72857142857142854 0
7.741935483870968 0.72857142857142854 0
7.9032258064516121 0.72857142857142854 0
8.064516129032258 0.72857142857142854 0
8.2258064516129039 0.72857142857142854 0
8.387096774193548 0.72857142857142854 0
8.5483870967741939 0.72857142857142854 0
8.7096774193548381 0.72857142857142854 0
8.870967741935484 0.72857142857142854 0
9.0322580645161281 0.72857142857142854 0
9.193548387096774 0.72857142857142854 0
9.3548387096774182 0.72857142857142854 0
9.5161290322580641 0.72857142857142854 0
9.67741935483871 0.72857142857142854 0
9.8387096774193559 0.72857142857142854 0
10 0.72857142857142854 0
0 0.74285714285714288 0
0.16129032258064516 0.74285714285714288 0
0.32258064516129031 0.74285714285714288 0
0.4838709677419355 0.74285714285714288 0
0.64516129032258063 0.74285714285714288 0
0.80645161290322576 0.74285714285714288 0
0.967741935483871 0.74285714285714288 0
1.129032258064516 0.74285714285714288 0
1.2903225806451613 0.74285714285714288 0
1.4516129032258065 0.74285714285714288 0
1.6129032258064515 0.74285714285714288 0
1.774193548387097 0.74285714285714288 0
1.935483870967742 0.74285714285714288 0
2.096774193548387 0.74285714285714288 0
2.258064516129032 0.74285714285714288 0
2.4193548387096775 0.74285714285714288 0
2.5806451612903225 0.74285714285714288 0
2.7419354838709675 0.74285714285714288 0
2.903225806451613 0.74285714285714288 0
3.064516129032258 0.74285714285714288 0
3.225806451612903 0.74285714285714288 0
3.387096774193548 0.74285714285714288 0
3.5483870967741939 0.74285714285714288 0
3.709677419354839 0.74285714285714288 0
3.870967741935484 0.74285714285714288 0
4.032258064516129 0.74285714285714288 0
4.193548387096774 0.74285714285714288 0
4.354838709677419 0.74285714285714288 0
4.5161290322580641 0.74285714285714288 0
4.6774193548387091 0.74285714285714288 0
4.838709677419355 0.74285714285714288 0
5 0.74285714285714288 0
5.161290322580645 0.74285714285714288 0
5.32258064516129 0.74285714285714288 0
5.4838709677419351 0.74285714285714288 0
5.645161290322581 0.74285714285714288 0
5.806451612903226 0.74285714285714288 0
5.967741935483871 0.74285714285714288 0
6.129032258064516 0.74285714285714288 0
6.290322580645161 0.74285714285714288 0
6.4516129032258061 0.74285714285714288 0
6.6129032258064511 0.74285714285714288 0
6.7741935483870961 0.74285714285714288 0
6.935483870967742 0.74285714285714288 0
7.0967741935483879 0.74285714285714288 0
7.258064516129032 0.74285714285714288 0
7.4193548387096779 0.74285714285714288 0
7.5806451612903221 0.74285714285714288 0
7.741935483870968 0.74285714285714288 0
7.9032258064516121 0.74285714285714288 0
8.064516129032258 0.74285714285714288 0
8.2258064516129039 0.74285714285714288 0
8.387096774193548 0.74285714285714288 0
8.5483870967741939 0.74285714285714288 0
8.7096774193548381 0.74285714285714288 0
8.870967741935484 0.74285714285714288 0
9.0322580645161281 0.74285714285714288 0
9.193548387096774 0.74285714285714288 0
9.3548387096774182 0.74285714285714288 0
9.5161290322580641 0.74285714285714288 0
9.67741935483871 0.74285714285714288 0
9.8387096774193559 0.74285714285714288 0
10 0.74285714285714288 0
0 0.75714285714285712 0
0.16129032258064516 0.75714285714285712 0
0.32258064516129031 0.75714285714285712 0
0.4838709677419355 0.75714285714285712 0
0.64516129032258063 0.75714285714285712 0
0.80645161290322576 0.75714285714285712 0
0.967741935483871 0.75714285714285712 0
1.129032258064516 0.75714285714285712 0
1.2903225806451613 0.75714285714285712 0
1.4516129032258065 0.75714285714285712 0
1.6129032258064515 0.75714285714285712 0
1.774193548387097 0.75714285714285712 0
1.935483870967742 0.75714285714285712 0
2.096774193548387 0.75714285714285712 0
2.258064516129032 0.75714285714285712 0
2.4193548387096775 0.75714285714285712 0
2.5806451612903225 0.75714285714285712 0
2.7419354838709675 0.75714285714285712 0
2.903225806451613 0.75714285714285712 0
3.064516129032258 0.75714285714285712 0
3.225806451612903 0.75714285714285712 0
3.387096774193548 0.75714285714285712 0
3.5483870967741939 0.75714285714285712 0
3.709677419354839 0.75714285714285712 0
3.870967741935484 0.75714285714285712 0
4.032258064516129 0.75714285714285712 0
4.193548387096774 0.75714285714285712 0
4.354838709677419 0.75714285714285712 0
4.5161290322580641 0.75714285714285712 0
4.6774193548387091 0.75714285714285712 0
4.838709677419355 0.75714285714285712 0
5 0.75714285714285712 0
5.161290322580645 0.75714285714285712 0
5.32258064516129 0.75714285714285712 0
5.4838709677419351 0.75714285714285712 0
5.645161290322581 0.75714285714285712 0
5.806451612903226 0.75714285714285712 0
5.967741935483871 0.75714285714285712 0
6.129032258064516 0.75714285714285712 0
6.290322580645161 0.75714285714285712 0
6.4516129032258061 0.75714285714285712 0
6.6129032258064511 0.75714285714285712 0
6.7741935483870961 0.75714285714285712 0
6.935483870967742 0.75714285714285712 0
7.0967741935483879 0.75714285714285712 0
7.258064516129032 0.75714285714285712 0
7.4193548387096779 0.75714285714285712 0
7.5806451612903221 0.75714285714285712 0
7.741935483870968 0.75714285714285712 0
7.9032258064516121 0.75714285714285712 0
8.064516129032258 0.75714285714285712 0
8.2258064516129039 0.75714285714285712 0
8.387096774193548 0.75714285714285712 0
8.5483870967741939 0.75714285714285712 0
8.7096774193548381 0.75714285714285712 0
8.870967741935484 0.75714285714285712 0
9.0322580645161281 0.75714285714285712 0
9.193548387096774 0.75714285714285712 0
9.3548387096774182 0.75714285714285712 0
9.5161290322580641 0.75714285714285712 0
9.67741935483871 0.75714285714285712 0
9.8387096774193559 0.75714285714285712 0
10 0.75714285714285712 0
0 0.77142857142857146 0
0.16129032258064516 0.77142857142857146 0
0.32258064516129031 0.77142857142857146 0
0.4838709677419355 0.77142857142857146 0
0.64516129032258063 0.77142857142857146 0
0.80645161290322576 0.77142857142857146 0
0.967741935483871 0.77142857142857146 0
1.129032258064516 0.77142857142857146 0
1.2903225806451613 0.77142857142857146 0
1.4516129032258065 0.77142857142857146 0
1.6129032258064515 0.77142857142857146 0
1.774193548387097 0.77142857142857146 0
1.935483870967742 0.77142857142857146 0
2.096774193548387 0.77142857142857146 0
2.258064516129032 0.77142857142857146 0
2.4193548387096775 0.77142857142857146 0
2.5806451612903225 0.77142857142857146 0
2.7419354838709675 0.77142857142857146 0
2.903225806451613 0.77142857142857146 0
3.064516129032258 0.77142857142857146 0
3.225806451612903 0.77142857142857146 0
3.387096774193548 0.77142857142857146 0
3.5483870967741939 0.77142857142857146 0
3.709677419354839 0.77142857142857146 0
3.870967741935484 0.77142857142857146 0
4.032258064516129 0.77142857142857146 0
4.193548387096774 0.77142857142857146 0
4.354838709677419 0.77142857142857146 0
4.5161290322580641 0.77142857142857146 0
4.6774193548387091 0.77142857142857146 0
4.838709677419355 0.77142857142857146 0
5 0.77142857142857146 0
5.161290322580645 0.77142857142857146 0
5.32258064516129 0.77142857142857146 0
5.4838709677419351 0.77142857142857146 0
5.645161290322581 0.77142857142857146 0
5.806451612903226 0.77142857142857146 0
5.967741935483871 0.77142857142857146 0
6.129032258064516 0.77142857142857146 0
6.290322580645161 0.77142857142857146 0
6.4516129032258061 0.77142857142857146 0
6.6129032258064511 0.77142857142857146 0
6.7741935483870961 0.77142857142857146 0
6.935483870967742 0.77142857142857146 0
7.0967741935483879 0.77142857142857146 0
7.258064516129032 0.77142857142857146 0
7.4193548387096779 0.77142857142857146 0
7.5806451612903221 0.77142857142857146 0
7.741935483870968 0.77142857142857146 0
7.9032258064516121 0.77142857142857146 0
8.064516129032258 0.77142857142857146 0
8.2258064516129039 0.77142857142857146 0
8.387096774193548 0.77142857142857146 0
8.5483870967741939 0.77142857142857146 0
8.7096774193548381 0.77142857142857146 0
8.870967741935484 0.77142857142857146 0
9.0322580645161281 0.77142857142857146 0
9.193548387096774 0.77142857142857146 0
9.3548387096774182 0.77142857142857146 0
9.5161290322580641 0.77142857142857146 0
9.67741935483871 0.77142857142857146 0
9.8387096774193559 0.77142857142857146 0
10 0.77142857142857146 0
0 0.7857142857142857 0
0.16129032258064516 0.7857142857142857 0
0.32258064516129031 0.7857142857142857 0
0.4838709677419355 0.7857142857142857 0
0.64516129032258063 0.7857142857142857 0
0.80645161290322576 0.7857142857142857 0
0.967741935483871 0.7857142857142857 0
1.129032258064516 0.7857142857142857 0
1.2903225806451613 0.7857142857142857 0
1.4516129032258065 0.7857142857142857 0
1.6129032258064515 0.7857142857142857 0
1.774193548387097 0.7857142857142857 0
1.935483870967742 0.7857142857142857 0
2.096774193548387 0.7857142857142857 0
2.258064516129032 0.7857142857142857 0
2.4193548387096775 0.7857142857142857 0
2.5806451612903225 0.7857142857142857 0
2.7419354838709675 0.7857142857142857 0
2.903225806451613 0.7857142857142857 0
3.064516129032258 0.7857142857142857 0
3.225806451612903 0.7857142857142857 0
3.387096774193548 0.7857142857142857 0
3.5483870967741939 0.7857142857142857 0
3.709677419354839 0.7857142857142857 0
3.870967741935484 0.7857142857142857 0
4.032258064516129 0.7857142857142857 0
4.193548387096774 0.7857142857142857 0
4.354838709677419 0.7857142857142857 0
4.5161290322580641 0.7857142857142857 0
4.6774193548387091 0.7857142857142857 0
4.838709677419355 0.7857142857142857 0
5 0.7857142857142857 0
5.161290322580645 0.7857142857142857 0
5.32258064516129 0.7857142857142857 0
5.4838709677419351 0.7857142857142857 0
5.645161290322581 0.7857142857142857 0
5.806451612903226 0.7857142857142857 0
5.967741935483871 0.7857142857142857 0
6.129032258064516 0.7857142857142857 0
6.290322580645161 0.7857142857142857 0
6.4516129032258061 0.7857142857142857 0
6.6129032258064511 0.7857142857142857 0
6.7741935483870961 0.7857142857142857 0
6.935483870967742 0.7857142857142857 0
7.0967741935483879 0.7857142857142857 0
7.258064516129032 0.7857142857142857 0
7.4193548387096779 0.7857142857142857 0
7.5806451612903221 0.7857142857142857 0
7.741935483870968 0.7857142857142857 0
7.9032258064516121 0.7857142857142857 0
8.064516129032258 0.7857142857142857 0
8.2258064516129039 0.7857142857142857 0
8.387096774193548 0.7857142857142857 0
8.5483870967741939 0.7857142857142857 0
8.7096774193548381 0.7857142857142857 0
8.870967741935484 0.7857142857142857 0
9.0322580645161281 0.7857142857142857 0
9.193548387096774 0.7857142857142857 0
9.3548387096774182 0.7857142857142857 0
9.5161290322580641 0.7857142857142857 0
9.67741935483871 0.7857142857142857 0
9.8387096774193559 0.7857142857142857 0
10 0.7857142857142857 0
0 0.80000000000000004 0
0.16129032258064516 0.80000000000000004 0
0.32258064516129031 0.80000000000000004 0
0.4838709677419355 0.80000000000000004 0
0.64516129032258063 0.80000000000000004 0
0.80645161290322576 0.80000000000000004 0
0.967741935483871 0.80000000000000004 0
1.129032258064516 0.80000000000000004 0
1.2903225806451613 0.80000000000000004 0
1.4516129032258065 0.80000000000000004 0
1.6129032258064515 0.80000000000000004 0
1.774193548387097 0.80000000000000004 0
1.935483870967742 0.80000000000000004 0
2.096774193548387 0.80000000000000004 0
2.258064516129032 0.80000000000000004 0
2.4193548387096775 0.80000000000000004 0
2.5806451612903225 0.80000000000000004 0
2.7419354838709675 0.80000000000000004 0
2.903225806451613 0.80000000000000004 0
3.064516129032258 0.80000000000000004 0
3.225806451612903 0.80000000000000004 0
3.387096774193548 0.80000000000000004 0
3.5483870967741939 0.80000000000000004 0
3.709677419354839 0.80000000000000004 0
3.870967741935484 0.80000000000000004 0
4.032258064516129 0.80000000000000004 0
4.193548387096774 0.80000000000000004 0
4.354838709677419 0.80000000000000004 0
4.5161290322580641 0.80000000000000004 0
4.6774193548387091 0.80000000000000004 0
4.838709677419355 0.80000000000000004 0
5 0.80000000000000004 0
5.161290322580645 0.80000000000000004 0
5.32258064516129 0.80000000000000004 0
5.4838709677419351 0.80000000000000004 0
5.645161290322581 0.80000000000000004 0
5.806451612903226 0.80000000000000004 0
5.967741935483871 0.80000000000000004 0
6.129032258064516 0.80000000000000004 0
6.290322580645161 0.80000000000000004 0
6.4516129032258061 0.80000000000000004 0
6.6129032258064511 0.80000000000000004 0
6.7741935483870961 0.80000000000000004 0
6.935483870967742 0.80000000000000004 0
7.0967741935483879 0.80000000000000004 0
7.258064516129032 0.80000000000000004 0
7.4193548387096779 0.80000000000000004 0
7.5806451612903221 0.80000000000000004 0
7.741935483870968 0.80000000000000004 0
7.9032258064516121 0.80000000000000004 0
8.064516129032258 0.80000000000000004 0
8.2258064516129039 0.80000000000000004 0
8.387096774193548 0.80000000000000004 0
8.5483870967741939 0.80000000000000004 0
8.7096774193548381 0.80000000000000004 0
8.870967741935484 0.80000000000000004 0
9.0322580645161281 0.80000000000000004 0
9.193548387096774 0.80000000000000004 0
9.3548387096774182 0.80000000000000004 0
9.5161290322580641 0.80000000000000004 0
9.67741935483871 0.80000000000000004 0
9.8387096774193559 0.80000000000000004 0
10 0.80000000000000004 0
0 0.81428571428571428 0
0.16129032258064516 0.81428571428571428 0
0.32258064516129031 0.81428571428571428 0
0.4838709677419355 0.81428571428571428 0
0.64516129032258063 0.81428571428571428 0
0.80645161290322576 0.81428571428571428 0
0.967741935483871 0.81428571428571428 0
1.129032258064516 0.81428571428571428 0
1.2903225806451613 0.81428571428571428 0
1.4516129032258065 0.81428571428571428 0
1.6129032258064515 0.81428571428571428 0
1.774193548387097 0.81428571428571428 0
1.935483870967742 0.81428571428571428 0
2.096774193548387 0.81428571428571428 0
2.258064516129032 0.81428571428571428 0
2.4193548387096775 0.81428571428571428 0
2.5806451612903225 0.81428571428571428 0
2.7419354838709675 0.81428571428571428 0
2.903225806451613 0.81428571428571428 0
3.064516129032258 0.81428571428571428 0
3.225806451612903 0.81428571428571428 0
3.387096774193548 0.81428571428571428 0
3.5483870967741939 0.81428571428571428 0
3.709677419354839 0.81428571428571428 0
3.870967741935484 0.81428571428571428 0
4.032258064516129 0.81428571428571428 0
4.193548387096774 0.81428571428571428 0
4.354838709677419 0.81428571428571428 0
4.5161290322580641 0.81428571428571428 0
4.6774193548387091 0.81428571428571428 0
4.838709677419355 0.81428571428571428 0
5 0.81428571428571428 0
5.161290322580645 0.81428571428571428 0
5.32258064516129 0.81428571428571428 0
5.4838709677419351 0.81428571428571428 0
5.645161290322581 0.81428571428571428 0
5.806451612903226 0.81428571428571428 0
5.967741935483871 0.81428571428571428 0
6.129032258064516 0.81428571428571428 0
6.290322580645161 0.81428571428571428 0
6.4516129032258061 0.81428571428571428 0
6.6129032258064511 0.81428571428571428 0
6.7741935483870961 0.81428571428571428 0
6.935483870967742 0.81428571428571428 0
7.0967741935483879 0.81428571428571428 0
7.258064516129032 0.81428571428571428 0
7.4193548387096779 0.81428571428571428 0
7.5806451612903221 0.81428571428571428 0
7.741935483870968 0.81428571428571428 0
7.9032258064516121 0.81428571428571428 0
8.064516129032258 0.81428571428571428 0
8.2258064516129039 0.81428571428571428 0
8.387096774193548 0.81428571428571428 0
8.5483870967741939 0.81428571428571428 0
8.7096774193548381 0.81428571428571428 0
8.870967741935484 0.81428571428571428 0
9.0322580645161281 0.81428571428571428 0
9.193548387096774 0.81428571428571428 0
9.3548387096774182 0.81428571428571428 0
9.5161290322580641 0.81428571428571428 0
9.67741935483871 0.81428571428571428 0
9.8387096774193559 0.81428571428571428 0
10 0.81428571428571428 0
0 0.82857142857142863 0
0.16129032258064516 0.82857142857142863 0
0.32258064516129031 0.82857142857142863 0
0.4838709677419355 0.82857142857142863 0
0.64516129032258063 0.82857142857142863 0
0.80645161290322576 0.82857142857142863 0
0.967741935483871 0.82857142857142863 0
1.129032258064516 0.82857142857142863 0
1.2903225806451613 0.82857142857142863 0
1.4516129032258065 0.82857142857142863 0
1.6129032258064515 0.82857142857142863 0
1.774193548387097 0.82857142857142863 0
1.935483870967742 0.82857142857142863 0
2.096774193548387 0.82857142857142863 0
2.258064516129032 0.82857142857142863 0
2.4193548387096775 0.82857142857142863 0
2.5806451612903225 0.82857142857142863 0
2.7419354838709675 0.82857142857142863 0
2.903225806451613 0.82857142857142863 0
3.064516129032258 0.82857142857142863 0
3.225806451612903 0.82857142857142863 0
3.387096774193548 0.82857142857142863 0
3.5483870967741939 0.82857142857142863 0
3.709677419354839 0.82857142857142863 0
3.870967741935484 0.82857142857142863 0
4.032258064516129 0.82857142857142863 0
4.193548387096774 0.82857142857142863 0
4.354838709677419 0.82857142857142863 0
4.5161290322580641 0.82857142857142863 0
4.6774193548387091 0.82857142857142863 0
4.838709677419355 0.82857142857142863 0
5 0.82857142857142863 0
5.161290322580645 0.82857142857142863 0
5.32258064516129 0.82857142857142863 0
5.4838709677419351 0.82857142857142863 0
5.645161290322581 0.82857142857142863 0
5.806451612903226 0.82857142857142863 0
5.967741935483871 0.82857142857142863 0
6.129032258064516 0.82857142857142863 0
6.290322580645161 0.82857142857142863 0
6.4516129032258061 0.82857142857142863 0
6.6129032258064511 0.82857142857142863 0
6.7741935483870961 0.82857142857142863 0
6.935483870967742 0.82857142857142863 0
7.0967741935483879 0.82857142857142863 0
7.258064516129032 0.82857142857142863 0
7.4193548387096779 0.82857142857142863 0
7.5806451612903221 0.82857142857142863 0
7.741935483870968 0.82857142857142863 0
7.9032258064516121 0.82857142857142863 0
8.064516129032258 0.82857142857142863 0
8.2258064516129039 0.82857142857142863 0
8.387096774193548 0.82857142857142863 0
8.5483870967741939 0.82857142857142863 0
8.7096774193548381 0.82857142857142863 0
8.870967741935484 0.82857142857142863 0
9.0322580645161281 0.82857142857142863 0
9.193548387096774 0.82857142857142863 0
9.3548387096774182 0.82857142857142863 0
9.5161290322580641 0.82857142857142863 0
9.67741935483871 0.82857142857142863 0
9.8387096774193559 0.82857142857142863 0
10 0.82857142857142863 0
0 0.84285714285714286 0
0.16129032258064516 0.84285714285714286 0
0.32258064516129031 0.84285714285714286 0
0.4838709677419355 0.84285714285714286 0
0.64516129032258063 0.84285714285714286 0
0.80645161290322576 0.84285714285714286 0
0.967741935483871 0.84285714285714286 0
1.129032258064516 0.84285714285714286 0
1.2903225806451613 0.84285714285714286 0
1.4516129032258065 0.84285714285714286 0
1.6129032258064515 0.84285714285714286 0
1.774193548387097 0.84285714285714286 0
1.935483870967742 0.84285714285714286 0
2.096774193548387 0.84285714285714286 0
2.258064516129032 0.84285714285714286 0
2.4193548387096775 0.84285714285714286 0
2.5806451612903225 0.84285714285714286 0
2.7419354838709675 0.84285714285714286 0
2.903225806451613 0.84285714285714286 0
3.064516129032258 0.84285714285714286 0
3.225806451612903 0.84285714285714286 0
3.387096774193548 0.84285714285714286 0
3.5483870967741939 0.84285714285714286 0
3.709677419354839 0.84285714285714286 0
3.870967741935484 0.84285714285714286 0
4.032258064516129 0.84285714285714286 0
4.193548387096774 0.84285714285714286 0
4.354838709677419 0.84285714285714286 0
4.5161290322580641 0.84285714285714286 0
4.6774193548387091 0.84285714285714286 0
4.838709677419355 0.84285714285714286 0
5 0.84285714285714286 0
5.161290322580645 0.84285714285714286 0
5.32258064516129 0.84285714285714286 0
5.4838709677419351 0.84285714285714286 0
5.645161290322581 0.84285714285714286 0
5.806451612903226 0.84285714285714286 0
5.967741935483871 0.84285714285714286 0
6.129032258064516 0.84285714285714286 0
6.290322580645161 0.84285714285714286 0
6.4516129032258061 0.84285714285714286 0
6.6129032258064511 0.84285714285714286 0
6.7741935483870961 0.84285714285714286 0
6.935483870967742 0.84285714285714286 0
7.0967741935483879 0.84285714285714286 0
7.258064516129032 0.84285714285714286 0
7.4193548387096779 0.84285714285714286 0
7.5806451612903221 0.84285714285714286 0
7.741935483870968 0.84285714285714286 0
7.9032258064516121 0.84285714285714286 0
8.064516129032258 0.84285714285714286 0
8.2258064516129039 0.84285714285714286 0
8.387096774193548 0.84285714285714286 0
8.5483870967741939 0.84285714285714286 0
8.7096774193548381 0.84285714285714286 0
8.870967741935484 0.84285714285714286 0
9.0322580645161281 0.84285714285714286 0
9.193548387096774 0.84285714285714286 0
9.3548387096774182 0.84285714285714286 0
9.5161290322580641 0.84285714285714286 0
9.67741935483871 0.84285714285714286 0
9.8387096774193559 0.84285714285714286 0
10 0.84285714285714286 0
0 0.8571428571428571 0
0.16129032258064516 0.8571428571428571 0
0.32258064516129031 0.8571428571428571 0
0.4838709677419355 0.8571428571428571 0
0.64516129032258063 0.8571428571428571 0
0.80645161290322576 0.8571428571428571 0
0.967741935483871 0.8571428571428571 0
1.129032258064516 0.8571428571428571 0
1.2903225806451613 0.8571428571428571 0
1.4516129032258065 0.8571428571428571 0
1.6129032258064515 0.8571428571428571 0
1.774193548387097 0.8571428571428571 0
1.935483870967742 0.8571428571428571 0
2.096774193548387 0.8571428571428571 0
2.258064516129032 0.8571428571428571 0
2.4193548387096775 0.8571428571428571 0
2.5806451612903225 0.8571428571428571 0
2.7419354838709675 0.8571428571428571 0
2.903225806451613 0.8571428571428571 0
3.064516129032258 0.8571428571428571 0
3.225806451612903 0.8571428571428571 0
3.387096774193548 0.8571428571428571 0
3.5483870967741939 0.8571428571428571 0
3.709677419354839 0.8571428571428571 0
3.870967741935484 0.8571428571428571 0
4.032258064516129 0.8571428571428571 0
4.193548387096774 0.8571428571428571 0
4.354838709677419 0.8571428571428571 0
4.5161290322580641 0.8571428571428571 0
4.6774193548387091 0.8571428571428571 0
4.838709677419355 0.8571428571428571 0
5 0.8571428571428571 0
5.161290322580645 0.8571428571428571 0
5.32258064516129 0.8571428571428571 0
5.4838709677419351 0.8571428571428571 0
5.645161290322581 0.8571428571428571 0
5.806451612903226 0.8571428571428571 0
5.967741935483871 0.8571428571428571 0
6.129032258064516 0.8571428571428571 0
6.290322580645161 0.8571428571428571 0
6.4516129032258061 0.8571428571428571 0
6.6129032258064511 0.8571428571428571 0
6.7741935483870961 0.8571428571428571 0
6.935483870967742 0.8571428571428571 0
7.0967741935483879 0.8571428571428571 0
7.258064516129032 0.8571428571428571 0
7.4193548387096779 0.8571428571428571 0
7.5806451612903221 0.8571428571428571 0
7.741935483870968 0.8571428571428571 0
7.9032258064516121 0.8571428571428571 0
8.064516129032258 0.8571428571428571 0
8.2258064516129039 0.8571428571428571 0
8.387096774193548 0.8571428571428571 0
8.5483870967741939 0.8571428571428571 0
8.7096774193548381 0.8571428571428571 0
8.870967741935484 0.8571428571428571 0
9.0322580645161281 0.8571428571428571 0
9.193548387096774 0.8571428571428571 0
9.3548387096774182 0.8571428571428571 0
9.5161290322580641 0.8571428571428571 0
9.67741935483871 0.8571428571428571 0
9.8387096774193559 0.8571428571428571 0
10 0.8571428571428571 0
0 0.87142857142857144 0
0.16129032258064516 0.87142857142857144 0
0.32258064516129031 0.87142857142857144 0
0.4838709677419355 0.87142857142857144 0
0.64516129032258063 0.87142857142857144 0
0.80645161290322576 0.87142857142857144 0
0.967741935483871 0.87142857142857144 0
1.129032258064516 0.87142857142857144 0
1.2903225806451613 0.87142857142857144 0
1.4516129032258065 0.87142857142857144 0
1.6129032258064515 0.87142857142857144 0
1.774193548387097 0.87142857142857144 0
1.935483870967742 0.87142857142857144 0
2.096774193548387 0.87142857142857144 0
2.258064516129032 0.87142857142857144 0
2.4193548387096775 0.87142857142857144 0
2.5806451612903225 0.87142857142857144 0
2.7419354838709675 0.87142857142857144 0
2.903225806451613 0.87142857142857144 0
3.064516129032258 0.87142857142857144 0
3.225806451612903 0.87142857142857144 0
3.387096774193548 0.87142857142857144 0
3.5483870967741939 0.87142857142857144 0
3.709677419354839 0.87142857142857144 0
3.870967741935484 0.87142857142857144 0
4.032258064516129 0.87142857142857144 0
4.193548387096774 0.87142857142857144 0
4.354838709677419 0.87142857142857144 0
4.5161290322580641 0.87142857142857144 0
4.6774193548387091 0.87142857142857144 0
4.838709677419355 0.87142857142857144 0
5 0.87142857142857144 0
5.161290322580645 0.87142857142857144 0
5.32258064516129 0.87142857142857144 0
5.4838709677419351 0.87142857142857144 0
5.645161290322581 0.87142857142857144 0
5.806451612903226 0.87142857142857144 0
5.967741935483871 0.87142857142857144 0
6.129032258064516 0.87142857142857144 0
6.290322580645161 0.87142857142857144 0
6.4516129032258061 0.87142857142857144 0
6.6129032258064511 0.87142857142857144 0
6.7741935483870961 0.87142857142857144 0
6.935483870967742 0.87142857142857144 0
7.0967741935483879 0.87142857142857144 0
7.258064516129032 0.87142857142857144 0
7.4193548387096779 0.87142857142857144 0
7.5806451612903221 0.87142857142857144 0
7.741935483870968 0.87142857142857144 0
7.9032258064516121 0.87142857142857144 0
8.064516129032258 0.87142857142857144 0
8.2258064516129039 0.87142857142857144 0
8.387096774193548 0.87142857142857144 0
8.5483870967741939 0.87142857142857144 0
8.7096774193548381 0.87142857142857144 0
8.870967741935484 0.87142857142857144 0
9.0322580645161281 0.87142857142857144 0
9.193548387096774 0.87142857142857144 0
9.3548387096774182 0.87142857142857144 0
9.5161290322580641 0.87142857142857144 0
9.67741935483871 0.87142857142857144 0
9.8387096774193559 0.87142857142857144 0
10 0.87142857142857144 0
0 0.88571428571428568 0
0.16129032258064516 0.88571428571428568 0
0.32258064516129031 0.88571428571428568 0
0.4838709677419355 0.88571428571428568 0
0.64516129032258063 0.88571428571428568 0
0.80645161290322576 0.88571428571428568 0
0.967741935483871 0.88571428571428568 0
1.129032258064516 0.88571428571428568 0
1.2903225806451613 0.88571428571428568 0
1.4516129032258065 0.88571428571428568 0
1.6129032258064515 0.88571428571428568 0
1.774193548387097 0.88571428571428568 0
1.935483870967742 0.88571428571428568 0
2.096774193548387 0.88571428571428568 0
2.258064516129032 0.88571428571428568 0
2.4193548387096775 0.88571428571428568 0
2.5806451612903225 0.88571428571428568 0
2.7419354838709675 0.88571428571428568 0
2.903225806451613 0.88571428571428568 0
3.064516129032258 0.88571428571428568 0
3.225806451612903 0.88571428571428568 0
3.387096774193548 0.88571428571428568 0
3.5483870967741939 0.88571428571428568 0
3.709677419354839 0.88571428571428568 0
3.870967741935484 0.88571428571428568 0
4.032258064516129 0.88571428571428568 0
4.193548387096774 0.88571428571428568 0
4.354838709677419 0.88571428571428568 0
4.5161290322580641 0.88571428571428568 0
4.6774193548387091 0.88571428571428568 0
4.838709677419355 0.88571428571428568 0
5 0.88571428571428568 0
5.161290322580645 0.88571428571428568 0
5.32258064516129 0.88571428571428568 0
5.4838709677419351 0.88571428571428568 0
5.645161290322581 0.88571428571428568 0
5.806451612903226 0.88571428571428568 0
5.967741935483871 0.88571428571428568 0
6.129032258064516 0.88571428571428568 0
6.290322580645161 0.88571428571428568 0
6.4516129032258061 0.88571428571428568 0
6.6129032258064511 0.88571428571428568 0
6.7741935483870961 0.88571428571428568 0
6.935483870967742 0.88571428571428568 0
7.0967741935483879 0.88571428571428568 0
7.258064516129032 0.88571428571428568 0
7.4193548387096779 0.88571428571428568 0
7.5806451612903221 0.88571428571428568 0
7.741935483870968 0.88571428571428568 0
7.9032258064516121 0.88571428571428568 0
8.064516129032258 0.88571428571428568 0
8.2258064516129039 0.88571428571428568 0
8.387096774193548 0.88571428571428568 0
8.5483870967741939 0.88571428571428568 0
8.7096774193548381 0.88571428571428568 0
8.870967741935484 0.88571428571428568 0
9.0322580645161281 0.88571428571428568 0
9.193548387096774 0.88571428571428568 0
9.3548387096774182 0.88571428571428568 0
9.5161290322580641 0.88571428571428568 0
9.67741935483871 0.88571428571428568 0
9.8387096774193559 0.88571428571428568 0
10 0.88571428571428568 0
0 0.90000000000000002 0
0.16129032258064516 0.90000000000000002 0
0.32258064516129031 0.90000000000000002 0
0.4838709677419355 0.90000000000000002 0
0.64516129032258063 0.90000000000000002 0
0.80645161290322576 0.90000000000000002 0
0.967741935483871 0.90000000000000002 0
1.129032258064516 0.90000000000000002 0
1.2903225806451613 0.90000000000000002 0
1.4516129032258065 0.90000000000000002 0
1.6129032258064515 0.90000000000000002 0
1.774193548387097 0.90000000000000002 0
1.935483870967742 0.90000000000000002 0
2.096774193548387 0.90000000000000002 0
2.258064516129032 0.90000000000000002 0
2.4193548387096775 0.90000000000000002 0
2.5806451612903225 0.90000000000000002 0
2.7419354838709675 0.90000000000000002 0
2.903225806451613 0.90000000000000002 0
3.064516129032258 0.90000000000000002 0
3.225806451612903 0.90000000000000002 0
3.387096774193548 0.90000000000000002 0
3.5483870967741939 0.90000000000000002 0
3.709677419354839 0.90000000000000002 0
3.870967741935484 0.90000000000000002 0
4.032258064516129 0.90000000000000002 0
4.193548387096774 0.90000000000000002 0
4.354838709677419 0.90000000000000002 0
4.5161290322580641 0.90000000000000002 0
4.6774193548387091 0.90000000000000002 0
4.838709677419355 0.90000000000000002 0
5 0.90000000000000002 0
5.161290322580645 0.90000000000000002 0
5.32258064516129 0.90000000000000002 0
5.4838709677419351 0.90000000000000002 0
5.645161290322581 0.90000000000000002 0
5.806451612903226 0.90000000000000002 0
5.967741935483871 0.90000000000000002 0
6.129032258064516 0.90000000000000002 0
6.290322580645161 0.90000000000000002 0
6.4516129032258061 0.90000000000000002 0
6.6129032258064511 0.90000000000000002 0
6.7741935483870961 0.90000000000000002 0
6.935483870967742 0.90000000000000002 0
7.0967741935483879 0.90000000000000002 0
7.258064516129032 0.90000000000000002 0
7.4193548387096779 0.90000000000000002 0
7.5806451612903221 0.90000000000000002 0
7.741935483870968 0.90000000000000002 0
7.9032258064516121 0.90000000000000002 0
8.064516129032258 0.90000000000000002 0
8.2258064516129039 0.90000000000000002 0
8.387096774193548 0.90000000000000002 0
8.5483870967741939 0.90000000000000002 0
8.7096774193548381 0.90000000000000002 0
8.870967741935484 0.90000000000000002 0
9.0322580645161281 0.90000000000000002 0
9.193548387096774 0.90000000000000002 0
9.3548387096774182 0.90000000000000002 0
9.5161290322580641 0.90000000000000002 0
9.67741935483871 0.90000000000000002 0
9.8387096774193559 0.90000000000000002 0
10 0.90000000000000002 0
0 0.91428571428571426 0
0.16129032258064516 0.91428571428571426 0
0.32258064516129031 0.91428571428571426 0
0.4838709677419355 0.91428571428571426 0
0.64516129032258063 0.91428571428571426 0
0.80645161290322576 0.91428571428571426 0
0.967741935483871 0.91428571428571426 0
1.129032258064516 0.91428571428571426 0
1.2903225806451613 0.91428571428571426 0
1.4516129032258065 0.91428571428571426 0
1.6129032258064515 0.91428571428571426 0
1.774193548387097 0.91428571428571426 0
1.935483870967742 0.91428571428571426 0
2.096774193548387 0.91428571428571426 0
2.258064516129032 0.91428571428571426 0
2.4193548387096775 0.91428571428571426 0
2.5806451612903225 0.91428571428571426 0
2.7419354838709675 0.91428571428571426 0
2.903225806451613 0.91428571428571426 0
3.064516129032258 0.91428571428571426 0
3.225806451612903 0.91428571428571426 0
3.387096774193548 0.91428571428571426 0
3.5483870967741939 0.91428571428571426 0
3.709677419354839 0.91428571428571426 0
3.870967741935484 0.91428571428571426 0
4.032258064516129 0.91428571428571426 0
4.193548387096774 0.91428571428571426 0
4.354838709677419 0.91428571428571426 0
4.5161290322580641 0.91428571428571426 0
4.6774193548387091 0.91428571428571426 0
4.838709677419355 0.91428571428571426 0
5 0.91428571428571426 0
5.161290322580645 0.91428571428571426 0
5.32258064516129 0.91428571428571426 0
5.4838709677419351 0.91428571428571426 0
5.645161290322581 0.91428571428571426 0
5.806451612903226 0.91428571428571426 0
5.967741935483871 0.91428571428571426 0
6.129032258064516 0.91428571428571426 0
6.290322580645161 0.91428571428571426 0
6.4516129032258061 0.91428571428571426 0
6.6129032258064511 0.91428571428571426 0
6.7741935483870961 0.91428571428571426 0
6.935483870967742 0.91428571428571426 0
7.0967741935483879 0.91428571428571426 0
7.258064516129032 0.91428571428571426 0
7.4193548387096779 0.91428571428571426 0
7.5806451612903221 0.91428571428571426 0
7.741935483870968 0.91428571428571426 0
7.9032258064516121 0.91428571428571426 0
8.064516129032258 0.91428571428571426 0
8.2258064516129039 0.91428571428571426 0
8.387096774193548 0.91428571428571426 0
8.5483870967741939 0.91428571428571426 0
8.7096774193548381 0.91428571428571426 0
8.870967741935484 0.91428571428571426 0
9.0322580645161281 0.91428571428571426 0
9.193548387096774 0.91428571428571426 0
9.3548387096774182 0.91428571428571426 0
9.5161290322580641 0.91428571428571426 0
9.67741935483871 0.91428571428571426 0
9.8387096774193559 0.91428571428571426 0
10 0.91428571428571426 0
0 0.9285714285714286 0
0.16129032258064516 0.9285714285714286 0
0.32258064516129031 0.9285714285714286 0
0.4838709677419355 0.9285714285714286 0
0.64516129032258063 0.9285714285714286 0
0.80645161290322576 0.9285714285714286 0
0.967741935483871 0.9285714285714286 0
1.129032258064516 0.9285714285714286 0
1.2903225806451613 0.9285714285714286 0
1.4516129032258065 0.9285714285714286 0
1.6129032258064515 0.9285714285714286 0
1.774193548387097 0.9285714285714286 0
1.935483870967742 0.9285714285714286 0
2.096774193548387 0.9285714285714286 0
2.258064516129032 0.9285714285714286 0
2.4193548387096775 0.9285714285714286 0
2.5806451612903225 0.9285714285714286 0
2.7419354838709675 0.9285714285714286 0
2.903225806451613 0.9285714285714286 0
3.064516129032258 0.9285714285714286 0
3.225806451612903 0.9285714285714286 0
3.387096774193548 0.9285714285714286 0
3.5483870967741939 0.9285714285714286 0
3.709677419354839 0.9285714285714286 0
3.870967741935484 0.9285714285714286 0
4.032258064516129 0.9285714285714286 0
4.193548387096774 0.9285714285714286 0
4.354838709677419 0.9285714285714286 0
4.5161290322580641 0.9285714285714286 0
4.6774193548387091 0.9285714285714286 0
4.838709677419355 0.9285714285714286 0
5 0.9285714285714286 0
5.161290322580645 0.9285714285714286 0
5.32258064516129 0.9285714285714286 0
5.4838709677419351 0.9285714285714286 0
5.645161290322581 0.9285714285714286 0
5.806451612903226 0.9285714285714286 0
5.967741935483871 0.9285714285714286 0
6.129032258064516 0.9285714285714286 0
6.290322580645161 0.9285714285714286 0
6.4516129032258061 0.9285714285714286 0
6.6129032258064511 0.9285714285714286 0
6.7741935483870961 0.9285714285714286 0
6.935483870967742 0.9285714285714286 0
7.0967741935483879 0.9285714285714286 0
7.258064516129032 0.9285714285714286 0
7.4193548387096779 0.9285714285714286 0
7.5806451612903221 0.9285714285714286 0
7.741935483870968 0.9285714285714286 0
7.9032258064516121 0.9285714285714286 0
8.064516129032258 0.9285714285714286 0
8.2258064516129039 0.9285714285714286 0
8.387096774193548 0.9285714285714286 0
8.5483870967741939 0.9285714285714286 0
8.7096774193548381 0.9285714285714286 0
8.870967741935484 0.9285714285714286 0
9.0322580645161281 0.9285714285714286 0
9.193548387096774 0.9285714285714286 0
9.3548387096774182 0.9285714285714286 0
9.5161290322580641 0.9285714285714286 0
9.67741935483871 0.9285714285714286 0
9.8387096774193559 0.9285714285714286 0
10 0.9285714285714286 0
0 0.94285714285714284 0
0.16129032258064516 0.94285714285714284 0
0.32258064516129031 0.94285714285714284 0
0.4838709677419355 0.94285714285714284 0
0.64516129032258063 0.94285714285714284 0
0.80645161290322576 0.94285714285714284 0
0.967741935483871 0.94285714285714284 0
1.129032258064516 0.94285714285714284 0
1.2903225806451613 0.94285714285714284 0
1.4516129032258065 0.94285714285714284 0
1.6129032258064515 0.94285714285714284 0
1.774193548387097 0.94285714285714284 0
1.935483870967742 0.94285714285714284 0
2.096774193548387 0.94285714285714284 0
2.258064516129032 0.94285714285714284 0
2.4193548387096775 0.94285714285714284 0
2.5806451612903225 0.94285714285714284 0
2.7419354838709675 0.94285714285714284 0
2.903225806451613 0.94285714285714284 0
3.064516129032258 0.94285714285714284 0
3.225806451612903 0.94285714285714284 0
3.387096774193548 0.94285714285714284 0
3.5483870967741939 0.94285714285714284 0
3.709677419354839 0.94285714285714284 0
3.870967741935484 0.94285714285714284 0
4.032258064516129 0.94285714285714284 0
4.193548387096774 0.94285714285714284 0
4.354838709677419 0.94285714285714284 0
4.5161290322580641 0.94285714285714284 0
4.6774193548387091 0.94285714285714284 0
4.838709677419355 0.94285714285714284 0
5 0.94285714285714284 0
5.161290322580645 0.94285714285714284 0
5.32258064516129 0.94285714285714284 0
5.4838709677419351 0.94285714285714284 0
5.645161290322581 0.94285714285714284 0
5.806451612903226 0.94285714285714284 0
5.967741935483871 0.94285714285714284 0
6.129032258064516 0.94285714285714284 0
6.290322580645161 0.94285714285714284 0
6.4516129032258061 0.94285714285714284 0
6.6129032258064511 0.94285714285714284 0
6.7741935483870961 0.94285714285714284 0
6.935483870967742 0.94285714285714284 0
7.0967741935483879 0.94285714285714284 0
7.258064516129032 0.94285714285714284 0
7.4193548387096779 0.94285714285714284 0
7.5806451612903221 0.94285714285714284 0
7.741935483870968 0.94285714285714284 0
7.9032258064516121 0.94285714285714284 0
8.064516129032258 0.94285714285714284 0
8.2258064516129039 0.94285714285714284 0
8.387096774193548 0.94285714285714284 0
8.5483870967741939 0.94285714285714284 0
8.7096774193548381 0.94285714285714284 0
8.870967741935484 0.94285714285714284 0
9.0322580645161281 0.94285714285714284 0
9.193548387096774 0.94285714285714284 0
9.3548387096774182 0.94285714285714284 0
9.5161290322580641 0.94285714285714284 0
9.67741935483871 0.94285714285714284 0
9.8387096774193559 0.94285714285714284 0
10 0.94285714285714284 0
0 0.95714285714285718 0
0.16129032258064516 0.95714285714285718 0
0.32258064516129031 0.95714285714285718 0
0.4838709677419355 0.95714285714285718 0
0.64516129032258063 0.95714285714285718 0
0.80645161290322576 0.95714285714285718 0
0.967741935483871 0.95714285714285718 0
1.129032258064516 0.95714285714285718 0
1.2903225806451613 0.95714285714285718 0
1.4516129032258065 0.95714285714285718 0
1.6129032258064515 0.95714285714285718 0
1.774193548387097 0.95714285714285718 0
1.935483870967742 0.95714285714285718 0
2.096774193548387 0.95714285714285718 0
2.258064516129032 0.95714285714285718 0
2.4193548387096775 0.95714285714285718 0
2.5806451612903225 0.95714285714285718 0
2.7419354838709675 0.95714285714285718 0
2.903225806451613 0.95714285714285718 0
3.064516129032258 0.95714285714285718 0
3.225806451612903 0.95714285714285718 0
3.387096774193548 0.95714285714285718 0
3.5483870967741939 0.95714285714285718 0
3.709677419354839 0.95714285714285718 0
3.870967741935484 0.95714285714285718 0
4.032258064516129 0.95714285714285718 0
4.193548387096774 0.95714285714285718 0
4.354838709677419 0.95714285714285718 0
4.5161290322580641 0.95714285714285718 0
4.6774193548387091 0.95714285714285718 0
4.838709677419355 0.95714285714285718 0
5 0.95714285714285718 0
5.161290322580645 0.95714285714285718 0
5.32258064516129 0.95714285714285718 0
5.4838709677419351 0.95714285714285718 0
5.645161290322581 0.95714285714285718 0
5.806451612903226 0.95714285714285718 0
5.967741935483871 0.95714285714285718 0
6.129032258064516 0.95714285714285718 0
6.290322580645161 0.95714285714285718 0
6.4516129032258061 0.95714285714285718 0
6.6129032258064511 0.95714285714285718 0
6.7741935483870961 0.95714285714285718 0
6.935483870967742 0.95714285714285718 0
7.0967741935483879 0.95714285714285718 0
7.258064516129032 0.95714285714285718 0
7.4193548387096779 0.95714285714285718 0
7.5806451612903221 0.95714285714285718 0
7.741935483870968 0.95714285714285718 0
7.9032258064516121 0.95714285714285718 0
8.064516129032258 0.95714285714285718 0
8.2258064516129039 0.95714285714285718 0
8.387096774193548 0.95714285714285718 0
8.5483870967741939 0.95714285714285718 0
8.7096774193548381 0.95714285714285718 0
8.870967741935484 0.95714285714285718 0
9.0322580645161281 0.95714285714285718 0
9.193548387096774 0.95714285714285718 0
9.3548387096774182 0.95714285714285718 0
9.5161290322580641 0.95714285714285718 0
9.67741935483871 0.95714285714285718 0
9.8387096774193559 0.95714285714285718 0
10 0.95714285714285718 0
0 0.97142857142857142 0
0.16129032258064516 0.97142857142857142 0
0.32258064516129031 0.97142857142857142 0
0.4838709677419355 0.97142857142857142 0
0.64516129032258063 0.97142857142857142 0
0.80645161290322576 0.97142857142857142 0
0.967741935483871 0.97142857142857142 0
1.129032258064516 0.97142857142857142 0
1.2903225806451613 0.97142857142857142 0
1.4516129032258065 0.97142857142857142 0
1.6129032258064515 0.97142857142857142 0
1.774193548387097 0.97142857142857142 0
1.935483870967742 0.97142857142857142 0
2.096774193548387 0.97142857142857142 0
2.258064516129032 0.97142857142857142 0
2.4193548387096775 0.97142857142857142 0
2.5806451612903225 0.97142857142857142 0
2.7419354838709675 0.97142857142857142 0
2.903225806451613 0.97142857142857142 0
3.064516129032258 0.97142857142857142 0
3.225806451612903 0.97142857142857142 0
3.387096774193548 0.97142857142857142 0
3.5483870967741939 0.97142857142857142 0
3.709677419354839 0.97142857142857142 0
3.870967741935484 0.97142857142857142 0
4.032258064516129 0.97142857142857142 0
4.193548387096774 0.97142857142857142 0
4.354838709677419 0.97142857142857142 0
4.5161290322580641 0.97142857142857142 0
4.6774193548387091 0.97142857142857142 0
4.838709677419355 0.97142857142857142 0
5 0.97142857142857142 0
5.161290322580645 0.97142857142857142 0
5.32258064516129 0.97142857142857142 0
5.4838709677419351 0.97142857142857142 0
5.645161290322581 0.97142857142857142 0
5.806451612903226 0.97142857142857142 0
5.967741935483871 0.97142857142857142 0
6.129032258064516 0.97142857142857142 0
6.290322580645161 0.97142857142857142 0
6.4516129032258061 0.97142857142857142 0
6.6129032258064511 0.97142857142857142 0
6.7741935483870961 0.97142857142857142 0
6.935483870967742 0.97142857142857142 0
7.0967741935483879 0.97142857142857142 0
7.258064516129032 0.97142857142857142 0
7.4193548387096779 0.97142857142857142 0
7.5806451612903221 0.97142857142857142 0
7.741935483870968 0.97142857142857142 0
7.9032258064516121 0.97142857142857142 0
8.064516129032258 0.97142857142857142 0
8.2258064516129039 0.97142857142857142 0
8.387096774193548 0.97142857142857142 0
8.5483870967741939 0.97142857142857142 0
8.7096774193548381 0.97142857142857142 0
8.870967741935484 0.97142857142857142 0
9.0322580645161281 0.97142857142857142 0
9.193548387096774 0.97142857142857142 0
9.3548387096774182 0.97142857142857142 0
9.5161290322580641 0.97142857142857142 0
9.67741935483871 0.97142857142857142 0
9.8387096774193559 0.97142857142857142 0
10 0.97142857142857142 0
0 0.98571428571428577 0
0.16129032258064516 0.98571428571428577 0
0.32258064516129031 0.98571428571428577 0
0.4838709677419355 0.98571428571428577 0
0.64516129032258063 0.98571428571428577 0
0.80645161290322576 0.98571428571428577 0
0.967741935483871 0.98571428571428577 0
1.129032258064516 0.98571428571428577 0
1.2903225806451613 0.98571428571428577 0
1.4516129032258065 0.98571428571428577 0
1.6129032258064515 0.98571428571428577 0
1.774193548387097 0.98571428571428577 0
1.935483870967742 0.98571428571428577 0
2.096774193548387 0.98571428571428577 0
2.258064516129032 0.98571428571428577 0
2.4193548387096775 0.98571428571428577 0
2.5806451612903225 0.98571428571428577 0
2.7419354838709675 0.98571428571428577 0
2.903225806451613 0.98571428571428577 0
3.064516129032258 0.98571428571428577 0
3.225806451612903 0.98571428571428577 0
3.387096774193548 0.98571428571428577 0
3.5483870967741939 0.98571428571428577 0
3.709677419354839 0.98571428571428577 0
3.870967741935484 0.98571428571428577 0
4.032258064516129 0.98571428571428577 0
4.193548387096774 0.98571428571428577 0
4.354838709677419 0.98571428571428577 0
4.5161290322580641 0.98571428571428577 0
4.6774193548387091 0.98571428571428577 0
4.838709677419355 0.98571428571428577 0
5 0.98571428571428577 0
5.161290322580645 0.98571428571428577 0
5.32258064516129 0.98571428571428577 0
5.4838709677419351 0.98571428571428577 0
5.645161290322581 0.98571428571428577 0
5.806451612903226 0.98571428571428577 0
5.967741935483871 0.98571428571428577 0
6.129032258064516 0.98571428571428577 0
6.290322580645161 0.98571428571428577 0
6.4516129032258061 0.98571428571428577 0
6.6129032258064511 0.98571428571428577 0
6.7741935483870961 0.98571428571428577 0
6.935483870967742 0.98571428571428577 0
7.0967741935483879 0.98571428571428577 0
7.258064516129032 0.98571428571428577 0
7.4193548387096779 0.98571428571428577 0
7.5806451612903221 0.98571428571428577 0
7.741935483870968 0.98571428571428577 0
7.9032258064516121 0.98571428571428577 0
8.064516129032258 0.98571428571428577 0
8.2258064516129039 0.98571428571428577 0
8.387096774193548 0.98571428571428577 0
8.5483870967741939 0.98571428571428577 0
8.7096774193548381 0.98571428571428577 0
8.870967741935484 0.98571428571428577 0
9.0322580645161281 0.98571428571428577 0
9.193548387096774 0.98571428571428577 0
9.3548387096774182 0.98571428571428577 0
9.5161290322580641 0.98571428571428577 0
9.67741935483871 0.98571428571428577 0
9.8387096774193559 0.98571428571428577 0
10 0.98571428571428577 0
0 1 0
0.16129032258064516 1 0
0.32258064516129031 1 0
0.4838709677419355 1 0
0.64516129032258063 1 0
0.80645161290322576 1 0
0.967741935483871 1 0
1.129032258064516 1 0
1.2903225806451613 1 0
1.4516129032258065 1 0
1.6129032258064515 1 0
1.774193548387097 1 0
1.935483870967742 1 0
2.096774193548387 1 0
2.258064516129032 1 0
2.4193548387096775 1 0
2.5806451612903225 1 0
2.7419354838709675 1 0
2.903225806451613 1 0
3.064516129032258 1 0
3.225806451612903 1 0
3.387096774193548 1 0
3.5483870967741939 1 0
3.709677419354839 1 0
3.870967741935484 1 0
4.032258064516129 1 0
4.193548387096774 1 0
4.354838709677419 1 0
4.5161290322580641 1 0
4.6774193548387091 1 0
4.838709677419355 1 0
5 1 0
5.161290322580645 1 0
5.32258064516129 1 0
5.4838709677419351 1 0
5.645161290322581 1 0
5.806451612903226 1 0
5.967741935483871 1 0
6.129032258064516 1 0
6.290322580645161 1 0
6.4516129032258061 1 0
6.6129032258064511 1 0
6.7741935483870961 1 0
6.935483870967742 1 0
7.0967741935483879 1 0
7.258064516129032 1 0
7.4193548387096779 1 0
7.5806451612903221 1 0
7.741935483870968 1 0
7.9032258064516121 1 0
8.064516129032258 1 0
8.2258064516129039 1 0
8.387096774193548 1 0
8.5483870967741939 1 0
8.7096774193548381 1 0
8.870967741935484 1 0
9.0322580645161281 1 0
9.193548387096774 1 0
9.3548387096774182 1 0
9.5161290322580641 1 0
9.67741935483871 1 0
9.8387096774193559 1 0
10 1 0
0 0 1
0.16129032258064516 0 1
0.32258064516129031 0 1
0.4838709677419355 0 1
0.64516129032258063 0 1
0.80645161290322576 0 1
0.967741935483871 0 1
1.129032258064516 0 1
1.2903225806451613 0 1
1.4516129032258065 0 1
1.6129032258064515 0 1
1.774193548387097 0 1
1.935483870967742 0 1
2.096774193548387 0 1
2.258064516129032 0 1
2.4193548387096775 0 1
2.5806451612903225 0 1
2.7419354838709675 0 1
2.903225806451613 0 1
3.064516129032258 0 1
3.225806451612903 0 1
3.387096774193548 0 1
3.5483870967741939 0 1
3.709677419354839 0 1
3.870967741935484 0 1
4.032258064516129 0 1
4.193548387096774 0 1
4.354838709677419 0 1
4.5161290322580641 0 1
4.6774193548387091 0 1
4.838709677419355 0 1
5 0 1
5.161290322580645 0 1
5.32258064516129 0 1
5.4838709677419351 0 1
5.645161290322581 0 1
5.806451612903226 0 1
5.967741935483871 0 1
6.129032258064516 0 1
6.290322580645161 0 1
6.4516129032258061 0 1
6.6129032258064511 0 1
6.7741935483870961 0 1
6.935483870967742 0 1
7.0967741935483879 0 1
7.258064516129032 0 1
7.4193548387096779 0 1
7.5806451612903221 0 1
7.741935483870968 0 1
7.9032258064516121 0 1
8.064516129032258 0 1
8.2258064516129039 0 1
8.387096774193548 0 1
8.5483870967741939 0 1
8.7096774193548381 0 1
8.870967741935484 0 1
9.0322580645161281 0 1
9.193548387096774 0 1
9.3548387096774182 0 1
9.5161290322580641 0 1
9.67741935483871 0 1
9.8387096774193559 0 1
10 0 1
0 0.014285714285714285 1
0.16129032258064516 0.014285714285714285 1
0.32258064516129031 0.014285714285714285 1
0.4838709677419355 0.014285714285714285 1
0.64516129032258063 0.014285714285714285 1
0.80645161290322576 0.014285714285714285 1
0.967741935483871 0.014285714285714285 1
1.129032258064516 0.014285714285714285 1
1.2903225806451613 0.014285714285714285 1
1.4516129032258065 0.014285714285714285 1
1.6129032258064515 0.014285714285714285 1
1.774193548387097 0.014285714285714285 1
1.935483870967742 0.014285714285714285 1
2.096774193548387 0.014285714285714285 1
2.258064516129032 0.014285714285714285 1
2.4193548387096775 0.014285714285714285 1
2.5806451612903225 0.014285714285714285 1
2.7419354838709675 0.014285714285714285 1
2.903225806451613 0.014285714285714285 1
3.064516129032258 0.014285714285714285 1
3.225806451612903 0.014285714285714285 1
3.387096774193548 0.014285714285714285 1
3.5483870967741939 0.014285714285714285 1
3.709677419354839 0.014285714285714285 1
3.870967741935484 0.014285714285714285 1
4.032258064516129 0.014285714285714285 1
4.193548387096774 0.014285714285714285 1
4.354838709677419 0.014285714285714285 1
4.5161290322580641 0.014285714285714285 1
4.6774193548387091 0.014285714285714285 1
4.838709677419355 0.014285714285714285 1
5 0.014285714285714285 1
5.161290322580645 0.014285714285714285 1
5.32258064516129 0.014285714285714285 1
5.4838709677419351 0.014285714285714285 1
5.645161290322581 0.014285714285714285 1
5.806451612903226 0.014285714285714285 1
5.967741935483871 0.014285714285714285 1
6.129032258064516 0.014285714285714285 1
6.290322580645161 0.014285714285714285 1
6.4516129032258061 0.014285714285714285 1
6.6129032258064511 0.014285714285714285 1
6.7741935483870961 0.014285714285714285 1
6.935483870967742 0.014285714285714285 1
7.0967741935483879 0.014285714285714285 1
7.258064516129032 0.014285714285714285 1
7.4193548387096779 0.014285714285714285 1
7.5806451612903221 0.014285714285714285 1
7.741935483870968 0.014285714285714285 1
7.9032258064516121 0.014285714285714285 1
8.064516129032258 0.014285714285714285 1
8.2258064516129039 0.014285714285714285 1
8.387096774193548 0.014285714285714285 1
8.5483870967741939 0.014285714285714285 1
8.7096774193548381 0.014285714285714285 1
8.870967741935484 0.014285714285714285 1
9.0322580645161281 0.014285714285714285 1
9.193548387096774 0.014285714285714285 1
9.3548387096774182 0.014285714285714285 1
9.5161290322580641 0.014285714285714285 1
9.67741935483871 0.014285714285714285 1
9.8387096774193559 0.014285714285714285 1
10 0.014285714285714285 1
0 0.028571428571428571 1
0.16129032258064516 0.028571428571428571 1
0.32258064516129031 0.028571428571428571 1
0.4838709677419355 0.028571428571428571 1
0.64516129032258063 0.028571428571428571 1
0.80645161290322576 0.028571428571428571 1
0.967741935483871 0.028571428571428571 1
1.129032258064516 0.028571428571428571 1
1.2903225806451613 0.028571428571428571 1
1.4516129032258065 0.028571428571428571 1
1.6129032258064515 0.028571428571428571 1
1.774193548387097 0.028571428571428571 1
1.935483870967742 0.028571428571428571 1
2.096774193548387 0.028571428571428571 1
2.258064516129032 0.028571428571428571 1
2.4193548387096775 0.028571428571428571 1
2.5806451612903225 0.028571428571428571 1
2.7419354838709675 0.028571428571428571 1
2.903225806451613 0.028571428571428571 1
3.064516129032258 0.028571428571428571 1
3.225806451612903 0.028571428571428571 1
3.387096774193548 0.028571428571428571 1
3.5483870967741939 0.028571428571428571 1
3.709677419354839 0.028571428571428571 1
3.870967741935484 0.028571428571428571 1
4.032258064516129 0.028571428571428571 1
4.193548387096774 0.028571428571428571 1
4.354838709677419 0.028571428571428571 1
4.5161290322580641 0.028571428571428571 1
4.6774193548387091 0.028571428571428571 1
4.838709677419355 0.028571428571428571 1
5 0.028571428571428571 1
5.161290322580645 0.028571428571428571 1
5.32258064516129 0.028571428571428571 1
5.4838709677419351 0.028571428571428571 1
5.645161290322581 0.028571428571428571 1
5.806451612903226 0.028571428571428571 1
5.967741935483871 0.028571428571428571 1
6.129032258064516 0.028571428571428571 1
6.290322580645161 0.028571428571428571 1
6.4516129032258061 0.028571428571428571 1
6.6129032258064511 0.028571428571428571 1
6.7741935483870961 0.028571428571428571 1
6.935483870967742 0.028571428571428571 1
7.0967741935483879 0.028571428571428571 1
7.258064516129032 0.028571428571428571 1
7.4193548387096779 0.028571428571428571 1
7.5806451612903221 0.028571428571428571 1
7.741935483870968 0.028571428571428571 1
7.9032258064516121 0.028571428571428571 1
8.064516129032258 0.028571428571428571 1
8.2258064516129039 0.028571428571428571 1
8.387096774193548 0.028571428571428571 1
8.5483870967741939 0.028571428571428571 1
8.7096774193548381 0.028571428571428571 1
8.870967741935484 0.028571428571428571 1
9.0322580645161281 0.028571428571428571 1
9.193548387096774 0.028571428571428571 1
9.3548387096774182 0.028571428571428571 1
9.5161290322580641 0.028571428571428571 1
9.67741935483871 0.028571428571428571 1
9.8387096774193559 0.028571428571428571 1
10 0.028571428571428571 1
0 0.042857142857142858 1
0.16129032258064516 0.042857142857142858 1
0.32258064516129031 0.042857142857142858 1
0.4838709677419355 0.042857142857142858 1
0.64516129032258063 0.042857142857142858 1
0.80645161290322576 0.042857142857142858 1
0.967741935483871 0.042857142857142858 1
1.129032258064516 0.042857142857142858 1
1.2903225806451613 0.042857142857142858 1
1.4516129032258065 0.042857142857142858 1
1.6129032258064515 0.042857142857142858 1
1.774193548387097 0.042857142857142858 1
1.935483870967742 0.042857142857142858 1
2.096774193548387 0.042857142857142858 1
2.258064516129032 0.042857142857142858 1
2.4193548387096775 0.042857142857142858 1
2.5806451612903225 0.042857142857142858 1
2.7419354838709675 0.042857142857142858 1
2.903225806451613 0.042857142857142858 1
3.064516129032258 0.042857142857142858 1
3.225806451612903 0.042857142857142858 1
3.387096774193548 0.042857142857142858 1
3.5483870967741939 0.042857142857142858 1
3.709677419354839 0.042857142857142858 1
3.870967741935484 0.042857142857142858 1
4.032258064516129 0.042857142857142858 1
4.193548387096774 0.042857142857142858 1
4.354838709677419 0.042857142857142858 1
4.5161290322580641 0.042857142857142858 1
4.6774193548387091 0.042857142857142858 1
4.838709677419355 0.042857142857142858 1
5 0.042857142857142858 1
5.161290322580645 0.042857142857142858 1
5.32258064516129 0.042857142857142858 1
5.4838709677419351 0.042857142857142858 1
5.645161290322581 0.042857142857142858 1
5.806451612903226 0.042857142857142858 1
5.967741935483871 0.042857142857142858 1
6.129032258064516 0.042857142857142858 1
6.290322580645161 0.042857142857142858 1
6.4516129032258061 0.042857142857142858 1
6.6129032258064511 0.042857142857142858 1
6.7741935483870961 0.042857142857142858 1
6.935483870967742 0.042857142857142858 1
7.0967741935483879 0.042857142857142858 1
7.258064516129032 0.042857142857142858 1
7.4193548387096779 0.042857142857142858 1
7.5806451612903221 0.042857142857142858 1
7.741935483870968 0.042857142857142858 1
7.9032258064516121 0.042857142857142858 1
8.064516129032258 0.042857142857142858 1
8.2258064516129039 0.042857142857142858 1
8.387096774193548 0.042857142857142858 1
8.5483870967741939 0.042857142857142858 1
8.7096774193548381 0.042857142857142858 1
8.870967741935484 0.042857142857142858 1
9.0322580645161281 0.042857142857142858 1
9.193548387096774 0.042857142857142858 1
9.3548387096774182 0.042857142857142858 1
9.5161290322580641 0.042857142857142858 1
9.67741935483871 0.042857142857142858 1
9.8387096774193559 0.042857142857142858 1
10 0.042857142857142858 1
0 0.057142857142857141 1
0.16129032258064516 0.057142857142857141 1
0.32258064516129031 0.057142857142857141 1
0.4838709677419355 0.057142857142857141 1
0.64516129032258063 0.057142857142857141 1
0.80645161290322576 0.057142857142857141 1
0.967741935483871 0.057142857142857141 1
1.129032258064516 0.057142857142857141 1
1.2903225806451613 0.057142857142857141 1
1.4516129032258065 0.057142857142857141 1
1.6129032258064515 0.057142857142857141 1
1.774193548387097 0.057142857142857141 1
1.935483870967742 0.057142857142857141 1
2.096774193548387 0.057142857142857141 1
2.258064516129032 0.057142857142857141 1
2.4193548387096775 0.057142857142857141 1
2.5806451612903225 0.057142857142857141 1
2.7419354838709675 0.057142857142857141 1
2.903225806451613 0.057142857142857141 1
3.064516129032258 0.057142857142857141 1
3.225806451612903 0.057142857142857141 1
3.387096774193548 0.057142857142857141 1
3.5483870967741939 0.057142857142857141 1
3.709677419354839 0.057142857142857141 1
3.870967741935484 0.057142857142857141 1
4.032258064516129 0.057142857142857141 1
4.193548387096774 0.057142857142857141 1
4.354838709677419 0.057142857142857141 1
4.5161290322580641 0.057142857142857141 1
4.6774193548387091 0.057142857142857141 1
4.838709677419355 0.057142857142857141 1
5 0.057142857142857141 1
5.161290322580645 0.057142857142857141 1
5.32258064516129 0.057142857142857141 1
5.4838709677419351 0.057142857142857141 1
5.645161290322581 0.057142857142857141 1
5.806451612903226 0.057142857142857141 1
5.967741935483871 0.057142857142857141 1
6.129032258064516 0.057142857142857141 1
6.290322580645161 0.057142857142857141 1
6.4516129032258061 0.057142857142857141 1
6.6129032258064511 0.057142857142857141 1
6.7741935483870961 0.057142857142857141 1
6.935483870967742 0.057142857142857141 1
7.0967741935483879 0.057142857142857141 1
7.258064516129032 0.057142857142857141 1
7.4193548387096779 0.057142857142857141 1
7.5806451612903221 0.057142857142857141 1
7.741935483870968 0.057142857142857141 1
7.9032258064516121 0.057142857142857141 1
8.064516129032258 0.057142857142857141 1
8.2258064516129039 0.057142857142857141 1
8.387096774193548 0.057142857142857141 1
8.5483870967741939 0.057142857142857141 1
8.7096774193548381 0.057142857142857141 1
8.870967741935484 0.057142857142857141 1
9.0322580645161281 0.057142857142857141 1
9.193548387096774 0.057142857142857141 1
9.3548387096774182 0.057142857142857141 1
9.5161290322580641 0.057142857142857141 1
9.67741935483871 0.057142857142857141 1
9.8387096774193559 0.057142857142857141 1
10 0.057142857142857141 1
0 0.071428571428571425 1
0.16129032258064516 0.071428571428571425 1
0.32258064516129031 0.071428571428571425 1
0.4838709677419355 0.071428571428571425 1
0.64516129032258063 0.071428571428571425 1
0.80645161290322576 0.071428571428571425 1
0.967741935483871 0.071428571428571425 1
1.129032258064516 0.071428571428571425 1
1.2903225806451613 0.071428571428571425 1
1.4516129032258065 0.071428571428571425 1
1.6129032258064515 0.071428571428571425 1
1.774193548387097 0.071428571428571425 1
1.935483870967742 0.071428571428571425 1
2.096774193548387 0.071428571428571425 1
2.258064516129032 0.071428571428571425 1
2.4193548387096775 0.071428571428571425 1
2.5806451612903225 0.071428571428571425 1
2.7419354838709675 0.071428571428571425 1
2.903225806451613 0.071428571428571425 1
3.064516129032258 0.071428571428571425 1
3.225806451612903 0.071428571428571425 1
3.387096774193548 0.071428571428571425 1
3.5483870967741939 0.071428571428571425 1
3.709677419354839 0.071428571428571425 1
3.870967741935484 0.071428571428571425 1
4.032258064516129 0.071428571428571425 1
4.193548387096774 0.071428571428571425 1
4.354838709677419 0.071428571428571425 1
4.5161290322580641 0.071428571428571425 1
4.6774193548387091 0.071428571428571425 1
4.838709677419355 0.071428571428571425 1
5 0.071428571428571425 1
5.161290322580645 0.071428571428571425 1
5.32258064516129 0.071428571428571425 1
5.4838709677419351 0.071428571428571425 1
5.645161290322581 0.071428571428571425 1
5.806451612903226 0.071428571428571425 1
5.967741935483871 0.071428571428571425 1
6.129032258064516 0.071428571428571425 1
6.290322580645161 0.071428571428571425 1
6.4516129032258061 0.071428571428571425 1
6.6129032258064511 0.071428571428571425 1
6.7741935483870961 0.071428571428571425 1
6.935483870967742 0.071428571428571425 1
7.0967741935483879 0.071428571428571425 1
7.258064516129032 0.071428571428571425 1
7.4193548387096779 0.071428571428571425 1
7.5806451612903221 0.071428571428571425 1
7.741935483870968 0.071428571428571425 1
7.9032258064516121 0.071428571428571425 1
8.064516129032258 0.071428571428571425 1
8.2258064516129039 0.071428571428571425 1
8.387096774193548 0.071428571428571425 1
8.5483870967741939 0.071428571428571425 1
8.7096774193548381 0.071428571428571425 1
8.870967741935484 0.071428571428571425 1
9.0322580645161281 0.071428571428571425 1
9.193548387096774 0.071428571428571425 1
9.3548387096774182 0.071428571428571425 1
9.5161290322580641 0.071428571428571425 1
9.67741935483871 0.071428571428571425 1
9.8387096774193559 0.071428571428571425 1
10 0.071428571428571425 1
0 0.085714285714285715 1
0.16129032258064516 0.085714285714285715 1
0.32258064516129031 0.085714285714285715 1
0.4838709677419355 0.085714285714285715 1
0.64516129032258063 0.085714285714285715 1
0.80645161290322576 0.085714285714285715 1
0.967741935483871 0.085714285714285715 1
1.129032258064516 0.085714285714285715 1
1.2903225806451613 0.085714285714285715 1
1.4516129032258065 0.085714285714285715 1
1.6129032258064515 0.085714285714285715 1
1.774193548387097 0.085714285714285715 1
1.935483870967742 0.085714285714285715 1
2.096774193548387 0.085714285714285715 1
2.258064516129032 0.085714285714285715 1
2.4193548387096775 0.085714285714285715 1
2.5806451612903225 0.085714285714285715 1
2.7419354838709675 0.085714285714285715 1
2.903225806451613 0.085714285714285715 1
3.064516129032258 0.085714285714285715 1
3.225806451612903 0.085714285714285715 1
3.387096774193548 0.085714285714285715 1
3.5483870967741939 0.085714285714285715 1
3.709677419354839 0.085714285714285715 1
3.870967741935484 0.085714285714285715 1
4.032258064516129 0.085714285714285715 1
4.193548387096774 0.085714285714285715 1
4.354838709677419 0.085714285714285715 1
4.5161290322580641 0.085714285714285715 1
4.6774193548387091 0.085714285714285715 1
4.838709677419355 0.085714285714285715 1
5 0.085714285714285715 1
5.161290322580645 0.085714285714285715 1
5.32258064516129 0.085714285714285715 1
5.4838709677419351 0.085714285714285715 1
5.645161290322581 0.085714285714285715 1
5.806451612903226 0.085714285714285715 1
5.967741935483871 0.085714285714285715 1
6.129032258064516 0.085714285714285715 1
6.290322580645161 0.085714285714285715 1
6.4516129032258061 0.085714285714285715 1
6.6129032258064511 0.085714285714285715 1
6.7741935483870961 0.085714285714285715 1
6.935483870967742 0.085714285714285715 1
7.0967741935483879 0.085714285714285715 1
7.258064516129032 0.085714285714285715 1
7.4193548387096779 0.085714285714285715 1
7.5806451612903221 0.085714285714285715 1
7.741935483870968 0.085714285714285715 1
7.9032258064516121 0.085714285714285715 1
8.064516129032258 0.085714285714285715 1
8.2258064516129039 0.085714285714285715 1
8.387096774193548 0.085714285714285715 1
8.5483870967741939 0.085714285714285715 1
8.7096774193548381 0.085714285714285715 1
8.870967741935484 0.085714285714285715 1
9.0322580645161281 0.085714285714285715 1
9.193548387096774 0.085714285714285715 1
9.3548387096774182 0.085714285714285715 1
9.5161290322580641 0.085714285714285715 1
9.67741935483871 0.085714285714285715 1
9.8387096774193559 0.085714285714285715 1
10 0.085714285714285715 1
0 0.10000000000000001 1
0.16129032258064516 0.10000000000000001 1
0.32258064516129031 0.10000000000000001 1
0.4838709677419355 0.10000000000000001 1
0.64516129032258063 0.10000000000000001 1
0.80645161290322576 0.10000000000000001 1
0.967741935483871 0.10000000000000001 1
1.129032258064516 0.10000000000000001 1
1.2903225806451613 0.10000000000000001 1
1.4516129032258065 0.10000000000000001 1
1.6129032258064515 0.10000000000000001 1
1.774193548387097 0.10000000000000001 1
1.935483870967742 0.10000000000000001 1
2.096774193548387 0.10000000000000001 1
2.258064516129032 0.10000000000000001 1
2.4193548387096775 0.10000000000000001 1
2.5806451612903225 0.10000000000000001 1
2.7419354838709675 0.10000000000000001 1
2.903225806451613 0.10000000000000001 1
3.064516129032258 0.10000000000000001 1
3.225806451612903 0.10000000000000001 1
3.387096774193548 0.10000000000000001 1
3.5483870967741939 0.10000000000000001 1
3.709677419354839 0.10000000000000001 1
3.870967741935484 0.10000000000000001 1
4.032258064516129 0.10000000000000001 1
4.193548387096774 0.10000000000000001 1
4.354838709677419 0.10000000000000001 1
4.5161290322580641 0.10000000000000001 1
4.6774193548387091 0.10000000000000001 1
4.838709677419355 0.10000000000000001 1
5 0.10000000000000001 1
5.161290322580645 0.10000000000000001 1
5.32258064516129 0.10000000000000001 1
5.4838709677419351 0.10000000000000001 1
5.645161290322581 0.10000000000000001 1
5.806451612903226 0.10000000000000001 1
5.967741935483871 0.10000000000000001 1
6.129032258064516 0.10000000000000001 1
6.290322580645161 0.10000000000000001 1
6.4516129032258061 0.10000000000000001 1
6.6129032258064511 0.10000000000000001 1
6.7741935483870961 0.10000000000000001 1
6.935483870967742 0.10000000000000001 1
7.0967741935483879 0.10000000000000001 1
7.258064516129032 0.10000000000000001 1
7.4193548387096779 0.10000000000000001 1
7.5806451612903221 0.10000000000000001 1
7.741935483870968 0.10000000000000001 1
7.9032258064516121 0.10000000000000001 1
8.064516129032258 0.10000000000000001 1
8.2258064516129039 0.10000000000000001 1
8.387096774193548 0.10000000000000001 1
8.5483870967741939 0.10000000000000001 1
8.7096774193548381 0.10000000000000001 1
8.870967741935484 0.10000000000000001 1
9.0322580645161281 0.10000000000000001 1
9.193548387096774 0.10000000000000001 1
9.3548387096774182 0.10000000000000001 1
9.5161290322580641 0.10000000000000001 1
9.67741935483871 0.10000000000000001 1
9.8387096774193559 0.10000000000000001 1
10 0.10000000000000001 1
0 0.11428571428571428 1
0.16129032258064516 0.11428571428571428 1
0.32258064516129031 0.11428571428571428 1
0.4838709677419355 0.11428571428571428 1
0.64516129032258063 0.11428571428571428 1
0.80645161290322576 0.11428571428571428 1
0.967741935483871 0.11428571428571428 1
1.129032258064516 0.11428571428571428 1
1.2903225806451613 0.11428571428571428 1
1.4516129032258065 0.11428571428571428 1
1.6129032258064515 0.11428571428571428 1
1.774193548387097 0.11428571428571428 1
1.935483870967742 0.11428571428571428 1
2.096774193548387 0.11428571428571428 1
2.258064516129032 0.11428571428571428 1
2.4193548387096775 0.11428571428571428 1
2.5806451612903225 0.11428571428571428 1
2.7419354838709675 0.11428571428571428 1
2.903225806451613 0.11428571428571428 1
3.064516129032258 0.11428571428571428 1
3.225806451612903 0.11428571428571428 1
3.387096774193548 0.11428571428571428 1
3.5483870967741939 0.11428571428571428 1
3.709677419354839 0.11428571428571428 1
3.870967741935484 0.11428571428571428 1
4.032258064516129 0.11428571428571428 1
4.193548387096774 0.11428571428571428 1
4.354838709677419 0.11428571428571428 1
4.5161290322580641 0.11428571428571428 1
4.6774193548387091 0.11428571428571428 1
4.838709677419355 0.11428571428571428 1
5 0.11428571428571428 1
5.161290322580645 0.11428571428571428 1
5.32258064516129 0.11428571428571428 1
5.4838709677419351 0.11428571428571428 1
5.645161290322581 0.11428571428571428 1
5.806451612903226 0.11428571428571428 1
5.967741935483871 0.11428571428571428 1
6.129032258064516 0.11428571428571428 1
6.290322580645161 0.11428571428571428 1
6.4516129032258061 0.11428571428571428 1
6.6129032258064511 0.11428571428571428 1
6.7741935483870961 0.11428571428571428 1
6.935483870967742 0.11428571428571428 1
7.0967741935483879 0.11428571428571428 1
7.258064516129032 0.11428571428571428 1
7.4193548387096779 0.11428571428571428 1
7.5806451612903221 0.11428571428571428 1
7.741935483870968 0.11428571428571428 1
7.9032258064516121 0.11428571428571428 1
8.064516129032258 0.11428571428571428 1
8.2258064516129039 0.11428571428571428 1
8.387096774193548 0.11428571428571428 1
8.5483870967741939 0.11428571428571428 1
8.7096774193548381 0.11428571428571428 1
8.870967741935484 0.11428571428571428 1
9.0322580645161281 0.11428571428571428 1
9.193548387096774 0.11428571428571428 1
9.3548387096774182 0.11428571428571428 1
9.5161290322580641 0.11428571428571428 1
9.67741935483871 0.11428571428571428 1
9.8387096774193559 0.11428571428571428 1
10 0.11428571428571428 1
0 0.12857142857142856 1
0.16129032258064516 0.12857142857142856 1
0.32258064516129031 0.12857142857142856 1
0.4838709677419355 0.12857142857142856 1
0.64516129032258063 0.12857142857142856 1
0.80645161290322576 0.12857142857142856 1
0.967741935483871 0.12857142857142856 1
1.129032258064516 0.12857142857142856 1
1.2903225806451613 0.12857142857142856 1
1.4516129032258065 0.12857142857142856 1
1.6129032258064515 0.12857142857142856 1
1.774193548387097 0.12857142857142856 1
1.935483870967742 0.12857142857142856 1
2.096774193548387 0.12857142857142856 1
2.258064516129032 0.12857142857142856 1
2.4193548387096775 0.12857142857142856 1
2.5806451612903225 0.12857142857142856 1
2.7419354838709675 0.12857142857142856 1
2.903225806451613 0.12857142857142856 1
3.064516129032258 0.12857142857142856 1
3.225806451612903 0.12857142857142856 1
3.387096774193548 0.12857142857142856 1
3.5483870967741939 0.12857142857142856 1
3.709677419354839 0.12857142857142856 1
3.870967741935484 0.12857142857142856 1
4.032258064516129 0.12857142857142856 1
4.193548387096774 0.12857142857142856 1
4.354838709677419 0.12857142857142856 1
4.5161290322580641 0.12857142857142856 1
4.6774193548387091 0.12857142857142856 1
4.838709677419355 0.12857142857142856 1
5 0.12857142857142856 1
5.161290322580645 0.12857142857142856 1
5.32258064516129 0.12857142857142856 1
5.4838709677419351 0.12857142857142856 1
5.645161290322581 0.12857142857142856 1
5.806451612903226 0.12857142857142856 1
5.967741935483871 0.12857142857142856 1
6.129032258064516 0.12857142857142856 1
6.290322580645161 0.12857142857142856 1
6.4516129032258061 0.12857142857142856 1
6.6129032258064511 0.12857142857142856 1
6.7741935483870961 0.12857142857142856 1
6.935483870967742 0.12857142857142856 1
7.0967741935483879 0.12857142857142856 1
7.258064516129032 0.12857142857142856 1
7.4193548387096779 0.12857142857142856 1
7.5806451612903221 0.12857142857142856 1
7.741935483870968 0.12857142857142856 1
7.9032258064516121 0.12857142857142856 1
8.064516129032258 0.12857142857142856 1
8.2258064516129039 0.12857142857142856 1
8.387096774193548 0.12857142857142856 1
8.5483870967741939 0.12857142857142856 1
8.7096774193548381 0.12857142857142856 1
8.870967741935484 0.12857142857142856 1
9.0322580645161281 0.12857142857142856 1
9.193548387096774 0.12857142857142856 1
9.3548387096774182 0.12857142857142856 1
9.5161290322580641 0.12857142857142856 1
9.67741935483871 0.12857142857142856 1
9.8387096774193559 0.12857142857142856 1
10 0.12857142857142856 1
0 0.14285714285714285 1
0.16129032258064516 0.14285714285714285 1
0.32258064516129031 0.14285714285714285 1
0.4838709677419355 0.14285714285714285 1
0.64516129032258063 0.14285714285714285 1
0.80645161290322576 0.14285714285714285 1
0.967741935483871 0.14285714285714285 1
1.129032258064516 0.14285714285714285 1
1.2903225806451613 0.14285714285714285 1
1.4516129032258065 0.14285714285714285 1
1.6129032258064515 0.14285714285714285 1
1.774193548387097 0.14285714285714285 1
1.935483870967742 0.14285714285714285 1
2.096774193548387 0.14285714285714285 1
2.258064516129032 0.14285714285714285 1
2.4193548387096775 0.14285714285714285 1
2.5806451612903225 0.14285714285714285 1
2.7419354838709675 0.14285714285714285 1
2.903225806451613 0.14285714285714285 1
3.064516129032258 0.14285714285714285 1
3.225806451612903 0.14285714285714285 1
3.387096774193548 0.14285714285714285 1
3.5483870967741939 0.14285714285714285 1
3.709677419354839 0.14285714285714285 1
3.870967741935484 0.14285714285714285 1
4.032258064516129 0.14285714285714285 1
4.193548387096774 0.14285714285714285 1
4.354838709677419 0.14285714285714285 1
4.5161290322580641 0.14285714285714285 1
4.6774193548387091 0.14285714285714285 1
4.838709677419355 0.14285714285714285 1
5 0.14285714285714285 1
5.161290322580645 0.14285714285714285 1
5.32258064516129 0.14285714285714285 1
5.4838709677419351 0.14285714285714285 1
5.645161290322581 0.14285714285714285 1
5.806451612903226 0.14285714285714285 1
5.967741935483871 0.14285714285714285 1
6.129032258064516 0.14285714285714285 1
6.290322580645161 0.14285714285714285 1
6.4516129032258061 0.14285714285714285 1
6.6129032258064511 0.14285714285714285 1
6.7741935483870961 0.14285714285714285 1
6.935483870967742 0.14285714285714285 1
7.0967741935483879 0.14285714285714285 1
7.258064516129032 0.14285714285714285 1
7.4193548387096779 0.14285714285714285 1
7.5806451612903221 0.14285714285714285 1
7.741935483870968 0.14285714285714285 1
7.9032258064516121 0.14285714285714285 1
8.064516129032258 0.14285714285714285 1
8.2258064516129039 0.14285714285714285 1
8.387096774193548 0.14285714285714285 1
8.5483870967741939 0.14285714285714285 1
8.7096774193548381 0.14285714285714285 1
8.870967741935484 0.14285714285714285 1
9.0322580645161281 0.14285714285714285 1
9.193548387096774 0.14285714285714285 1
9.3548387096774182 0.14285714285714285 1
9.5161290322580641 0.14285714285714285 1
9.67741935483871 0.14285714285714285 1
9.8387096774193559 0.14285714285714285 1
10 0.14285714285714285 1
0 0.15714285714285714 1
0.16129032258064516 0.15714285714285714 1
0.32258064516129031 0.15714285714285714 1
0.4838709677419355 0.15714285714285714 1
0.64516129032258063 0.15714285714285714 1
0.80645161290322576 0.15714285714285714 1
0.967741935483871 0.15714285714285714 1
1.129032258064516 0.15714285714285714 1
1.2903225806451613 0.15714285714285714 1
1.4516129032258065 0.15714285714285714 1
1.6129032258064515 0.15714285714285714 1
1.774193548387097 0.15714285714285714 1
1.935483870967742 0.15714285714285714 1
2.096774193548387 0.15714285714285714 1
2.258064516129032 0.15714285714285714 1
2.4193548387096775 0.15714285714285714 1
2.5806451612903225 0.15714285714285714 1
2.7419354838709675 0.15714285714285714 1
2.903225806451613 0.15714285714285714 1
3.064516129032258 0.15714285714285714 1
3.225806451612903 0.15714285714285714 1
3.387096774193548 0.15714285714285714 1
3.5483870967741939 0.15714285714285714 1
3.709677419354839 0.15714285714285714 1
3.870967741935484 0.15714285714285714 1
4.032258064516129 0.15714285714285714 1
4.193548387096774 0.15714285714285714 1
4.354838709677419 0.15714285714285714 1
4.5161290322580641 0.15714285714285714 1
4.6774193548387091 0.15714285714285714 1
4.838709677419355 0.15714285714285714 1
5 0.15714285714285714 1
5.161290322580645 0.15714285714285714 1
5.32258064516129 0.15714285714285714 1
5.4838709677419351 0.15714285714285714 1
5.645161290322581 0.15714285714285714 1
5.806451612903226 0.15714285714285714 1
5.967741935483871 0.15714285714285714 1
6.129032258064516 0.15714285714285714 1
6.290322580645161 0.15714285714285714 1
6.4516129032258061 0.15714285714285714 1
6.6129032258064511 0.15714285714285714 1
6.7741935483870961 0.15714285714285714 1
6.935483870967742 0.15714285714285714 1
7.0967741935483879 0.15714285714285714 1
7.258064516129032 0.15714285714285714 1
7.4193548387096779 0.15714285714285714 1
7.5806451612903221 0.15714285714285714 1
7.741935483870968 0.15714285714285714 1
7.9032258064516121 0.15714285714285714 1
8.064516129032258 0.15714285714285714 1
8.2258064516129039 0.15714285714285714 1
8.387096774193548 0.15714285714285714 1
8.5483870967741939 0.15714285714285714 1
8.7096774193548381 0.15714285714285714 1
8.870967741935484 0.15714285714285714 1
9.0322580645161281 0.15714285714285714 1
9.193548387096774 0.15714285714285714 1
9.3548387096774182 0.15714285714285714 1
9.5161290322580641 0.15714285714285714 1
9.67741935483871 0.15714285714285714 1
9.8387096774193559 0.15714285714285714 1
10 0.15714285714285714 1
0 0.17142857142857143 1
0.16129032258064516 0.17142857142857143 1
0.32258064516129031 0.17142857142857143 1
0.4838709677419355 0.17142857142857143 1
0.64516129032258063 0.17142857142857143 1
0.80645161290322576 0.17142857142857143 1
0.967741935483871 0.17142857142857143 1
1.129032258064516 0.17142857142857143 1
1.2903225806451613 0.17142857142857143 1
1.4516129032258065 0.17142857142857143 1
1.6129032258064515 0.17142857142857143 1
1.774193548387097 0.17142857142857143 1
1.935483870967742 0.17142857142857143 1
2.096774193548387 0.17142857142857143 1
2.258064516129032 0.17142857142857143 1
2.4193548387096775 0.17142857142857143 1
2.5806451612903225 0.17142857142857143 1
2.7419354838709675 0.17142857142857143 1
2.903225806451613 0.17142857142857143 1
3.064516129032258 0.17142857142857143 1
3.225806451612903 0.17142857142857143 1
3.387096774193548 0.17142857142857143 1
3.5483870967741939 0.17142857142857143 1
3.709677419354839 0.17142857142857143 1
3.870967741935484 0.17142857142857143 1
4.032258064516129 0.17142857142857143 1
4.193548387096774 0.17142857142857143 1
4.354838709677419 0.17142857142857143 1
4.5161290322580641 0.17142857142857143 1
4.6774193548387091 0.17142857142857143 1
4.838709677419355 0.17142857142857143 1
5 0.17142857142857143 1
5.161290322580645 0.17142857142857143 1
5.32258064516129 0.17142857142857143 1
5.4838709677419351 0.17142857142857143 1
5.645161290322581 0.17142857142857143 1
5.806451612903226 0.17142857142857143 1
5.967741935483871 0.17142857142857143 1
6.129032258064516 0.17142857142857143 1
6.290322580645161 0.17142857142857143 1
6.4516129032258061 0.17142857142857143 1
6.6129032258064511 0.17142857142857143 1
6.7741935483870961 0.17142857142857143 1
6.935483870967742 0.17142857142857143 1
7.0967741935483879 0.17142857142857143 1
7.258064516129032 0.17142857142857143 1
7.4193548387096779 0.17142857142857143 1
7.5806451612903221 0.17142857142857143 1
7.741935483870968 0.17142857142857143 1
7.9032258064516121 0.17142857142857143 1
8.064516129032258 0.17142857142857143 1
8.2258064516129039 0.17142857142857143 1
8.387096774193548 0.17142857142857143 1
8.5483870967741939 0.17142857142857143 1
8.7096774193548381 0.17142857142857143 1
8.870967741935484 0.17142857142857143 1
9.0322580645161281 0.17142857142857143 1
9.193548387096774 0.17142857142857143 1
9.3548387096774182 0.17142857142857143 1
9.5161290322580641 0.17142857142857143 1
9.67741935483871 0.17142857142857143 1
9.8387096774193559 0.17142857142857143 1
10 0.17142857142857143 1
0 0.18571428571428572 1
0.16129032258064516 0.18571428571428572 1
0.32258064516129031 0.18571428571428572 1
0.4838709677419355 0.18571428571428572 1
0.64516129032258063 0.18571428571428572 1
0.80645161290322576 0.18571428571428572 1
0.967741935483871 0.18571428571428572 1
1.129032258064516 0.18571428571428572 1
1.2903225806451613 0.18571428571428572 1
1.4516129032258065 0.18571428571428572 1
1.6129032258064515 0.18571428571428572 1
1.774193548387097 0.18571428571428572 1
1.935483870967742 0.18571428571428572 1
2.096774193548387 0.18571428571428572 1
2.258064516129032 0.18571428571428572 1
2.4193548387096775 0.18571428571428572 1
2.5806451612903225 0.18571428571428572 1
2.7419354838709675 0.18571428571428572 1
2.903225806451613 0.18571428571428572 1
3.064516129032258 0.18571428571428572 1
3.225806451612903 0.18571428571428572 1
3.387096774193548 0.18571428571428572 1
3.5483870967741939 0.18571428571428572 1
3.709677419354839 0.18571428571428572 1
3.870967741935484 0.18571428571428572 1
4.032258064516129 0.18571428571428572 1
4.193548387096774 0.18571428571428572 1
4.354838709677419 0.18571428571428572 1
4.5161290322580641 0.18571428571428572 1
4.6774193548387091 0.18571428571428572 1
4.838709677419355 0.18571428571428572 1
5 0.18571428571428572 1
5.161290322580645 0.18571428571428572 1
5.32258064516129 0.18571428571428572 1
5.4838709677419351 0.18571428571428572 1
5.645161290322581 0.18571428571428572 1
5.806451612903226 0.18571428571428572 1
5.967741935483871 0.18571428571428572 1
6.129032258064516 0.18571428571428572 1
6.290322580645161 0.18571428571428572 1
6.4516129032258061 0.18571428571428572 1
6.6129032258064511 0.18571428571428572 1
6.7741935483870961 0.18571428571428572 1
6.935483870967742 0.18571428571428572 1
7.0967741935483879 0.18571428571428572 1
7.258064516129032 0.18571428571428572 1
7.4193548387096779 0.18571428571428572 1
7.5806451612903221 0.18571428571428572 1
7.741935483870968 0.18571428571428572 1
7.9032258064516121 0.18571428571428572 1
8.064516129032258 0.18571428571428572 1
8.2258064516129039 0.18571428571428572 1
8.387096774193548 0.18571428571428572 1
8.5483870967741939 0.18571428571428572 1
8.7096774193548381 0.18571428571428572 1
8.870967741935484 0.18571428571428572 1
9.0322580645161281 0.18571428571428572 1
9.193548387096774 0.18571428571428572 1
9.3548387096774182 0.18571428571428572 1
9.5161290322580641 0.18571428571428572 1
9.67741935483871 0.18571428571428572 1
9.8387096774193559 0.18571428571428572 1
10 0.18571428571428572 1
0 0.20000000000000001 1
0.16129032258064516 0.20000000000000001 1
0.32258064516129031 0.20000000000000001 1
0.4838709677419355 0.20000000000000001 1
0.64516129032258063 0.20000000000000001 1
0.80645161290322576 0.20000000000000001 1
0.967741935483871 0.20000000000000001 1
1.129032258064516 0.20000000000000001 1
1.2903225806451613 0.20000000000000001 1
1.4516129032258065 0.20000000000000001 1
1.6129032258064515 0.20000000000000001 1
1.774193548387097 0.20000000000000001 1
1.935483870967742 0.20000000000000001 1
2.096774193548387 0.20000000000000001 1
2.258064516129032 0.20000000000000001 1
2.4193548387096775 0.20000000000000001 1
2.5806451612903225 0.20000000000000001 1
2.7419354838709675 0.20000000000000001 1
2.903225806451613 0.20000000000000001 1
3.064516129032258 0.20000000000000001 1
3.225806451612903 0.20000000000000001 1
3.387096774193548 0.20000000000000001 1
3.5483870967741939 0.20000000000000001 1
3.709677419354839 0.20000000000000001 1
3.870967741935484 0.20000000000000001 1
4.032258064516129 0.20000000000000001 1
4.193548387096774 0.20000000000000001 1
4.354838709677419 0.20000000000000001 1
4.5161290322580641 0.20000000000000001 1
4.6774193548387091 0.20000000000000001 1
4.838709677419355 0.20000000000000001 1
5 0.20000000000000001 1
5.161290322580645 0.20000000000000001 1
5.32258064516129 0.20000000000000001 1
5.4838709677419351 0.20000000000000001 1
5.645161290322581 0.20000000000000001 1
5.806451612903226 0.20000000000000001 1
5.967741935483871 0.20000000000000001 1
6.129032258064516 0.20000000000000001 1
6.290322580645161 0.20000000000000001 1
6.4516129032258061 0.20000000000000001 1
6.6129032258064511 0.20000000000000001 1
6.7741935483870961 0.20000000000000001 1
6.935483870967742 0.20000000000000001 1
7.0967741935483879 0.20000000000000001 1
7.258064516129032 0.20000000000000001 1
7.4193548387096779 0.20000000000000001 1
7.5806451612903221 0.20000000000000001 1
7.741935483870968 0.20000000000000001 1
7.9032258064516121 0.20000000000000001 1
8.064516129032258 0.20000000000000001 1
8.2258064516129039 0.20000000000000001 1
8.387096774193548 0.20000000000000001 1
8.5483870967741939 0.20000000000000001 1
8.7096774193548381 0.20000000000000001 1
8.870967741935484 0.20000000000000001 1
9.0322580645161281 0.20000000000000001 1
9.193548387096774 0.20000000000000001 1
9.3548387096774182 0.20000000000000001 1
9.5161290322580641 0.20000000000000001 1
9.67741935483871 0.20000000000000001 1
9.8387096774193559 0.20000000000000001 1
10 0.20000000000000001 1
0 0.21428571428571427 1
0.16129032258064516 0.21428571428571427 1
0.32258064516129031 0.21428571428571427 1
0.4838709677419355 0.21428571428571427 1
0.64516129032258063 0.21428571428571427 1
0.80645161290322576 0.21428571428571427 1
0.967741935483871 0.21428571428571427 1
1.129032258064516 0.21428571428571427 1
1.2903225806451613 0.21428571428571427 1
1.4516129032258065 0.21428571428571427 1
1.6129032258064515 0.21428571428571427 1
1.774193548387097 0.21428571428571427 1
1.935483870967742 0.21428571428571427 1
2.096774193548387 0.21428571428571427 1
2.258064516129032 0.21428571428571427 1
2.4193548387096775 0.21428571428571427 1
2.5806451612903225 0.21428571428571427 1
2.7419354838709675 0.21428571428571427 1
2.903225806451613 0.21428571428571427 1
3.064516129032258 0.21428571428571427 1
3.225806451612903 0.21428571428571427 1
3.387096774193548 0.21428571428571427 1
3.5483870967741939 0.21428571428571427 1
3.709677419354839 0.21428571428571427 1
3.870967741935484 0.21428571428571427 1
4.032258064516129 0.21428571428571427 1
4.193548387096774 0.21428571428571427 1
4.354838709677419 0.21428571428571427 1
4.5161290322580641 0.21428571428571427 1
4.6774193548387091 0.21428571428571427 1
4.838709677419355 0.21428571428571427 1
5 0.21428571428571427 1
5.161290322580645 0.21428571428571427 1
5.32258064516129 0.21428571428571427 1
5.4838709677419351 0.21428571428571427 1
5.645161290322581 0.21428571428571427 1
5.806451612903226 0.21428571428571427 1
5.967741935483871 0.21428571428571427 1
6.129032258064516 0.21428571428571427 1
6.290322580645161 0.21428571428571427 1
6.4516129032258061 0.21428571428571427 1
6.6129032258064511 0.21428571428571427 1
6.7741935483870961 0.21428571428571427 1
6.935483870967742 0.21428571428571427 1
7.0967741935483879 0.21428571428571427 1
7.258064516129032 0.21428571428571427 1
7.4193548387096779 0.21428571428571427 1
7.5806451612903221 0.21428571428571427 1
7.741935483870968 0.21428571428571427 1
7.9032258064516121 0.21428571428571427 1
8.064516129032258 0.21428571428571427 1
8.2258064516129039 0.21428571428571427 1
8.387096774193548 0.21428571428571427 1
8.5483870967741939 0.21428571428571427 1
8.7096774193548381 0.21428571428571427 1
8.870967741935484 0.21428571428571427 1
9.0322580645161281 0.21428571428571427 1
9.193548387096774 0.21428571428571427 1
9.3548387096774182 0.21428571428571427 1
9.5161290322580641 0.21428571428571427 1
9.67741935483871 0.21428571428571427 1
9.8387096774193559 0.21428571428571427 1
10 0.21428571428571427 1
0 0.22857142857142856 1
0.16129032258064516 0.22857142857142856 1
0.32258064516129031 0.22857142857142856 1
0.4838709677419355 0.22857142857142856 1
0.64516129032258063 0.22857142857142856 1
0.80645161290322576 0.22857142857142856 1
0.967741935483871 0.22857142857142856 1
1.129032258064516 0.22857142857142856 1
1.2903225806451613 0.22857142857142856 1
1.4516129032258065 0.22857142857142856 1
1.6129032258064515 0.22857142857142856 1
1.774193548387097 0.22857142857142856 1
1.935483870967742 0.22857142857142856 1
2.096774193548387 0.22857142857142856 1
2.258064516129032 0.22857142857142856 1
2.4193548387096775 0.22857142857142856 1
2.5806451612903225 0.22857142857142856 1
2.7419354838709675 0.22857142857142856 1
2.903225806451613 0.22857142857142856 1
3.064516129032258 0.22857142857142856 1
3.225806451612903 0.22857142857142856 1
3.387096774193548 0.22857142857142856 1
3.5483870967741939 0.22857142857142856 1
3.709677419354839 0.22857142857142856 1
3.870967741935484 0.22857142857142856 1
4.032258064516129 0.22857142857142856 1
4.193548387096774 0.22857142857142856 1
4.354838709677419 0.22857142857142856 1
4.5161290322580641 0.22857142857142856 1
4.6774193548387091 0.22857142857142856 1
4.838709677419355 0.22857142857142856 1
5 0.22857142857142856 1
5.161290322580645 0.22857142857142856 1
5.32258064516129 0.22857142857142856 1
5.4838709677419351 0.22857142857142856 1
5.645161290322581 0.22857142857142856 1
5.806451612903226 0.22857142857142856 1
5.967741935483871 0.22857142857142856 1
6.129032258064516 0.22857142857142856 1
6.290322580645161 0.22857142857142856 1
6.4516129032258061 0.22857142857142856 1
6.6129032258064511 0.22857142857142856 1
6.7741935483870961 0.22857142857142856 1
6.935483870967742 0.22857142857142856 1
7.0967741935483879 0.22857142857142856 1
7.258064516129032 0.22857142857142856 1
7.4193548387096779 0.22857142857142856 1
7.5806451612903221 0.22857142857142856 1
7.741935483870968 0.22857142857142856 1
7.9032258064516121 0.22857142857142856 1
8.064516129032258 0.22857142857142856 1
8.2258064516129039 0.22857142857142856 1
8.387096774193548 0.22857142857142856 1
8.5483870967741939 0.22857142857142856 1
8.7096774193548381 0.22857142857142856 1
8.870967741935484 0.22857142857142856 1
9.0322580645161281 0.22857142857142856 1
9.193548387096774 0.22857142857142856 1
9.3548387096774182 0.22857142857142856 1
9.5161290322580641 0.22857142857142856 1
9.67741935483871 0.22857142857142856 1
9.8387096774193559 0.22857142857142856 1
10 0.22857142857142856 1
0 0.24285714285714285 1
0.16129032258064516 0.24285714285714285 1
0.32258064516129031 0.24285714285714285 1
0.4838709677419355 0.24285714285714285 1
0.64516129032258063 0.24285714285714285 1
0.80645161290322576 0.24285714285714285 1
0.967741935483871 0.24285714285714285 1
1.129032258064516 0.24285714285714285 1
1.2903225806451613 0.24285714285714285 1
1.4516129032258065 0.24285714285714285 1
1.6129032258064515 0.24285714285714285 1
1.774193548387097 0.24285714285714285 1
1.935483870967742 0.24285714285714285 1
2.096774193548387 0.24285714285714285 1
2.258064516129032 0.24285714285714285 1
2.4193548387096775 0.24285714285714285 1
2.5806451612903225 0.24285714285714285 1
2.7419354838709675 0.24285714285714285 1
2.903225806451613 0.24285714285714285 1
3.064516129032258 0.24285714285714285 1
3.225806451612903 0.24285714285714285 1
3.387096774193548 0.24285714285714285 1
3.5483870967741939 0.24285714285714285 1
3.709677419354839 0.24285714285714285 1
3.870967741935484 0.24285714285714285 1
4.032258064516129 0.24285714285714285 1
4.193548387096774 0.24285714285714285 1
4.354838709677419 0.24285714285714285 1
4.5161290322580641 0.24285714285714285 1
4.6774193548387091 0.24285714285714285 1
4.838709677419355 0.24285714285714285 1
5 0.24285714285714285 1
5.161290322580645 0.24285714285714285 1
5.32258064516129 0.24285714285714285 1
5.4838709677419351 0.24285714285714285 1
5.645161290322581 0.24285714285714285 1
5.806451612903226 0.24285714285714285 1
5.967741935483871 0.24285714285714285 1
6.129032258064516 0.24285714285714285 1
6.290322580645161 0.24285714285714285 1
6.4516129032258061 0.24285714285714285 1
6.6129032258064511 0.24285714285714285 1
6.7741935483870961 0.24285714285714285 1
6.935483870967742 0.24285714285714285 1
7.0967741935483879 0.24285714285714285 1
7.258064516129032 0.24285714285714285 1
7.4193548387096779 0.24285714285714285 1
7.5806451612903221 0.24285714285714285 1
7.741935483870968 0.24285714285714285 1
7.9032258064516121 0.24285714285714285 1
8.064516129032258 0.24285714285714285 1
8.2258064516129039 0.24285714285714285 1
8.387096774193548 0.24285714285714285 1
8.5483870967741939 0.24285714285714285 1
8.7096774193548381 0.24285714285714285 1
8.870967741935484 0.24285714285714285 1
9.0322580645161281 0.24285714285714285 1
9.193548387096774 0.24285714285714285 1
9.3548387096774182 0.24285714285714285 1
9.5161290322580641 0.24285714285714285 1
9.67741935483871 0.24285714285714285 1
9.8387096774193559 0.24285714285714285 1
10 0.24285714285714285 1
0 0.25714285714285712 1
0.16129032258064516 0.25714285714285712 1
0.32258064516129031 0.25714285714285712 1
0.4838709677419355 0.25714285714285712 1
0.64516129032258063 0.25714285714285712 1
0.80645161290322576 0.25714285714285712 1
0.967741935483871 0.25714285714285712 1
1.129032258064516 0.25714285714285712 1
1.2903225806451613 0.25714285714285712 1
1.4516129032258065 0.25714285714285712 1
1.6129032258064515 0.25714285714285712 1
1.774193548387097 0.25714285714285712 1
1.935483870967742 0.25714285714285712 1
2.096774193548387 0.25714285714285712 1
2.258064516129032 0.25714285714285712 1
2.4193548387096775 0.25714285714285712 1
2.5806451612903225 0.25714285714285712 1
2.7419354838709675 0.25714285714285712 1
2.903225806451613 0.25714285714285712 1
3.064516129032258 0.25714285714285712 1
3.225806451612903 0.25714285714285712 1
3.387096774193548 0.25714285714285712 1
3.5483870967741939 0.25714285714285712 1
3.709677419354839 0.25714285714285712 1
3.870967741935484 0.25714285714285712 1
4.032258064516129 0.25714285714285712 1
4.193548387096774 0.25714285714285712 1
4.354838709677419 0.25714285714285712 1
4.5161290322580641 0.25714285714285712 1
4.6774193548387091 0.25714285714285712 1
4.838709677419355 0.25714285714285712 1
5 0.25714285714285712 1
5.161290322580645 0.25714285714285712 1
5.32258064516129 0.25714285714285712 1
5.4838709677419351 0.25714285714285712 1
5.645161290322581 0.25714285714285712 1
5.806451612903226 0.25714285714285712 1
5.967741935483871 0.25714285714285712 1
6.129032258064516 0.25714285714285712 1
6.290322580645161 0.25714285714285712 1
6.4516129032258061 0.25714285714285712 1
6.6129032258064511 0.25714285714285712 1
6.7741935483870961 0.25714285714285712 1
6.935483870967742 0.25714285714285712 1
7.0967741935483879 0.25714285714285712 1
7.258064516129032 0.25714285714285712 1
7.4193548387096779 0.25714285714285712 1
7.5806451612903221 0.25714285714285712 1
7.741935483870968 0.25714285714285712 1
7.9032258064516121 0.25714285714285712 1
8.064516129032258 0.25714285714285712 1
8.2258064516129039 0.25714285714285712 1
8.387096774193548 0.25714285714285712 1
8.5483870967741939 0.25714285714285712 1
8.7096774193548381 0.25714285714285712 1
8.870967741935484 0.25714285714285712 1
9.0322580645161281 0.25714285714285712 1
9.193548387096774 0.25714285714285712 1
9.3548387096774182 0.25714285714285712 1
9.5161290322580641 0.25714285714285712 1
9.67741935483871 0.25714285714285712 1
9.8387096774193559 0.25714285714285712 1
10 0.25714285714285712 1
0 0.27142857142857141 1
0.16129032258064516 0.27142857142857141 1
0.32258064516129031 0.27142857142857141 1
0.4838709677419355 0.27142857142857141 1
0.64516129032258063 0.27142857142857141 1
0.80645161290322576 0.27142857142857141 1
0.967741935483871 0.27142857142857141 1
1.129032258064516 0.27142857142857141 1
1.2903225806451613 0.27142857142857141 1
1.4516129032258065 0.27142857142857141 1
1.6129032258064515 0.27142857142857141 1
1.774193548387097 0.27142857142857141 1
1.935483870967742 0.27142857142857141 1
2.096774193548387 0.27142857142857141 1
2.258064516129032 0.27142857142857141 1
2.4193548387096775 0.27142857142857141 1
2.5806451612903225 0.27142857142857141 1
2.7419354838709675 0.27142857142857141 1
2.903225806451613 0.27142857142857141 1
3.064516129032258 0.27142857142857141 1
3.225806451612903 0.27142857142857141 1
3.387096774193548 0.27142857142857141 1
3.5483870967741939 0.27142857142857141 1
3.709677419354839 0.27142857142857141 1
3.870967741935484 0.27142857142857141 1
4.032258064516129 0.27142857142857141 1
4.193548387096774 0.27142857142857141 1
4.354838709677419 0.27142857142857141 1
4.5161290322580641 0.27142857142857141 1
4.6774193548387091 0.27142857142857141 1
4.838709677419355 0.27142857142857141 1
5 0.27142857142857141 1
5.161290322580645 0.27142857142857141 1
5.32258064516129 0.27142857142857141 1
5.4838709677419351 0.27142857142857141 1
5.645161290322581 0.27142857142857141 1
5.806451612903226 0.27142857142857141 1
5.967741935483871 0.27142857142857141 1
6.129032258064516 0.27142857142857141 1
6.290322580645161 0.27142857142857141 1
6.4516129032258061 0.27142857142857141 1
6.6129032258064511 0.27142857142857141 1
6.7741935483870961 0.27142857142857141 1
6.935483870967742 0.27142857142857141 1
7.0967741935483879 0.27142857142857141 1
7.258064516129032 0.27142857142857141 1
7.4193548387096779 0.27142857142857141 1
7.5806451612903221 0.27142857142857141 1
7.741935483870968 0.27142857142857141 1
7.9032258064516121 0.27142857142857141 1
8.064516129032258 0.27142857142857141 1
8.2258064516129039 0.27142857142857141 1
8.387096774193548 0.27142857142857141 1
8.5483870967741939 0.27142857142857141 1
8.7096774193548381 0.27142857142857141 1
8.870967741935484 0.27142857142857141 1
9.0322580645161281 0.27142857142857141 1
9.193548387096774 0.27142857142857141 1
9.3548387096774182 0.27142857142857141 1
9.5161290322580641 0.27142857142857141 1
9.67741935483871 0.27142857142857141 1
9.8387096774193559 0.27142857142857141 1
10 0.27142857142857141 1
0 0.2857142857142857 1
0.16129032258064516 0.2857142857142857 1
0.32258064516129031 0.2857142857142857 1
0.4838709677419355 0.2857142857142857 1
0.64516129032258063 0.2857142857142857 1
0.80645161290322576 0.2857142857142857 1
0.967741935483871 0.2857142857142857 1
1.129032258064516 0.2857142857142857 1
1.2903225806451613 0.2857142857142857 1
1.4516129032258065 0.2857142857142857 1
1.6129032258064515 0.2857142857142857 1
1.774193548387097 0.2857142857142857 1
1.935483870967742 0.2857142857142857 1
2.096774193548387 0.2857142857142857 1
2.258064516129032 0.2857142857142857 1
2.4193548387096775 0.2857142857142857 1
2.5806451612903225 0.2857142857142857 1
2.7419354838709675 0.2857142857142857 1
2.903225806451613 0.2857142857142857 1
3.064516129032258 0.2857142857142857 1
3.225806451612903 0.2857142857142857 1
3.387096774193548 0.2857142857142857 1
3.5483870967741939 0.2857142857142857 1
3.709677419354839 0.2857142857142857 1
3.870967741935484 0.2857142857142857 1
4.032258064516129 0.2857142857142857 1
4.193548387096774 0.2857142857142857 1
4.354838709677419 0.2857142857142857 1
4.5161290322580641 0.2857142857142857 1
4.6774193548387091 0.2857142857142857 1
4.838709677419355 0.2857142857142857 1
5 0.2857142857142857 1
5.161290322580645 0.2857142857142857 1
5.32258064516129 0.2857142857142857 1
5.4838709677419351 0.2857142857142857 1
5.645161290322581 0.2857142857142857 1
5.806451612903226 0.2857142857142857 1
5.967741935483871 0.2857142857142857 1
6.129032258064516 0.2857142857142857 1
6.290322580645161 0.2857142857142857 1
6.4516129032258061 0.2857142857142857 1
6.6129032258064511 0.2857142857142857 1
6.7741935483870961 0.2857142857142857 1
6.935483870967742 0.2857142857142857 1
7.0967741935483879 0.2857142857142857 1
7.258064516129032 0.2857142857142857 1
7.4193548387096779 0.2857142857142857 1
7.5806451612903221 0.2857142857142857 1
7.741935483870968 0.2857142857142857 1
7.9032258064516121 0.2857142857142857 1
8.064516129032258 0.2857142857142857 1
8.2258064516129039 0.2857142857142857 1
8.387096774193548 0.2857142857142857 1
8.5483870967741939 0.2857142857142857 1
8.7096774193548381 0.2857142857142857 1
8.870967741935484 0.2857142857142857 1
9.0322580645161281 0.2857142857142857 1
9.193548387096774 0.2857142857142857 1
9.3548387096774182 0.2857142857142857 1
9.5161290322580641 0.2857142857142857 1
9.67741935483871 0.2857142857142857 1
9.8387096774193559 0.2857142857142857 1
10 0.2857142857142857 1
0 0.29999999999999999 1
0.16129032258064516 0.29999999999999999 1
0.32258064516129031 0.29999999999999999 1
0.4838709677419355 0.29999999999999999 1
0.64516129032258063 0.29999999999999999 1
0.80645161290322576 0.29999999999999999 1
0.967741935483871 0.29999999999999999 1
1.129032258064516 0.29999999999999999 1
1.2903225806451613 0.29999999999999999 1
1.4516129032258065 0.29999999999999999 1
1.6129032258064515 0.29999999999999999 1
1.774193548387097 0.29999999999999999 1
1.935483870967742 0.29999999999999999 1
2.096774193548387 0.29999999999999999 1
2.258064516129032 0.29999999999999999 1
2.4193548387096775 0.29999999999999999 1
2.5806451612903225 0.29999999999999999 1
2.7419354838709675 0.29999999999999999 1
2.903225806451613 0.29999999999999999 1
3.064516129032258 0.29999999999999999 1
3.225806451612903 0.29999999999999999 1
3.387096774193548 0.29999999999999999 1
3.5483870967741939 0.29999999999999999 1
3.709677419354839 0.29999999999999999 1
3.870967741935484 0.29999999999999999 1
4.032258064516129 0.29999999999999999 1
4.193548387096774 0.29999999999999999 1
4.354838709677419 0.29999999999999999 1
4.5161290322580641 0.29999999999999999 1
4.6774193548387091 0.29999999999999999 1
4.838709677419355 0.29999999999999999 1
5 0.29999999999999999 1
5.161290322580645 0.29999999999999999 1
5.32258064516129 0.29999999999999999 1
5.4838709677419351 0.29999999999999999 1
5.645161290322581 0.29999999999999999 1
5.806451612903226 0.29999999999999999 1
5.967741935483871 0.29999999999999999 1
6.129032258064516 0.29999999999999999 1
6.290322580645161 0.29999999999999999 1
6.4516129032258061 0.29999999999999999 1
6.6129032258064511 0.29999999999999999 1
6.7741935483870961 0.29999999999999999 1
6.935483870967742 0.29999999999999999 1
7.0967741935483879 0.29999999999999999 1
7.258064516129032 0.29999999999999999 1
7.4193548387096779 0.29999999999999999 1
7.5806451612903221 0.29999999999999999 1
7.741935483870968 0.29999999999999999 1
7.9032258064516121 0.29999999999999999 1
8.064516129032258 0.29999999999999999 1
8.2258064516129039 0.29999999999999999 1
8.387096774193548 0.29999999999999999 1
8.5483870967741939 0.29999999999999999 1
8.7096774193548381 0.29999999999999999 1
8.870967741935484 0.29999999999999999 1
9.0322580645161281 0.29999999999999999 1
9.193548387096774 0.29999999999999999 1
9.3548387096774182 0.29999999999999999 1
9.5161290322580641 0.29999999999999999 1
9.67741935483871 0.29999999999999999 1
9.8387096774193559 0.29999999999999999 1
10 0.29999999999999999 1
0 0.31428571428571428 1
0.16129032258064516 0.31428571428571428 1
0.32258064516129031 0.31428571428571428 1
0.4838709677419355 0.31428571428571428 1
0.64516129032258063 0.31428571428571428 1
0.80645161290322576 0.31428571428571428 1
0.967741935483871 0.31428571428571428 1
1.129032258064516 0.31428571428571428 1
1.2903225806451613 0.31428571428571428 1
1.4516129032258065 0.31428571428571428 1
1.6129032258064515 0.31428571428571428 1
1.774193548387097 0.31428571428571428 1
1.935483870967742 0.31428571428571428 1
2.096774193548387 0.31428571428571428 1
2.258064516129032 0.31428571428571428 1
2.4193548387096775 0.31428571428571428 1
2.5806451612903225 0.31428571428571428 1
2.7419354838709675 0.31428571428571428 1
2.903225806451613 0.31428571428571428 1
3.064516129032258 0.31428571428571428 1
3.225806451612903 0.31428571428571428 1
3.387096774193548 0.31428571428571428 1
3.5483870967741939 0.31428571428571428 1
3.709677419354839 0.31428571428571428 1
3.870967741935484 0.31428571428571428 1
4.032258064516129 0.31428571428571428 1
4.193548387096774 0.31428571428571428 1
4.354838709677419 0.31428571428571428 1
4.5161290322580641 0.31428571428571428 1
4.6774193548387091 0.31428571428571428 1
4.838709677419355 0.31428571428571428 1
5 0.31428571428571428 1
5.161290322580645 0.31428571428571428 1
5.32258064516129 0.31428571428571428 1
5.4838709677419351 0.31428571428571428 1
5.645161290322581 0.31428571428571428 1
5.806451612903226 0.31428571428571428 1
5.967741935483871 0.31428571428571428 1
6.129032258064516 0.31428571428571428 1
6.290322580645161 0.31428571428571428 1
6.4516129032258061 0.31428571428571428 1
6.6129032258064511 0.31428571428571428 1
6.7741935483870961 0.31428571428571428 1
6.935483870967742 0.31428571428571428 1
7.0967741935483879 0.31428571428571428 1
7.258064516129032 0.31428571428571428 1
7.4193548387096779 0.31428571428571428 1
7.5806451612903221 0.31428571428571428 1
7.741935483870968 0.31428571428571428 1
7.9032258064516121 0.31428571428571428 1
8.064516129032258 0.31428571428571428 1
8.2258064516129039 0.31428571428571428 1
8.387096774193548 0.31428571428571428 1
8.5483870967741939 0.31428571428571428 1
8.7096774193548381 0.31428571428571428 1
8.870967741935484 0.31428571428571428 1
9.0322580645161281 0.31428571428571428 1
9.193548387096774 0.31428571428571428 1
9.3548387096774182 0.31428571428571428 1
9.5161290322580641 0.31428571428571428 1
9.67741935483871 0.31428571428571428 1
9.8387096774193559 0.31428571428571428 1
10 0.31428571428571428 1
0 0.32857142857142857 1
0.16129032258064516 0.32857142857142857 1
0.32258064516129031 0.32857142857142857 1
0.4838709677419355 0.32857142857142857 1
0.64516129032258063 0.32857142857142857 1
0.80645161290322576 0.32857142857142857 1
0.967741935483871 0.32857142857142857 1
1.129032258064516 0.32857142857142857 1
1.2903225806451613 0.32857142857142857 1
1.4516129032258065 0.32857142857142857 1
1.6129032258064515 0.32857142857142857 1
1.774193548387097 0.32857142857142857 1
1.935483870967742 0.32857142857142857 1
2.096774193548387 0.32857142857142857 1
2.258064516129032 0.32857142857142857 1
2.4193548387096775 0.32857142857142857 1
2.5806451612903225 0.32857142857142857 1
2.7419354838709675 0.32857142857142857 1
2.903225806451613 0.32857142857142857 1
3.064516129032258 0.32857142857142857 1
3.225806451612903 0.32857142857142857 1
3.387096774193548 0.32857142857142857 1
3.5483870967741939 0.32857142857142857 1
3.709677419354839 0.32857142857142857 1
3.870967741935484 0.32857142857142857 1
4.032258064516129 0.32857142857142857 1
4.193548387096774 0.32857142857142857 1
4.354838709677419 0.32857142857142857 1
4.5161290322580641 0.32857142857142857 1
4.6774193548387091 0.32857142857142857 1
4.838709677419355 0.32857142857142857 1
5 0.32857142857142857 1
5.161290322580645 0.32857142857142857 1
5.32258064516129 0.32857142857142857 1
5.4838709677419351 0.32857142857142857 1
5.645161290322581 0.32857142857142857 1
5.806451612903226 0.32857142857142857 1
5.967741935483871 0.32857142857142857 1
6.129032258064516 0.32857142857142857 1
6.290322580645161 0.32857142857142857 1
6.4516129032258061 0.32857142857142857 1
6.6129032258064511 0.32857142857142857 1
6.7741935483870961 0.32857142857142857 1
6.935483870967742 0.32857142857142857 1
7.0967741935483879 0.32857142857142857 1
7.258064516129032 0.32857142857142857 1
7.4193548387096779 0.32857142857142857 1
7.5806451612903221 0.32857142857142857 1
7.741935483870968 0.32857142857142857 1
7.9032258064516121 0.32857142857142857 1
8.064516129032258 0.32857142857142857 1
8.2258064516129039 0.32857142857142857 1
8.387096774193548 0.32857142857142857 1
8.5483870967741939 0.32857142857142857 1
8.7096774193548381 0.32857142857142857 1
8.870967741935484 0.32857142857142857 1
9.0322580645161281 0.32857142857142857 1
9.193548387096774 0.32857142857142857 1
9.3548387096774182 0.32857142857142857 1
9.5161290322580641 0.32857142857142857 1
9.67741935483871 0.32857142857142857 1
9.8387096774193559 0.32857142857142857 1
10 0.32857142857142857 1
0 0.34285714285714286 1
0.16129032258064516 0.34285714285714286 1
0.32258064516129031 0.34285714285714286 1
0.4838709677419355 0.34285714285714286 1
0.64516129032258063 0.34285714285714286 1
0.80645161290322576 0.34285714285714286 1
0.967741935483871 0.34285714285714286 1
1.129032258064516 0.34285714285714286 1
1.2903225806451613 0.34285714285714286 1
1.4516129032258065 0.34285714285714286 1
1.6129032258064515 0.34285714285714286 1
1.774193548387097 0.34285714285714286 1
1.935483870967742 0.34285714285714286 1
2.096774193548387 0.34285714285714286 1
2.258064516129032 0.34285714285714286 1
2.4193548387096775 0.34285714285714286 1
2.5806451612903225 0.34285714285714286 1
2.7419354838709675 0.34285714285714286 1
2.903225806451613 0.34285714285714286 1
3.064516129032258 0.34285714285714286 1
3.225806451612903 0.34285714285714286 1
3.387096774193548 0.34285714285714286 1
3.5483870967741939 0.34285714285714286 1
3.709677419354839 0.34285714285714286 1
3.870967741935484 0.34285714285714286 1
4.032258064516129 0.34285714285714286 1
4.193548387096774 0.34285714285714286 1
4.354838709677419 0.34285714285714286 1
4.5161290322580641 0.34285714285714286 1
4.6774193548387091 0.34285714285714286 1
4.838709677419355 0.34285714285714286 1
5 0.34285714285714286 1
5.161290322580645 0.34285714285714286 1
5.32258064516129 0.34285714285714286 1
5.4838709677419351 0.34285714285714286 1
5.645161290322581 0.34285714285714286 1
5.806451612903226 0.34285714285714286 1
5.967741935483871 0.34285714285714286 1
6.129032258064516 0.34285714285714286 1
6.290322580645161 0.34285714285714286 1
6.4516129032258061 0.34285714285714286 1
6.6129032258064511 0.34285714285714286 1
6.7741935483870961 0.34285714285714286 1
6.935483870967742 0.34285714285714286 1
7.0967741935483879 0.34285714285714286 1
7.258064516129032 0.34285714285714286 1
7.4193548387096779 0.34285714285714286 1
7.5806451612903221 0.34285714285714286 1
7.741935483870968 0.34285714285714286 1
7.9032258064516121 0.34285714285714286 1
8.064516129032258 0.34285714285714286 1
8.2258064516129039 0.34285714285714286 1
8.387096774193548 0.34285714285714286 1
8.5483870967741939 0.34285714285714286 1
8.7096774193548381 0.34285714285714286 1
8.870967741935484 0.34285714285714286 1
9.0322580645161281 0.34285714285714286 1
9.193548387096774 0.34285714285714286 1
9.3548387096774182 0.34285714285714286 1
9.5161290322580641 0.34285714285714286 1
9.67741935483871 0.34285714285714286 1
9.8387096774193559 0.34285714285714286 1
10 0.34285714285714286 1
0 0.35714285714285715 1
0.16129032258064516 0.35714285714285715 1
0.32258064516129031 0.35714285714285715 1
0.4838709677419355 0.35714285714285715 1
0.64516129032258063 0.35714285714285715 1
0.80645161290322576 0.35714285714285715 1
0.967741935483871 0.35714285714285715 1
1.129032258064516 0.35714285714285715 1
1.2903225806451613 0.35714285714285715 1
1.4516129032258065 0.35714285714285715 1
1.6129032258064515 0.35714285714285715 1
1.774193548387097 0.35714285714285715 1
1.935483870967742 0.35714285714285715 1
2.096774193548387 0.35714285714285715 1
2.258064516129032 0.35714285714285715 1
2.4193548387096775 0.35714285714285715 1
2.5806451612903225 0.35714285714285715 1
2.7419354838709675 0.35714285714285715 1
2.903225806451613 0.35714285714285715 1
3.064516129032258 0.35714285714285715 1
3.225806451612903 0.35714285714285715 1
3.387096774193548 0.35714285714285715 1
3.5483870967741939 0.35714285714285715 1
3.709677419354839 0.35714285714285715 1
3.870967741935484 0.35714285714285715 1
4.032258064516129 0.35714285714285715 1
4.193548387096774 0.35714285714285715 1
4.354838709677419 0.35714285714285715 1
4.5161290322580641 0.35714285714285715 1
4.6774193548387091 0.35714285714285715 1
4.838709677419355 0.35714285714285715 1
5 0.35714285714285715 1
5.161290322580645 0.35714285714285715 1
5.32258064516129 0.35714285714285715 1
5.4838709677419351 0.35714285714285715 1
5.645161290322581 0.35714285714285715 1
5.806451612903226 0.35714285714285715 1
5.967741935483871 0.35714285714285715 1
6.129032258064516 0.35714285714285715 1
6.290322580645161 0.35714285714285715 1
6.4516129032258061 0.35714285714285715 1
6.6129032258064511 0.35714285714285715 1
6.7741935483870961 0.35714285714285715 1
6.935483870967742 0.35714285714285715 1
7.0967741935483879 0.35714285714285715 1
7.258064516129032 0.35714285714285715 1
7.4193548387096779 0.35714285714285715 1
7.5806451612903221 0.35714285714285715 1
7.741935483870968 0.35714285714285715 1
7.9032258064516121 0.35714285714285715 1
8.064516129032258 0.35714285714285715 1
8.2258064516129039 0.35714285714285715 1
8.387096774193548 0.35714285714285715 1
8.5483870967741939 0.35714285714285715 1
8.7096774193548381 0.35714285714285715 1
8.870967741935484 0.35714285714285715 1
9.0322580645161281 0.35714285714285715 1
9.193548387096774 0.35714285714285715 1
9.3548387096774182 0.35714285714285715 1
9.5161290322580641 0.35714285714285715 1
9.67741935483871 0.35714285714285715 1
9.8387096774193559 0.35714285714285715 1
10 0.35714285714285715 1
0 0.37142857142857144 1
0.16129032258064516 0.37142857142857144 1
0.32258064516129031 0.37142857142857144 1
0.4838709677419355 0.37142857142857144 1
0.64516129032258063 0.37142857142857144 1
0.80645161290322576 0.37142857142857144 1
0.967741935483871 0.37142857142857144 1
1.129032258064516 0.37142857142857144 1
1.2903225806451613 0.37142857142857144 1
1.4516129032258065 0.37142857142857144 1
1.6129032258064515 0.37142857142857144 1
1.774193548387097 0.37142857142857144 1
1.935483870967742 0.37142857142857144 1
2.096774193548387 0.37142857142857144 1
2.258064516129032 0.37142857142857144 1
2.4193548387096775 0.37142857142857144 1
2.5806451612903225 0.37142857142857144 1
2.7419354838709675 0.37142857142857144 1
2.903225806451613 0.37142857142857144 1
3.064516129032258 0.37142857142857144 1
3.225806451612903 0.37142857142857144 1
3.387096774193548 0.37142857142857144 1
3.5483870967741939 0.37142857142857144 1
3.709677419354839 0.37142857142857144 1
3.870967741935484 0.37142857142857144 1
4.032258064516129 0.37142857142857144 1
4.193548387096774 0.37142857142857144 1
4.354838709677419 0.37142857142857144 1
4.5161290322580641 0.37142857142857144 1
4.6774193548387091 0.37142857142857144 1
4.838709677419355 0.37142857142857144 1
5 0.37142857142857144 1
5.161290322580645 0.37142857142857144 1
5.32258064516129 0.37142857142857144 1
5.4838709677419351 0.37142857142857144 1
5.645161290322581 0.37142857142857144 1
5.806451612903226 0.37142857142857144 1
5.967741935483871 0.37142857142857144 1
6.129032258064516 0.37142857142857144 1
6.290322580645161 0.37142857142857144 1
6.4516129032258061 0.37142857142857144 1
6.6129032258064511 0.37142857142857144 1
6.7741935483870961 0.37142857142857144 1
6.935483870967742 0.37142857142857144 1
7.0967741935483879 0.37142857142857144 1
7.258064516129032 0.37142857142857144 1
7.4193548387096779 0.37142857142857144 1
7.5806451612903221 0.37142857142857144 1
7.741935483870968 0.37142857142857144 1
7.9032258064516121 0.37142857142857144 1
8.064516129032258 0.37142857142857144 1
8.2258064516129039 0.37142857142857144 1
8.387096774193548 0.37142857142857144 1
8.5483870967741939 0.37142857142857144 1
8.7096774193548381 0.37142857142857144 1
8.870967741935484 0.37142857142857144 1
9.0322580645161281 0.37142857142857144 1
9.193548387096774 0.37142857142857144 1
9.3548387096774182 0.37142857142857144 1
9.5161290322580641 0.37142857142857144 1
9.67741935483871 0.37142857142857144 1
9.8387096774193559 0.37142857142857144 1
10 0.37142857142857144 1
0 0.38571428571428573 1
0.16129032258064516 0.38571428571428573 1
0.32258064516129031 0.38571428571428573 1
0.4838709677419355 0.38571428571428573 1
0.64516129032258063 0.38571428571428573 1
0.80645161290322576 0.38571428571428573 1
0.967741935483871 0.38571428571428573 1
1.129032258064516 0.38571428571428573 1
1.2903225806451613 0.38571428571428573 1
1.4516129032258065 0.38571428571428573 1
1.6129032258064515 0.38571428571428573 1
1.774193548387097 0.38571428571428573 1
1.935483870967742 0.38571428571428573 1
2.096774193548387 0.38571428571428573 1
2.258064516129032 0.38571428571428573 1
2.4193548387096775 0.38571428571428573 1
2.5806451612903225 0.38571428571428573 1
2.7419354838709675 0.38571428571428573 1
2.903225806451613 0.38571428571428573 1
3.064516129032258 0.38571428571428573 1
3.225806451612903 0.38571428571428573 1
3.387096774193548 0.38571428571428573 1
3.5483870967741939 0.38571428571428573 1
3.709677419354839 0.38571428571428573 1
3.870967741935484 0.38571428571428573 1
4.032258064516129 0.38571428571428573 1
4.193548387096774 0.38571428571428573 1
4.354838709677419 0.38571428571428573 1
4.5161290322580641 0.38571428571428573 1
4.6774193548387091 0.38571428571428573 1
4.838709677419355 0.38571428571428573 1
5 0.38571428571428573 1
5.161290322580645 0.38571428571428573 1
5.32258064516129 0.38571428571428573 1
5.4838709677419351 0.38571428571428573 1
5.645161290322581 0.38571428571428573 1
5.806451612903226 0.38571428571428573 1
5.967741935483871 0.38571428571428573 1
6.129032258064516 0.38571428571428573 1
6.290322580645161 0.38571428571428573 1
6.4516129032258061 0.38571428571428573 1
6.6129032258064511 0.38571428571428573 1
6.7741935483870961 0.38571428571428573 1
6.935483870967742 0.38571428571428573 1
7.0967741935483879 0.38571428571428573 1
7.258064516129032 0.38571428571428573 1
7.4193548387096779 0.38571428571428573 1
7.5806451612903221 0.38571428571428573 1
7.741935483870968 0.38571428571428573 1
7.9032258064516121 0.38571428571428573 1
8.064516129032258 0.38571428571428573 1
8.2258064516129039 0.38571428571428573 1
8.387096774193548 0.38571428571428573 1
8.5483870967741939 0.38571428571428573 1
8.7096774193548381 0.38571428571428573 1
8.870967741935484 0.38571428571428573 1
9.0322580645161281 0.38571428571428573 1
9.193548387096774 0.38571428571428573 1
9.3548387096774182 0.38571428571428573 1
9.5161290322580641 0.38571428571428573 1
9.67741935483871 0.38571428571428573 1
9.8387096774193559 0.38571428571428573 1
10 0.38571428571428573 1
0 0.40000000000000002 1
0.16129032258064516 0.40000000000000002 1
0.32258064516129031 0.40000000000000002 1
0.4838709677419355 0.40000000000000002 1
0.64516129032258063 0.40000000000000002 1
0.80645161290322576 0.40000000000000002 1
0.967741935483871 0.40000000000000002 1
1.129032258064516 0.40000000000000002 1
1.2903225806451613 0.40000000000000002 1
1.4516129032258065 0.40000000000000002 1
1.6129032258064515 0.40000000000000002 1
1.774193548387097 0.40000000000000002 1
1.935483870967742 0.40000000000000002 1
2.096774193548387 0.40000000000000002 1
2.258064516129032 0.40000000000000002 1
2.4193548387096775 0.40000000000000002 1
2.5806451612903225 0.40000000000000002 1
2.7419354838709675 0.40000000000000002 1
2.903225806451613 0.40000000000000002 1
3.064516129032258 0.40000000000000002 1
3.225806451612903 0.40000000000000002 1
3.387096774193548 0.40000000000000002 1
3.5483870967741939 0.40000000000000002 1
3.709677419354839 0.40000000000000002 1
3.870967741935484 0.40000000000000002 1
4.032258064516129 0.40000000000000002 1
4.193548387096774 0.40000000000000002 1
4.354838709677419 0.40000000000000002 1
4.5161290322580641 0.40000000000000002 1
4.6774193548387091 0.40000000000000002 1
4.838709677419355 0.40000000000000002 1
5 0.40000000000000002 1
5.161290322580645 0.40000000000000002 1
5.32258064516129 0.40000000000000002 1
5.4838709677419351 0.40000000000000002 1
5.645161290322581 0.40000000000000002 1
5.806451612903226 0.40000000000000002 1
5.967741935483871 0.40000000000000002 1
6.129032258064516 0.40000000000000002 1
6.290322580645161 0.40000000000000002 1
6.4516129032258061 0.40000000000000002 1
6.6129032258064511 0.40000000000000002 1
6.7741935483870961 0.40000000000000002 1
6.935483870967742 0.40000000000000002 1
7.0967741935483879 0.40000000000000002 1
7.258064516129032 0.40000000000000002 1
7.4193548387096779 0.40000000000000002 1
7.5806451612903221 0.40000000000000002 1
7.741935483870968 0.40000000000000002 1
7.9032258064516121 0.40000000000000002 1
8.064516129032258 0.40000000000000002 1
8.2258064516129039 0.40000000000000002 1
8.387096774193548 0.40000000000000002 1
8.5483870967741939 0.40000000000000002 1
8.7096774193548381 0.40000000000000002 1
8.870967741935484 0.40000000000000002 1
9.0322580645161281 0.40000000000000002 1
9.193548387096774 0.40000000000000002 1
9.3548387096774182 0.40000000000000002 1
9.5161290322580641 0.40000000000000002 1
9.67741935483871 0.40000000000000002 1
9.8387096774193559 0.40000000000000002 1
10 0.40000000000000002 1
0 0.41428571428571431 1
0.16129032258064516 0.41428571428571431 1
0.32258064516129031 0.41428571428571431 1
0.4838709677419355 0.41428571428571431 1
0.64516129032258063 0.41428571428571431 1
0.80645161290322576 0.41428571428571431 1
0.967741935483871 0.41428571428571431 1
1.129032258064516 0.41428571428571431 1
1.2903225806451613 0.41428571428571431 1
1.4516129032258065 0.41428571428571431 1
1.6129032258064515 0.41428571428571431 1
1.774193548387097 0.41428571428571431 1
1.935483870967742 0.41428571428571431 1
2.096774193548387 0.41428571428571431 1
2.258064516129032 0.41428571428571431 1
2.4193548387096775 0.41428571428571431 1
2.5806451612903225 0.41428571428571431 1
2.7419354838709675 0.41428571428571431 1
2.903225806451613 0.41428571428571431 1
3.064516129032258 0.41428571428571431 1
3.225806451612903 0.41428571428571431 1
3.387096774193548 0.41428571428571431 1
3.5483870967741939 0.41428571428571431 1
3.709677419354839 0.41428571428571431 1
3.870967741935484 0.41428571428571431 1
4.032258064516129 0.41428571428571431 1
4.193548387096774 0.41428571428571431 1
4.354838709677419 0.41428571428571431 1
4.5161290322580641 0.41428571428571431 1
4.6774193548387091 0.41428571428571431 1
4.838709677419355 0.41428571428571431 1
5 0.41428571428571431 1
5.161290322580645 0.41428571428571431 1
5.32258064516129 0.41428571428571431 1
5.4838709677419351 0.41428571428571431 1
5.645161290322581 0.41428571428571431 1
5.806451612903226 0.41428571428571431 1
5.967741935483871 0.41428571428571431 1
6.129032258064516 0.41428571428571431 1
6.290322580645161 0.41428571428571431 1
6.4516129032258061 0.41428571428571431 1
6.6129032258064511 0.41428571428571431 1
6.7741935483870961 0.41428571428571431 1
6.935483870967742 0.41428571428571431 1
7.0967741935483879 0.41428571428571431 1
7.258064516129032 0.41428571428571431 1
7.4193548387096779 0.41428571428571431 1
7.5806451612903221 0.41428571428571431 1
7.741935483870968 0.41428571428571431 1
7.9032258064516121 0.41428571428571431 1
8.064516129032258 0.41428571428571431 1
8.2258064516129039 0.41428571428571431 1
8.387096774193548 0.41428571428571431 1
8.5483870967741939 0.41428571428571431 1
8.7096774193548381 0.41428571428571431 1
8.870967741935484 0.41428571428571431 1
9.0322580645161281 0.41428571428571431 1
9.193548387096774 0.41428571428571431 1
9.3548387096774182 0.41428571428571431 1
9.5161290322580641 0.41428571428571431 1
9.67741935483871 0.41428571428571431 1
9.8387096774193559 0.41428571428571431 1
10 0.41428571428571431 1
0 0.42857142857142855 1
0.16129032258064516 0.42857142857142855 1
0.32258064516129031 0.42857142857142855 1
0.4838709677419355 0.42857142857142855 1
0.64516129032258063 0.42857142857142855 1
0.80645161290322576 0.42857142857142855 1
0.967741935483871 0.42857142857142855 1
1.129032258064516 0.42857142857142855 1
1.2903225806451613 0.42857142857142855 1
1.4516129032258065 0.42857142857142855 1
1.6129032258064515 0.42857142857142855 1
1.774193548387097 0.42857142857142855 1
1.935483870967742 0.42857142857142855 1
2.096774193548387 0.42857142857142855 1
2.258064516129032 0.42857142857142855 1
2.4193548387096775 0.42857142857142855 1
2.5806451612903225 0.42857142857142855 1
2.7419354838709675 0.42857142857142855 1
2.903225806451613 0.42857142857142855 1
3.064516129032258 0.42857142857142855 1
3.225806451612903 0.42857142857142855 1
3.387096774193548 0.42857142857142855 1
3.5483870967741939 0.42857142857142855 1
3.709677419354839 0.42857142857142855 1
3.870967741935484 0.42857142857142855 1
4.032258064516129 0.42857142857142855 1
4.193548387096774 0.42857142857142855 1
4.354838709677419 0.42857142857142855 1
4.5161290322580641 0.42857142857142855 1
4.6774193548387091 0.42857142857142855 1
4.838709677419355 0.42857142857142855 1
5 0.42857142857142855 1
5.161290322580645 0.42857142857142855 1
5.32258064516129 0.42857142857142855 1
5.4838709677419351 0.42857142857142855 1
5.645161290322581 0.42857142857142855 1
5.806451612903226 0.42857142857142855 1
5.967741935483871 0.42857142857142855 1
6.129032258064516 0.42857142857142855 1
6.290322580645161 0.42857142857142855 1
6.4516129032258061 0.42857142857142855 1
6.6129032258064511 0.42857142857142855 1
6.7741935483870961 0.42857142857142855 1
6.935483870967742 0.42857142857142855 1
7.0967741935483879 0.42857142857142855 1
7.258064516129032 0.42857142857142855 1
7.4193548387096779 0.42857142857142855 1
7.5806451612903221 0.42857142857142855 1
7.741935483870968 0.42857142857142855 1
7.9032258064516121 0.42857142857142855 1
8.064516129032258 0.42857142857142855 1
8.2258064516129039 0.42857142857142855 1
8.387096774193548 0.42857142857142855 1
8.5483870967741939 0.42857142857142855 1
8.7096774193548381 0.42857142857142855 1
8.870967741935484 0.42857142857142855 1
9.0322580645161281 0.42857142857142855 1
9.193548387096774 0.42857142857142855 1
9.3548387096774182 0.42857142857142855 1
9.5161290322580641 0.42857142857142855 1
9.67741935483871 0.42857142857142855 1
9.8387096774193559 0.42857142857142855 1
10 0.42857142857142855 1
0 0.44285714285714284 1
0.16129032258064516 0.44285714285714284 1
0.32258064516129031 0.44285714285714284 1
0.4838709677419355 0.44285714285714284 1
0.64516129032258063 0.44285714285714284 1
0.80645161290322576 0.44285714285714284 1
0.967741935483871 0.44285714285714284 1
1.129032258064516 0.44285714285714284 1
1.2903225806451613 0.44285714285714284 1
1.4516129032258065 0.44285714285714284 1
1.6129032258064515 0.44285714285714284 1
1.774193548387097 0.44285714285714284 1
1.935483870967742 0.44285714285714284 1
2.096774193548387 0.44285714285714284 1
2.258064516129032 0.44285714285714284 1
2.4193548387096775 0.44285714285714284 1
2.5806451612903225 0.44285714285714284 1
2.7419354838709675 0.44285714285714284 1
2.903225806451613 0.44285714285714284 1
3.064516129032258 0.44285714285714284 1
3.225806451612903 0.44285714285714284 1
3.387096774193548 0.44285714285714284 1
3.5483870967741939 0.44285714285714284 1
3.709677419354839 0.44285714285714284 1
3.870967741935484 0.44285714285714284 1
4.032258064516129 0.44285714285714284 1
4.193548387096774 0.44285714285714284 1
4.354838709677419 0.44285714285714284 1
4.5161290322580641 0.44285714285714284 1
4.6774193548387091 0.44285714285714284 1
4.838709677419355 0.44285714285714284 1
5 0.44285714285714284 1
5.161290322580645 0.44285714285714284 1
5.32258064516129 0.44285714285714284 1
5.4838709677419351 0.44285714285714284 1
5.645161290322581 0.44285714285714284 1
5.806451612903226 0.44285714285714284 1
5.967741935483871 0.44285714285714284 1
6.129032258064516 0.44285714285714284 1
6.290322580645161 0.44285714285714284 1
6.4516129032258061 0.44285714285714284 1
6.6129032258064511 0.44285714285714284 1
6.7741935483870961 0.44285714285714284 1
6.935483870967742 0.44285714285714284 1
7.0967741935483879 0.44285714285714284 1
7.258064516129032 0.44285714285714284 1
7.4193548387096779 0.44285714285714284 1
7.5806451612903221 0.44285714285714284 1
7.741935483870968 0.44285714285714284 1
7.9032258064516121 0.44285714285714284 1
8.064516129032258 0.44285714285714284 1
8.2258064516129039 0.44285714285714284 1
8.387096774193548 0.44285714285714284 1
8.5483870967741939 0.44285714285714284 1
8.7096774193548381 0.44285714285714284 1
8.870967741935484 0.44285714285714284 1
9.0322580645161281 0.44285714285714284 1
9.193548387096774 0.44285714285714284 1
9.3548387096774182 0.44285714285714284 1
9.5161290322580641 0.44285714285714284 1
9.67741935483871 0.44285714285714284 1
9.8387096774193559 0.44285714285714284 1
10 0.44285714285714284 1
0 0.45714285714285713 1
0.16129032258064516 0.45714285714285713 1
0.32258064516129031 0.45714285714285713 1
0.4838709677419355 0.45714285714285713 1
0.64516129032258063 0.45714285714285713 1
0.80645161290322576 0.45714285714285713 1
0.967741935483871 0.45714285714285713 1
1.129032258064516 0.45714285714285713 1
1.2903225806451613 0.45714285714285713 1
1.4516129032258065 0.45714285714285713 1
1.6129032258064515 0.45714285714285713 1
1.774193548387097 0.45714285714285713 1
1.935483870967742 0.45714285714285713 1
2.096774193548387 0.45714285714285713 1
2.258064516129032 0.45714285714285713 1
2.4193548387096775 0.45714285714285713 1
2.5806451612903225 0.45714285714285713 1
2.7419354838709675 0.45714285714285713 1
2.903225806451613 0.45714285714285713 1
3.064516129032258 0.45714285714285713 1
3.225806451612903 0.45714285714285713 1
3.387096774193548 0.45714285714285713 1
3.5483870967741939 0.45714285714285713 1
3.709677419354839 0.45714285714285713 1
3.870967741935484 0.45714285714285713 1
4.032258064516129 0.45714285714285713 1
4.193548387096774 0.45714285714285713 1
4.354838709677419 0.45714285714285713 1
4.5161290322580641 0.45714285714285713 1
4.6774193548387091 0.45714285714285713 1
4.838709677419355 0.45714285714285713 1
5 0.45714285714285713 1
5.161290322580645 0.45714285714285713 1
5.32258064516129 0.45714285714285713 1
5.4838709677419351 0.45714285714285713 1
5.645161290322581 0.45714285714285713 1
5.806451612903226 0.45714285714285713 1
5.967741935483871 0.45714285714285713 1
6.129032258064516 0.45714285714285713 1
6.290322580645161 0.45714285714285713 1
6.4516129032258061 0.45714285714285713 1
6.6129032258064511 0.45714285714285713 1
6.7741935483870961 0.45714285714285713 1
6.935483870967742 0.45714285714285713 1
7.0967741935483879 0.45714285714285713 1
7.258064516129032 0.45714285714285713 1
7.4193548387096779 0.45714285714285713 1
7.5806451612903221 0.45714285714285713 1
7.741935483870968 0.45714285714285713 1
7.9032258064516121 0.45714285714285713 1
8.064516129032258 0.45714285714285713 1
8.2258064516129039 0.45714285714285713 1
8.387096774193548 0.45714285714285713 1
8.5483870967741939 0.45714285714285713 1
8.7096774193548381 0.45714285714285713 1
8.870967741935484 0.45714285714285713 1
9.0322580645161281 0.45714285714285713 1
9.193548387096774 0.45714285714285713 1
9.3548387096774182 0.45714285714285713 1
9.5161290322580641 0.45714285714285713 1
9.67741935483871 0.45714285714285713 1
9.8387096774193559 0.45714285714285713 1
10 0.45714285714285713 1
0 0.47142857142857142 1
0.16129032258064516 0.47142857142857142 1
0.32258064516129031 0.47142857142857142 1
0.4838709677419355 0.47142857142857142 1
0.64516129032258063 0.47142857142857142 1
0.80645161290322576 0.47142857142857142 1
0.967741935483871 0.47142857142857142 1
1.129032258064516 0.47142857142857142 1
1.2903225806451613 0.47142857142857142 1
1.4516129032258065 0.47142857142857142 1
1.6129032258064515 0.47142857142857142 1
1.774193548387097 0.47142857142857142 1
1.935483870967742 0.47142857142857142 1
2.096774193548387 0.47142857142857142 1
2.258064516129032 0.47142857142857142 1
2.4193548387096775 0.47142857142857142 1
2.5806451612903225 0.47142857142857142 1
2.7419354838709675 0.47142857142857142 1
2.903225806451613 0.47142857142857142 1
3.064516129032258 0.47142857142857142 1
3.225806451612903 0.47142857142857142 1
3.387096774193548 0.47142857142857142 1
3.5483870967741939 0.47142857142857142 1
3.709677419354839 0.47142857142857142 1
3.870967741935484 0.47142857142857142 1
4.032258064516129 0.47142857142857142 1
4.193548387096774 0.47142857142857142 1
4.354838709677419 0.47142857142857142 1
4.5161290322580641 0.47142857142857142 1
4.6774193548387091 0.47142857142857142 1
4.838709677419355 0.47142857142857142 1
5 0.47142857142857142 1
5.161290322580645 0.47142857142857142 1
5.32258064516129 0.47142857142857142 1
5.4838709677419351 0.47142857142857142 1
5.645161290322581 0.47142857142857142 1
5.806451612903226 0.47142857142857142 1
5.967741935483871 0.47142857142857142 1
6.129032258064516 0.47142857142857142 1
6.290322580645161 0.47142857142857142 1
6.4516129032258061 0.47142857142857142 1
6.6129032258064511 0.47142857142857142 1
6.7741935483870961 0.47142857142857142 1
6.935483870967742 0.47142857142857142 1
7.0967741935483879 0.47142857142857142 1
7.258064516129032 0.47142857142857142 1
7.4193548387096779 0.47142857142857142 1
7.5806451612903221 0.47142857142857142 1
7.741935483870968 0.47142857142857142 1
7.9032258064516121 0.47142857142857142 1
8.064516129032258 0.47142857142857142 1
8.2258064516129039 0.47142857142857142 1
8.387096774193548 0.47142857142857142 1
8.5483870967741939 0.47142857142857142 1
8.7096774193548381 0.47142857142857142 1
8.870967741935484 0.47142857142857142 1
9.0322580645161281 0.47142857142857142 1
9.193548387096774 0.47142857142857142 1
9.3548387096774182 0.47142857142857142 1
9.5161290322580641 0.47142857142857142 1
9.67741935483871 0.47142857142857142 1
9.8387096774193559 0.47142857142857142 1
10 0.47142857142857142 1
0 0.48571428571428571 1
0.16129032258064516 0.48571428571428571 1
0.32258064516129031 0.48571428571428571 1
0.4838709677419355 0.48571428571428571 1
0.64516129032258063 0.48571428571428571 1
0.80645161290322576 0.48571428571428571 1
0.967741935483871 0.48571428571428571 1
1.129032258064516 0.48571428571428571 1
1.2903225806451613 0.48571428571428571 1
1.4516129032258065 0.48571428571428571 1
1.6129032258064515 0.48571428571428571 1
1.774193548387097 0.48571428571428571 1
1.935483870967742 0.48571428571428571 1
2.096774193548387 0.48571428571428571 1
2.258064516129032 0.48571428571428571 1
2.4193548387096775 0.48571428571428571 1
2.5806451612903225 0.48571428571428571 1
2.7419354838709675 0.48571428571428571 1
2.903225806451613 0.48571428571428571 1
3.064516129032258 0.48571428571428571 1
3.225806451612903 0.48571428571428571 1
3.387096774193548 0.48571428571428571 1
3.5483870967741939 0.48571428571428571 1
3.709677419354839 0.48571428571428571 1
3.870967741935484 0.48571428571428571 1
4.032258064516129 0.48571428571428571 1
4.193548387096774 0.48571428571428571 1
4.354838709677419 0.48571428571428571 1
4.5161290322580641 0.48571428571428571 1
4.6774193548387091 0.48571428571428571 1
4.838709677419355 0.48571428571428571 1
5 0.48571428571428571 1
5.161290322580645 0.48571428571428571 1
5.32258064516129 0.48571428571428571 1
5.4838709677419351 0.48571428571428571 1
5.645161290322581 0.48571428571428571 1
5.806451612903226 0.48571428571428571 1
5.967741935483871 0.48571428571428571 1
6.129032258064516 0.48571428571428571 1
6.290322580645161 0.48571428571428571 1
6.4516129032258061 0.48571428571428571 1
6.6129032258064511 0.48571428571428571 1
6.7741935483870961 0.48571428571428571 1
6.935483870967742 0.48571428571428571 1
7.0967741935483879 0.48571428571428571 1
7.258064516129032 0.48571428571428571 1
7.4193548387096779 0.48571428571428571 1
7.5806451612903221 0.48571428571428571 1
7.741935483870968 0.48571428571428571 1
7.9032258064516121 0.48571428571428571 1
8.064516129032258 0.48571428571428571 1
8.2258064516129039 0.48571428571428571 1
8.387096774193548 0.48571428571428571 1
8.5483870967741939 0.48571428571428571 1
8.7096774193548381 0.48571428571428571 1
8.870967741935484 0.48571428571428571 1
9.0322580645161281 0.48571428571428571 1
9.193548387096774 0.48571428571428571 1
9.3548387096774182 0.48571428571428571 1
9.5161290322580641 0.48571428571428571 1
9.67741935483871 0.48571428571428571 1
9.8387096774193559 0.48571428571428571 1
10 0.48571428571428571 1
0 0.5 1
0.16129032258064516 0.5 1
0.32258064516129031 0.5 1
0.4838709677419355 0.5 1
0.64516129032258063 0.5 1
0.80645161290322576 0.5 1
0.967741935483871 0.5 1
1.129032258064516 0.5 1
1.2903225806451613 0.5 1
1.4516129032258065 0.5 1
1.6129032258064515 0.5 1
1.774193548387097 0.5 1
1.935483870967742 0.5 1
2.096774193548387 0.5 1
2.258064516129032 0.5 1
2.4193548387096775 0.5 1
2.5806451612903225 0.5 1
2.7419354838709675 0.5 1
2.903225806451613 0.5 1
3.064516129032258 0.5 1
3.225806451612903 0.5 1
3.387096774193548 0.5 1
3.5483870967741939 0.5 1
3.709677419354839 0.5 1
3.870967741935484 0.5 1
4.032258064516129 0.5 1
4.193548387096774 0.5 1
4.354838709677419 0.5 1
4.5161290322580641 0.5 1
4.6774193548387091 0.5 1
4.838709677419355 0.5 1
5 0.5 1
5.161290322580645 0.5 1
5.32258064516129 0.5 1
5.4838709677419351 0.5 1
5.645161290322581 0.5 1
5.806451612903226 0.5 1
5.967741935483871 0.5 1
6.129032258064516 0.5 1
6.290322580645161 0.5 1
6.4516129032258061 0.5 1
6.6129032258064511 0.5 1
6.7741935483870961 0.5 1
6.935483870967742 0.5 1
7.0967741935483879 0.5 1
7.258064516129032 0.5 1
7.4193548387096779 0.5 1
7.5806451612903221 0.5 1
7.741935483870968 0.5 1
7.9032258064516121 0.5 1
8.064516129032258 0.5 1
8.2258064516129039 0.5 1
8.387096774193548 0.5 1
8.5483870967741939 0.5 1
8.7096774193548381 0.5 1
8.870967741935484 0.5 1
9.0322580645161281 0.5 1
9.193548387096774 0.5 1
9.3548387096774182 0.5 1
9.5161290322580641 0.5 1
9.67741935483871 0.5 1
9.8387096774193559 0.5 1
10 0.5 1
0 0.51428571428571423 1
0.16129032258064516 0.51428571428571423 1
0.32258064516129031 0.51428571428571423 1
0.4838709677419355 0.51428571428571423 1
0.64516129032258063 0.51428571428571423 1
0.80645161290322576 0.51428571428571423 1
0.967741935483871 0.51428571428571423 1
1.129032258064516 0.51428571428571423 1
1.2903225806451613 0.51428571428571423 1
1.4516129032258065 0.51428571428571423 1
1.6129032258064515 0.51428571428571423 1
1.774193548387097 0.51428571428571423 1
1.935483870967742 0.51428571428571423 1
2.096774193548387 0.51428571428571423 1
2.258064516129032 0.51428571428571423 1
2.4193548387096775 0.51428571428571423 1
2.5806451612903225 0.51428571428571423 1
2.7419354838709675 0.51428571428571423 1
2.903225806451613 0.51428571428571423 1
3.064516129032258 0.51428571428571423 1
3.225806451612903 0.51428571428571423 1
3.387096774193548 0.51428571428571423 1
3.5483870967741939 0.51428571428571423 1
3.709677419354839 0.51428571428571423 1
3.870967741935484 0.51428571428571423 1
4.032258064516129 0.51428571428571423 1
4.193548387096774 0.51428571428571423 1
4.354838709677419 0.51428571428571423 1
4.5161290322580641 0.51428571428571423 1
4.6774193548387091 0.51428571428571423 1
4.838709677419355 0.51428571428571423 1
5 0.51428571428571423 1
5.161290322580645 0.51428571428571423 1
5.32258064516129 0.51428571428571423 1
5.4838709677419351 0.51428571428571423 1
5.645161290322581 0.51428571428571423 1
5.806451612903226 0.51428571428571423 1
5.967741935483871 0.51428571428571423 1
6.129032258064516 0.51428571428571423 1
6.290322580645161 0.51428571428571423 1
6.4516129032258061 0.51428571428571423 1
6.6129032258064511 0.51428571428571423 1
6.7741935483870961 0.51428571428571423 1
6.935483870967742 0.51428571428571423 1
7.0967741935483879 0.51428571428571423 1
7.258064516129032 0.51428571428571423 1
7.4193548387096779 0.51428571428571423 1
7.5806451612903221 0.51428571428571423 1
7.741935483870968 0.51428571428571423 1
7.9032258064516121 0.51428571428571423 1
8.064516129032258 0.51428571428571423 1
8.2258064516129039 0.51428571428571423 1
8.387096774193548 0.51428571428571423 1
8.5483870967741939 0.51428571428571423 1
8.7096774193548381 0.51428571428571423 1
8.870967741935484 0.51428571428571423 1
9.0322580645161281 0.51428571428571423 1
9.193548387096774 0.51428571428571423 1
9.3548387096774182 0.51428571428571423 1
9.5161290322580641 0.51428571428571423 1
9.67741935483871 0.51428571428571423 1
9.8387096774193559 0.51428571428571423 1
10 0.51428571428571423 1
0 0.52857142857142858 1
0.16129032258064516 0.52857142857142858 1
0.32258064516129031 0.52857142857142858 1
0.4838709677419355 0.52857142857142858 1
0.64516129032258063 0.52857142857142858 1
0.80645161290322576 0.52857142857142858 1
0.967741935483871 0.52857142857142858 1
1.129032258064516 0.52857142857142858 1
1.2903225806451613 0.52857142857142858 1
1.4516129032258065 0.52857142857142858 1
1.6129032258064515 0.52857142857142858 1
1.774193548387097 0.52857142857142858 1
1.935483870967742 0.52857142857142858 1
2.096774193548387 0.52857142857142858 1
2.258064516129032 0.52857142857142858 1
2.4193548387096775 0.52857142857142858 1
2.5806451612903225 0.52857142857142858 1
2.7419354838709675 0.52857142857142858 1
2.903225806451613 0.52857142857142858 1
3.064516129032258 0.52857142857142858 1
3.225806451612903 0.52857142857142858 1
3.387096774193548 0.52857142857142858 1
3.5483870967741939 0.52857142857142858 1
3.709677419354839 0.52857142857142858 1
3.870967741935484 0.52857142857142858 1
4.032258064516129 0.52857142857142858 1
4.193548387096774 0.52857142857142858 1
4.354838709677419 0.52857142857142858 1
4.5161290322580641 0.52857142857142858 1
4.6774193548387091 0.52857142857142858 1
4.838709677419355 0.52857142857142858 1
5 0.52857142857142858 1
5.161290322580645 0.52857142857142858 1
5.32258064516129 0.52857142857142858 1
5.4838709677419351 0.52857142857142858 1
5.645161290322581 0.52857142857142858 1
5.806451612903226 0.52857142857142858 1
5.967741935483871 0.52857142857142858 1
6.129032258064516 0.52857142857142858 1
6.290322580645161 0.52857142857142858 1
6.4516129032258061 0.52857142857142858 1
6.6129032258064511 0.52857142857142858 1
6.7741935483870961 0.52857142857142858 1
6.935483870967742 0.52857142857142858 1
7.0967741935483879 0.52857142857142858 1
7.258064516129032 0.52857142857142858 1
7.4193548387096779 0.52857142857142858 1
7.5806451612903221 0.52857142857142858 1
7.741935483870968 0.52857142857142858 1
7.9032258064516121 0.52857142857142858 1
8.064516129032258 0.52857142857142858 1
8.2258064516129039 0.52857142857142858 1
8.387096774193548 0.52857142857142858 1
8.5483870967741939 0.52857142857142858 1
8.7096774193548381 0.52857142857142858 1
8.870967741935484 0.52857142857142858 1
9.0322580645161281 0.52857142857142858 1
9.193548387096774 0.52857142857142858 1
9.3548387096774182 0.52857142857142858 1
9.5161290322580641 0.52857142857142858 1
9.67741935483871 0.52857142857142858 1
9.8387096774193559 0.52857142857142858 1
10 0.52857142857142858 1
0 0.54285714285714282 1
0.16129032258064516 0.54285714285714282 1
0.32258064516129031 0.54285714285714282 1
0.4838709677419355 0.54285714285714282 1
0.64516129032258063 0.54285714285714282 1
0.80645161290322576 0.54285714285714282 1
0.967741935483871 0.54285714285714282 1
1.129032258064516 0.54285714285714282 1
1.2903225806451613 0.54285714285714282 1
1.4516129032258065 0.54285714285714282 1
1.6129032258064515 0.54285714285714282 1
1.774193548387097 0.54285714285714282 1
1.935483870967742 0.54285714285714282 1
2.096774193548387 0.54285714285714282 1
2.258064516129032 0.54285714285714282 1
2.4193548387096775 0.54285714285714282 1
2.5806451612903225 0.54285714285714282 1
2.7419354838709675 0.54285714285714282 1
2.903225806451613 0.54285714285714282 1
3.064516129032258 0.54285714285714282 1
3.225806451612903 0.54285714285714282 1
3.387096774193548 0.54285714285714282 1
3.5483870967741939 0.54285714285714282 1
3.709677419354839 0.54285714285714282 1
3.870967741935484 0.54285714285714282 1
4.032258064516129 0.54285714285714282 1
4.193548387096774 0.54285714285714282 1
4.354838709677419 0.54285714285714282 1
4.5161290322580641 0.54285714285714282 1
4.6774193548387091 0.54285714285714282 1
4.838709677419355 0.54285714285714282 1
5 0.54285714285714282 1
5.161290322580645 0.54285714285714282 1
5.32258064516129 0.54285714285714282 1
5.4838709677419351 0.54285714285714282 1
5.645161290322581 0.54285714285714282 1
5.806451612903226 0.54285714285714282 1
5.967741935483871 0.54285714285714282 1
6.129032258064516 0.54285714285714282 1
6.290322580645161 0.54285714285714282 1
6.4516129032258061 0.54285714285714282 1
6.6129032258064511 0.54285714285714282 1
6.7741935483870961 0.54285714285714282 1
6.935483870967742 0.54285714285714282 1
7.0967741935483879 0.54285714285714282 1
7.258064516129032 0.54285714285714282 1
7.4193548387096779 0.54285714285714282 1
7.5806451612903221 0.54285714285714282 1
7.741935483870968 0.54285714285714282 1
7.9032258064516121 0.54285714285714282 1
8.064516129032258 0.54285714285714282 1
8.2258064516129039 0.54285714285714282 1
8.387096774193548 0.54285714285714282 1
8.5483870967741939 0.54285714285714282 1
8.7096774193548381 0.54285714285714282 1
8.870967741935484 0.54285714285714282 1
9.0322580645161281 0.54285714285714282 1
9.193548387096774 0.54285714285714282 1
9.3548387096774182 0.54285714285714282 1
9.5161290322580641 0.54285714285714282 1
9.67741935483871 0.54285714285714282 1
9.8387096774193559 0.54285714285714282 1
10 0.54285714285714282 1
0 0.55714285714285716 1
0.16129032258064516 0.55714285714285716 1
0.32258064516129031 0.55714285714285716 1
0.4838709677419355 0.55714285714285716 1
0.64516129032258063 0.55714285714285716 1
0.80645161290322576 0.55714285714285716 1
0.967741935483871 0.55714285714285716 1
1.129032258064516 0.55714285714285716 1
1.2903225806451613 0.55714285714285716 1
1.4516129032258065 0.55714285714285716 1
1.6129032258064515 0.55714285714285716 1
1.774193548387097 0.55714285714285716 1
1.935483870967742 0.55714285714285716 1
2.096774193548387 0.55714285714285716 1
2.258064516129032 0.55714285714285716 1
2.4193548387096775 0.55714285714285716 1
2.5806451612903225 0.55714285714285716 1
2.7419354838709675 0.55714285714285716 1
2.903225806451613 0.55714285714285716 1
3.064516129032258 0.55714285714285716 1
3.225806451612903 0.55714285714285716 1
3.387096774193548 0.55714285714285716 1
3.5483870967741939 0.55714285714285716 1
3.709677419354839 0.55714285714285716 1
3.870967741935484 0.55714285714285716 1
4.032258064516129 0.55714285714285716 1
4.193548387096774 0.55714285714285716 1
4.354838709677419 0.55714285714285716 1
4.5161290322580641 0.55714285714285716 1
4.6774193548387091 0.55714285714285716 1
4.838709677419355 0.55714285714285716 1
5 0.55714285714285716 1
5.161290322580645 0.55714285714285716 1
5.32258064516129 0.55714285714285716 1
5.4838709677419351 0.55714285714285716 1
5.645161290322581 0.55714285714285716 1
5.806451612903226 0.55714285714285716 1
5.967741935483871 0.55714285714285716 1
6.129032258064516 0.55714285714285716 1
6.290322580645161 0.55714285714285716 1
6.4516129032258061 0.55714285714285716 1
6.6129032258064511 0.55714285714285716 1
6.7741935483870961 0.55714285714285716 1
6.935483870967742 0.55714285714285716 1
7.0967741935483879 0.55714285714285716 1
7.258064516129032 0.55714285714285716 1
7.4193548387096779 0.55714285714285716 1
7.5806451612903221 0.55714285714285716 1
7.741935483870968 0.55714285714285716 1
7.9032258064516121 0.55714285714285716 1
8.064516129032258 0.55714285714285716 1
8.2258064516129039 0.55714285714285716 1
8.387096774193548 0.55714285714285716 1
8.5483870967741939 0.55714285714285716 1
8.7096774193548381 0.55714285714285716 1
8.870967741935484 0.55714285714285716 1
9.0322580645161281 0.55714285714285716 1
9.193548387096774 0.55714285714285716 1
9.3548387096774182 0.55714285714285716 1
9.5161290322580641 0.55714285714285716 1
9.67741935483871 0.55714285714285716 1
9.8387096774193559 0.55714285714285716 1
10 0.55714285714285716 1
0 0.5714285714285714 1
0.16129032258064516 0.5714285714285714 1
0.32258064516129031 0.5714285714285714 1
0.4838709677419355 0.5714285714285714 1
0.64516129032258063 0.5714285714285714 1
0.80645161290322576 0.5714285714285714 1
0.967741935483871 0.5714285714285714 1
1.129032258064516 0.5714285714285714 1
1.2903225806451613 0.5714285714285714 1
1.4516129032258065 0.5714285714285714 1
1.6129032258064515 0.5714285714285714 1
1.774193548387097 0.5714285714285714 1
1.935483870967742 0.5714285714285714 1
2.096774193548387 0.5714285714285714 1
2.258064516129032 0.5714285714285714 1
2.4193548387096775 0.5714285714285714 1
2.5806451612903225 0.5714285714285714 1
2.7419354838709675 0.5714285714285714 1
2.903225806451613 0.5714285714285714 1
3.064516129032258 0.5714285714285714 1
3.225806451612903 0.5714285714285714 1
3.387096774193548 0.5714285714285714 1
3.5483870967741939 0.5714285714285714 1
3.709677419354839 0.5714285714285714 1
3.870967741935484 0.5714285714285714 1
4.032258064516129 0.5714285714285714 1
4.193548387096774 0.5714285714285714 1
4.354838709677419 0.5714285714285714 1
4.5161290322580641 0.5714285714285714 1
4.6774193548387091 0.5714285714285714 1
4.838709677419355 0.5714285714285714 1
5 0.5714285714285714 1
5.161290322580645 0.5714285714285714 1
5.32258064516129 0.5714285714285714 1
5.4838709677419351 0.5714285714285714 1
5.645161290322581 0.5714285714285714 1
5.806451612903226 0.5714285714285714 1
5.967741935483871 0.5714285714285714 1
6.129032258064516 0.5714285714285714 1
6.290322580645161 0.5714285714285714 1
6.4516129032258061 0.5714285714285714 1
6.6129032258064511 0.5714285714285714 1
6.7741935483870961 0.5714285714285714 1
6.935483870967742 0.5714285714285714 1
7.0967741935483879 0.5714285714285714 1
7.258064516129032 0.5714285714285714 1
7.4193548387096779 0.5714285714285714 1
7.5806451612903221 0.5714285714285714 1
7.741935483870968 0.5714285714285714 1
7.9032258064516121 0.5714285714285714 1
8.064516129032258 0.5714285714285714 1
8.2258064516129039 0.5714285714285714 1
8.387096774193548 0.5714285714285714 1
8.5483870967741939 0.5714285714285714 1
8.7096774193548381 0.5714285714285714 1
8.870967741935484 0.5714285714285714 1
9.0322580645161281 0.5714285714285714 1
9.193548387096774 0.5714285714285714 1
9.3548387096774182 0.5714285714285714 1
9.5161290322580641 0.5714285714285714 1
9.67741935483871 0.5714285714285714 1
9.8387096774193559 0.5714285714285714 1
10 0.5714285714285714 1
0 0.58571428571428574 1
0.16129032258064516 0.58571428571428574 1
0.32258064516129031 0.58571428571428574 1
0.4838709677419355 0.58571428571428574 1
0.64516129032258063 0.58571428571428574 1
0.80645161290322576 0.58571428571428574 1
0.967741935483871 0.58571428571428574 1
1.129032258064516 0.58571428571428574 1
1.2903225806451613 0.58571428571428574 1
1.4516129032258065 0.58571428571428574 1
1.6129032258064515 0.58571428571428574 1
1.774193548387097 0.58571428571428574 1
1.935483870967742 0.58571428571428574 1
2.096774193548387 0.58571428571428574 1
2.258064516129032 0.58571428571428574 1
2.4193548387096775 0.58571428571428574 1
2.5806451612903225 0.58571428571428574 1
2.7419354838709675 0.58571428571428574 1
2.903225806451613 0.58571428571428574 1
3.064516129032258 0.58571428571428574 1
3.225806451612903 0.58571428571428574 1
3.387096774193548 0.58571428571428574 1
3.5483870967741939 0.58571428571428574 1
3.709677419354839 0.58571428571428574 1
3.870967741935484 0.58571428571428574 1
4.032258064516129 0.58571428571428574 1
4.193548387096774 0.58571428571428574 1
4.354838709677419 0.58571428571428574 1
4.5161290322580641 0.58571428571428574 1
4.6774193548387091 0.58571428571428574 1
4.838709677419355 0.58571428571428574 1
5 0.58571428571428574 1
5.161290322580645 0.58571428571428574 1
5.32258064516129 0.58571428571428574 1
5.4838709677419351 0.58571428571428574 1
5.645161290322581 0.58571428571428574 1
5.806451612903226 0.58571428571428574 1
5.967741935483871 0.58571428571428574 1
6.129032258064516 0.58571428571428574 1
6.290322580645161 0.58571428571428574 1
6.4516129032258061 0.58571428571428574 1
6.6129032258064511 0.58571428571428574 1
6.7741935483870961 0.58571428571428574 1
6.935483870967742 0.58571428571428574 1
7.0967741935483879 0.58571428571428574 1
7.258064516129032 0.58571428571428574 1
7.4193548387096779 0.58571428571428574 1
7.5806451612903221 0.58571428571428574 1
7.741935483870968 0.58571428571428574 1
7.9032258064516121 0.58571428571428574 1
8.064516129032258 0.58571428571428574 1
8.2258064516129039 0.58571428571428574 1
8.387096774193548 0.58571428571428574 1
8.5483870967741939 0.58571428571428574 1
8.7096774193548381 0.58571428571428574 1
8.870967741935484 0.58571428571428574 1
9.0322580645161281 0.58571428571428574 1
9.193548387096774 0.58571428571428574 1
9.3548387096774182 0.58571428571428574 1
9.5161290322580641 0.58571428571428574 1
9.67741935483871 0.58571428571428574 1
9.8387096774193559 0.58571428571428574 1
10 0.58571428571428574 1
0 0.59999999999999998 1
0.16129032258064516 0.59999999999999998 1
0.32258064516129031 0.59999999999999998 1
0.4838709677419355 0.59999999999999998 1
0.64516129032258063 0.59999999999999998 1
0.80645161290322576 0.59999999999999998 1
0.967741935483871 0.59999999999999998 1
1.129032258064516 0.59999999999999998 1
1.2903225806451613 0.59999999999999998 1
1.4516129032258065 0.59999999999999998 1
1.6129032258064515 0.59999999999999998 1
1.774193548387097 0.59999999999999998 1
1.935483870967742 0.59999999999999998 1
2.096774193548387 0.59999999999999998 1
2.258064516129032 0.59999999999999998 1
2.4193548387096775 0.59999999999999998 1
2.5806451612903225 0.59999999999999998 1
2.7419354838709675 0.59999999999999998 1
2.903225806451613 0.59999999999999998 1
3.064516129032258 0.59999999999999998 1
3.225806451612903 0.59999999999999998 1
3.387096774193548 0.59999999999999998 1
3.5483870967741939 0.59999999999999998 1
3.709677419354839 0.59999999999999998 1
3.870967741935484 0.59999999999999998 1
4.032258064516129 0.59999999999999998 1
4.193548387096774 0.59999999999999998 1
4.354838709677419 0.59999999999999998 1
4.5161290322580641 0.59999999999999998 1
4.6774193548387091 0.59999999999999998 1
4.838709677419355 0.59999999999999998 1
5 0.59999999999999998 1
5.161290322580645 0.59999999999999998 1
5.32258064516129 0.59999999999999998 1
5.4838709677419351 0.59999999999999998 1
5.645161290322581 0.59999999999999998 1
5.806451612903226 0.59999999999999998 1
5.967741935483871 0.59999999999999998 1
6.129032258064516 0.59999999999999998 1
6.290322580645161 0.59999999999999998 1
6.4516129032258061 0.59999999999999998 1
6.6129032258064511 0.59999999999999998 1
6.7741935483870961 0.59999999999999998 1
6.935483870967742 0.59999999999999998 1
7.0967741935483879 0.59999999999999998 1
7.258064516129032 0.59999999999999998 1
7.4193548387096779 0.59999999999999998 1
7.5806451612903221 0.59999999999999998 1
7.741935483870968 0.59999999999999998 1
7.9032258064516121 0.59999999999999998 1
8.064516129032258 0.59999999999999998 1
8.2258064516129039 0.59999999999999998 1
8.387096774193548 0.59999999999999998 1
8.5483870967741939 0.59999999999999998 1
8.7096774193548381 0.59999999999999998 1
8.870967741935484 0.59999999999999998 1
9.0322580645161281 0.59999999999999998 1
9.193548387096774 0.59999999999999998 1
9.3548387096774182 0.59999999999999998 1
9.5161290322580641 0.59999999999999998 1
9.67741935483871 0.59999999999999998 1
9.8387096774193559 0.59999999999999998 1
10 0.59999999999999998 1
0 0.61428571428571432 1
0.16129032258064516 0.61428571428571432 1
0.32258064516129031 0.61428571428571432 1
0.4838709677419355 0.61428571428571432 1
0.64516129032258063 0.61428571428571432 1
0.80645161290322576 0.61428571428571432 1
0.967741935483871 0.61428571428571432 1
1.129032258064516 0.61428571428571432 1
1.2903225806451613 0.61428571428571432 1
1.4516129032258065 0.61428571428571432 1
1.6129032258064515 0.61428571428571432 1
1.774193548387097 0.61428571428571432 1
1.935483870967742 0.61428571428571432 1
2.096774193548387 0.61428571428571432 1
2.258064516129032 0.61428571428571432 1
2.4193548387096775 0.61428571428571432 1
2.5806451612903225 0.61428571428571432 1
2.7419354838709675 0.61428571428571432 1
2.903225806451613 0.61428571428571432 1
3.064516129032258 0.61428571428571432 1
3.225806451612903 0.61428571428571432 1
3.387096774193548 0.61428571428571432 1
3.5483870967741939 0.61428571428571432 1
3.709677419354839 0.61428571428571432 1
3.870967741935484 0.61428571428571432 1
4.032258064516129 0.61428571428571432 1
4.193548387096774 0.61428571428571432 1
4.354838709677419 0.61428571428571432 1
4.5161290322580641 0.61428571428571432 1
4.6774193548387091 0.61428571428571432 1
4.838709677419355 0.61428571428571432 1
5 0.61428571428571432 1
5.161290322580645 0.61428571428571432 1
5.32258064516129 0.61428571428571432 1
5.4838709677419351 0.61428571428571432 1
5.645161290322581 0.61428571428571432 1
5.806451612903226 0.61428571428571432 1
5.967741935483871 0.61428571428571432 1
6.129032258064516 0.61428571428571432 1
6.290322580645161 0.61428571428571432 1
6.4516129032258061 0.61428571428571432 1
6.6129032258064511 0.61428571428571432 1
6.7741935483870961 0.61428571428571432 1
6.935483870967742 0.61428571428571432 1
7.0967741935483879 0.61428571428571432 1
7.258064516129032 0.61428571428571432 1
7.4193548387096779 0.61428571428571432 1
7.5806451612903221 0.61428571428571432 1
7.741935483870968 0.61428571428571432 1
7.9032258064516121 0.61428571428571432 1
8.064516129032258 0.61428571428571432 1
8.2258064516129039 0.61428571428571432 1
8.387096774193548 0.61428571428571432 1
8.5483870967741939 0.61428571428571432 1
8.7096774193548381 0.61428571428571432 1
8.870967741935484 0.61428571428571432 1
9.0322580645161281 0.61428571428571432 1
9.193548387096774 0.61428571428571432 1
9.3548387096774182 0.61428571428571432 1
9.5161290322580641 0.61428571428571432 1
9.67741935483871 0.61428571428571432 1
9.8387096774193559 0.61428571428571432 1
10 0.61428571428571432 1
0 0.62857142857142856 1
0.16129032258064516 0.62857142857142856 1
0.32258064516129031 0.62857142857142856 1
0.4838709677419355 0.62857142857142856 1
0.64516129032258063 0.62857142857142856 1
0.80645161290322576 0.62857142857142856 1
0.967741935483871 0.62857142857142856 1
1.129032258064516 0.62857142857142856 1
1.2903225806451613 0.62857142857142856 1
1.4516129032258065 0.62857142857142856 1
1.6129032258064515 0.62857142857142856 1
1.774193548387097 0.62857142857142856 1
1.935483870967742 0.62857142857142856 1
2.096774193548387 0.62857142857142856 1
2.258064516129032 0.62857142857142856 1
2.4193548387096775 0.62857142857142856 1
2.5806451612903225 0.62857142857142856 1
2.7419354838709675 0.62857142857142856 1
2.903225806451613 0.62857142857142856 1
3.064516129032258 0.62857142857142856 1
3.225806451612903 0.62857142857142856 1
3.387096774193548 0.62857142857142856 1
3.5483870967741939 0.62857142857142856 1
3.709677419354839 0.62857142857142856 1
3.870967741935484 0.62857142857142856 1
4.032258064516129 0.62857142857142856 1
4.193548387096774 0.62857142857142856 1
4.354838709677419 0.62857142857142856 1
4.5161290322580641 0.62857142857142856 1
4.6774193548387091 0.62857142857142856 1
4.838709677419355 0.62857142857142856 1
5 0.62857142857142856 1
5.161290322580645 0.62857142857142856 1
5.32258064516129 0.62857142857142856 1
5.4838709677419351 0.62857142857142856 1
5.645161290322581 0.62857142857142856 1
5.806451612903226 0.62857142857142856 1
5.967741935483871 0.62857142857142856 1
6.129032258064516 0.62857142857142856 1
6.290322580645161 0.62857142857142856 1
6.4516129032258061 0.62857142857142856 1
6.6129032258064511 0.62857142857142856 1
6.7741935483870961 0.62857142857142856 1
6.935483870967742 0.62857142857142856 1
7.0967741935483879 0.62857142857142856 1
7.258064516129032 0.62857142857142856 1
7.4193548387096779 0.62857142857142856 1
7.5806451612903221 0.62857142857142856 1
7.741935483870968 0.62857142857142856 1
7.9032258064516121 0.62857142857142856 1
8.064516129032258 0.62857142857142856 1
8.2258064516129039 0.62857142857142856 1
8.387096774193548 0.62857142857142856 1
8.5483870967741939 0.62857142857142856 1
8.7096774193548381 0.62857142857142856 1
8.870967741935484 0.62857142857142856 1
9.0322580645161281 0.62857142857142856 1
9.193548387096774 0.62857142857142856 1
9.3548387096774182 0.62857142857142856 1
9.5161290322580641 0.62857142857142856 1
9.67741935483871 0.62857142857142856 1
9.8387096774193559 0.62857142857142856 1
10 0.62857142857142856 1
0 0.6428571428571429 1
0.16129032258064516 0.6428571428571429 1
0.32258064516129031 0.6428571428571429 1
0.4838709677419355 0.6428571428571429 1
0.64516129032258063 0.6428571428571429 1
0.80645161290322576 0.6428571428571429 1
0.967741935483871 0.6428571428571429 1
1.129032258064516 0.6428571428571429 1
1.2903225806451613 0.6428571428571429 1
1.4516129032258065 0.6428571428571429 1
1.6129032258064515 0.6428571428571429 1
1.774193548387097 0.6428571428571429 1
1.935483870967742 0.6428571428571429 1
2.096774193548387 0.6428571428571429 1
2.258064516129032 0.6428571428571429 1
2.4193548387096775 0.6428571428571429 1
2.5806451612903225 0.6428571428571429 1
2.7419354838709675 0.6428571428571429 1
2.903225806451613 0.6428571428571429 1
3.064516129032258 0.6428571428571429 1
3.225806451612903 0.6428571428571429 1
3.387096774193548 0.6428571428571429 1
3.5483870967741939 0.6428571428571429 1
3.709677419354839 0.6428571428571429 1
3.870967741935484 0.6428571428571429 1
4.032258064516129 0.6428571428571429 1
4.193548387096774 0.6428571428571429 1
4.354838709677419 0.6428571428571429 1
4.5161290322580641 0.6428571428571429 1
4.6774193548387091 0.6428571428571429 1
4.838709677419355 0.6428571428571429 1
5 0.6428571428571429 1
5.161290322580645 0.6428571428571429 1
5.32258064516129 0.6428571428571429 1
5.4838709677419351 0.6428571428571429 1
5.645161290322581 0.6428571428571429 1
5.806451612903226 0.6428571428571429 1
5.967741935483871 0.6428571428571429 1
6.129032258064516 0.6428571428571429 1
6.290322580645161 0.6428571428571429 1
6.4516129032258061 0.6428571428571429 1
6.6129032258064511 0.6428571428571429 1
6.7741935483870961 0.6428571428571429 1
6.935483870967742 0.6428571428571429 1
7.0967741935483879 0.6428571428571429 1
7.258064516129032 0.6428571428571429 1
7.4193548387096779 0.6428571428571429 1
7.5806451612903221 0.6428571428571429 1
7.741935483870968 0.6428571428571429 1
7.9032258064516121 0.6428571428571429 1
8.064516129032258 0.6428571428571429 1
8.2258064516129039 0.6428571428571429 1
8.387096774193548 0.6428571428571429 1
8.5483870967741939 0.6428571428571429 1
8.7096774193548381 0.6428571428571429 1
8.870967741935484 0.6428571428571429 1
9.0322580645161281 0.6428571428571429 1
9.193548387096774 0.6428571428571429 1
9.3548387096774182 0.6428571428571429 1
9.5161290322580641 0.6428571428571429 1
9.67741935483871 0.6428571428571429 1
9.8387096774193559 0.6428571428571429 1
10 0.6428571428571429 1
0 0.65714285714285714 1
0.16129032258064516 0.65714285714285714 1
0.32258064516129031 0.65714285714285714 1
0.4838709677419355 0.65714285714285714 1
0.64516129032258063 0.65714285714285714 1
0.80645161290322576 0.65714285714285714 1
0.967741935483871 0.65714285714285714 1
1.129032258064516 0.65714285714285714 1
1.2903225806451613 0.65714285714285714 1
1.4516129032258065 0.65714285714285714 1
1.6129032258064515 0.65714285714285714 1
1.774193548387097 0.65714285714285714 1
1.935483870967742 0.65714285714285714 1
2.096774193548387 0.65714285714285714 1
2.258064516129032 0.65714285714285714 1
2.4193548387096775 0.65714285714285714 1
2.5806451612903225 0.65714285714285714 1
2.7419354838709675 0.65714285714285714 1
2.903225806451613 0.65714285714285714 1
3.064516129032258 0.65714285714285714 1
3.225806451612903 0.65714285714285714 1
3.387096774193548 0.65714285714285714 1
3.5483870967741939 0.65714285714285714 1
3.709677419354839 0.65714285714285714 1
3.870967741935484 0.65714285714285714 1
4.032258064516129 0.65714285714285714 1
4.193548387096774 0.65714285714285714 1
4.354838709677419 0.65714285714285714 1
4.5161290322580641 0.65714285714285714 1
4.6774193548387091 0.65714285714285714 1
4.838709677419355 0.65714285714285714 1
5 0.65714285714285714 1
5.161290322580645 0.65714285714285714 1
5.32258064516129 0.65714285714285714 1
5.4838709677419351 0.65714285714285714 1
5.645161290322581 0.65714285714285714 1
5.806451612903226 0.65714285714285714 1
5.967741935483871 0.65714285714285714 1
6.129032258064516 0.65714285714285714 1
6.290322580645161 0.65714285714285714 1
6.4516129032258061 0.65714285714285714 1
6.6129032258064511 0.65714285714285714 1
6.7741935483870961 0.65714285714285714 1
6.935483870967742 0.65714285714285714 1
7.0967741935483879 0.65714285714285714 1
7.258064516129032 0.65714285714285714 1
7.4193548387096779 0.65714285714285714 1
7.5806451612903221 0.65714285714285714 1
7.741935483870968 0.65714285714285714 1
7.9032258064516121 0.65714285714285714 1
8.064516129032258 0.65714285714285714 1
8.2258064516129039 0.65714285714285714 1
8.387096774193548 0.65714285714285714 1
8.5483870967741939 0.65714285714285714 1
8.7096774193548381 0.65714285714285714 1
8.870967741935484 0.65714285714285714 1
9.0322580645161281 0.65714285714285714 1
9.193548387096774 0.65714285714285714 1
9.3548387096774182 0.65714285714285714 1
9.5161290322580641 0.65714285714285714 1
9.67741935483871 0.65714285714285714 1
9.8387096774193559 0.65714285714285714 1
10 0.65714285714285714 1
0 0.67142857142857137 1
0.16129032258064516 0.67142857142857137 1
0.32258064516129031 0.67142857142857137 1
0.4838709677419355 0.67142857142857137 1
0.64516129032258063 0.67142857142857137 1
0.80645161290322576 0.67142857142857137 1
0.967741935483871 0.67142857142857137 1
1.129032258064516 0.67142857142857137 1
1.2903225806451613 0.67142857142857137 1
1.4516129032258065 0.67142857142857137 1
1.6129032258064515 0.67142857142857137 1
1.774193548387097 0.67142857142857137 1
1.935483870967742 0.67142857142857137 1
2.096774193548387 0.67142857142857137 1
2.258064516129032 0.67142857142857137 1
2.4193548387096775 0.67142857142857137 1
2.5806451612903225 0.67142857142857137 1
2.7419354838709675 0.67142857142857137 1
2.903225806451613 0.67142857142857137 1
3.064516129032258 0.67142857142857137 1
3.225806451612903 0.67142857142857137 1
3.387096774193548 0.67142857142857137 1
3.5483870967741939 0.67142857142857137 1
3.709677419354839 0.67142857142857137 1
3.870967741935484 0.67142857142857137 1
4.032258064516129 0.67142857142857137 1
4.193548387096774 0.67142857142857137 1
4.354838709677419 0.67142857142857137 1
4.5161290322580641 0.67142857142857137 1
4.6774193548387091 0.67142857142857137 1
4.838709677419355 0.67142857142857137 1
5 0.67142857142857137 1
5.161290322580645 0.67142857142857137 1
5.32258064516129 0.67142857142857137 1
5.4838709677419351 0.67142857142857137 1
5.645161290322581 0.67142857142857137 1
5.806451612903226 0.67142857142857137 1
5.967741935483871 0.67142857142857137 1
6.129032258064516 0.67142857142857137 1
6.290322580645161 0.67142857142857137 1
6.4516129032258061 0.67142857142857137 1
6.6129032258064511 0.67142857142857137 1
6.7741935483870961 0.67142857142857137 1
6.935483870967742 0.67142857142857137 1
7.0967741935483879 0.67142857142857137 1
7.258064516129032 0.67142857142857137 1
7.4193548387096779 0.67142857142857137 1
7.5806451612903221 0.67142857142857137 1
7.741935483870968 0.67142857142857137 1
7.9032258064516121 0.67142857142857137 1
8.064516129032258 0.67142857142857137 1
8.2258064516129039 0.67142857142857137 1
8.387096774193548 0.67142857142857137 1
8.5483870967741939 0.67142857142857137 1
8.7096774193548381 0.67142857142857137 1
8.870967741935484 0.67142857142857137 1
9.0322580645161281 0.67142857142857137 1
9.193548387096774 0.67142857142857137 1
9.3548387096774182 0.67142857142857137 1
9.5161290322580641 0.67142857142857137 1
9.67741935483871 0.67142857142857137 1
9.8387096774193559 0.67142857142857137 1
10 0.67142857142857137 1
0 0.68571428571428572 1
0.16129032258064516 0.68571428571428572 1
0.32258064516129031 0.68571428571428572 1
0.4838709677419355 0.68571428571428572 1
0.64516129032258063 0.68571428571428572 1
0.80645161290322576 0.68571428571428572 1
0.967741935483871 0.68571428571428572 1
1.129032258064516 0.68571428571428572 1
1.2903225806451613 0.68571428571428572 1
1.4516129032258065 0.68571428571428572 1
1.6129032258064515 0.68571428571428572 1
1.774193548387097 0.68571428571428572 1
1.935483870967742 0.68571428571428572 1
2.096774193548387 0.68571428571428572 1
2.258064516129032 0.68571428571428572 1
2.4193548387096775 0.68571428571428572 1
2.5806451612903225 0.68571428571428572 1
2.7419354838709675 0.68571428571428572 1
2.903225806451613 0.68571428571428572 1
3.064516129032258 0.68571428571428572 1
3.225806451612903 0.68571428571428572 1
3.387096774193548 0.68571428571428572 1
3.5483870967741939 0.68571428571428572 1
3.709677419354839 0.68571428571428572 1
3.870967741935484 0.68571428571428572 1
4.032258064516129 0.68571428571428572 1
4.193548387096774 0.68571428571428572 1
4.354838709677419 0.68571428571428572 1
4.5161290322580641 0.68571428571428572 1
4.6774193548387091 0.68571428571428572 1
4.838709677419355 0.68571428571428572 1
5 0.68571428571428572 1
5.161290322580645 0.68571428571428572 1
5.32258064516129 0.68571428571428572 1
5.4838709677419351 0.68571428571428572 1
5.645161290322581 0.68571428571428572 1
5.806451612903226 0.68571428571428572 1
5.967741935483871 0.68571428571428572 1
6.129032258064516 0.68571428571428572 1
6.290322580645161 0.68571428571428572 1
6.4516129032258061 0.68571428571428572 1
6.6129032258064511 0.68571428571428572 1
6.7741935483870961 0.68571428571428572 1
6.935483870967742 0.68571428571428572 1
7.0967741935483879 0.68571428571428572 1
7.258064516129032 0.68571428571428572 1
7.4193548387096779 0.68571428571428572 1
7.5806451612903221 0.68571428571428572 1
7.741935483870968 0.68571428571428572 1
7.9032258064516121 0.68571428571428572 1
8.064516129032258 0.68571428571428572 1
8.2258064516129039 0.68571428571428572 1
8.387096774193548 0.68571428571428572 1
8.5483870967741939 0.68571428571428572 1
8.7096774193548381 0.68571428571428572 1
8.870967741935484 0.68571428571428572 1
9.0322580645161281 0.68571428571428572 1
9.193548387096774 0.68571428571428572 1
9.3548387096774182 0.68571428571428572 1
9.5161290322580641 0.68571428571428572 1
9.67741935483871 0.68571428571428572 1
9.8387096774193559 0.68571428571428572 1
10 0.68571428571428572 1
0 0.69999999999999996 1
0.16129032258064516 0.69999999999999996 1
0.32258064516129031 0.69999999999999996 1
0.4838709677419355 0.69999999999999996 1
0.64516129032258063 0.69999999999999996 1
0.80645161290322576 0.69999999999999996 1
0.967741935483871 0.69999999999999996 1
1.129032258064516 0.69999999999999996 1
1.2903225806451613 0.69999999999999996 1
1.4516129032258065 0.69999999999999996 1
1.6129032258064515 0.69999999999999996 1
1.774193548387097 0.69999999999999996 1
1.935483870967742 0.69999999999999996 1
2.096774193548387 0.69999999999999996 1
2.258064516129032 0.69999999999999996 1
2.4193548387096775 0.69999999999999996 1
2.5806451612903225 0.69999999999999996 1
2.7419354838709675 0.69999999999999996 1
2.903225806451613 0.69999999999999996 1
3.064516129032258 0.69999999999999996 1
3.225806451612903 0.69999999999999996 1
3.387096774193548 0.69999999999999996 1
3.5483870967741939 0.69999999999999996 1
3.709677419354839 0.69999999999999996 1
3.870967741935484 0.69999999999999996 1
4.032258064516129 0.69999999999999996 1
4.193548387096774 0.69999999999999996 1
4.354838709677419 0.69999999999999996 1
4.5161290322580641 0.69999999999999996 1
4.6774193548387091 0.69999999999999996 1
4.838709677419355 0.69999999999999996 1
5 0.69999999999999996 1
5.161290322580645 0.69999999999999996 1
5.32258064516129 0.69999999999999996 1
5.4838709677419351 0.69999999999999996 1
5.645161290322581 0.69999999999999996 1
5.806451612903226 0.69999999999999996 1
5.967741935483871 0.69999999999999996 1
6.129032258064516 0.69999999999999996 1
6.290322580645161 0.69999999999999996 1
6.4516129032258061 0.69999999999999996 1
6.6129032258064511 0.69999999999999996 1
6.7741935483870961 0.69999999999999996 1
6.935483870967742 0.69999999999999996 1
7.0967741935483879 0.69999999999999996 1
7.258064516129032 0.69999999999999996 1
7.4193548387096779 0.69999999999999996 1
7.5806451612903221 0.69999999999999996 1
7.741935483870968 0.69999999999999996 1
7.9032258064516121 0.69999999999999996 1
8.064516129032258 0.69999999999999996 1
8.2258064516129039 0.69999999999999996 1
8.387096774193548 0.69999999999999996 1
8.5483870967741939 0.69999999999999996 1
8.7096774193548381 0.69999999999999996 1
8.870967741935484 0.69999999999999996 1
9.0322580645161281 0.69999999999999996 1
9.193548387096774 0.69999999999999996 1
9.3548387096774182 0.69999999999999996 1
9.5161290322580641 0.69999999999999996 1
9.67741935483871 0.69999999999999996 1
9.8387096774193559 0.69999999999999996 1
10 0.69999999999999996 1
0 0.7142857142857143 1
0.16129032258064516 0.7142857142857143 1
0.32258064516129031 0.7142857142857143 1
0.4838709677419355 0.7142857142857143 1
0.64516129032258063 0.7142857142857143 1
0.80645161290322576 0.7142857142857143 1
0.967741935483871 0.7142857142857143 1
1.129032258064516 0.7142857142857143 1
1.2903225806451613 0.7142857142857143 1
1.4516129032258065 0.7142857142857143 1
1.6129032258064515 0.7142857142857143 1
1.774193548387097 0.7142857142857143 1
1.935483870967742 0.7142857142857143 1
2.096774193548387 0.7142857142857143 1
2.258064516129032 0.7142857142857143 1
2.4193548387096775 0.7142857142857143 1
2.5806451612903225 0.7142857142857143 1
2.7419354838709675 0.7142857142857143 1
2.903225806451613 0.7142857142857143 1
3.064516129032258 0.7142857142857143 1
3.225806451612903 0.7142857142857143 1
3.387096774193548 0.7142857142857143 1
3.5483870967741939 0.7142857142857143 1
3.709677419354839 0.7142857142857143 1
3.870967741935484 0.7142857142857143 1
4.032258064516129 0.7142857142857143 1
4.193548387096774 0.7142857142857143 1
4.354838709677419 0.7142857142857143 1
4.5161290322580641 0.7142857142857143 1
4.6774193548387091 0.7142857142857143 1
4.838709677419355 0.7142857142857143 1
5 0.7142857142857143 1
5.161290322580645 0.7142857142857143 1
5.32258064516129 0.7142857142857143 1
5.4838709677419351 0.7142857142857143 1
5.645161290322581 0.7142857142857143 1
5.806451612903226 0.7142857142857143 1
5.967741935483871 0.7142857142857143 1
6.129032258064516 0.7142857142857143 1
6.290322580645161 0.7142857142857143 1
6.4516129032258061 0.7142857142857143 1
6.6129032258064511 0.7142857142857143 1
6.7741935483870961 0.7142857142857143 1
6.935483870967742 0.7142857142857143 1
7.0967741935483879 0.7142857142857143 1
7.258064516129032 0.7142857142857143 1
7.4193548387096779 0.7142857142857143 1
7.5806451612903221 0.7142857142857143 1
7.741935483870968 0.7142857142857143 1
7.9032258064516121 0.7142857142857143 1
8.064516129032258 0.7142857142857143 1
8.2258064516129039 0.7142857142857143 1
8.387096774193548 0.7142857142857143 1
8.5483870967741939 0.7142857142857143 1
8.7096774193548381 0.7142857142857143 1
8.870967741935484 0.7142857142857143 1
9.0322580645161281 0.7142857142857143 1
9.193548387096774 0.7142857142857143 1
9.3548387096774182 0.7142857142857143 1
9.5161290322580641 0.7142857142857143 1
9.67741935483871 0.7142857142857143 1
9.8387096774193559 0.7142857142857143 1
10 0.7142857142857143 1
0 0.72857142857142854 1
0.16129032258064516 0.72857142857142854 1
0.32258064516129031 0.72857142857142854 1
0.4838709677419355 0.72857142857142854 1
0.64516129032258063 0.72857142857142854 1
0.80645161290322576 0.72857142857142854 1
0.967741935483871 0.72857142857142854 1
1.129032258064516 0.72857142857142854 1
1.2903225806451613 0.72857142857142854 1
1.4516129032258065 0.72857142857142854 1
1.6129032258064515 0.72857142857142854 1
1.774193548387097 0.72857142857142854 1
1.935483870967742 0.72857142857142854 1
2.096774193548387 0.72857142857142854 1
2.258064516129032 0.72857142857142854 1
2.4193548387096775 0.72857142857142854 1
2.5806451612903225 0.72857142857142854 1
2.7419354838709675 0.72857142857142854 1
2.903225806451613 0.72857142857142854 1
3.064516129032258 0.72857142857142854 1
3.225806451612903 0.72857142857142854 1
3.387096774193548 0.72857142857142854 1
3.5483870967741939 0.72857142857142854 1
3.709677419354839 0.72857142857142854 1
3.870967741935484 0.72857142857142854 1
4.032258064516129 0.72857142857142854 1
4.193548387096774 0.72857142857142854 1
4.354838709677419 0.72857142857142854 1
4.5161290322580641 0.72857142857142854 1
4.6774193548387091 0.72857142857142854 1
4.838709677419355 0.72857142857142854 1
5 0.72857142857142854 1
5.161290322580645 0.72857142857142854 1
5.32258064516129 0.72857142857142854 1
5.4838709677419351 0.72857142857142854 1
5.645161290322581 0.72857142857142854 1
5.806451612903226 0.72857142857142854 1
5.967741935483871 0.72857142857142854 1
6.129032258064516 0.72857142857142854 1
6.290322580645161 0.72857142857142854 1
6.4516129032258061 0.72857142857142854 1
6.6129032258064511 0.72857142857142854 1
6.7741935483870961 0.72857142857142854 1
6.935483870967742 0.72857142857142854 1
7.0967741935483879 0.72857142857142854 1
7.258064516129032 0.72857142857142854 1
7.4193548387096779 0.72857142857142854 1
7.5806451612903221 0.72857142857142854 1
7.741935483870968 0.72857142857142854 1
7.9032258064516121 0.72857142857142854 1
8.064516129032258 0.72857142857142854 1
8.2258064516129039 0.72857142857142854 1
8.387096774193548 0.72857142857142854 1
8.5483870967741939 0.72857142857142854 1
8.7096774193548381 0.72857142857142854 1
8.870967741935484 0.72857142857142854 1
9.0322580645161281 0.72857142857142854 1
9.193548387096774 0.72857142857142854 1
9.3548387096774182 0.72857142857142854 1
9.5161290322580641 0.72857142857142854 1
9.67741935483871 0.72857142857142854 1
9.8387096774193559 0.72857142857142854 1
10 0.72857142857142854 1
0 0.74285714285714288 1
0.16129032258064516 0.74285714285714288 1
0.32258064516129031 0.74285714285714288 1
0.4838709677419355 0.74285714285714288 1
0.64516129032258063 0.74285714285714288 1
0.80645161290322576 0.74285714285714288 1
0.967741935483871 0.74285714285714288 1
1.129032258064516 0.74285714285714288 1
1.2903225806451613 0.74285714285714288 1
1.4516129032258065 0.74285714285714288 1
1.6129032258064515 0.74285714285714288 1
1.774193548387097 0.74285714285714288 1
1.935483870967742 0.74285714285714288 1
2.096774193548387 0.74285714285714288 1
2.258064516129032 0.74285714285714288 1
2.4193548387096775 0.74285714285714288 1
2.5806451612903225 0.74285714285714288 1
2.7419354838709675 0.74285714285714288 1
2.903225806451613 0.74285714285714288 1
3.064516129032258 0.74285714285714288 1
3.225806451612903 0.74285714285714288 1
3.387096774193548 0.74285714285714288 1
3.5483870967741939 0.74285714285714288 1
3.709677419354839 0.74285714285714288 1
3.870967741935484 0.74285714285714288 1
4.032258064516129 0.74285714285714288 1
4.193548387096774 0.74285714285714288 1
4.354838709677419 0.74285714285714288 1
4.5161290322580641 0.74285714285714288 1
4.6774193548387091 0.74285714285714288 1
4.838709677419355 0.74285714285714288 1
5 0.74285714285714288 1
5.161290322580645 0.74285714285714288 1
5.32258064516129 0.74285714285714288 1
5.4838709677419351 0.74285714285714288 1
5.645161290322581 0.74285714285714288 1
5.806451612903226 0.74285714285714288 1
5.967741935483871 0.74285714285714288 1
6.129032258064516 0.74285714285714288 1
6.290322580645161 0.74285714285714288 1
6.4516129032258061 0.74285714285714288 1
6.6129032258064511 0.74285714285714288 1
6.7741935483870961 0.74285714285714288 1
6.935483870967742 0.74285714285714288 1
7.0967741935483879 0.74285714285714288 1
7.258064516129032 0.74285714285714288 1
7.4193548387096779 0.74285714285714288 1
7.5806451612903221 0.74285714285714288 1
7.741935483870968 0.74285714285714288 1
7.9032258064516121 0.74285714285714288 1
8.064516129032258 0.74285714285714288 1
8.2258064516129039 0.74285714285714288 1
8.387096774193548 0.74285714285714288 1
8.5483870967741939 0.74285714285714288 1
8.7096774193548381 0.74285714285714288 1
8.870967741935484 0.74285714285714288 1
9.0322580645161281 0.74285714285714288 1
9.193548387096774 0.74285714285714288 1
9.3548387096774182 0.74285714285714288 1
9.5161290322580641 0.74285714285714288 1
9.67741935483871 0.74285714285714288 1
9.8387096774193559 0.74285714285714288 1
10 0.74285714285714288 1
0 0.75714285714285712 1
0.16129032258064516 0.75714285714285712 1
0.32258064516129031 0.75714285714285712 1
0.4838709677419355 0.75714285714285712 1
0.64516129032258063 0.75714285714285712 1
0.80645161290322576 0.75714285714285712 1
0.967741935483871 0.75714285714285712 1
1.129032258064516 0.75714285714285712 1
1.2903225806451613 0.75714285714285712 1
1.4516129032258065 0.75714285714285712 1
1.6129032258064515 0.75714285714285712 1
1.774193548387097 0.75714285714285712 1
1.935483870967742 0.75714285714285712 1
2.096774193548387 0.75714285714285712 1
2.258064516129032 0.75714285714285712 1
2.4193548387096775 0.75714285714285712 1
2.5806451612903225 0.75714285714285712 1
2.7419354838709675 0.75714285714285712 1
2.903225806451613 0.75714285714285712 1
3.064516129032258 0.75714285714285712 1
3.225806451612903 0.75714285714285712 1
3.387096774193548 0.75714285714285712 1
3.5483870967741939 0.75714285714285712 1
3.709677419354839 0.75714285714285712 1
3.870967741935484 0.75714285714285712 1
4.032258064516129 0.75714285714285712 1
4.193548387096774 0.75714285714285712 1
4.354838709677419 0.75714285714285712 1
4.5161290322580641 0.75714285714285712 1
4.6774193548387091 0.75714285714285712 1
4.838709677419355 0.75714285714285712 1
5 0.75714285714285712 1
5.161290322580645 0.75714285714285712 1
5.32258064516129 0.75714285714285712 1
5.4838709677419351 0.75714285714285712 1
5.645161290322581 0.75714285714285712 1
5.806451612903226 0.75714285714285712 1
5.967741935483871 0.75714285714285712 1
6.129032258064516 0.75714285714285712 1
6.290322580645161 0.75714285714285712 1
6.4516129032258061 0.75714285714285712 1
6.6129032258064511 0.75714285714285712 1
6.7741935483870961 0.75714285714285712 1
6.935483870967742 0.75714285714285712 1
7.0967741935483879 0.75714285714285712 1
7.258064516129032 0.75714285714285712 1
7.4193548387096779 0.75714285714285712 1
7.5806451612903221 0.75714285714285712 1
7.741935483870968 0.75714285714285712 1
7.9032258064516121 0.75714285714285712 1
8.064516129032258 0.75714285714285712 1
8.2258064516129039 0.75714285714285712 1
8.387096774193548 0.75714285714285712 1
8.5483870967741939 0.75714285714285712 1
8.7096774193548381 0.75714285714285712 1
8.870967741935484 0.75714285714285712 1
9.0322580645161281 0.75714285714285712 1
9.193548387096774 0.75714285714285712 1
9.3548387096774182 0.75714285714285712 1
9.5161290322580641 0.75714285714285712 1
9.67741935483871 0.75714285714285712 1
9.8387096774193559 0.75714285714285712 1
10 0.75714285714285712 1
0 0.77142857142857146 1
0.16129032258064516 0.77142857142857146 1
0.32258064516129031 0.77142857142857146 1
0.4838709677419355 0.77142857142857146 1
0.64516129032258063 0.77142857142857146 1
0.80645161290322576 0.77142857142857146 1
0.967741935483871 0.77142857142857146 1
1.129032258064516 0.77142857142857146 1
1.2903225806451613 0.77142857142857146 1
1.4516129032258065 0.77142857142857146 1
1.6129032258064515 0.77142857142857146 1
1.774193548387097 0.77142857142857146 1
1.935483870967742 0.77142857142857146 1
2.096774193548387 0.77142857142857146 1
2.258064516129032 0.77142857142857146 1
2.4193548387096775 0.77142857142857146 1
2.5806451612903225 0.77142857142857146 1
2.7419354838709675 0.77142857142857146 1
2.903225806451613 0.77142857142857146 1
3.064516129032258 0.77142857142857146 1
3.225806451612903 0.77142857142857146 1
3.387096774193548 0.77142857142857146 1
3.5483870967741939 0.77142857142857146 1
3.709677419354839 0.77142857142857146 1
3.870967741935484 0.77142857142857146 1
4.032258064516129 0.77142857142857146 1
4.193548387096774 0.77142857142857146 1
4.354838709677419 0.77142857142857146 1
4.5161290322580641 0.77142857142857146 1
4.6774193548387091 0.77142857142857146 1
4.838709677419355 0.77142857142857146 1
5 0.77142857142857146 1
5.161290322580645 0.77142857142857146 1
5.32258064516129 0.77142857142857146 1
5.4838709677419351 0.77142857142857146 1
5.645161290322581 0.77142857142857146 1
5.806451612903226 0.77142857142857146 1
5.967741935483871 0.77142857142857146 1
6.129032258064516 0.77142857142857146 1
6.290322580645161 0.77142857142857146 1
6.4516129032258061 0.77142857142857146 1
6.6129032258064511 0.77142857142857146 1
6.7741935483870961 0.77142857142857146 1
6.935483870967742 0.77142857142857146 1
7.0967741935483879 0.77142857142857146 1
7.258064516129032 0.77142857142857146 1
7.4193548387096779 0.77142857142857146 1
7.5806451612903221 0.77142857142857146 1
7.741935483870968 0.77142857142857146 1
7.9032258064516121 0.77142857142857146 1
8.064516129032258 0.77142857142857146 1
8.2258064516129039 0.77142857142857146 1
8.387096774193548 0.77142857142857146 1
8.5483870967741939 0.77142857142857146 1
8.7096774193548381 0.77142857142857146 1
8.870967741935484 0.77142857142857146 1
9.0322580645161281 0.77142857142857146 1
9.193548387096774 0.77142857142857146 1
9.3548387096774182 0.77142857142857146 1
9.5161290322580641 0.77142857142857146 1
9.67741935483871 0.77142857142857146 1
9.8387096774193559 0.77142857142857146 1
10 0.77142857142857146 1
0 0.7857142857142857 1
0.16129032258064516 0.7857142857142857 1
0.32258064516129031 0.7857142857142857 1
0.4838709677419355 0.7857142857142857 1
0.64516129032258063 0.7857142857142857 1
0.80645161290322576 0.7857142857142857 1
0.967741935483871 0.7857142857142857 1
1.129032258064516 0.7857142857142857 1
1.2903225806451613 0.7857142857142857 1
1.4516129032258065 0.7857142857142857 1
1.6129032258064515 0.7857142857142857 1
1.774193548387097 0.7857142857142857 1
1.935483870967742 0.7857142857142857 1
2.096774193548387 0.7857142857142857 1
2.258064516129032 0.7857142857142857 1
2.4193548387096775 0.7857142857142857 1
2.5806451612903225 0.7857142857142857 1
2.7419354838709675 0.7857142857142857 1
2.903225806451613 0.7857142857142857 1
3.064516129032258 0.7857142857142857 1
3.225806451612903 0.7857142857142857 1
3.387096774193548 0.7857142857142857 1
3.5483870967741939 0.7857142857142857 1
3.709677419354839 0.7857142857142857 1
3.870967741935484 0.7857142857142857 1
4.032258064516129 0.7857142857142857 1
4.193548387096774 0.7857142857142857 1
4.354838709677419 0.7857142857142857 1
4.5161290322580641 0.7857142857142857 1
4.6774193548387091 0.7857142857142857 1
4.838709677419355 0.7857142857142857 1
5 0.7857142857142857 1
5.161290322580645 0.7857142857142857 1
5.32258064516129 0.7857142857142857 1
5.4838709677419351 0.7857142857142857 1
5.645161290322581 0.7857142857142857 1
5.806451612903226 0.7857142857142857 1
5.967741935483871 0.7857142857142857 1
6.129032258064516 0.7857142857142857 1
6.290322580645161 0.7857142857142857 1
6.4516129032258061 0.7857142857142857 1
6.6129032258064511 0.7857142857142857 1
6.7741935483870961 0.7857142857142857 1
6.935483870967742 0.7857142857142857 1
7.0967741935483879 0.7857142857142857 1
7.258064516129032 0.7857142857142857 1
7.4193548387096779 0.7857142857142857 1
7.5806451612903221 0.7857142857142857 1
7.741935483870968 0.7857142857142857 1
7.9032258064516121 0.7857142857142857 1
8.064516129032258 0.7857142857142857 1
8.2258064516129039 0.7857142857142857 1
8.387096774193548 0.7857142857142857 1
8.5483870967741939 0.7857142857142857 1
8.7096774193548381 0.7857142857142857 1
8.870967741935484 0.7857142857142857 1
9.0322580645161281 0.7857142857142857 1
9.193548387096774 0.7857142857142857 1
9.3548387096774182 0.7857142857142857 1
9.5161290322580641 0.7857142857142857 1
9.67741935483871 0.7857142857142857 1
9.8387096774193559 0.7857142857142857 1
10 0.7857142857142857 1
0 0.80000000000000004 1
0.16129032258064516 0.80000000000000004 1
0.32258064516129031 0.80000000000000004 1
0.4838709677419355 0.80000000000000004 1
0.64516129032258063 0.80000000000000004 1
0.80645161290322576 0.80000000000000004 1
0.967741935483871 0.80000000000000004 1
1.129032258064516 0.80000000000000004 1
1.2903225806451613 0.80000000000000004 1
1.4516129032258065 0.80000000000000004 1
1.6129032258064515 0.80000000000000004 1
1.774193548387097 0.80000000000000004 1
1.935483870967742 0.80000000000000004 1
2.096774193548387 0.80000000000000004 1
2.258064516129032 0.80000000000000004 1
2.4193548387096775 0.80000000000000004 1
2.5806451612903225 0.80000000000000004 1
2.7419354838709675 0.80000000000000004 1
2.903225806451613 0.80000000000000004 1
3.064516129032258 0.80000000000000004 1
3.225806451612903 0.80000000000000004 1
3.387096774193548 0.80000000000000004 1
3.5483870967741939 0.80000000000000004 1
3.709677419354839 0.80000000000000004 1
3.870967741935484 0.80000000000000004 1
4.032258064516129 0.80000000000000004 1
4.193548387096774 0.80000000000000004 1
4.354838709677419 0.80000000000000004 1
4.5161290322580641 0.80000000000000004 1
4.6774193548387091 0.80000000000000004 1
4.838709677419355 0.80000000000000004 1
5 0.80000000000000004 1
5.161290322580645 0.80000000000000004 1
5.32258064516129 0.80000000000000004 1
5.4838709677419351 0.80000000000000004 1
5.645161290322581 0.80000000000000004 1
5.806451612903226 0.80000000000000004 1
5.967741935483871 0.80000000000000004 1
6.129032258064516 0.80000000000000004 1
6.290322580645161 0.80000000000000004 1
6.4516129032258061 0.80000000000000004 1
6.6129032258064511 0.80000000000000004 1
6.7741935483870961 0.80000000000000004 1
6.935483870967742 0.80000000000000004 1
7.0967741935483879 0.80000000000000004 1
7.258064516129032 0.80000000000000004 1
7.4193548387096779 0.80000000000000004 1
7.5806451612903221 0.80000000000000004 1
7.741935483870968 0.80000000000000004 1
7.9032258064516121 0.80000000000000004 1
8.064516129032258 0.80000000000000004 1
8.2258064516129039 0.80000000000000004 1
8.387096774193548 0.80000000000000004 1
8.5483870967741939 0.80000000000000004 1
8.7096774193548381 0.80000000000000004 1
8.870967741935484 0.80000000000000004 1
9.0322580645161281 0.80000000000000004 1
9.193548387096774 0.80000000000000004 1
9.3548387096774182 0.80000000000000004 1
9.5161290322580641 0.80000000000000004 1
9.67741935483871 0.80000000000000004 1
9.8387096774193559 0.80000000000000004 1
10 0.80000000000000004 1
0 0.81428571428571428 1
0.16129032258064516 0.81428571428571428 1
0.32258064516129031 0.81428571428571428 1
0.4838709677419355 0.81428571428571428 1
0.64516129032258063 0.81428571428571428 1
0.80645161290322576 0.81428571428571428 1
0.967741935483871 0.81428571428571428 1
1.129032258064516 0.81428571428571428 1
1.2903225806451613 0.81428571428571428 1
1.4516129032258065 0.81428571428571428 1
1.6129032258064515 0.81428571428571428 1
1.774193548387097 0.81428571428571428 1
1.935483870967742 0.81428571428571428 1
2.096774193548387 0.81428571428571428 1
2.258064516129032 0.81428571428571428 1
2.4193548387096775 0.81428571428571428 1
2.5806451612903225 0.81428571428571428 1
2.7419354838709675 0.81428571428571428 1
2.903225806451613 0.81428571428571428 1
3.064516129032258 0.81428571428571428 1
3.225806451612903 0.81428571428571428 1
3.387096774193548 0.81428571428571428 1
3.5483870967741939 0.81428571428571428 1
3.709677419354839 0.81428571428571428 1
3.870967741935484 0.81428571428571428 1
4.032258064516129 0.81428571428571428 1
4.193548387096774 0.81428571428571428 1
4.354838709677419 0.81428571428571428 1
4.5161290322580641 0.81428571428571428 1
4.6774193548387091 0.81428571428571428 1
4.838709677419355 0.81428571428571428 1
5 0.81428571428571428 1
5.161290322580645 0.81428571428571428 1
5.32258064516129 0.81428571428571428 1
5.4838709677419351 0.81428571428571428 1
5.645161290322581 0.81428571428571428 1
5.806451612903226 0.81428571428571428 1
5.967741935483871 0.81428571428571428 1
6.129032258064516 0.81428571428571428 1
6.290322580645161 0.81428571428571428 1
6.4516129032258061 0.81428571428571428 1
6.6129032258064511 0.81428571428571428 1
6.7741935483870961 0.81428571428571428 1
6.935483870967742 0.81428571428571428 1
7.0967741935483879 0.81428571428571428 1
7.258064516129032 0.81428571428571428 1
7.4193548387096779 0.81428571428571428 1
7.5806451612903221 0.81428571428571428 1
7.741935483870968 0.81428571428571428 1
7.9032258064516121 0.81428571428571428 1
8.064516129032258 0.81428571428571428 1
8.2258064516129039 0.81428571428571428 1
8.387096774193548 0.81428571428571428 1
8.5483870967741939 0.81428571428571428 1
8.7096774193548381 0.81428571428571428 1
8.870967741935484 0.81428571428571428 1
9.0322580645161281 0.81428571428571428 1
9.193548387096774 0.81428571428571428 1
9.3548387096774182 0.81428571428571428 1
9.5161290322580641 0.81428571428571428 1
9.67741935483871 0.81428571428571428 1
9.8387096774193559 0.81428571428571428 1
10 0.81428571428571428 1
0 0.82857142857142863 1
0.16129032258064516 0.82857142857142863 1
0.32258064516129031 0.82857142857142863 1
0.4838709677419355 0.82857142857142863 1
0.64516129032258063 0.82857142857142863 1
0.80645161290322576 0.82857142857142863 1
0.967741935483871 0.82857142857142863 1
1.129032258064516 0.82857142857142863 1
1.2903225806451613 0.82857142857142863 1
1.4516129032258065 0.82857142857142863 1
1.6129032258064515 0.82857142857142863 1
1.774193548387097 0.82857142857142863 1
1.935483870967742 0.82857142857142863 1
2.096774193548387 0.82857142857142863 1
2.258064516129032 0.82857142857142863 1
2.4193548387096775 0.82857142857142863 1
2.5806451612903225 0.82857142857142863 1
2.7419354838709675 0.82857142857142863 1
2.903225806451613 0.82857142857142863 1
3.064516129032258 0.82857142857142863 1
3.225806451612903 0.82857142857142863 1
3.387096774193548 0.82857142857142863 1
3.5483870967741939 0.82857142857142863 1
3.709677419354839 0.82857142857142863 1
3.870967741935484 0.82857142857142863 1
4.032258064516129 0.82857142857142863 1
4.193548387096774 0.82857142857142863 1
4.354838709677419 0.82857142857142863 1
4.5161290322580641 0.82857142857142863 1
4.6774193548387091 0.82857142857142863 1
4.838709677419355 0.82857142857142863 1
5 0.82857142857142863 1
5.161290322580645 0.82857142857142863 1
5.32258064516129 0.82857142857142863 1
5.4838709677419351 0.82857142857142863 1
5.645161290322581 0.82857142857142863 1
5.806451612903226 0.82857142857142863 1
5.967741935483871 0.82857142857142863 1
6.129032258064516 0.82857142857142863 1
6.290322580645161 0.82857142857142863 1
6.4516129032258061 0.82857142857142863 1
6.6129032258064511 0.82857142857142863 1
6.7741935483870961 0.82857142857142863 1
6.935483870967742 0.82857142857142863 1
7.0967741935483879 0.82857142857142863 1
7.258064516129032 0.82857142857142863 1
7.4193548387096779 0.82857142857142863 1
7.5806451612903221 0.82857142857142863 1
7.741935483870968 0.82857142857142863 1
7.9032258064516121 0.82857142857142863 1
8.064516129032258 0.82857142857142863 1
8.2258064516129039 0.82857142857142863 1
8.387096774193548 0.82857142857142863 1
8.5483870967741939 0.82857142857142863 1
8.7096774193548381 0.82857142857142863 1
8.870967741935484 0.82857142857142863 1
9.0322580645161281 0.82857142857142863 1
9.193548387096774 0.82857142857142863 1
9.3548387096774182 0.82857142857142863 1
9.5161290322580641 0.82857142857142863 1
9.67741935483871 0.82857142857142863 1
9.8387096774193559 0.82857142857142863 1
10 0.82857142857142863 1
0 0.84285714285714286 1
0.16129032258064516 0.84285714285714286 1
0.32258064516129031 0.84285714285714286 1
0.4838709677419355 0.84285714285714286 1
0.64516129032258063 0.84285714285714286 1
0.80645161290322576 0.84285714285714286 1
0.967741935483871 0.84285714285714286 1
1.129032258064516 0.84285714285714286 1
1.2903225806451613 0.84285714285714286 1
1.4516129032258065 0.84285714285714286 1
1.6129032258064515 0.84285714285714286 1
1.774193548387097 0.84285714285714286 1
1.935483870967742 0.84285714285714286 1
2.096774193548387 0.84285714285714286 1
2.258064516129032 0.84285714285714286 1
2.4193548387096775 0.84285714285714286 1
2.5806451612903225 0.84285714285714286 1
2.7419354838709675 0.84285714285714286 1
2.903225806451613 0.84285714285714286 1
3.064516129032258 0.84285714285714286 1
3.225806451612903 0.84285714285714286 1
3.387096774193548 0.84285714285714286 1
3.5483870967741939 0.84285714285714286 1
3.709677419354839 0.84285714285714286 1
3.870967741935484 0.84285714285714286 1
4.032258064516129 0.84285714285714286 1
4.193548387096774 0.84285714285714286 1
4.354838709677419 0.84285714285714286 1
4.5161290322580641 0.84285714285714286 1
4.6774193548387091 0.84285714285714286 1
4.838709677419355 0.84285714285714286 1
5 0.84285714285714286 1
5.161290322580645 0.84285714285714286 1
5.32258064516129 0.84285714285714286 1
5.4838709677419351 0.84285714285714286 1
5.645161290322581 0.84285714285714286 1
5.806451612903226 0.84285714285714286 1
5.967741935483871 0.84285714285714286 1
6.129032258064516 0.84285714285714286 1
6.290322580645161 0.84285714285714286 1
6.4516129032258061 0.84285714285714286 1
6.6129032258064511 0.84285714285714286 1
6.7741935483870961 0.84285714285714286 1
6.935483870967742 0.84285714285714286 1
7.0967741935483879 0.84285714285714286 1
7.258064516129032 0.84285714285714286 1
7.4193548387096779 0.84285714285714286 1
7.5806451612903221 0.84285714285714286 1
7.741935483870968 0.84285714285714286 1
7.9032258064516121 0.84285714285714286 1
8.064516129032258 0.84285714285714286 1
8.2258064516129039 0.84285714285714286 1
8.387096774193548 0.84285714285714286 1
8.5483870967741939 0.84285714285714286 1
8.7096774193548381 0.84285714285714286 1
8.870967741935484 0.84285714285714286 1
9.0322580645161281 0.84285714285714286 1
9.193548387096774 0.84285714285714286 1
9.3548387096774182 0.84285714285714286 1
9.5161290322580641 0.84285714285714286 1
9.67741935483871 0.84285714285714286 1
9.8387096774193559 0.84285714285714286 1
10 0.84285714285714286 1
0 0.8571428571428571 1
0.16129032258064516 0.8571428571428571 1
0.32258064516129031 0.8571428571428571 1
0.4838709677419355 0.8571428571428571 1
0.64516129032258063 0.8571428571428571 1
0.80645161290322576 0.8571428571428571 1
0.967741935483871 0.8571428571428571 1
1.129032258064516 0.8571428571428571 1
1.2903225806451613 0.8571428571428571 1
1.4516129032258065 0.8571428571428571 1
1.6129032258064515 0.8571428571428571 1
1.774193548387097 0.8571428571428571 1
1.935483870967742 0.8571428571428571 1
2.096774193548387 0.8571428571428571 1
2.258064516129032 0.8571428571428571 1
2.4193548387096775 0.8571428571428571 1
2.5806451612903225 0.8571428571428571 1
2.7419354838709675 0.8571428571428571 1
2.903225806451613 0.8571428571428571 1
3.064516129032258 0.8571428571428571 1
3.225806451612903 0.8571428571428571 1
3.387096774193548 0.8571428571428571 1
3.5483870967741939 0.8571428571428571 1
3.709677419354839 0.8571428571428571 1
3.870967741935484 0.8571428571428571 1
4.032258064516129 0.8571428571428571 1
4.193548387096774 0.8571428571428571 1
4.354838709677419 0.8571428571428571 1
4.5161290322580641 0.8571428571428571 1
4.6774193548387091 0.8571428571428571 1
4.838709677419355 0.8571428571428571 1
5 0.8571428571428571 1
5.161290322580645 0.8571428571428571 1
5.32258064516129 0.8571428571428571 1
5.4838709677419351 0.8571428571428571 1
5.645161290322581 0.8571428571428571 1
5.806451612903226 0.8571428571428571 1
5.967741935483871 0.8571428571428571 1
6.129032258064516 0.8571428571428571 1
6.290322580645161 0.8571428571428571 1
6.4516129032258061 0.8571428571428571 1
6.6129032258064511 0.8571428571428571 1
6.7741935483870961 0.8571428571428571 1
6.935483870967742 0.8571428571428571 1
7.0967741935483879 0.8571428571428571 1
7.258064516129032 0.8571428571428571 1
7.4193548387096779 0.8571428571428571 1
7.5806451612903221 0.8571428571428571 1
7.741935483870968 0.8571428571428571 1
7.9032258064516121 0.8571428571428571 1
8.064516129032258 0.8571428571428571 1
8.2258064516129039 0.8571428571428571 1
8.387096774193548 0.8571428571428571 1
8.5483870967741939 0.8571428571428571 1
8.7096774193548381 0.8571428571428571 1
8.870967741935484 0.8571428571428571 1
9.0322580645161281 0.8571428571428571 1
9.193548387096774 0.8571428571428571 1
9.3548387096774182 0.8571428571428571 1
9.5161290322580641 0.8571428571428571 1
9.67741935483871 0.8571428571428571 1
9.8387096774193559 0.8571428571428571 1
10 0.8571428571428571 1
0 0.87142857142857144 1
0.16129032258064516 0.87142857142857144 1
0.32258064516129031 0.87142857142857144 1
0.4838709677419355 0.87142857142857144 1
0.64516129032258063 0.87142857142857144 1
0.80645161290322576 0.87142857142857144 1
0.967741935483871 0.87142857142857144 1
1.129032258064516 0.87142857142857144 1
1.2903225806451613 0.87142857142857144 1
1.4516129032258065 0.87142857142857144 1
1.6129032258064515 0.87142857142857144 1
1.774193548387097 0.87142857142857144 1
1.935483870967742 0.87142857142857144 1
2.096774193548387 0.87142857142857144 1
2.258064516129032 0.87142857142857144 1
2.4193548387096775 0.87142857142857144 1
2.5806451612903225 0.87142857142857144 1
2.7419354838709675 0.87142857142857144 1
2.903225806451613 0.87142857142857144 1
3.064516129032258 0.87142857142857144 1
3.225806451612903 0.87142857142857144 1
3.387096774193548 0.87142857142857144 1
3.5483870967741939 0.87142857142857144 1
3.709677419354839 0.87142857142857144 1
3.870967741935484 0.87142857142857144 1
4.032258064516129 0.87142857142857144 1
4.193548387096774 0.87142857142857144 1
4.354838709677419 0.87142857142857144 1
4.5161290322580641 0.87142857142857144 1
4.6774193548387091 0.87142857142857144 1
4.838709677419355 0.87142857142857144 1
5 0.87142857142857144 1
5.161290322580645 0.87142857142857144 1
5.32258064516129 0.87142857142857144 1
5.4838709677419351 0.87142857142857144 1
5.645161290322581 0.87142857142857144 1
5.806451612903226 0.87142857142857144 1
5.967741935483871 0.87142857142857144 1
6.129032258064516 0.87142857142857144 1
6.290322580645161 0.87142857142857144 1
6.4516129032258061 0.87142857142857144 1
6.6129032258064511 0.87142857142857144 1
6.7741935483870961 0.87142857142857144 1
6.935483870967742 0.87142857142857144 1
7.0967741935483879 0.87142857142857144 1
7.258064516129032 0.87142857142857144 1
7.4193548387096779 0.87142857142857144 1
7.5806451612903221 0.87142857142857144 1
7.741935483870968 0.87142857142857144 1
7.9032258064516121 0.87142857142857144 1
8.064516129032258 0.87142857142857144 1
8.2258064516129039 0.87142857142857144 1
8.387096774193548 0.87142857142857144 1
8.5483870967741939 0.87142857142857144 1
8.7096774193548381 0.87142857142857144 1
8.870967741935484 0.87142857142857144 1
9.0322580645161281 0.87142857142857144 1
9.193548387096774 0.87142857142857144 1
9.3548387096774182 0.87142857142857144 1
9.5161290322580641 0.87142857142857144 1
9.67741935483871 0.87142857142857144 1
9.8387096774193559 0.87142857142857144 1
10 0.87142857142857144 1
0 0.88571428571428568 1
0.16129032258064516 0.88571428571428568 1
0.32258064516129031 0.88571428571428568 1
0.4838709677419355 0.88571428571428568 1
0.64516129032258063 0.88571428571428568 1
0.80645161290322576 0.88571428571428568 1
0.967741935483871 0.88571428571428568 1
1.129032258064516 0.88571428571428568 1
1.2903225806451613 0.88571428571428568 1
1.4516129032258065 0.88571428571428568 1
1.6129032258064515 0.88571428571428568 1
1.774193548387097 0.88571428571428568 1
1.935483870967742 0.88571428571428568 1
2.096774193548387 0.88571428571428568 1
2.258064516129032 0.88571428571428568 1
2.4193548387096775 0.88571428571428568 1
2.5806451612903225 0.88571428571428568 1
2.7419354838709675 0.88571428571428568 1
2.903225806451613 0.88571428571428568 1
3.064516129032258 0.88571428571428568 1
3.225806451612903 0.88571428571428568 1
3.387096774193548 0.88571428571428568 1
3.5483870967741939 0.88571428571428568 1
3.709677419354839 0.88571428571428568 1
3.870967741935484 0.88571428571428568 1
4.032258064516129 0.88571428571428568 1
4.193548387096774 0.88571428571428568 1
4.354838709677419 0.88571428571428568 1
4.5161290322580641 0.88571428571428568 1
4.6774193548387091 0.88571428571428568 1
4.838709677419355 0.88571428571428568 1
5 0.88571428571428568 1
5.161290322580645 0.88571428571428568 1
5.32258064516129 0.88571428571428568 1
5.4838709677419351 0.88571428571428568 1
5.645161290322581 0.88571428571428568 1
5.806451612903226 0.88571428571428568 1
5.967741935483871 0.88571428571428568 1
6.129032258064516 0.88571428571428568 1
6.290322580645161 0.88571428571428568 1
6.4516129032258061 0.88571428571428568 1
6.6129032258064511 0.88571428571428568 1
6.7741935483870961 0.88571428571428568 1
6.935483870967742 0.88571428571428568 1
7.0967741935483879 0.88571428571428568 1
7.258064516129032 0.88571428571428568 1
7.4193548387096779 0.88571428571428568 1
7.5806451612903221 0.88571428571428568 1
7.741935483870968 0.88571428571428568 1
7.9032258064516121 0.88571428571428568 1
8.064516129032258 0.88571428571428568 1
8.2258064516129039 0.88571428571428568 1
8.387096774193548 0.88571428571428568 1
8.5483870967741939 0.88571428571428568 1
8.7096774193548381 0.88571428571428568 1
8.870967741935484 0.88571428571428568 1
9.0322580645161281 0.88571428571428568 1
9.193548387096774 0.88571428571428568 1
9.3548387096774182 0.88571428571428568 1
9.5161290322580641 0.88571428571428568 1
9.67741935483871 0.88571428571428568 1
9.8387096774193559 0.88571428571428568 1
10 0.88571428571428568 1
0 0.90000000000000002 1
0.16129032258064516 0.90000000000000002 1
0.32258064516129031 0.90000000000000002 1
0.4838709677419355 0.90000000000000002 1
0.64516129032258063 0.90000000000000002 1
0.80645161290322576 0.90000000000000002 1
0.967741935483871 0.90000000000000002 1
1.129032258064516 0.90000000000000002 1
1.2903225806451613 0.90000000000000002 1
1.4516129032258065 0.90000000000000002 1
1.6129032258064515 0.90000000000000002 1
1.774193548387097 0.90000000000000002 1
1.935483870967742 0.90000000000000002 1
2.096774193548387 0.90000000000000002 1
2.258064516129032 0.90000000000000002 1
2.4193548387096775 0.90000000000000002 1
2.5806451612903225 0.90000000000000002 1
2.7419354838709675 0.90000000000000002 1
2.903225806451613 0.90000000000000002 1
3.064516129032258 0.90000000000000002 1
3.225806451612903 0.90000000000000002 1
3.387096774193548 0.90000000000000002 1
3.5483870967741939 0.90000000000000002 1
3.709677419354839 0.90000000000000002 1
3.870967741935484 0.90000000000000002 1
4.032258064516129 0.90000000000000002 1
4.193548387096774 0.90000000000000002 1
4.354838709677419 0.90000000000000002 1
4.5161290322580641 0.90000000000000002 1
4.6774193548387091 0.90000000000000002 1
4.838709677419355 0.90000000000000002 1
5 0.90000000000000002 1
5.161290322580645 0.90000000000000002 1
5.32258064516129 0.90000000000000002 1
5.4838709677419351 0.90000000000000002 1
5.645161290322581 0.90000000000000002 1
5.806451612903226 0.90000000000000002 1
5.967741935483871 0.90000000000000002 1
6.129032258064516 0.90000000000000002 1
6.290322580645161 0.90000000000000002 1
6.4516129032258061 0.90000000000000002 1
6.6129032258064511 0.90000000000000002 1
6.7741935483870961 0.90000000000000002 1
6.935483870967742 0.90000000000000002 1
7.0967741935483879 0.90000000000000002 1
7.258064516129032 0.90000000000000002 1
7.4193548387096779 0.90000000000000002 1
7.5806451612903221 0.90000000000000002 1
7.741935483870968 0.90000000000000002 1
7.9032258064516121 0.90000000000000002 1
8.064516129032258 0.90000000000000002 1
8.2258064516129039 0.90000000000000002 1
8.387096774193548 0.90000000000000002 1
8.5483870967741939 0.90000000000000002 1
8.7096774193548381 0.90000000000000002 1
8.870967741935484 0.90000000000000002 1
9.0322580645161281 0.90000000000000002 1
9.193548387096774 0.90000000000000002 1
9.3548387096774182 0.90000000000000002 1
9.5161290322580641 0.90000000000000002 1
9.67741935483871 0.90000000000000002 1
9.8387096774193559 0.90000000000000002 1
10 0.90000000000000002 1
0 0.91428571428571426 1
0.16129032258064516 0.91428571428571426 1
0.32258064516129031 0.91428571428571426 1
0.4838709677419355 0.91428571428571426 1
0.64516129032258063 0.91428571428571426 1
0.80645161290322576 0.91428571428571426 1
0.967741935483871 0.91428571428571426 1
1.129032258064516 0.91428571428571426 1
1.2903225806451613 0.91428571428571426 1
1.4516129032258065 0.91428571428571426 1
1.6129032258064515 0.91428571428571426 1
1.774193548387097 0.91428571428571426 1
1.935483870967742 0.91428571428571426 1
2.096774193548387 0.91428571428571426 1
2.258064516129032 0.91428571428571426 1
2.4193548387096775 0.91428571428571426 1
2.5806451612903225 0.91428571428571426 1
2.7419354838709675 0.91428571428571426 1
2.903225806451613 0.91428571428571426 1
3.064516129032258 0.91428571428571426 1
3.225806451612903 0.91428571428571426 1
3.387096774193548 0.91428571428571426 1
3.5483870967741939 0.91428571428571426 1
3.709677419354839 0.91428571428571426 1
3.870967741935484 0.91428571428571426 1
4.032258064516129 0.91428571428571426 1
4.193548387096774 0.91428571428571426 1
4.354838709677419 0.91428571428571426 1
4.5161290322580641 0.91428571428571426 1
4.6774193548387091 0.91428571428571426 1
4.838709677419355 0.91428571428571426 1
5 0.91428571428571426 1
5.161290322580645 0.91428571428571426 1
5.32258064516129 0.91428571428571426 1
5.4838709677419351 0.91428571428571426 1
5.645161290322581 0.91428571428571426 1
5.806451612903226 0.91428571428571426 1
5.967741935483871 0.91428571428571426 1
6.129032258064516 0.91428571428571426 1
6.290322580645161 0.91428571428571426 1
6.4516129032258061 0.91428571428571426 1
6.6129032258064511 0.91428571428571426 1
6.7741935483870961 0.91428571428571426 1
6.935483870967742 0.91428571428571426 1
7.0967741935483879 0.91428571428571426 1
7.258064516129032 0.91428571428571426 1
7.4193548387096779 0.91428571428571426 1
7.5806451612903221 0.91428571428571426 1
7.741935483870968 0.91428571428571426 1
7.9032258064516121 0.91428571428571426 1
8.064516129032258 0.91428571428571426 1
8.2258064516129039 0.91428571428571426 1
8.387096774193548 0.91428571428571426 1
8.5483870967741939 0.91428571428571426 1
8.7096774193548381 0.91428571428571426 1
8.870967741935484 0.91428571428571426 1
9.0322580645161281 0.91428571428571426 1
9.193548387096774 0.91428571428571426 1
9.3548387096774182 0.91428571428571426 1
9.5161290322580641 0.91428571428571426 1
9.67741935483871 0.91428571428571426 1
9.8387096774193559 0.91428571428571426 1
10 0.91428571428571426 1
0 0.9285714285714286 1
0.16129032258064516 0.9285714285714286 1
0.32258064516129031 0.9285714285714286 1
0.4838709677419355 0.9285714285714286 1
0.64516129032258063 0.9285714285714286 1
0.80645161290322576 0.9285714285714286 1
0.967741935483871 0.9285714285714286 1
1.129032258064516 0.9285714285714286 1
1.2903225806451613 0.9285714285714286 1
1.4516129032258065 0.9285714285714286 1
1.6129032258064515 0.9285714285714286 1
1.774193548387097 0.9285714285714286 1
1.935483870967742 0.9285714285714286 1
2.096774193548387 0.9285714285714286 1
2.258064516129032 0.9285714285714286 1
2.4193548387096775 0.9285714285714286 1
2.5806451612903225 0.9285714285714286 1
2.7419354838709675 0.9285714285714286 1
2.903225806451613 0.9285714285714286 1
3.064516129032258 0.9285714285714286 1
3.225806451612903 0.9285714285714286 1
3.387096774193548 0.9285714285714286 1
3.5483870967741939 0.9285714285714286 1
3.709677419354839 0.9285714285714286 1
3.870967741935484 0.9285714285714286 1
4.032258064516129 0.9285714285714286 1
4.193548387096774 0.9285714285714286 1
4.354838709677419 0.9285714285714286 1
4.5161290322580641 0.9285714285714286 1
4.6774193548387091 0.9285714285714286 1
4.838709677419355 0.9285714285714286 1
5 0.9285714285714286 1
5.161290322580645 0.9285714285714286 1
5.32258064516129 0.9285714285714286 1
5.4838709677419351 0.9285714285714286 1
5.645161290322581 0.9285714285714286 1
5.806451612903226 0.9285714285714286 1
5.967741935483871 0.9285714285714286 1
6.129032258064516 0.9285714285714286 1
6.290322580645161 0.9285714285714286 1
6.4516129032258061 0.9285714285714286 1
6.6129032258064511 0.9285714285714286 1
6.7741935483870961 0.9285714285714286 1
6.935483870967742 0.9285714285714286 1
7.0967741935483879 0.9285714285714286 1
7.258064516129032 0.9285714285714286 1
7.4193548387096779 0.9285714285714286 1
7.5806451612903221 0.9285714285714286 1
7.741935483870968 0.9285714285714286 1
7.9032258064516121 0.9285714285714286 1
8.064516129032258 0.9285714285714286 1
8.2258064516129039 0.9285714285714286 1
8.387096774193548 0.9285714285714286 1
8.5483870967741939 0.9285714285714286 1
8.7096774193548381 0.9285714285714286 1
8.870967741935484 0.9285714285714286 1
9.0322580645161281 0.9285714285714286 1
9.193548387096774 0.9285714285714286 1
9.3548387096774182 0.9285714285714286 1
9.5161290322580641 0.9285714285714286 1
9.67741935483871 0.9285714285714286 1
9.8387096774193559 0.9285714285714286 1
10 0.9285714285714286 1
0 0.94285714285714284 1
0.16129032258064516 0.94285714285714284 1
0.32258064516129031 0.94285714285714284 1
0.4838709677419355 0.94285714285714284 1
0.64516129032258063 0.94285714285714284 1
0.80645161290322576 0.94285714285714284 1
0.967741935483871 0.94285714285714284 1
1.129032258064516 0.94285714285714284 1
1.2903225806451613 0.94285714285714284 1
1.4516129032258065 0.94285714285714284 1
1.6129032258064515 0.94285714285714284 1
1.774193548387097 0.94285714285714284 1
1.935483870967742 0.94285714285714284 1
2.096774193548387 0.94285714285714284 1
2.258064516129032 0.94285714285714284 1
2.4193548387096775 0.94285714285714284 1
2.5806451612903225 0.94285714285714284 1
2.7419354838709675 0.94285714285714284 1
2.903225806451613 0.94285714285714284 1
3.064516129032258 0.94285714285714284 1
3.225806451612903 0.94285714285714284 1
3.387096774193548 0.94285714285714284 1
3.5483870967741939 0.94285714285714284 1
3.709677419354839 0.94285714285714284 1
3.870967741935484 0.94285714285714284 1
4.032258064516129 0.94285714285714284 1
4.193548387096774 0.94285714285714284 1
4.354838709677419 0.94285714285714284 1
4.5161290322580641 0.94285714285714284 1
4.6774193548387091 0.94285714285714284 1
4.838709677419355 0.94285714285714284 1
5 0.94285714285714284 1
5.161290322580645 0.94285714285714284 1
5.32258064516129 0.94285714285714284 1
5.4838709677419351 0.94285714285714284 1
5.645161290322581 0.94285714285714284 1
5.806451612903226 0.94285714285714284 1
5.967741935483871 0.94285714285714284 1
6.129032258064516 0.94285714285714284 1
6.290322580645161 0.94285714285714284 1
6.4516129032258061 0.94285714285714284 1
6.6129032258064511 0.94285714285714284 1
6.7741935483870961 0.94285714285714284 1
6.935483870967742 0.94285714285714284 1
7.0967741935483879 0.94285714285714284 1
7.258064516129032 0.94285714285714284 1
7.4193548387096779 0.94285714285714284 1
7.5806451612903221 0.94285714285714284 1
7.741935483870968 0.94285714285714284 1
7.9032258064516121 0.94285714285714284 1
8.064516129032258 0.94285714285714284 1
8.2258064516129039 0.94285714285714284 1
8.387096774193548 0.94285714285714284 1
8.5483870967741939 0.94285714285714284 1
8.7096774193548381 0.94285714285714284 1
8.870967741935484 0.94285714285714284 1
9.0322580645161281 0.94285714285714284 1
9.193548387096774 0.94285714285714284 1
9.3548387096774182 0.94285714285714284 1
9.5161290322580641 0.94285714285714284 1
9.67741935483871 0.94285714285714284 1
9.8387096774193559 0.94285714285714284 1
10 0.94285714285714284 1
0 0.95714285714285718 1
0.16129032258064516 0.95714285714285718 1
0.32258064516129031 0.95714285714285718 1
0.4838709677419355 0.95714285714285718 1
0.64516129032258063 0.95714285714285718 1
0.80645161290322576 0.95714285714285718 1
0.967741935483871 0.95714285714285718 1
1.129032258064516 0.95714285714285718 1
1.2903225806451613 0.95714285714285718 1
1.4516129032258065 0.95714285714285718 1
1.6129032258064515 0.95714285714285718 1
1.774193548387097 0.95714285714285718 1
1.935483870967742 0.95714285714285718 1
2.096774193548387 0.95714285714285718 1
2.258064516129032 0.95714285714285718 1
2.4193548387096775 0.95714285714285718 1
2.5806451612903225 0.95714285714285718 1
2.7419354838709675 0.95714285714285718 1
2.903225806451613 0.95714285714285718 1
3.064516129032258 0.95714285714285718 1
3.225806451612903 0.95714285714285718 1
3.387096774193548 0.95714285714285718 1
3.5483870967741939 0.95714285714285718 1
3.709677419354839 0.95714285714285718 1
3.870967741935484 0.95714285714285718 1
4.032258064516129 0.95714285714285718 1
4.193548387096774 0.95714285714285718 1
4.354838709677419 0.95714285714285718 1
4.5161290322580641 0.95714285714285718 1
4.6774193548387091 0.95714285714285718 1
4.838709677419355 0.95714285714285718 1
5 0.95714285714285718 1
5.161290322580645 0.95714285714285718 1
5.32258064516129 0.95714285714285718 1
5.4838709677419351 0.95714285714285718 1
5.645161290322581 0.95714285714285718 1
5.806451612903226 0.95714285714285718 1
5.967741935483871 0.95714285714285718 1
6.129032258064516 0.95714285714285718 1
6.290322580645161 0.95714285714285718 1
6.4516129032258061 0.95714285714285718 1
6.6129032258064511 0.95714285714285718 1
6.7741935483870961 0.95714285714285718 1
6.935483870967742 0.95714285714285718 1
7.0967741935483879 0.95714285714285718 1
7.258064516129032 0.95714285714285718 1
7.4193548387096779 0.95714285714285718 1
7.5806451612903221 0.95714285714285718 1
7.741935483870968 0.95714285714285718 1
7.9032258064516121 0.95714285714285718 1
8.064516129032258 0.95714285714285718 1
8.2258064516129039 0.95714285714285718 1
8.387096774193548 0.95714285714285718 1
8.5483870967741939 0.95714285714285718 1
8.7096774193548381 0.95714285714285718 1
8.870967741935484 0.95714285714285718 1
9.0322580645161281 0.95714285714285718 1
9.193548387096774 0.95714285714285718 1
9.3548387096774182 0.95714285714285718 1
9.5161290322580641 0.95714285714285718 1
9.67741935483871 0.95714285714285718 1
9.8387096774193559 0.95714285714285718 1
10 0.95714285714285718 1
0 0.97142857142857142 1
0.16129032258064516 0.97142857142857142 1
0.32258064516129031 0.97142857142857142 1
0.4838709677419355 0.97142857142857142 1
0.64516129032258063 0.97142857142857142 1
0.80645161290322576 0.97142857142857142 1
0.967741935483871 0.97142857142857142 1
1.129032258064516 0.97142857142857142 1
1.2903225806451613 0.97142857142857142 1
1.4516129032258065 0.97142857142857142 1
1.6129032258064515 0.97142857142857142 1
1.774193548387097 0.97142857142857142 1
1.935483870967742 0.97142857142857142 1
2.096774193548387 0.97142857142857142 1
2.258064516129032 0.97142857142857142 1
2.4193548387096775 0.97142857142857142 1
2.5806451612903225 0.97142857142857142 1
2.7419354838709675 0.97142857142857142 1
2.903225806451613 0.97142857142857142 1
3.064516129032258 0.97142857142857142 1
3.225806451612903 0.97142857142857142 1
3.387096774193548 0.97142857142857142 1
3.5483870967741939 0.97142857142857142 1
3.709677419354839 0.97142857142857142 1
3.870967741935484 0.97142857142857142 1
4.032258064516129 0.97142857142857142 1
4.193548387096774 0.97142857142857142 1
4.354838709677419 0.97142857142857142 1
4.5161290322580641 0.97142857142857142 1
4.6774193548387091 0.97142857142857142 1
4.838709677419355 0.97142857142857142 1
5 0.97142857142857142 1
5.161290322580645 0.97142857142857142 1
5.32258064516129 0.97142857142857142 1
5.4838709677419351 0.97142857142857142 1
5.645161290322581 0.97142857142857142 1
5.806451612903226 0.97142857142857142 1
5.967741935483871 0.97142857142857142 1
6.129032258064516 0.97142857142857142 1
6.290322580645161 0.97142857142857142 1
6.4516129032258061 0.97142857142857142 1
6.6129032258064511 0.97142857142857142 1
6.7741935483870961 0.97142857142857142 1
6.935483870967742 0.97142857142857142 1
7.0967741935483879 0.97142857142857142 1
7.258064516129032 0.97142857142857142 1
7.4193548387096779 0.97142857142857142 1
7.5806451612903221 0.97142857142857142 1
7.741935483870968 0.97142857142857142 1
7.9032258064516121 0.97142857142857142 1
8.064516129032258 0.97142857142857142 1
8.2258064516129039 0.97142857142857142 1
8.387096774193548 0.97142857142857142 1
8.5483870967741939 0.97142857142857142 1
8.7096774193548381 0.97142857142857142 1
8.870967741935484 0.97142857142857142 1
9.0322580645161281 0.97142857142857142 1
9.193548387096774 0.97142857142857142 1
9.3548387096774182 0.97142857142857142 1
9.5161290322580641 0.97142857142857142 1
9.67741935483871 0.97142857142857142 1
9.8387096774193559 0.97142857142857142 1
10 0.97142857142857142 1
0 0.98571428571428577 1
0.16129032258064516 0.98571428571428577 1
0.32258064516129031 0.98571428571428577 1
0.4838709677419355 0.98571428571428577 1
0.64516129032258063 0.98571428571428577 1
0.80645161290322576 0.98571428571428577 1
0.967741935483871 0.98571428571428577 1
1.129032258064516 0.98571428571428577 1
1.2903225806451613 0.98571428571428577 1
1.4516129032258065 0.98571428571428577 1
1.6129032258064515 0.98571428571428577 1
1.774193548387097 0.98571428571428577 1
1.935483870967742 0.98571428571428577 1
2.096774193548387 0.98571428571428577 1
2.258064516129032 0.98571428571428577 1
2.4193548387096775 0.98571428571428577 1
2.5806451612903225 0.98571428571428577 1
2.7419354838709675 0.98571428571428577 1
2.903225806451613 0.98571428571428577 1
3.064516129032258 0.98571428571428577 1
3.225806451612903 0.98571428571428577 1
3.387096774193548 0.98571428571428577 1
3.5483870967741939 0.98571428571428577 1
3.709677419354839 0.98571428571428577 1
3.870967741935484 0.98571428571428577 1
4.032258064516129 0.98571428571428577 1
4.193548387096774 0.98571428571428577 1
4.354838709677419 0.98571428571428577 1
4.5161290322580641 0.98571428571428577 1
4.6774193548387091 0.98571428571428577 1
4.838709677419355 0.98571428571428577 1
5 0.98571428571428577 1
5.161290322580645 0.98571428571428577 1
5.32258064516129 0.98571428571428577 1
5.4838709677419351 0.98571428571428577 1
5.645161290322581 0.98571428571428577 1
5.806451612903226 0.98571428571428577 1
5.967741935483871 0.98571428571428577 1
6.129032258064516 0.98571428571428577 1
6.290322580645161 0.98571428571428577 1
6.4516129032258061 0.98571428571428577 1
6.6129032258064511 0.98571428571428577 1
6.7741935483870961 0.98571428571428577 1
6.935483870967742 0.98571428571428577 1
7.0967741935483879 0.98571428571428577 1
7.258064516129032 0.98571428571428577 1
7.4193548387096779 0.98571428571428577 1
7.5806451612903221 0.98571428571428577 1
7.741935483870968 0.98571428571428577 1
7.9032258064516121 0.98571428571428577 1
8.064516129032258 0.98571428571428577 1
8.2258064516129039 0.98571428571428577 1
8.387096774193548 0.98571428571428577 1
8.5483870967741939 0.98571428571428577 1
8.7096774193548381 0.98571428571428577 1
8.870967741935484 0.98571428571428577 1
9.0322580645161281 0.98571428571428577 1
9.193548387096774 0.98571428571428577 1
9.3548387096774182 0.98571428571428577 1
9.5161290322580641 0.98571428571428577 1
9.67741935483871 0.98571428571428577 1
9.8387096774193559 0.98571428571428577 1
10 0.98571428571428577 1
0 1 1
0.16129032258064516 1 1
0.32258064516129031 1 1
0.4838709677419355 1 1
0.64516129032258063 1 1
0.80645161290322576 1 1
0.967741935483871 1 1
1.129032258064516 1 1
1.2903225806451613 1 1
1.4516129032258065 1 1
1.6129032258064515 1 1
1.774193548387097 1 1
1.935483870967742 1 1
2.096774193548387 1 1
2.258064516129032 1 1
2.4193548387096775 1 1
2.5806451612903225 1 1
2.7419354838709675 1 1
2.903225806451613 1 1
3.064516129032258 1 1
3.225806451612903 1 1
3.387096774193548 1 1
3.5483870967741939 1 1
3.709677419354839 1 1
3.870967741935484 1 1
4.032258064516129 1 1
4.193548387096774 1 1
4.354838709677419 1 1
4.5161290322580641 1 1
4.6774193548387091 1 1
4.838709677419355 1 1
5 1 1
5.161290322580645 1 1
5.32258064516129 1 1
5.4838709677419351 1 1
5.645161290322581 1 1
5.806451612903226 1 1
5.967741935483871 1 1
6.129032258064516 1 1
6.290322580645161 1 1
6.4516129032258061 1 1
6.6129032258064511 1 1
6.7741935483870961 1 1
6.935483870967742 1 1
7.0967741935483879 1 1
7.258064516129032 1 1
7.4193548387096779 1 1
7.5806451612903221 1 1
7.741935483870968 1 1
7.9032258064516121 1 1
8.064516129032258 1 1
8.2258064516129039 1 1
8.387096774193548 1 1
8.5483870967741939 1 1
8.7096774193548381 1 1
8.870967741935484 1 1
9.0322580645161281 1 1
9.193548387096774 1 1
9.3548387096774182 1 1
9.5161290322580641 1 1
9.67741935483871 1 1
9.8387096774193559 1 1
10 1 1
cells 4340
0 1 64 63 4473 4474 4537 4536
1 2 65 64 4474 4475 4538 4537
2 3 66 65 4475 4476 4539 4538
3 4 67 66 4476 4477 4540 4539
4 5 68 67 4477 4478 4541 4540
5 6 69 68 4478 4479 4542 4541
6 7 70 69 4479 4480 4543 4542
7 8 71 70 4480 4481 4544 4543
8 9 72 71 4481 4482 4545 4544
9 10 73 72 4482 4483 4546 4545
10 11 74 73 4483 4484 4547 4546
11 12 75 74 4484 4485 4548 4547
12 13 76 75 4485 4486 4549 4548
13 14 77 76 4486 4487 4550 4549
14 15 78 77 4487 4488 4551 4550
15 16 79 78 4488 4489 4552 4551
16 17 80 79 4489 4490 4553 4552
17 18 81 80 4490 4491 4554 4553
18 19 82 81 4491 4492 4555 4554
19 20 83 82 4492 4493 4556 4555
20 21 84 83 4493 4494 4557 4556
21 22 85 84 4494 4495 4558 4557
22 23 86 85 4495 4496 4559 4558
23 24 87 86 4496 4497 4560 4559
24 25 88 87 4497 4498 4561 4560
25 26 89 88 4498 4499 4562 4561
26 27 90 89 4499 4500 4563 4562
27 28 91 90 4500 4501 4564 4563
28 29 92 91 4501 4502 4565 4564
29 30 93 92 4502 4503 4566 4565
30 31 94 93 4503 4504 4567 4566
31 32 95 94 4504 4505 4568 4567
32 33 96 95 4505 4506 4569 4568
33 34 97 96 4506 4507 4570 4569
34 35 98 97 4507 4508 4571 4570
35 36 99 98 4508 4509 4572 4571
36 37 100 99 4509 4510 4573 4572
37 38 101 100 4510 4511 4574 4573
38 39 102 101 4511 4512 4575 4574
39 40 103 102 4512 4513 4576 4575
40 41 104 103 4513 4514 4577 4576
41 42 105 104 4514 4515 4578 4577
42 43 106 105 4515 4516 4579 4578
43 44 107 106 4516 4517 4580 4579
44 45 108 107 4517 4518 4581 4580
45 46 109 108 4518 4519 4582 4581
46 47 110 109 4519 4520 4583 4582
47 48 111 110 4520 4521 4584 4583
48 49 112 111 4521 4522 4585 4584
49 50 113 112 4522 4523 4586 4585
50 51 114 113 4523 4524 4587 4586
51 52 115 114 4524 4525 4588 4587
52 53 116 115 4525 4526 4589 4588
53 54 117 116 4526 4527 4590 4589
54 55 118 117 4527 4528 4591 4590
55 56 119 118 4528 4529 4592 4591
56 57 120 119 4529 4530 4593 4592
57 58 121 120 4530 4531 4594 4593
58 59 122 121 4531 4532 4595 4594
59 60 123 122 4532 4533 4596 4595
60 61 124 123 4533 4534 4597 4596
61 62 125 124 4534 4535 4598 4597
63 64 127 126 4536 4537 4600 4599
64 65 128 127 4537 4538 4601 4600
65 66 129 128 4538 4539 4602 4601
66 67 130 129 4539 4540 4603 4602
67 68 131 130 4540 4541 4604 4603
68 69 132 131 4541 4542 4605 4604
69 70 133 132 4542 4543 4606 4605
70 71 134 133 4543 4544 4607 4606
71 72 135 134 4544 4545 4608 4607
72 73 136 135 4545 4546 4609 4608
73 74 137 136 4546 4547 4610 4609
74 75 138 137 4547 4548 4611 4610
75 76 139 138 4548 4549 4612 4611
76 77 140 139 4549 4550 4613 4612
77 78 141 140 4550 4551 4614 4613
78 79 142 141 4551 4552 4615 4614
79 80 143 142 4552 4553 4616 4615
80 81 144 143 4553 4554 4617 4616
81 82 145 144 4554 4555 4618 4617
82 83 146 145 4555 4556 4619 4618
83 84 147 146 4556 4557 4620 4619
84 85 148 147 4557 4558 4621 4620
85 86 149 148 4558 4559 4622 4621
86 87 150 149 4559 4560 4623 4622
87 88 151 150 4560 4561 4624 4623
88 89 152 151 4561 4562 4625 4624
89 90 153 152 4562 4563 4626 4625
90 91 154 153 4563 4564 4627 4626
91 92 155 154 4564 4565 4628 4627
92 93 156 155 4565 4566 4629 4628
93 94 157 156 4566 4567 4630 4629
94 95 158 157 4567 4568 4631 4630
95 96 159 158 4568 4569 4632 4631
96 97 160 159 4569 4570 4633 4632
97 98 161 160 4570 4571 4634 4633
98 99 162 161 4571 4572 4635 4634
99 100 163 162 4572 4573 4636 4635
100 101 164 163 4573 4574 4637 4636
101 102 165 164 4574 4575 4638 4637
102 103 166 165 4575 4576 4639 4638
103 104 167 166 4576 4577 4640 4639
104 105 168 167 4577 4578 4641 4640
105 106 169 168 4578 4579 4642 4641
106 107 170 169 4579 4580 4643 4642
107 108 171 170 4580 4581 4644 4643
108 109 172 171 4581 4582 4645 4644
109 110 173 172 4582 4583 4646 4645
110 111 174 173 4583 4584 4647 4646
111 112 175 174 4584 4585 4648 4647
112 113 176 175 4585 4586 4649 4648
113 114 177 176 4586 4587 4650 4649
114 115 178 177 4587 4588 4651 4650
115 116 179 178 4588 4589 4652 4651
116 117 180 179 4589 4590 4653 4652
117 118 181 180 4590 4591 4654 4653
118 119 182 181 4591 4592 4655 4654
119 120 183 182 4592 4593 4656 4655
120 121 184 183 4593 4594 4657 4656
121 122 185 184 4594 4595 4658 4657
122 123 186 185 4595 4596 4659 4658
123 124 187 186 4596 4597 4660 4659
124 125 188 187 4597 4598 4661 4660
126 127 190 189 4599 4600 4663 4662
127 128 191 190 4600 4601 4664 4663
128 129 192 191 4601 4602 4665 4664
129 130 193 192 4602 4603 4666 4665
130 131 194 193 4603 4604 4667 4666
131 132 195 194 4604 4605 4668 4667
132 133 196 195 4605 4606 4669 4668
133 134 197 196 4606 4607 4670 4669
134 135 198 197 4607 4608 4671 4670
135 136 199 198 4608 4609 4672 4671
136 137 200 199 4609 4610 4673 4672
137 138 201 200 4610 4611 4674 4673
138 139 202 201 4611 4612 4675 4674
139 140 203 202 4612 4613 4676 4675
140 141 204 203 4613 4614 4677 4676
141 142 205 204 4614 4615 4678 4677
142 143 206 205 4615 4616 4679 4678
143 144 207 206 4616 4617 4680 4679
144 145 208 207 4617 4618 4681 4680
145 146 209 208 4618 4619 4682 4681
146 147 210 209 4619 4620 4683 4682
147 148 211 210 4620 4621 4684 4683
148 149 212 211 4621 4622 4685 4684
149 150 213 212 4622 4623 4686 4685
150 151 214 213 4623 4624 4687 4686
151 152 215 214 4624 4625 4688 4687
152 153 216 215 4625 4626 4689 4688
153 154 217 216 4626 4627 4690 4689
154 155 218 217 4627 4628 4691 4690
155 156 219 218 4628 4629 4692 4691
156 157 220 219 4629 4630 4693 4692
157 158 221 220 4630 4631 4694 4693
158 159 222 221 4631 4632 4695 4694
159 160 223 222 4632 4633 4696 4695
160 161 224 223 4633 4634 4697 4696
161 162 225 224 4634 4635 4698 4697
162 163 226 225 4635 4636 4699 4698
163 164 227 226 4636 4637 4700 4699
164 165 228 227 4637 4638 4701 4700
165 166 229 228 4638 4639 4702 4701
166 167 230 229 4639 4640 4703 4702
167 168 231 230 4640 4641 4704 4703
168 169 232 231 4641 4642 4705 4704
169 170 233 232 4642 4643 4706 4705
170 171 234 233 4643 4644 4707 4706
171 172 235 234 4644 4645 4708 4707
172 173 236 235 4645 4646 4709 4708
173 174 237 236 4646 4647 4710 4709
174 175 238 237 4647 4648 4711 4710
175 176 239 238 4648 4649 4712 4711
176 177 240 239 4649 4650 4713 4712
177 178 241 240 4650 4651 4714 4713
178 179 242 241 4651 4652 4715 4714
179 180 243 242 4652 4653 4716 4715
180 181 244 243 4653 4654 4717 4716
181 182 245 244 4654 4655 4718 4717
182 183 246 245 4655 4656 4719 4718
183 184 247 246 4656 4657 4720 4719
184 185 248 247 4657 4658 4721 4720
185 186 249 248 4658 4659 4722 4721
186 187 250 249 4659 4660 4723 4722
187 188 251 250 4660 4661 4724 4723
189 190 253 252 4662 4663 4726 4725
190 191 254 253 4663 4664 4727 4726
191 192 255 254 4664 4665 4728 4727
192 193 256 255 4665 4666 4729 4728
193 194 257 256 4666 4667 4730 4729
194 195 258 257 4667 4668 4731 4730
195 196 259 258 4668 4669 4732 4731
196 197 260 259 4669 4670 4733 4732
197 198 261 260 4670 4671 4734 4733
198 199 262 261 4671 4672 4735 4734
199 200 263 262 4672 4673 4736 4735
200 201 264 263 4673 4674 4737 4736
201 202 265 264 4674 4675 4738 4737
202 203 266 265 4675 4676 4739 4738
203 204 267 266 4676 4677 4740 4739
204 205 268 267 4677 4678 4741 4740
205 206 269 268 4678 4679 4742 4741
206 207 270 269 4679 4680 4743 4742
207 208 271 270 4680 4681 4744 4743
208 209 272 271 4681 4682 4745 4744
209 210 273 272 4682 4683 4746 4745
210 211 274 273 4683 4684 4747 4746
211 212 275 274 4684 4685 4748 4747
212 213 276 275 4685 4686 4749 4748
213 214 277 276 4686 4687 4750 4749
214 215 278 277 4687 4688 4751 4750
215 216 279 278 4688 4689 4752 4751
216 217 280 279 4689 4690 4753 4752
217 218 281 280 4690 4691 4754 4753
218 219 282 281 4691 4692 4755 4754
219 220 283 282 4692 4693 4756 4755
220 221 284 283 4693 4694 4757 4756
221 222 285 284 4694 4695 4758 4757
222 223 286 285 4695 4696 4759 4758
223 224 287 286 4696 4697 4760 4759
224 225 288 287 4697 4698 4761 4760
225 226 289 288 4698 4699 4762 4761
226 227 290 289 4699 4700 4763 4762
227 228 291 290 4700 4701 4764 4763
228 229 292 291 4701 4702 4765 4764
229 230 293 292 4702 4703 4766 4765
230 231 294 293 4703 4704 4767 4766
231 232 295 294 4704 4705 4768 4767
232 233 296 295 4705 4706 4769 4768
233 234 297 296 4706 4707 4770 4769
234 235 298 297 4707 4708 4771 4770
235 236 299 298 4708 4709 4772 4771
236 237 300 299 4709 4710 4773 4772
237 238 301 300 4710 4711 4774 4773
238 239 302 301 4711 4712 4775 4774
239 240 303 302 4712 4713 4776 4775
240 241 304 303 4713 4714 4777 4776
241 242 305 304 4714 4715 4778 4777
242 243 306 305 4715 4716 4779 4778
243 244 307 306 4716 4717 4780 4779
244 245 308 307 4717 4718 4781 4780
245 246 309 308 4718 4719 4782 4781
246 247 310 309 4719 4720 4783 4782
247 248 311 310 4720 4721 4784 4783
248 249 312 311 4721 4722 4785 4784
249 250 313 312 4722 4723 4786 4785
250 251 314 313 4723 4724 4787 4786
252 253 316 315 4725 4726 4789 4788
253 254 317 316 4726 4727 4790 4789
254 255 318 317 4727 4728 4791 4790
255 256 319 318 4728 4729 4792 4791
256 257 320 319 4729 4730 4793 4792
257 258 321 320 4730 4731 4794 4793
258 259 322 321 4731 4732 4795 4794
259 260 323 322 4732 4733 4796 4795
260 261 324 323 4733 4734 4797 4796
261 262 325 324 4734 4735 4798 4797
262 263 326 325 4735 4736 4799 4798
263 264 327 326 4736 4737 4800 4799
264 265 328 327 4737 4738 4801 4800
265 266 329 328 4738 4739 4802 4801
266 267 330 329 4739 4740 4803 4802
267 268 331 330 4740 4741 4804 4803
268 269 332 331 4741 4742 4805 4804
269 270 333 332 4742 4743 4806 4805
270 271 334 333 4743 4744 4807 4806
271 272 335 334 4744 4745 4808 4807
272 273 336 335 4745 4746 4809 4808
273 274 337 336 4746 4747 4810 4809
274 275 338 337 4747 4748 4811 4810
275 276 339 338 4748 4749 4812 4811
276 277 340 339 4749 4750 4813 4812
277 278 341 340 4750 4751 4814 4813
278 279 342 341 4751 4752 4815 4814
279 280 343 342 4752 4753 4816 4815
280 281 344 343 4753 4754 4817 4816
281 282 345 344 4754 4755 4818 4817
282 283 346 345 4755 4756 4819 4818
283 284 347 346 4756 4757 4820 4819
284 285 348 347 4757 4758 4821 4820
285 286 349 348 4758 4759 4822 4821
286 287 350 349 4759 4760 4823 4822
287 288 351 350 4760 4761 4824 4823
288 289 352 351 4761 4762 4825 4824
289 290 353 352 4762 4763 4826 4825
290 291 354 353 4763 4764 4827 4826
291 292 355 354 4764 4765 4828 4827
292 293 356 355 4765 4766 4829 4828
293 294 357 356 4766 4767 4830 4829
294 295 358 357 4767 4768 4831 4830
295 296 359 358 4768 4769 4832 4831
296 297 360 359 4769 4770 4833 4832
297 298 361 360 4770 4771 4834 4833
298 299 362 361 4771 4772 4835 4834
299 300 363 362 4772 4773 4836 4835
300 301 364 363 4773 4774 4837 4836
301 302 365 364 4774 4775 4838 4837
302 303 366 365 4775 4776 4839 4838
303 304 367 366 4776 4777 4840 4839
304 305 368 367 4777 4778 4841 4840
305 306 369 368 4778 4779 4842 4841
306 307 370 369 4779 4780 4843 4842
307 308 371 370 4780 4781 4844 4843
308 309 372 371 4781 4782 4845 4844
309 310 373 372 4782 4783 4846 4845
310 311 374 373 4783 4784 4847 4846
311 312 375 374 4784 4785 4848 4847
312 313 376 375 4785 4786 4849 4848
313 314 377 376 4786 4787 4850 4849
315 316 379 378 4788 4789 4852 4851
316 317 380 379 4789 4790 4853 4852
317 318 381 380 4790 4791 4854 4853
318 319 382 381 4791 4792 4855 4854
319 320 383 382 4792 4793 4856 4855
320 321 384 383 4793 4794 4857 4856
321 322 385 384 4794 4795 4858 4857
322 323 386 385 4795 4796 4859 4858
323 324 387 386 4796 4797 4860 4859
324 325 388 387 4797 4798 4861 4860
325 326 389 388 4798 4799 4862 4861
326 327 390 389 4799 4800 4863 4862
327 328 391 390 4800 4801 4864 4863
328 329 392 391 4801 4802 4865 4864
329 330 393 392 4802 4803 4866 4865
330 331 394 393 4803 4804 4867 4866
331 332 395 394 4804 4805 4868 4867
332 333 396 395 4805 4806 4869 4868
333 334 397 396 4806 4807 4870 4869
334 335 398 397 4807 4808 4871 4870
335 336 399 398 4808 4809 4872 4871
336 337 400 399 4809 4810 4873 4872
337 338 401 400 4810 4811 4874 4873
338 339 402 401 4811 4812 4875 4874
339 340 403 402 4812 4813 4876 4875
340 341 404 403 4813 4814 4877 4876
341 342 405 404 4814 4815 4878 4877
342 343 406 405 4815 4816 4879 4878
343 344 407 406 4816 4817 4880 4879
344 345 408 407 4817 4818 4881 4880
345 346 409 408 4818 4819 4882 4881
346 347 410 409 4819 4820 4883 4882
347 348 411 410 4820 4821 4884 4883
348 349 412 411 4821 4822 4885 4884
349 350 413 412 4822 4823 4886 4885
350 351 414 413 4823 4824 4887 4886
351 352 415 414 4824 4825 4888 4887
352 353 416 415 4825 4826 4889 4888
353 354 417 416 4826 4827 4890 4889
354 355 418 417 4827 4828 4891 4890
355 356 419 418 4828 4829 4892 4891
356 357 420 419 4829 4830 4893 4892
357 358 421 420 4830 4831 4894 4893
358 359 422 421 4831 4832 4895 4894
359 360 423 422 4832 4833 4896 4895
360 361 424 423 4833 4834 4897 4896
361 362 425 424 4834 4835 4898 4897
362 363 426 425 4835 4836 4899 4898
363 364 427 426 4836 4837 4900 4899
364 365 428 427 4837 4838 4901 4900
365 366 429 428 4838 4839 4902 4901
366 367 430 429 4839 4840 4903 4902
367 368 431 430 4840 4841 4904 4903
368 369 432 431 4841 4842 4905 4904
369 370 433 432 4842 4843 4906 4905
370 371 434 433 4843 4844 4907 4906
371 372 435 434 4844 4845 4908 4907
372 373 436 435 4845 4846 4909 4908
373 374 437 436 4846 4847 4910 4909
374 375 438 437 4847 4848 4911 4910
375 376 439 438 4848 4849 4912 4911
376 377 440 439 4849 4850 4913 4912
378 379 442 441 4851 4852 4915 4914
379 380 443 442 4852 4853 4916 4915
380 381 444 443 4853 4854 4917 4916
381 382 445 444 4854 4855 4918 4917
382 383 446 445 4855 4856 4919 4918
383 384 447 446 4856 4857 4920 4919
384 385 448 447 4857 4858 4921 4920
385 386 449 448 4858 4859 4922 4921
386 387 450 449 4859 4860 4923 4922
387 388 451 450 4860 4861 4924 4923
388 389 452 451 4861 4862 4925 4924
389 390 453 452 4862 4863 4926 4925
390 391 454 453 4863 4864 4927 4926
391 392 455 454 4864 4865 4928 4927
392 393 456 455 4865 4866 4929 4928
393 394 457 456 4866 4867 4930 4929
394 395 458 457 4867 4868 4931 4930
395 396 459 458 4868 4869 4932 4931
396 397 460 459 4869 4870 4933 4932
397 398 461 460 4870 4871 4934 4933
398 399 462 461 4871 4872 4935 4934
399 400 463 462 4872 4873 4936 4935
400 401 464 463 4873 4874 4937 4936
401 402 465 464 4874 4875 4938 4937
402 403 466 465 4875 4876 4939 4938
403 404 467 466 4876 4877 4940 4939
404 405 468 467 4877 4878 4941 4940
405 406 469 468 4878 4879 4942 4941
406 407 470 469 4879 4880 4943 4942
407 408 471 470 4880 4881 4944 4943
408 409 472 471 4881 4882 4945 4944
409 410 473 472 4882 4883 4946 4945
410 411 474 473 4883 4884 4947 4946
411 412 475 474 4884 4885 4948 4947
412 413 476 475 4885 4886 4949 4948
413 414 477 476 4886 4887 4950 4949
414 415 478 477 4887 4888 4951 4950
415 416 479 478 4888 4889 4952 4951
416 417 480 479 4889 4890 4953 4952
417 418 481 480 4890 4891 4954 4953
418 419 482 481 4891 4892 4955 4954
419 420 483 482 4892 4893 4956 4955
420 421 484 483 4893 4894 4957 4956
421 422 485 484 4894 4895 4958 4957
422 423 486 485 4895 4896 4959 4958
423 424 487 486 4896 4897 4960 4959
424 425 488 487 4897 4898 4961 4960
425 426 489 488 4898 4899 4962 4961
426 427 490 489 4899 4900 4963 4962
427 428 491 490 4900 4901 4964 4963
428 429 492 491 4901 4902 4965 4964
429 430 493 492 4902 4903 4966 4965
430 431 494 493 4903 4904 4967 4966
431 432 495 494 4904 4905 4968 4967
432 433 496 495 4905 4906 4969 4968
433 434 497 496 4906 4907 4970 4969
434 435 498 497 4907 4908 4971 4970
435 436 499 498 4908 4909 4972 4971
436 437 500 499 4909 4910 4973 4972
437 438 501 500 4910 4911 4974 4973
438 439 502 501 4911 4912 4975 4974
439 440 503 502 4912 4913 4976 4975
441 442 505 504 4914 4915 4978 4977
442 443 506 505 4915 4916 4979 4978
443 444 507 506 4916 4917 4980 4979
444 445 508 507 4917 4918 4981 4980
445 446 509 508 4918 4919 4982 4981
446 447 510 509 4919 4920 4983 4982
447 448 511 510 4920 4921 4984 4983
448 449 512 511 4921 4922 4985 4984
449 450 513 512 4922 4923 4986 4985
450 451 514 513 4923 4924 4987 4986
451 452 515 514 4924 4925 4988 4987
452 453 516 515 4925 4926 4989 4988
453 454 517 516 4926 4927 4990 4989
454 455 518 517 4927 4928 4991 4990
455 456 519 518 4928 4929 4992 4991
456 457 520 519 4929 4930 4993 4992
457 458 521 520 4930 4931 4994 4993
458 459 522 521 4931 4932 4995 4994
459 460 523 522 4932 4933 4996 4995
460 461 524 523 4933 4934 4997 4996
461 462 525 524 4934 4935 4998 4997
462 463 526 525 4935 4936 4999 4998
463 464 527 526 4936 4937 5000 4999
464 465 528 527 4937 4938 5001 5000
465 466 529 528 4938 4939 5002 5001
466 467 530 529 4939 4940 5003 5002
467 468 531 530 4940 4941 5004 5003
468 469 532 531 4941 4942 5005 5004
469 470 533 532 4942 4943 5006 5005
470 471 534 533 4943 4944 5007 5006
471 472 535 534 4944 4945 5008 5007
472 473 536 535 4945 4946 5009 5008
473 474 537 536 4946 4947 5010 5009
474 475 538 537 4947 4948 5011 5010
475 476 539 538 4948 4949 5012 5011
476 477 540 539 4949 4950 5013 5012
477 478 541 540 4950 4951 5014 5013
478 479 542 541 4951 4952 5015 5014
479 480 543 542 4952 4953 5016 5015
480 481 544 543 4953 4954 5017 5016
481 482 545 544 4954 4955 5018 5017
482 483 546 545 4955 4956 5019 5018
483 484 547 546 4956 4957 5020 5019
484 485 548 547 4957 4958 5021 5020
485 486 549 548 4958 4959 5022 5021
486 487 550 549 4959 4960 5023 5022
487 488 551 550 4960 4961 5024 5023
488 489 552 551 4961 4962 5025 5024
489 490 553 552 4962 4963 5026 5025
490 491 554 553 4963 4964 5027 5026
491 492 555 554 4964 4965 5028 5027
492 493 556 555 4965 4966 5029 5028
493 494 557 556 4966 4967 5030 5029
494 495 558 557 4967 4968 5031 5030
495 496 559 558 4968 4969 5032 5031
496 497 560 559 4969 4970 5033 5032
497 498 561 560 4970 4971 5034 5033
498 499 562 561 4971 4972 5035 5034
499 500 563 562 4972 4973 5036 5035
500 501 564 563 4973 4974 5037 5036
501 502 565 564 4974 4975 5038 5037
502 503 566 565 4975 4976 5039 5038
504 505 568 567 4977 4978 5041 5040
505 506 569 568 4978 4979 5042 5041
506 507 570 569 4979 4980 5043 5042
507 508 571 570 4980 4981 5044 5043
508 509 572 571 4981 4982 5045 5044
509 510 573 572 4982 4983 5046 5045
510 511 574 573 4983 4984 5047 5046
511 512 575 574 4984 4985 5048 5047
512 513 576 575 4985 4986 5049 5048
513 514 577 576 4986 4987 5050 5049
514 515 578 577 4987 4988 5051 5050
515 516 579 578 4988 4989 5052 5051
516 517 580 579 4989 4990 5053 5052
517 518 581 580 4990 4991 5054 5053
518 519 582 581 4991 4992 5055 5054
519 520 583 582 4992 4993 5056 5055
520 521 584 583 4993 4994 5057 5056
521 522 585 584 4994 4995 5058 5057
522 523 586 585 4995 4996 5059 5058
523 524 587 586 4996 4997 5060 5059
524 525 588 587 4997 4998 5061 5060
525 526 589 588 4998 4999 5062 5061
526 527 590 589 4999 5000 5063 5062
527 528 591 590 5000 5001 5064 5063
528 529 592 591 5001 5002 5065 5064
529 530 593 592 5002 5003 5066 5065
530 531 594 593 5003 5004 5067 5066
531 532 595 594 5004 5005 5068 5067
532 533 596 595 5005 5006 5069 5068
533 534 597 596 5006 5007 5070 5069
534 535 598 597 5007 5008 5071 5070
535 536 599 598 5008 5009 5072 5071
536 537 600 599 5009 5010 5073 5072
537 538 601 600 5010 5011 5074 5073
538 539 602 601 5011 5012 5075 5074
539 540 603 602 5012 5013 5076 5075
540 541 604 603 5013 5014 5077 5076
541 542 605 604 5014 5015 5078 5077
542 543 606 605 5015 5016 5079 5078
543 544 607 606 5016 5017 5080 5079
544 545 608 607 5017 5018 5081 5080
545 546 609 608 5018 5019 5082 5081
546 547 610 609 5019 5020 5083 5082
547 548 611 610 5020 5021 5084 5083
548 549 612 611 5021 5022 5085 5084
549 550 613 612 5022 5023 5086 5085
550 551 614 613 5023 5024 5087 5086
551 552 615 614 5024 5025 5088 5087
552 553 616 615 5025 5026 5089 5088
553 554 617 616 5026 5027 5090 5089
554 555 618 617 5027 5028 5091 5090
555 556 619 618 5028 5029 5092 5091
556 557 620 619 5029 5030 5093 5092
557 558 621 620 5030 5031 5094 5093
558 559 622 621 5031 5032 5095 5094
559 560 623 622 5032 5033 5096 5095
560 561 624 623 5033 5034 5097 5096
561 562 625 624 5034 5035 5098 5097
562 563 626 625 5035 5036 5099 5098
563 564 627 626 5036 5037 5100 5099
564 565 628 627 5037 5038 5101 5100
565 566 629 628 5038 5039 5102 5101
567 568 631 630 5040 5041 5104 5103
568 569 632 631 5041 5042 5105 5104
569 570 633 632 5042 5043 5106 5105
570 571 634 633 5043 5044 5107 5106
571 572 635 634 5044 5045 5108 5107
572 573 636 635 5045 5046 5109 5108
573 574 637 636 5046 5047 5110 5109
574 575 638 637 5047 5048 5111 5110
575 576 639 638 5048 5049 5112 5111
576 577 640 639 5049 5050 5113 5112
577 578 641 640 5050 5051 5114 5113
578 579 642 641 5051 5052 5115 5114
579 580 643 642 5052 5053 5116 5115
580 581 644 643 5053 5054 5117 5116
581 582 645 644 5054 5055 5118 5117
582 583 646 645 5055 5056 5119 5118
583 584 647 646 5056 5057 5120 5119
584 585 648 647 5057 5058 5121 5120
585 586 649 648 5058 5059 5122 5121
586 587 650 649 5059 5060 5123 5122
587 588 651 650 5060 5061 5124 5123
588 589 652 651 5061 5062 5125 5124
589 590 653 652 5062 5063 5126 5125
590 591 654 653 5063 5064 5127 5126
591 592 655 654 5064 5065 5128 5127
592 593 656 655 5065 5066 5129 5128
593 594 657 656 5066 5067 5130 5129
594 595 658 657 5067 5068 5131 5130
595 596 659 658 5068 5069 5132 5131
596 597 660 659 5069 5070 5133 5132
597 598 661 660 5070 5071 5134 5133
598 599 662 661 5071 5072 5135 5134
599 600 663 662 5072 5073 5136 5135
600 601 664 663 5073 5074 5137 5136
601 602 665 664 5074 5075 5138 5137
602 603 666 665 5075 5076 5139 5138
603 604 667 666 5076 5077 5140 5139
604 605 668 667 5077 5078 5141 5140
605 606 669 668 5078 5079 5142 5141
606 607 670 669 5079 5080 5143 5142
607 608 671 670 5080 5081 5144 5143
608 609 672 671 5081 5082 5145 5144
609 610 673 672 5082 5083 5146 5145
610 611 674 673 5083 5084 5147 5146
611 612 675 674 5084 5085 5148 5147
612 613 676 675 5085 5086 5149 5148
613 614 677 676 5086 5087 5150 5149
614 615 678 677 5087 5088 5151 5150
615 616 679 678 5088 5089 5152 5151
616 617 680 679 5089 5090 5153 5152
617 618 681 680 5090 5091 5154 5153
618 619 682 681 5091 5092 5155 5154
619 620 683 682 5092 5093 5156 5155
620 621 684 683 5093 5094 5157 5156
621 622 685 684 5094 5095 5158 5157
622 623 686 685 5095 5096 5159 5158
623 624 687 686 5096 5097 5160 5159
624 625 688 687 5097 5098 5161 5160
625 626 689 688 5098 5099 5162 5161
626 627 690 689 5099 5100 5163 5162
627 628 691 690 5100 5101 5164 5163
628 629 692 691 5101 5102 5165 5164
630 631 694 693 5103 5104 5167 5166
631 632 695 694 5104 5105 5168 5167
632 633 696 695 5105 5106 5169 5168
633 634 697 696 5106 5107 5170 5169
634 635 698 697 5107 5108 5171 5170
635 636 699 698 5108 5109 5172 5171
636 637 700 699 5109 5110 5173 5172
637 638 701 700 5110 5111 5174 5173
638 639 702 701 5111 5112 5175 5174
639 640 703 702 5112 5113 5176 5175
640 641 704 703 5113 5114 5177 5176
641 642 705 704 5114 5115 5178 5177
642 643 706 705 5115 5116 5179 5178
643 644 707 706 5116 5117 5180 5179
644 645 708 707 5117 5118 5181 5180
645 646 709 708 5118 5119 5182 5181
646 647 710 709 5119 5120 5183 5182
647 648 711 710 5120 5121 5184 5183
648 649 712 711 5121 5122 5185 5184
649 650 713 712 5122 5123 5186 5185
650 651 714 713 5123 5124 5187 5186
651 652 715 714 5124 5125 5188 5187
652 653 716 715 5125 5126 5189 5188
653 654 717 716 5126 5127 5190 5189
654 655 718 717 5127 5128 5191 5190
655 656 719 718 5128 5129 5192 5191
656 657 720 719 5129 5130 5193 5192
657 658 721 720 5130 5131 5194 5193
658 659 722 721 5131 5132 5195 5194
659 660 723 722 5132 5133 5196 5195
660 661 724 723 5133 5134 5197 5196
661 662 725 724 5134 5135 5198 5197
662 663 726 725 5135 5136 5199 5198
663 664 727 726 5136 5137 5200 5199
664 665 728 727 5137 5138 5201 5200
665 666 729 728 5138 5139 5202 5201
666 667 730 729 5139 5140 5203 5202
667 668 731 730 5140 5141 5204 5203
668 669 732 731 5141 5142 5205 5204
669 670 733 732 5142 5143 5206 5205
670 671 734 733 5143 5144 5207 5206
671 672 735 734 5144 5145 5208 5207
672 673 736 735 5145 5146 5209 5208
673 674 737 736 5146 5147 5210 5209
674 675 738 737 5147 5148 5211 5210
675 676 739 738 5148 5149 5212 5211
676 677 740 739 5149 5150 5213 5212
677 678 741 740 5150 5151 5214 5213
678 679 742 741 5151 5152 5215 5214
679 680 743 742 5152 5153 5216 5215
680 681 744 743 5153 5154 5217 5216
681 682 745 744 5154 5155 5218 5217
682 683 746 745 5155 5156 5219 5218
683 684 747 746 5156 5157 5220 5219
684 685 748 747 5157 5158 5221 5220
685 686 749 748 5158 5159 5222 5221
686 687 750 749 5159 5160 5223 5222
687 688 751 750 5160 5161 5224 5223
688 689 752 751 5161 5162 5225 5224
689 690 753 752 5162 5163 5226 5225
690 691 754 753 5163 5164 5227 5226
691 692 755 754 5164 5165 5228 5227
693 694 757 756 5166 5167 5230 5229
694 695 758 757 5167 5168 5231 5230
695 696 759 758 5168 5169 5232 5231
696 697 760 759 5169 5170 5233 5232
697 698 761 760 5170 5171 5234 5233
698 699 762 761 5171 5172 5235 5234
699 700 763 762 5172 5173 5236 5235
700 701 764 763 5173 5174 5237 5236
701 702 765 764 5174 5175 5238 5237
702 703 766 765 5175 5176 5239 5238
703 704 767 766 5176 5177 5240 5239
704 705 768 767 5177 5178 5241 5240
705 706 769 768 5178 5179 5242 5241
706 707 770 769 5179 5180 5243 5242
707 708 771 770 5180 5181 5244 5243
708 709 772 771 5181 5182 5245 5244
709 710 773 772 5182 5183 5246 5245
710 711 774 773 5183 5184 5247 5246
711 712 775 774 5184 5185 5248 5247
712 713 776 775 5185 5186 5249 5248
713 714 777 776 5186 5187 5250 5249
714 715 778 777 5187 5188 5251 5250
715 716 779 778 5188 5189 5252 5251
716 717 780 779 5189 5190 5253 5252
717 718 781 780 5190 5191 5254 5253
718 719 782 781 5191 5192 5255 5254
719 720 783 782 5192 5193 5256 5255
720 721 784 783 5193 5194 5257 5256
721 722 785 784 5194 5195 5258 5257
722 723 786 785 5195 5196 5259 5258
723 724 787 786 5196 5197 5260 5259
724 725 788 787 5197 5198 5261 5260
725 726 789 788 5198 5199 5262 5261
726 727 790 789 5199 5200 5263 5262
727 728 791 790 5200 5201 5264 5263
728 729 792 791 5201 5202 5265 5264
729 730 793 792 5202 5203 5266 5265
730 731 794 793 5203 5204 5267 5266
731 732 795 794 5204 5205 5268 5267
732 733 796 795 5205 5206 5269 5268
733 734 797 796 5206 5207 5270 5269
734 735 798 797 5207 5208 5271 5270
735 736 799 798 5208 5209 5272 5271
736 737 800 799 5209 5210 5273 5272
737 738 801 800 5210 5211 5274 5273
738 739 802 801 5211 5212 5275 5274
739 740 803 802 5212 5213 5276 5275
740 741 804 803 5213 5214 5277 5276
741 742 805 804 5214 5215 5278 5277
742 743 806 805 5215 5216 5279 5278
743 744 807 806 5216 5217 5280 5279
744 745 808 807 5217 5218 5281 5280
745 746 809 808 5218 5219 5282 5281
746 747 810 809 5219 5220 5283 5282
747 748 811 810 5220 5221 5284 5283
748 749 812 811 5221 5222 5285 5284
749 750 813 812 5222 5223 5286 5285
750 751 814 813 5223 5224 5287 5286
751 752 815 814 5224 5225 5288 5287
752 753 816 815 5225 5226 5289 5288
753 754 817 816 5226 5227 5290 5289
754 755 818 817 5227 5228 5291 5290
756 757 820 819 5229 5230 5293 5292
757 758 821 820 5230 5231 5294 5293
758 759 822 821 5231 5232 5295 5294
759 760 823 822 5232 5233 5296 5295
760 761 824 823 5233 5234 5297 5296
761 762 825 824 5234 5235 5298 5297
762 763 826 825 5235 5236 5299 5298
763 764 827 826 5236 5237 5300 5299
764 765 828 827 5237 5238 5301 5300
765 766 829 828 5238 5239 5302 5301
766 767 830 829 5239 5240 5303 5302
767 768 831 830 5240 5241 5304 5303
768 769 832 831 5241 5242 5305 5304
769 770 833 832 5242 5243 5306 5305
770 771 834 833 5243 5244 5307 5306
771 772 835 834 5244 5245 5308 5307
772 773 836 835 5245 5246 5309 5308
773 774 837 836 5246 5247 5310 5309
774 775 838 837 5247 5248 5311 5310
775 776 839 838 5248 5249 5312 5311
776 777 840 839 5249 5250 5313 5312
777 778 841 840 5250 5251 5314 5313
778 779 842 841 5251 5252 5315 5314
779 780 843 842 5252 5253 5316 5315
780 781 844 843 5253 5254 5317 5316
781 782 845 844 5254 5255 5318 5317
782 783 846 845 5255 5256 5319 5318
783 784 847 846 5256 5257 5320 5319
784 785 848 847 5257 5258 5321 5320
785 786 849 848 5258 5259 5322 5321
786 787 850 849 5259 5260 5323 5322
787 788 851 850 5260 5261 5324 5323
788 789 852 851 5261 5262 5325 5324
789 790 853 852 5262 5263 5326 5325
790 791 854 853 5263 5264 5327 5326
791 792 855 854 5264 5265 5328 5327
792 793 856 855 5265 5266 5329 5328
793 794 857 856 5266 5267 5330 5329
794 795 858 857 5267 5268 5331 5330
795 796 859 858 5268 5269 5332 5331
796 797 860 859 5269 5270 5333 5332
797 798 861 860 5270 5271 5334 5333
798 799 862 861 5271 5272 5335 5334
799 800 863 862 5272 5273 5336 5335
800 801 864 863 5273 5274 5337 5336
801 802 865 864 5274 5275 5338 5337
802 803 866 865 5275 5276 5339 5338
803 804 867 866 5276 5277 5340 5339
804 805 868 867 5277 5278 5341 5340
805 806 869 868 5278 5279 5342 5341
806 807 870 869 5279 5280 5343 5342
807 808 871 870 5280 5281 5344 5343
808 809 872 871 5281 5282 5345 5344
809 810 873 872 5282 5283 5346 5345
810 811 874 873 5283 5284 5347 5346
811 812 875 874 5284 5285 5348 5347
812 813 876 875 5285 5286 5349 5348
813 814 877 876 5286 5287 5350 5349
814 815 878 877 5287 5288 5351 5350
815 816 879 878 5288 5289 5352 5351
816 817 880 879 5289 5290 5353 5352
817 818 881 880 5290 5291 5354 5353
819 820 883 882 5292 5293 5356 5355
820 821 884 883 5293 5294 5357 5356
821 822 885 884 5294 5295 5358 5357
822 823 886 885 5295 5296 5359 5358
823 824 887 886 5296 5297 5360 5359
824 825 888 887 5297 5298 5361 5360
825 826 889 888 5298 5299 5362 5361
826 827 890 889 5299 5300 5363 5362
827 828 891 890 5300 5301 5364 5363
828 829 892 891 5301 5302 5365 5364
829 830 893 892 5302 5303 5366 5365
830 831 894 893 5303 5304 5367 5366
831 832 895 894 5304 5305 5368 5367
832 833 896 895 5305 5306 5369 5368
833 834 897 896 5306 5307 5370 5369
834 835 898 897 5307 5308 5371 5370
835 836 899 898 5308 5309 5372 5371
836 837 900 899 5309 5310 5373 5372
837 838 901 900 5310 5311 5374 5373
838 839 902 901 5311 5312 5375 5374
839 840 903 902 5312 5313 5376 5375
840 841 904 903 5313 5314 5377 5376
841 842 905 904 5314 5315 5378 5377
842 843 906 905 5315 5316 5379 5378
843 844 907 906 5316 5317 5380 5379
844 845 908 907 5317 5318 5381 5380
845 846 909 908 5318 5319 5382 5381
846 847 910 909 5319 5320 5383 5382
847 848 911 910 5320 5321 5384 5383
848 849 912 911 5321 5322 5385 5384
849 850 913 912 5322 5323 5386 5385
850 851 914 913 5323 5324 5387 5386
851 852 915 914 5324 5325 5388 5387
852 853 916 915 5325 5326 5389 5388
853 854 917 916 5326 5327 5390 5389
854 855 918 917 5327 5328 5391 5390
855 856 919 918 5328 5329 5392 5391
856 857 920 919 5329 5330 5393 5392
857 858 921 920 5330 5331 5394 5393
858 859 922 921 5331 5332 5395 5394
859 860 923 922 5332 5333 5396 5395
860 861 924 923 5333 5334 5397 5396
861 862 925 924 5334 5335 5398 5397
862 863 926 925 5335 5336 5399 5398
863 864 927 926 5336 5337 5400 5399
864 865 928 927 5337 5338 5401 5400
865 866 929 928 5338 5339 5402 5401
866 867 930 929 5339 5340 5403 5402
867 868 931 930 5340 5341 5404 5403
868 869 932 931 5341 5342 5405 5404
869 870 933 932 5342 5343 5406 5405
870 871 934 933 5343 5344 5407 5406
871 872 935 934 5344 5345 5408 5407
872 873 936 935 5345 5346 5409 5408
873 874 937 936 5346 5347 5410 5409
874 875 938 937 5347 5348 5411 5410
875 876 939 938 5348 5349 5412 5411
876 877 940 939 5349 5350 5413 5412
877 878 941 940 5350 5351 5414 5413
878 879 942 941 5351 5352 5415 5414
879 880 943 942 5352 5353 5416 5415
880 881 944 943 5353 5354 5417 5416
882 883 946 945 5355 5356 5419 5418
883 884 947 946 5356 5357 5420 5419
884 885 948 947 5357 5358 5421 5420
885 886 949 948 5358 5359 5422 5421
886 887 950 949 5359 5360 5423 5422
887 888 951 950 5360 5361 5424 5423
888 889 952 951 5361 5362 5425 5424
889 890 953 952 5362 5363 5426 5425
890 891 954 953 5363 5364 5427 5426
891 892 955 954 5364 5365 5428 5427
892 893 956 955 5365 5366 5429 5428
893 894 957 956 5366 5367 5430 5429
894 895 958 957 5367 5368 5431 5430
895 896 959 958 5368 5369 5432 5431
896 897 960 959 5369 5370 5433 5432
897 898 961 960 5370 5371 5434 5433
898 899 962 961 5371 5372 5435 5434
899 900 963 962 5372 5373 5436 5435
900 901 964 963 5373 5374 5437 5436
901 902 965 964 5374 5375 5438 5437
902 903 966 965 5375 5376 5439 5438
903 904 967 966 5376 5377 5440 5439
904 905 968 967 5377 5378 5441 5440
905 906 969 968 5378 5379 5442 5441
906 907 970 969 5379 5380 5443 5442
907 908 971 970 5380 5381 5444 5443
908 909 972 971 5381 5382 5445 5444
909 910 973 972 5382 5383 5446 5445
910 911 974 973 5383 5384 5447 5446
911 912 975 974 5384 5385 5448 5447
912 913 976 975 5385 5386 5449 5448
913 914 977 976 5386 5387 5450 5449
914 915 978 977 5387 5388 5451 5450
915 916 979 978 5388 5389 5452 5451
916 917 980 979 5389 5390 5453 5452
917 918 981 980 5390 5391 5454 5453
918 919 982 981 5391 5392 5455 5454
919 920 983 982 5392 5393 5456 5455
920 921 984 983 5393 5394 5457 5456
921 922 985 984 5394 5395 5458 5457
922 923 986 985 5395 5396 5459 5458
923 924 987 986 5396 5397 5460 5459
924 925 988 987 5397 5398 5461 5460
925 926 989 988 5398 5399 5462 5461
926 927 990 989 5399 5400 5463 5462
927 928 991 990 5400 5401 5464 5463
928 929 992 991 5401 5402 5465 5464
929 930 993 992 5402 5403 5466 5465
930 931 994 993 5403 5404 5467 5466
931 932 995 994 5404 5405 5468 5467
932 933 996 995 5405 5406 5469 5468
933 934 997 996 5406 5407 5470 5469
934 935 998 997 5407 5408 5471 5470
935 936 999 998 5408 5409 5472 5471
936 937 1000 999 5409 5410 5473 5472
937 938 1001 1000 5410 5411 5474 5473
938 939 1002 1001 5411 5412 5475 5474
939 940 1003 1002 5412 5413 5476 5475
940 941 1004 1003 5413 5414 5477 5476
941 942 1005 1004 5414 5415 5478 5477
942 943 1006 1005 5415 5416 5479 5478
943 944 1007 1006 5416 5417 5480 5479
945 946 1009 1008 5418 5419 5482 5481
946 947 1010 1009 5419 5420 5483 5482
947 948 1011 1010 5420 5421 5484 5483
948 949 1012 1011 5421 5422 5485 5484
949 950 1013 1012 5422 5423 5486 5485
950 951 1014 1013 5423 5424 5487 5486
951 952 1015 1014 5424 5425 5488 5487
952 953 1016 1015 5425 5426 5489 5488
953 954 1017 1016 5426 5427 5490 5489
954 955 1018 1017 5427 5428 5491 5490
955 956 1019 1018 5428 5429 5492 5491
956 957 1020 1019 5429 5430 5493 5492
957 958 1021 1020 5430 5431 5494 5493
958 959 1022 1021 5431 5432 5495 5494
959 960 1023 1022 5432 5433 5496 5495
960 961 1024 1023 5433 5434 5497 5496
961 962 1025 1024 5434 5435 5498 5497
962 963 1026 1025 5435 5436 5499 5498
963 964 1027 1026 5436 5437 5500 5499
964 965 1028 1027 5437 5438 5501 5500
965 966 1029 1028 5438 5439 5502 5501
966 967 1030 1029 5439 5440 5503 5502
967 968 1031 1030 5440 5441 5504 5503
968 969 1032 1031 5441 5442 5505 5504
969 970 1033 1032 5442 5443 5506 5505
970 971 1034 1033 5443 5444 5507 5506
971 972 1035 1034 5444 5445 5508 5507
972 973 1036 1035 5445 5446 5509 5508
973 974 1037 1036 5446 5447 5510 5509
974 975 1038 1037 5447 5448 5511 5510
975 976 1039 1038 5448 5449 5512 5511
976 977 1040 1039 5449 5450 5513 5512
977 978 1041 1040 5450 5451 5514 5513
978 979 1042 1041 5451 5452 5515 5514
979 980 1043 1042 5452 5453 5516 5515
980 981 1044 1043 5453 5454 5517 5516
981 982 1045 1044 5454 5455 5518 5517
982 983 1046 1045 5455 5456 5519 5518
983 984 1047 1046 5456 5457 5520 5519
984 985 1048 1047 5457 5458 5521 5520
985 986 1049 1048 5458 5459 5522 5521
986 987 1050 1049 5459 5460 5523 5522
987 988 1051 1050 5460 5461 5524 5523
988 989 1052 1051 5461 5462 5525 5524
989 990 1053 1052 5462 5463 5526 5525
990 991 1054 1053 5463 5464 5527 5526
991 992 1055 1054 5464 5465 5528 5527
992 993 1056 1055 5465 5466 5529 5528
993 994 1057 1056 5466 5467 5530 5529
994 995 1058 1057 5467 5468 5531 5530
995 996 1059 1058 5468 5469 5532 5531
996 997 1060 1059 5469 5470 5533 5532
997 998 1061 1060 5470 5471 5534 5533
998 999 1062 1061 5471 5472 5535 5534
999 1000 1063 1062 5472 5473 5536 5535
1000 1001 1064 1063 5473 5474 5537 5536
1001 1002 1065 1064 5474 5475 5538 5537
1002 1003 1066 1065 5475 5476 5539 5538
1003 1004 1067 1066 5476 5477 5540 5539
1004 1005 1068 1067 5477 5478 5541 5540
1005 1006 1069 1068 5478 5479 5542 5541
1006 1007 1070 1069 5479 5480 5543 5542
1008 1009 1072 1071 5481 5482 5545 5544
1009 1010 1073 1072 5482 5483 5546 5545
1010 1011 1074 1073 5483 5484 5547 5546
1011 1012 1075 1074 5484 5485 5548 5547
1012 1013 1076 1075 5485 5486 5549 5548
1013 1014 1077 1076 5486 5487 5550 5549
1014 1015 1078 1077 5487 5488 5551 5550
1015 1016 1079 1078 5488 5489 5552 5551
1016 1017 1080 1079 5489 5490 5553 5552
1017 1018 1081 1080 5490 5491 5554 5553
1018 1019 1082 1081 5491 5492 5555 5554
1019 1020 1083 1082 5492 5493 5556 5555
1020 1021 1084 1083 5493 5494 5557 5556
1021 1022 1085 1084 5494 5495 5558 5557
1022 1023 1086 1085 5495 5496 5559 5558
1023 1024 1087 1086 5496 5497 5560 5559
1024 1025 1088 1087 5497 5498 5561 5560
1025 1026 1089 1088 5498 5499 5562 5561
1026 1027 1090 1089 5499 5500 5563 5562
1027 1028 1091 1090 5500 5501 5564 5563
1028 1029 1092 1091 5501 5502 5565 5564
1029 1030 1093 1092 5502 5503 5566 5565
1030 1031 1094 1093 5503 5504 5567 5566
1031 1032 1095 1094 5504 5505 5568 5567
1032 1033 1096 1095 5505 5506 5569 5568
1033 1034 1097 1096 5506 5507 5570 5569
1034 1035 1098 1097 5507 5508 5571 5570
1035 1036 1099 1098 5508 5509 5572 5571
1036 1037 1100 1099 5509 5510 5573 5572
1037 1038 1101 1100 5510 5511 5574 5573
1038 1039 1102 1101 5511 5512 5575 5574
1039 1040 1103 1102 5512 5513 5576 5575
1040 1041 1104 1103 5513 5514 5577 5576
1041 1042 1105 1104 5514 5515 5578 5577
1042 1043 1106 1105 5515 5516 5579 5578
1043 1044 1107 1106 5516 5517 5580 5579
1044 1045 1108 1107 5517 5518 5581 5580
1045 1046 1109 1108 5518 5519 5582 5581
1046 1047 1110 1109 5519 5520 5583 5582
1047 1048 1111 1110 5520 5521 5584 5583
1048 1049 1112 1111 5521 5522 5585 5584
1049 1050 1113 1112 5522 5523 5586 5585
1050 1051 1114 1113 5523 5524 5587 5586
1051 1052 1115 1114 5524 5525 5588 5587
1052 1053 1116 1115 5525 5526 5589 5588
1053 1054 1117 1116 5526 5527 5590 5589
1054 1055 1118 1117 5527 5528 5591 5590
1055 1056 1119 1118 5528 5529 5592 5591
1056 1057 1120 1119 5529 5530 5593 5592
1057 1058 1121 1120 5530 5531 5594 5593
1058 1059 1122 1121 5531 5532 5595 5594
1059 1060 1123 1122 5532 5533 5596 5595
1060 1061 1124 1123 5533 5534 5597 5596
1061 1062 1125 1124 5534 5535 5598 5597
1062 1063 1126 1125 5535 5536 5599 5598
1063 1064 1127 1126 5536 5537 5600 5599
1064 1065 1128 1127 5537 5538 5601 5600
1065 1066 1129 1128 5538 5539 5602 5601
1066 1067 1130 1129 5539 5540 5603 5602
1067 1068 1131 1130 5540 5541 5604 5603
1068 1069 1132 1131 5541 5542 5605 5604
1069 1070 1133 1132 5542 5543 5606 5605
1071 1072 1135 1134 5544 5545 5608 5607
1072 1073 1136 1135 5545 5546 5609 5608
1073 1074 1137 1136 5546 5547 5610 5609
1074 1075 1138 1137 5547 5548 5611 5610
1075 1076 1139 1138 5548 5549 5612 5611
1076 1077 1140 1139 5549 5550 5613 5612
1077 1078 1141 1140 5550 5551 5614 5613
1078 1079 1142 1141 5551 5552 5615 5614
1079 1080 1143 1142 5552 5553 5616 5615
1080 1081 1144 1143 5553 5554 5617 5616
1081 1082 1145 1144 5554 5555 5618 5617
1082 1083 1146 1145 5555 5556 5619 5618
1083 1084 1147 1146 5556 5557 5620 5619
1084 1085 1148 1147 5557 5558 5621 5620
1085 1086 1149 1148 5558 5559 5622 5621
1086 1087 1150 1149 5559 5560 5623 5622
1087 1088 1151 1150 5560 5561 5624 5623
1088 1089 1152 1151 5561 5562 5625 5624
1089 1090 1153 1152 5562 5563 5626 5625
1090 1091 1154 1153 5563 5564 5627 5626
1091 1092 1155 1154 5564 5565 5628 5627
1092 1093 1156 1155 5565 5566 5629 5628
1093 1094 1157 1156 5566 5567 5630 5629
1094 1095 1158 1157 5567 5568 5631 5630
1095 1096 1159 1158 5568 5569 5632 5631
1096 1097 1160 1159 5569 5570 5633 5632
1097 1098 1161 1160 5570 5571 5634 5633
1098 1099 1162 1161 5571 5572 5635 5634
1099 1100 1163 1162 5572 5573 5636 5635
1100 1101 1164 1163 5573 5574 5637 5636
1101 1102 1165 1164 5574 5575 5638 5637
1102 1103 1166 1165 5575 5576 5639 5638
1103 1104 1167 1166 5576 5577 5640 5639
1104 1105 1168 1167 5577 5578 5641 5640
1105 1106 1169 1168 5578 5579 5642 5641
1106 1107 1170 1169 5579 5580 5643 5642
1107 1108 1171 1170 5580 5581 5644 5643
1108 1109 1172 1171 5581 5582 5645 5644
1109 1110 1173 1172 5582 5583 5646 5645
1110 1111 1174 1173 5583 5584 5647 5646
1111 1112 1175 1174 5584 5585 5648 5647
1112 1113 1176 1175 5585 5586 5649 5648
1113 1114 1177 1176 5586 5587 5650 5649
1114 1115 1178 1177 5587 5588 5651 5650
1115 1116 1179 1178 5588 5589 5652 5651
1116 1117 1180 1179 5589 5590 5653 5652
1117 1118 1181 1180 5590 5591 5654 5653
1118 1119 1182 1181 5591 5592 5655 5654
1119 1120 1183 1182 5592 5593 5656 5655
1120 1121 1184 1183 5593 5594 5657 5656
1121 1122 1185 1184 5594 5595 5658 5657
1122 1123 1186 1185 5595 5596 5659 5658
1123 1124 1187 1186 5596 5597 5660 5659
1124 1125 1188 1187 5597 5598 5661 5660
1125 1126 1189 1188 5598 5599 5662 5661
1126 1127 1190 1189 5599 5600 5663 5662
1127 1128 1191 1190 5600 5601 5664 5663
1128 1129 1192 1191 5601 5602 5665 5664
1129 1130 1193 1192 5602 5603 5666 5665
1130 1131 1194 1193 5603 5604 5667 5666
1131 1132 1195 1194 5604 5605 5668 5667
1132 1133 1196 1195 5605 5606 5669 5668
1134 1135 1198 1197 5607 5608 5671 5670
1135 1136 1199 1198 5608 5609 5672 5671
1136 1137 1200 1199 5609 5610 5673 5672
1137 1138 1201 1200 5610 5611 5674 5673
1138 1139 1202 1201 5611 5612 5675 5674
1139 1140 1203 1202 5612 5613 5676 5675
1140 1141 1204 1203 5613 5614 5677 5676
1141 1142 1205 1204 5614 5615 5678 5677
1142 1143 1206 1205 5615 5616 5679 5678
1143 1144 1207 1206 5616 5617 5680 5679
1144 1145 1208 1207 5617 5618 5681 5680
1145 1146 1209 1208 5618 5619 5682 5681
1146 1147 1210 1209 5619 5620 5683 5682
1147 1148 1211 1210 5620 5621 5684 5683
1148 1149 1212 1211 5621 5622 5685 5684
1149 1150 1213 1212 5622 5623 5686 5685
1150 1151 1214 1213 5623 5624 5687 5686
1151 1152 1215 1214 5624 5625 5688 5687
1152 1153 1216 1215 5625 5626 5689 5688
1153 1154 1217 1216 5626 5627 5690 5689
1154 1155 1218 1217 5627 5628 5691 5690
1155 1156 1219 1218 5628 5629 5692 5691
1156 1157 1220 1219 5629 5630 5693 5692
1157 1158 1221 1220 5630 5631 5694 5693
1158 1159 1222 1221 5631 5632 5695 5694
1159 1160 1223 1222 5632 5633 5696 5695
1160 1161 1224 1223 5633 5634 5697 5696
1161 1162 1225 1224 5634 5635 5698 5697
1162 1163 1226 1225 5635 5636 5699 5698
1163 1164 1227 1226 5636 5637 5700 5699
1164 1165 1228 1227 5637 5638 5701 5700
1165 1166 1229 1228 5638 5639 5702 5701
1166 1167 1230 1229 5639 5640 5703 5702
1167 1168 1231 1230 5640 5641 5704 5703
1168 1169 1232 1231 5641 5642 5705 5704
1169 1170 1233 1232 5642 5643 5706 5705
1170 1171 1234 1233 5643 5644 5707 5706
1171 1172 1235 1234 5644 5645 5708 5707
1172 1173 1236 1235 5645 5646 5709 5708
1173 1174 1237 1236 5646 5647 5710 5709
1174 1175 1238 1237 5647 5648 5711 5710
1175 1176 1239 1238 5648 5649 5712 5711
1176 1177 1240 1239 5649 5650 5713 5712
1177 1178 1241 1240 5650 5651 5714 5713
1178 1179 1242 1241 5651 5652 5715 5714
1179 1180 1243 1242 5652 5653 5716 5715
1180 1181 1244 1243 5653 5654 5717 5716
1181 1182 1245 1244 5654 5655 5718 5717
1182 1183 1246 1245 5655 5656 5719 5718
1183 1184 1247 1246 5656 5657 5720 5719
1184 1185 1248 1247 5657 5658 5721 5720
1185 1186 1249 1248 5658 5659 5722 5721
1186 1187 1250 1249 5659 5660 5723 5722
1187 1188 1251 1250 5660 5661 5724 5723
1188 1189 1252 1251 5661 5662 5725 5724
1189 1190 1253 1252 5662 5663 5726 5725
1190 1191 1254 1253 5663 5664 5727 5726
1191 1192 1255 1254 5664 5665 5728 5727
1192 1193 1256 1255 5665 5666 5729 5728
1193 1194 1257 1256 5666 5667 5730 5729
1194 1195 1258 1257 5667 5668 5731 5730
1195 1196 1259 1258 5668 5669 5732 5731
1197 1198 1261 1260 5670 5671 5734 5733
1198 1199 1262 1261 5671 5672 5735 5734
1199 1200 1263 1262 5672 5673 5736 5735
1200 1201 1264 1263 5673 5674 5737 5736
1201 1202 1265 1264 5674 5675 5738 5737
1202 1203 1266 1265 5675 5676 5739 5738
1203 1204 1267 1266 5676 5677 5740 5739
1204 1205 1268 1267 5677 5678 5741 5740
1205 1206 1269 1268 5678 5679 5742 5741
1206 1207 1270 1269 5679 5680 5743 5742
1207 1208 1271 1270 5680 5681 5744 5743
1208 1209 1272 1271 5681 5682 5745 5744
1209 1210 1273 1272 5682 5683 5746 5745
1210 1211 1274 1273 5683 5684 5747 5746
1211 1212 1275 1274 5684 5685 5748 5747
1212 1213 1276 1275 5685 5686 5749 5748
1213 1214 1277 1276 5686 5687 5750 5749
1214 1215 1278 1277 5687 5688 5751 5750
1215 1216 1279 1278 5688 5689 5752 5751
1216 1217 1280 1279 5689 5690 5753 5752
1217 1218 1281 1280 5690 5691 5754 5753
1218 1219 1282 1281 5691 5692 5755 5754
1219 1220 1283 1282 5692 5693 5756 5755
1220 1221 1284 1283 5693 5694 5757 5756
1221 1222 1285 1284 5694 5695 5758 5757
1222 1223 1286 1285 5695 5696 5759 5758
1223 1224 1287 1286 5696 5697 5760 5759
1224 1225 1288 1287 5697 5698 5761 5760
1225 1226 1289 1288 5698 5699 5762 5761
1226 1227 1290 1289 5699 5700 5763 5762
1227 1228 1291 1290 5700 5701 5764 5763
1228 1229 1292 1291 5701 5702 5765 5764
1229 1230 1293 1292 5702 5703 5766 5765
1230 1231 1294 1293 5703 5704 5767 5766
1231 1232 1295 1294 5704 5705 5768 5767
1232 1233 1296 1295 5705 5706 5769 5768
1233 1234 1297 1296 5706 5707 5770 5769
1234 1235 1298 1297 5707 5708 5771 5770
1235 1236 1299 1298 5708 5709 5772 5771
1236 1237 1300 1299 5709 5710 5773 5772
1237 1238 1301 1300 5710 5711 5774 5773
1238 1239 1302 1301 5711 5712 5775 5774
1239 1240 1303 1302 5712 5713 5776 5775
1240 1241 1304 1303 5713 5714 5777 5776
1241 1242 1305 1304 5714 5715 5778 5777
1242 1243 1306 1305 5715 5716 5779 5778
1243 1244 1307 1306 5716 5717 5780 5779
1244 1245 1308 1307 5717 5718 5781 5780
1245 1246 1309 1308 5718 5719 5782 5781
1246 1247 1310 1309 5719 5720 5783 5782
1247 1248 1311 1310 5720 5721 5784 5783
1248 1249 1312 1311 5721 5722 5785 5784
1249 1250 1313 1312 5722 5723 5786 5785
1250 1251 1314 1313 5723 5724 5787 5786
1251 1252 1315 1314 5724 5725 5788 5787
1252 1253 1316 1315 5725 5726 5789 5788
1253 1254 1317 1316 5726 5727 5790 5789
1254 1255 1318 1317 5727 5728 5791 5790
1255 1256 1319 1318 5728 5729 5792 5791
1256 1257 1320 1319 5729 5730 5793 5792
1257 1258 1321 1320 5730 5731 5794 5793
1258 1259 1322 1321 5731 5732 5795 5794
1260 1261 1324 1323 5733 5734 5797 5796
1261 1262 1325 1324 5734 5735 5798 5797
1262 1263 1326 1325 5735 5736 5799 5798
1263 1264 1327 1326 5736 5737 5800 5799
1264 1265 1328 1327 5737 5738 5801 5800
1265 1266 1329 1328 5738 5739 5802 5801
1266 1267 1330 1329 5739 5740 5803 5802
1267 1268 1331 1330 5740 5741 5804 5803
1268 1269 1332 1331 5741 5742 5805 5804
1269 1270 1333 1332 5742 5743 5806 5805
1270 1271 1334 1333 5743 5744 5807 5806
1271 1272 1335 1334 5744 5745 5808 5807
1272 1273 1336 1335 5745 5746 5809 5808
1273 1274 1337 1336 5746 5747 5810 5809
1274 1275 1338 1337 5747 5748 5811 5810
1275 1276 1339 1338 5748 5749 5812 5811
1276 1277 1340 1339 5749 5750 5813 5812
1277 1278 1341 1340 5750 5751 5814 5813
1278 1279 1342 1341 5751 5752 5815 5814
1279 1280 1343 1342 5752 5753 5816 5815
1280 1281 1344 1343 5753 5754 5817 5816
1281 1282 1345 1344 5754 5755 5818 5817
1282 1283 1346 1345 5755 5756 5819 5818
1283 1284 1347 1346 5756 5757 5820 5819
1284 1285 1348 1347 5757 5758 5821 5820
1285 1286 1349 1348 5758 5759 5822 5821
1286 1287 1350 1349 5759 5760 5823 5822
1287 1288 1351 1350 5760 5761 5824 5823
1288 1289 1352 1351 5761 5762 5825 5824
1289 1290 1353 1352 5762 5763 5826 5825
1290 1291 1354 1353 5763 5764 5827 5826
1291 1292 1355 1354 5764 5765 5828 5827
1292 1293 1356 1355 5765 5766 5829 5828
1293 1294 1357 1356 5766 5767 5830 5829
1294 1295 1358 1357 5767 5768 5831 5830
1295 1296 1359 1358 5768 5769 5832 5831
1296 1297 1360 1359 5769 5770 5833 5832
1297 1298 1361 1360 5770 5771 5834 5833
1298 1299 1362 1361 5771 5772 5835 5834
1299 1300 1363 1362 5772 5773 5836 5835
1300 1301 1364 1363 5773 5774 5837 5836
1301 1302 1365 1364 5774 5775 5838 5837
1302 1303 1366 1365 5775 5776 5839 5838
1303 1304 1367 1366 5776 5777 5840 5839
1304 1305 1368 1367 5777 5778 5841 5840
1305 1306 1369 1368 5778 5779 5842 5841
1306 1307 1370 1369 5779 5780 5843 5842
1307 1308 1371 1370 5780 5781 5844 5843
1308 1309 1372 1371 5781 5782 5845 5844
1309 1310 1373 1372 5782 5783 5846 5845
1310 1311 1374 1373 5783 5784 5847 5846
1311 1312 1375 1374 5784 5785 5848 5847
1312 1313 1376 1375 5785 5786 5849 5848
1313 1314 1377 1376 5786 5787 5850 5849
1314 1315 1378 1377 5787 5788 5851 5850
1315 1316 1379 1378 5788 5789 5852 5851
1316 1317 1380 1379 5789 5790 5853 5852
1317 1318 1381 1380 5790 5791 5854 5853
1318 1319 1382 1381 5791 5792 5855 5854
1319 1320 1383 1382 5792 5793 5856 5855
1320 1321 1384 1383 5793 5794 5857 5856
1321 1322 1385 1384 5794 5795 5858 5857
1323 1324 1387 1386 5796 5797 5860 5859
1324 1325 1388 1387 5797 5798 5861 5860
1325 1326 1389 1388 5798 5799 5862 5861
1326 1327 1390 1389 5799 5800 5863 5862
1327 1328 1391 1390 5800 5801 5864 5863
1328 1329 1392 1391 5801 5802 5865 5864
1329 1330 1393 1392 5802 5803 5866 5865
1330 1331 1394 1393 5803 5804 5867 5866
1331 1332 1395 1394 5804 5805 5868 5867
1332 1333 1396 1395 5805 5806 5869 5868
1333 1334 1397 1396 5806 5807 5870 5869
1334 1335 1398 1397 5807 5808 5871 5870
1335 1336 1399 1398 5808 5809 5872 5871
1336 1337 1400 1399 5809 5810 5873 5872
1337 1338 1401 1400 5810 5811 5874 5873
1338 1339 1402 1401 5811 5812 5875 5874
1339 1340 1403 1402 5812 5813 5876 5875
1340 1341 1404 1403 5813 5814 5877 5876
1341 1342 1405 1404 5814 5815 5878 5877
1342 1343 1406 1405 5815 5816 5879 5878
1343 1344 1407 1406 5816 5817 5880 5879
1344 1345 1408 1407 5817 5818 5881 5880
1345 1346 1409 1408 5818 5819 5882 5881
1346 1347 1410 1409 5819 5820 5883 5882
1347 1348 1411 1410 5820 5821 5884 5883
1348 1349 1412 1411 5821 5822 5885 5884
1349 1350 1413 1412 5822 5823 5886 5885
1350 1351 1414 1413 5823 5824 5887 5886
1351 1352 1415 1414 5824 5825 5888 5887
1352 1353 1416 1415 5825 5826 5889 5888
1353 1354 1417 1416 5826 5827 5890 5889
1354 1355 1418 1417 5827 5828 5891 5890
1355 1356 1419 1418 5828 5829 5892 5891
1356 1357 1420 1419 5829 5830 5893 5892
1357 1358 1421 1420 5830 5831 5894 5893
1358 1359 1422 1421 5831 5832 5895 5894
1359 1360 1423 1422 5832 5833 5896 5895
1360 1361 1424 1423 5833 5834 5897 5896
1361 1362 1425 1424 5834 5835 5898 5897
1362 1363 1426 1425 5835 5836 5899 5898
1363 1364 1427 1426 5836 5837 5900 5899
1364 1365 1428 1427 5837 5838 5901 5900
1365 1366 1429 1428 5838 5839 5902 5901
1366 1367 1430 1429 5839 5840 5903 5902
1367 1368 1431 1430 5840 5841 5904 5903
1368 1369 1432 1431 5841 5842 5905 5904
1369 1370 1433 1432 5842 5843 5906 5905
1370 1371 1434 1433 5843 5844 5907 5906
1371 1372 1435 1434 5844 5845 5908 5907
1372 1373 1436 1435 5845 5846 5909 5908
1373 1374 1437 1436 5846 5847 5910 5909
1374 1375 1438 1437 5847 5848 5911 5910
1375 1376 1439 1438 5848 5849 5912 5911
1376 1377 1440 1439 5849 5850 5913 5912
1377 1378 1441 1440 5850 5851 5914 5913
1378 1379 1442 1441 5851 5852 5915 5914
1379 1380 1443 1442 5852 5853 5916 5915
1380 1381 1444 1443 5853 5854 5917 5916
1381 1382 1445 1444 5854 5855 5918 5917
1382 1383 1446 1445 5855 5856 5919 5918
1383 1384 1447 1446 5856 5857 5920 5919
1384 1385 1448 1447 5857 5858 5921 5920
1386 1387 1450 1449 5859 5860 5923 5922
1387 1388 1451 1450 5860 5861 5924 5923
1388 1389 1452 1451 5861 5862 5925 5924
1389 1390 1453 1452 5862 5863 5926 5925
1390 1391 1454 1453 5863 5864 5927 5926
1391 1392 1455 1454 5864 5865 5928 5927
1392 1393 1456 1455 5865 5866 5929 5928
1393 1394 1457 1456 5866 5867 5930 5929
1394 1395 1458 1457 5867 5868 5931 5930
1395 1396 1459 1458 5868 5869 5932 5931
1396 1397 1460 1459 5869 5870 5933 5932
1397 1398 1461 1460 5870 5871 5934 5933
1398 1399 1462 1461 5871 5872 5935 5934
1399 1400 1463 1462 5872 5873 5936 5935
1400 1401 1464 1463 5873 5874 5937 5936
1401 1402 1465 1464 5874 5875 5938 5937
1402 1403 1466 1465 5875 5876 5939 5938
1403 1404 1467 1466 5876 5877 5940 5939
1404 1405 1468 1467 5877 5878 5941 5940
1405 1406 1469 1468 5878 5879 5942 5941
1406 1407 1470 1469 5879 5880 5943 5942
1407 1408 1471 1470 5880 5881 5944 5943
1408 1409 1472 1471 5881 5882 5945 5944
1409 1410 1473 1472 5882 5883 5946 5945
1410 1411 1474 1473 5883 5884 5947 5946
1411 1412 1475 1474 5884 5885 5948 5947
1412 1413 1476 1475 5885 5886 5949 5948
1413 1414 1477 1476 5886 5887 5950 5949
1414 1415 1478 1477 5887 5888 5951 5950
1415 1416 1479 1478 5888 5889 5952 5951
1416 1417 1480 1479 5889 5890 5953 5952
1417 1418 1481 1480 5890 5891 5954 5953
1418 1419 1482 1481 5891 5892 5955 5954
1419 1420 1483 1482 5892 5893 5956 5955
1420 1421 1484 1483 5893 5894 5957 5956
1421 1422 1485 1484 5894 5895 5958 5957
1422 1423 1486 1485 5895 5896 5959 5958
1423 1424 1487 1486 5896 5897 5960 5959
1424 1425 1488 1487 5897 5898 5961 5960
1425 1426 1489 1488 5898 5899 5962 5961
1426 1427 1490 1489 5899 5900 5963 5962
1427 1428 1491 1490 5900 5901 5964 5963
1428 1429 1492 1491 5901 5902 5965 5964
1429 1430 1493 1492 5902 5903 5966 5965
1430 1431 1494 1493 5903 5904 5967 5966
1431 1432 1495 1494 5904 5905 5968 5967
1432 1433 1496 1495 5905 5906 5969 5968
1433 1434 1497 1496 5906 5907 5970 5969
1434 1435 1498 1497 5907 5908 5971 5970
1435 1436 1499 1498 5908 5909 5972 5971
1436 1437 1500 1499 5909 5910 5973 5972
1437 1438 1501 1500 5910 5911 5974 5973
1438 1439 1502 1501 5911 5912 5975 5974
1439 1440 1503 1502 5912 5913 5976 5975
1440 1441 1504 1503 5913 5914 5977 5976
1441 1442 1505 1504 5914 5915 5978 5977
1442 1443 1506 1505 5915 5916 5979 5978
1443 1444 1507 1506 5916 5917 5980 5979
1444 1445 1508 1507 5917 5918 5981 5980
1445 1446 1509 1508 5918 5919 5982 5981
1446 1447 1510 1509 5919 5920 5983 5982
1447 1448 1511 1510 5920 5921 5984 5983
1449 1450 1513 1512 5922 5923 5986 5985
1450 1451 1514 1513 5923 5924 5987 5986
1451 1452 1515 1514 5924 5925 5988 5987
1452 1453 1516 1515 5925 5926 5989 5988
1453 1454 1517 1516 5926 5927 5990 5989
1454 1455 1518 1517 5927 5928 5991 5990
1455 1456 1519 1518 5928 5929 5992 5991
1456 1457 1520 1519 5929 5930 5993 5992
1457 1458 1521 1520 5930 5931 5994 5993
1458 1459 1522 1521 5931 5932 5995 5994
1459 1460 1523 1522 5932 5933 5996 5995
1460 1461 1524 1523 5933 5934 5997 5996
1461 1462 1525 1524 5934 5935 5998 5997
1462 1463 1526 1525 5935 5936 5999 5998
1463 1464 1527 1526 5936 5937 6000 5999
1464 1465 1528 1527 5937 5938 6001 6000
1465 1466 1529 1528 5938 5939 6002 6001
1466 1467 1530 1529 5939 5940 6003 6002
1467 1468 1531 1530 5940 5941 6004 6003
1468 1469 1532 1531 5941 5942 6005 6004
1469 1470 1533 1532 5942 5943 6006 6005
1470 1471 1534 1533 5943 5944 6007 6006
1471 1472 1535 1534 5944 5945 6008 6007
1472 1473 1536 1535 5945 5946 6009 6008
1473 1474 1537 1536 5946 5947 6010 6009
1474 1475 1538 1537 5947 5948 6011 6010
1475 1476 1539 1538 5948 5949 6012 6011
1476 1477 1540 1539 5949 5950 6013 6012
1477 1478 1541 1540 5950 5951 6014 6013
1478 1479 1542 1541 5951 5952 6015 6014
1479 1480 1543 1542 5952 5953 6016 6015
1480 1481 1544 1543 5953 5954 6017 6016
1481 1482 1545 1544 5954 5955 6018 6017
1482 1483 1546 1545 5955 5956 6019 6018
1483 1484 1547 1546 5956 5957 6020 6019
1484 1485 1548 1547 5957 5958 6021 6020
1485 1486 1549 1548 5958 5959 6022 6021
1486 1487 1550 1549 5959 5960 6023 6022
1487 1488 1551 1550 5960 5961 6024 6023
1488 1489 1552 1551 5961 5962 6025 6024
1489 1490 1553 1552 5962 5963 6026 6025
1490 1491 1554 1553 5963 5964 6027 6026
1491 1492 1555 1554 5964 5965 6028 6027
1492 1493 1556 1555 5965 5966 6029 6028
1493 1494 1557 1556 5966 5967 6030 6029
1494 1495 1558 1557 5967 5968 6031 6030
1495 1496 1559 1558 5968 5969 6032 6031
1496 1497 1560 1559 5969 5970 6033 6032
1497 1498 1561 1560 5970 5971 6034 6033
1498 1499 1562 1561 5971 5972 6035 6034
1499 1500 1563 1562 5972 5973 6036 6035
1500 1501 1564 1563 5973 5974 6037 6036
1501 1502 1565 1564 5974 5975 6038 6037
1502 1503 1566 1565 5975 5976 6039 6038
1503 1504 1567 1566 5976 5977 6040 6039
1504 1505 1568 1567 5977 5978 6041 6040
1505 1506 1569 1568 5978 5979 6042 6041
1506 1507 1570 1569 5979 5980 6043 6042
1507 1508 1571 1570 5980 5981 6044 6043
1508 1509 1572 1571 5981 5982 6045 6044
1509 1510 1573 1572 5982 5983 6046 6045
1510 1511 1574 1573 5983 5984 6047 6046
1512 1513 1576 1575 5985 5986 6049 6048
1513 1514 1577 1576 5986 5987 6050 6049
1514 1515 1578 1577 5987 5988 6051 6050
1515 1516 1579 1578 5988 5989 6052 6051
1516 1517 1580 1579 5989 5990 6053 6052
1517 1518 1581 1580 5990 5991 6054 6053
1518 1519 1582 1581 5991 5992 6055 6054
1519 1520 1583 1582 5992 5993 6056 6055
1520 1521 1584 1583 5993 5994 6057 6056
1521 1522 1585 1584 5994 5995 6058 6057
1522 1523 1586 1585 5995 5996 6059 6058
1523 1524 1587 1586 5996 5997 6060 6059
1524 1525 1588 1587 5997 5998 6061 6060
1525 1526 1589 1588 5998 5999 6062 6061
1526 1527 1590 1589 5999 6000 6063 6062
1527 1528 1591 1590 6000 6001 6064 6063
1528 1529 1592 1591 6001 6002 6065 6064
1529 1530 1593 1592 6002 6003 6066 6065
1530 1531 1594 1593 6003 6004 6067 6066
1531 1532 1595 1594 6004 6005 6068 6067
1532 1533 1596 1595 6005 6006 6069 6068
1533 1534 1597 1596 6006 6007 6070 6069
1534 1535 1598 1597 6007 6008 6071 6070
1535 1536 1599 1598 6008 6009 6072 6071
1536 1537 1600 1599 6009 6010 6073 6072
1537 1538 1601 1600 6010 6011 6074 6073
1538 1539 1602 1601 6011 6012 6075 6074
1539 1540 1603 1602 6012 6013 6076 6075
1540 1541 1604 1603 6013 6014 6077 6076
1541 1542 1605 1604 6014 6015 6078 6077
1542 1543 1606 1605 6015 6016 6079 6078
1543 1544 1607 1606 6016 6017 6080 6079
1544 1545 1608 1607 6017 6018 6081 6080
1545 1546 1609 1608 6018 6019 6082 6081
1546 1547 1610 1609 6019 6020 6083 6082
1547 1548 1611 1610 6020 6021 6084 6083
1548 1549 1612 1611 6021 6022 6085 6084
1549 1550 1613 1612 6022 6023 6086 6085
1550 1551 1614 1613 6023 6024 6087 6086
1551 1552 1615 1614 6024 6025 6088 6087
1552 1553 1616 1615 6025 6026 6089 6088
1553 1554 1617 1616 6026 6027 6090 6089
1554 1555 1618 1617 6027 6028 6091 6090
1555 1556 1619 1618 6028 6029 6092 6091
1556 1557 1620 1619 6029 6030 6093 6092
1557 1558 1621 1620 6030 6031 6094 6093
1558 1559 1622 1621 6031 6032 6095 6094
1559 1560 1623 1622 6032 6033 6096 6095
1560 1561 1624 1623 6033 6034 6097 6096
1561 1562 1625 1624 6034 6035 6098 6097
1562 1563 1626 1625 6035 6036 6099 6098
1563 1564 1627 1626 6036 6037 6100 6099
1564 1565 1628 1627 6037 6038 6101 6100
1565 1566 1629 1628 6038 6039 6102 6101
1566 1567 1630 1629 6039 6040 6103 6102
1567 1568 1631 1630 6040 6041 6104 6103
1568 1569 1632 1631 6041 6042 6105 6104
1569 1570 1633 1632 6042 6043 6106 6105
1570 1571 1634 1633 6043 6044 6107 6106
1571 1572 1635 1634 6044 6045 6108 6107
1572 1573 1636 1635 6045 6046 6109 6108
1573 1574 1637 1636 6046 6047 6110 6109
1575 1576 1639 1638 6048 6049 6112 6111
1576 1577 1640 1639 6049 6050 6113 6112
1577 1578 1641 1640 6050 6051 6114 6113
1578 1579 1642 1641 6051 6052 6115 6114
1579 1580 1643 1642 6052 6053 6116 6115
1580 1581 1644 1643 6053 6054 6117 6116
1581 1582 1645 1644 6054 6055 6118 6117
1582 1583 1646 1645 6055 6056 6119 6118
1583 1584 1647 1646 6056 6057 6120 6119
1584 1585 1648 1647 6057 6058 6121 6120
1585 1586 1649 1648 6058 6059 6122 6121
1586 1587 1650 1649 6059 6060 6123 6122
1587 1588 1651 1650 6060 6061 6124 6123
1588 1589 1652 1651 6061 6062 6125 6124
1589 1590 1653 1652 6062 6063 6126 6125
1590 1591 1654 1653 6063 6064 6127 6126
1591 1592 1655 1654 6064 6065 6128 6127
1592 1593 1656 1655 6065 6066 6129 6128
1593 1594 1657 1656 6066 6067 6130 6129
1594 1595 1658 1657 6067 6068 6131 6130
1595 1596 1659 1658 6068 6069 6132 6131
1596 1597 1660 1659 6069 6070 6133 6132
1597 1598 1661 1660 6070 6071 6134 6133
1598 1599 1662 1661 6071 6072 6135 6134
1599 1600 1663 1662 6072 6073 6136 6135
1600 1601 1664 1663 6073 6074 6137 6136
1601 1602 1665 1664 6074 6075 6138 6137
1602 1603 1666 1665 6075 6076 6139 6138
1603 1604 1667 1666 6076 6077 6140 6139
1604 1605 1668 1667 6077 6078 6141 6140
1605 1606 1669 1668 6078 6079 6142 6141
1606 1607 1670 1669 6079 6080 6143 6142
1607 1608 1671 1670 6080 6081 6144 6143
1608 1609 1672 1671 6081 6082 6145 6144
1609 1610 1673 1672 6082 6083 6146 6145
1610 1611 1674 1673 6083 6084 6147 6146
1611 1612 1675 1674 6084 6085 6148 6147
1612 1613 1676 1675 6085 6086 6149 6148
1613 1614 1677 1676 6086 6087 6150 6149
1614 1615 1678 1677 6087 6088 6151 6150
1615 1616 1679 1678 6088 6089 6152 6151
1616 1617 1680 1679 6089 6090 6153 6152
1617 1618 1681 1680 6090 6091 6154 6153
1618 1619 1682 1681 6091 6092 6155 6154
1619 1620 1683 1682 6092 6093 6156 6155
1620 1621 1684 1683 6093 6094 6157 6156
1621 1622 1685 1684 6094 6095 6158 6157
1622 1623 1686 1685 6095 6096 6159 6158
1623 1624 1687 1686 6096 6097 6160 6159
1624 1625 1688 1687 6097 6098 6161 6160
1625 1626 1689 1688 6098 6099 6162 6161
1626 1627 1690 1689 6099 6100 6163 6162
1627 1628 1691 1690 6100 6101 6164 6163
1628 1629 1692 1691 6101 6102 6165 6164
1629 1630 1693 1692 6102 6103 6166 6165
1630 1631 1694 1693 6103 6104 6167 6166
1631 1632 1695 1694 6104 6105 6168 6167
1632 1633 1696 1695 6105 6106 6169 6168
1633 1634 1697 1696 6106 6107 6170 6169
1634 1635 1698 1697 6107 6108 6171 6170
1635 1636 1699 1698 6108 6109 6172 6171
1636 1637 1700 1699 6109 6110 6173 6172
1638 1639 1702 1701 6111 6112 6175 6174
1639 1640 1703 1702 6112 6113 6176 6175
1640 1641 1704 1703 6113 6114 6177 6176
1641 1642 1705 1704 6114 6115 6178 6177
1642 1643 1706 1705 6115 6116 6179 6178
1643 1644 1707 1706 6116 6117 6180 6179
1644 1645 1708 1707 6117 6118 6181 6180
1645 1646 1709 1708 6118 6119 6182 6181
1646 1647 1710 1709 6119 6120 6183 6182
1647 1648 1711 1710 6120 6121 6184 6183
1648 1649 1712 1711 6121 6122 6185 6184
1649 1650 1713 1712 6122 6123 6186 6185
1650 1651 1714 1713 6123 6124 6187 6186
1651 1652 1715 1714 6124 6125 6188 6187
1652 1653 1716 1715 6125 6126 6189 6188
1653 1654 1717 1716 6126 6127 6190 6189
1654 1655 1718 1717 6127 6128 6191 6190
1655 1656 1719 1718 6128 6129 6192 6191
1656 1657 1720 1719 6129 6130 6193 6192
1657 1658 1721 1720 6130 6131 6194 6193
1658 1659 1722 1721 6131 6132 6195 6194
1659 1660 1723 1722 6132 6133 6196 6195
1660 1661 1724 1723 6133 6134 6197 6196
1661 1662 1725 1724 6134 6135 6198 6197
1662 1663 1726 1725 6135 6136 6199 6198
1663 1664 1727 1726 6136 6137 6200 6199
1664 1665 1728 1727 6137 6138 6201 6200
1665 1666 1729 1728 6138 6139 6202 6201
1666 1667 1730 1729 6139 6140 6203 6202
1667 1668 1731 1730 6140 6141 6204 6203
1668 1669 1732 1731 6141 6142 6205 6204
1669 1670 1733 1732 6142 6143 6206 6205
1670 1671 1734 1733 6143 6144 6207 6206
1671 1672 1735 1734 6144 6145 6208 6207
1672 1673 1736 1735 6145 6146 6209 6208
1673 1674 1737 1736 6146 6147 6210 6209
1674 1675 1738 1737 6147 6148 6211 6210
1675 1676 1739 1738 6148 6149 6212 6211
1676 1677 1740 1739 6149 6150 6213 6212
1677 1678 1741 1740 6150 6151 6214 6213
1678 1679 1742 1741 6151 6152 6215 6214
1679 1680 1743 1742 6152 6153 6216 6215
1680 1681 1744 1743 6153 6154 6217 6216
1681 1682 1745 1744 6154 6155 6218 6217
1682 1683 1746 1745 6155 6156 6219 6218
1683 1684 1747 1746 6156 6157 6220 6219
1684 1685 1748 1747 6157 6158 6221 6220
1685 1686 1749 1748 6158 6159 6222 6221
1686 1687 1750 1749 6159 6160 6223 6222
1687 1688 1751 1750 6160 6161 6224 6223
1688 1689 1752 1751 6161 6162 6225 6224
1689 1690 1753 1752 6162 6163 6226 6225
1690 1691 1754 1753 6163 6164 6227 6226
1691 1692 1755 1754 6164 6165 6228 6227
1692 1693 1756 1755 6165 6166 6229 6228
1693 1694 1757 1756 6166 6167 6230 6229
1694 1695 1758 1757 6167 6168 6231 6230
1695 1696 1759 1758 6168 6169 6232 6231
1696 1697 1760 1759 6169 6170 6233 6232
1697 1698 1761 1760 6170 6171 6234 6233
1698 1699 1762 1761 6171 6172 6235 6234
1699 1700 1763 1762 6172 6173 6236 6235
1701 1702 1765 1764 6174 6175 6238 6237
1702 1703 1766 1765 6175 6176 6239 6238
1703 1704 1767 1766 6176 6177 6240 6239
1704 1705 1768 1767 6177 6178 6241 6240
1705 1706 1769 1768 6178 6179 6242 6241
1706 1707 1770 1769 6179 6180 6243 6242
1707 1708 1771 1770 6180 6181 6244 6243
1708 1709 1772 1771 6181 6182 6245 6244
1709 1710 1773 1772 6182 6183 6246 6245
1710 1711 1774 1773 6183 6184 6247 6246
1711 1712 1775 1774 6184 6185 6248 6247
1712 1713 1776 1775 6185 6186 6249 6248
1713 1714 1777 1776 6186 6187 6250 6249
1714 1715 1778 1777 6187 6188 6251 6250
1715 1716 1779 1778 6188 6189 6252 6251
1716 1717 1780 1779 6189 6190 6253 6252
1717 1718 1781 1780 6190 6191 6254 6253
1718 1719 1782 1781 6191 6192 6255 6254
1719 1720 1783 1782 6192 6193 6256 6255
1720 1721 1784 1783 6193 6194 6257 6256
1721 1722 1785 1784 6194 6195 6258 6257
1722 1723 1786 1785 6195 6196 6259 6258
1723 1724 1787 1786 6196 6197 6260 6259
1724 1725 1788 1787 6197 6198 6261 6260
1725 1726 1789 1788 6198 6199 6262 6261
1726 1727 1790 1789 6199 6200 6263 6262
1727 1728 1791 1790 6200 6201 6264 6263
1728 1729 1792 1791 6201 6202 6265 6264
1729 1730 1793 1792 6202 6203 6266 6265
1730 1731 1794 1793 6203 6204 6267 6266
1731 1732 1795 1794 6204 6205 6268 6267
1732 1733 1796 1795 6205 6206 6269 6268
1733 1734 1797 1796 6206 6207 6270 6269
1734 1735 1798 1797 6207 6208 6271 6270
1735 1736 1799 1798 6208 6209 6272 6271
1736 1737 1800 1799 6209 6210 6273 6272
1737 1738 1801 1800 6210 6211 6274 6273
1738 1739 1802 1801 6211 6212 6275 6274
1739 1740 1803 1802 6212 6213 6276 6275
1740 1741 1804 1803 6213 6214 6277 6276
1741 1742 1805 1804 6214 6215 6278 6277
1742 1743 1806 1805 6215 6216 6279 6278
1743 1744 1807 1806 6216 6217 6280 6279
1744 1745 1808 1807 6217 6218 6281 6280
1745 1746 1809 1808 6218 6219 6282 6281
1746 1747 1810 1809 6219 6220 6283 6282
1747 1748 1811 1810 6220 6221 6284 6283
1748 1749 1812 1811 6221 6222 6285 6284
1749 1750 1813 1812 6222 6223 6286 6285
1750 1751 1814 1813 6223 6224 6287 6286
1751 1752 1815 1814 6224 6225 6288 6287
1752 1753 1816 1815 6225 6226 6289 6288
1753 1754 1817 1816 6226 6227 6290 6289
1754 1755 1818 1817 6227 6228 6291 6290
1755 1756 1819 1818 6228 6229 6292 6291
1756 1757 1820 1819 6229 6230 6293 6292
1757 1758 1821 1820 6230 6231 6294 6293
1758 1759 1822 1821 6231 6232 6295 6294
1759 1760 1823 1822 6232 6233 6296 6295
1760 1761 1824 1823 6233 6234 6297 6296
1761 1762 1825 1824 6234 6235 6298 6297
1762 1763 1826 1825 6235 6236 6299 6298
1764 1765 1828 1827 6237 6238 6301 6300
1765 1766 1829 1828 6238 6239 6302 6301
1766 1767 1830 1829 6239 6240 6303 6302
1767 1768 1831 1830 6240 6241 6304 6303
1768 1769 1832 1831 6241 6242 6305 6304
1769 1770 1833 1832 6242 6243 6306 6305
1770 1771 1834 1833 6243 6244 6307 6306
1771 1772 1835 1834 6244 6245 6308 6307
1772 1773 1836 1835 6245 6246 6309 6308
1773 1774 1837 1836 6246 6247 6310 6309
1774 1775 1838 1837 6247 6248 6311 6310
1775 1776 1839 1838 6248 6249 6312 6311
1776 1777 1840 1839 6249 6250 6313 6312
1777 1778 1841 1840 6250 6251 6314 6313
1778 1779 1842 1841 6251 6252 6315 6314
1779 1780 1843 1842 6252 6253 6316 6315
1780 1781 1844 1843 6253 6254 6317 6316
1781 1782 1845 1844 6254 6255 6318 6317
1782 1783 1846 1845 6255 6256 6319 6318
1783 1784 1847 1846 6256 6257 6320 6319
1784 1785 1848 1847 6257 6258 6321 6320
1785 1786 1849 1848 6258 6259 6322 6321
1786 1787 1850 1849 6259 6260 6323 6322
1787 1788 1851 1850 6260 6261 6324 6323
1788 1789 1852 1851 6261 6262 6325 6324
1789 1790 1853 1852 6262 6263 6326 6325
1790 1791 1854 1853 6263 6264 6327 6326
1791 1792 1855 1854 6264 6265 6328 6327
1792 1793 1856 1855 6265 6266 6329 6328
1793 1794 1857 1856 6266 6267 6330 6329
1794 1795 1858 1857 6267 6268 6331 6330
1795 1796 1859 1858 6268 6269 6332 6331
1796 1797 1860 1859 6269 6270 6333 6332
1797 1798 1861 1860 6270 6271 6334 6333
1798 1799 1862 1861 6271 6272 6335 6334
1799 1800 1863 1862 6272 6273 6336 6335
1800 1801 1864 1863 6273 6274 6337 6336
1801 1802 1865 1864 6274 6275 6338 6337
1802 1803 1866 1865 6275 6276 6339 6338
1803 1804 1867 1866 6276 6277 6340 6339
1804 1805 1868 1867 6277 6278 6341 6340
1805 1806 1869 1868 6278 6279 6342 6341
1806 1807 1870 1869 6279 6280 6343 6342
1807 1808 1871 1870 6280 6281 6344 6343
1808 1809 1872 1871 6281 6282 6345 6344
1809 1810 1873 1872 6282 6283 6346 6345
1810 1811 1874 1873 6283 6284 6347 6346
1811 1812 1875 1874 6284 6285 6348 6347
1812 1813 1876 1875 6285 6286 6349 6348
1813 1814 1877 1876 6286 6287 6350 6349
1814 1815 1878 1877 6287 6288 6351 6350
1815 1816 1879 1878 6288 6289 6352 6351
1816 1817 1880 1879 6289 6290 6353 6352
1817 1818 1881 1880 6290 6291 6354 6353
1818 1819 1882 1881 6291 6292 6355 6354
1819 1820 1883 1882 6292 6293 6356 6355
1820 1821 1884 1883 6293 6294 6357 6356
1821 1822 1885 1884 6294 6295 6358 6357
1822 1823 1886 1885 6295 6296 6359 6358
1823 1824 1887 1886 6296 6297 6360 6359
1824 1825 1888 1887 6297 6298 6361 6360
1825 1826 1889 1888 6298 6299 6362 6361
1827 1828 1891 1890 6300 6301 6364 6363
1828 1829 1892 1891 6301 6302 6365 6364
1829 1830 1893 1892 6302 6303 6366 6365
1830 1831 1894 1893 6303 6304 6367 6366
1831 1832 1895 1894 6304 6305 6368 6367
1832 1833 1896 1895 6305 6306 6369 6368
1833 1834 1897 1896 6306 6307 6370 6369
1834 1835 1898 1897 6307 6308 6371 6370
1835 1836 1899 1898 6308 6309 6372 6371
1836 1837 1900 1899 6309 6310 6373 6372
1837 1838 1901 1900 6310 6311 6374 6373
1838 1839 1902 1901 6311 6312 6375 6374
1839 1840 1903 1902 6312 6313 6376 6375
1840 1841 1904 1903 6313 6314 6377 6376
1841 1842 1905 1904 6314 6315 6378 6377
1842 1843 1906 1905 6315 6316 6379 6378
1843 1844 1907 1906 6316 6317 6380 6379
1844 1845 1908 1907 6317 6318 6381 6380
1845 1846 1909 1908 6318 6319 6382 6381
1846 1847 1910 1909 6319 6320 6383 6382
1847 1848 1911 1910 6320 6321 6384 6383
1848 1849 1912 1911 6321 6322 6385 6384
1849 1850 1913 1912 6322 6323 6386 6385
1850 1851 1914 1913 6323 6324 6387 6386
1851 1852 1915 1914 6324 6325 6388 6387
1852 1853 1916 1915 6325 6326 6389 6388
1853 1854 1917 1916 6326 6327 6390 6389
1854 1855 1918 1917 6327 6328 6391 6390
1855 1856 1919 1918 6328 6329 6392 6391
1856 1857 1920 1919 6329 6330 6393 6392
1857 1858 1921 1920 6330 6331 6394 6393
1858 1859 1922 1921 6331 6332 6395 6394
1859 1860 1923 1922 6332 6333 6396 6395
1860 1861 1924 1923 6333 6334 6397 6396
1861 1862 1925 1924 6334 6335 6398 6397
1862 1863 1926 1925 6335 6336 6399 6398
1863 1864 1927 1926 6336 6337 6400 6399
1864 1865 1928 1927 6337 6338 6401 6400
1865 1866 1929 1928 6338 6339 6402 6401
1866 1867 1930 1929 6339 6340 6403 6402
1867 1868 1931 1930 6340 6341 6404 6403
1868 1869 1932 1931 6341 6342 6405 6404
1869 1870 1933 1932 6342 6343 6406 6405
1870 1871 1934 1933 6343 6344 6407 6406
1871 1872 1935 1934 6344 6345 6408 6407
1872 1873 1936 1935 6345 6346 6409 6408
1873 1874 1937 1936 6346 6347 6410 6409
1874 1875 1938 1937 6347 6348 6411 6410
1875 1876 1939 1938 6348 6349 6412 6411
1876 1877 1940 1939 6349 6350 6413 6412
1877 1878 1941 1940 6350 6351 6414 6413
1878 1879 1942 1941 6351 6352 6415 6414
1879 1880 1943 1942 6352 6353 6416 6415
1880 1881 1944 1943 6353 6354 6417 6416
1881 1882 1945 1944 6354 6355 6418 6417
1882 1883 1946 1945 6355 6356 6419 6418
1883 1884 1947 1946 6356 6357 6420 6419
1884 1885 1948 1947 6357 6358 6421 6420
1885 1886 1949 1948 6358 6359 6422 6421
1886 1887 1950 1949 6359 6360 6423 6422
1887 1888 1951 1950 6360 6361 6424 6423
1888 1889 1952 1951 6361 6362 6425 6424
1890 1891 1954 1953 6363 6364 6427 6426
1891 1892 1955 1954 6364 6365 6428 6427
1892 1893 1956 1955 6365 6366 6429 6428
1893 1894 1957 1956 6366 6367 6430 6429
1894 1895 1958 1957 6367 6368 6431 6430
1895 1896 1959 1958 6368 6369 6432 6431
1896 1897 1960 1959 6369 6370 6433 6432
1897 1898 1961 1960 6370 6371 6434 6433
1898 1899 1962 1961 6371 6372 6435 6434
1899 1900 1963 1962 6372 6373 6436 6435
1900 1901 1964 1963 6373 6374 6437 6436
1901 1902 1965 1964 6374 6375 6438 6437
1902 1903 1966 1965 6375 6376 6439 6438
1903 1904 1967 1966 6376 6377 6440 6439
1904 1905 1968 1967 6377 6378 6441 6440
1905 1906 1969 1968 6378 6379 6442 6441
1906 1907 1970 1969 6379 6380 6443 6442
1907 1908 1971 1970 6380 6381 6444 6443
1908 1909 1972 1971 6381 6382 6445 6444
1909 1910 1973 1972 6382 6383 6446 6445
1910 1911 1974 1973 6383 6384 6447 6446
1911 1912 1975 1974 6384 6385 6448 6447
1912 1913 1976 1975 6385 6386 6449 6448
1913 1914 1977 1976 6386 6387 6450 6449
1914 1915 1978 1977 6387 6388 6451 6450
1915 1916 1979 1978 6388 6389 6452 6451
1916 1917 1980 1979 6389 6390 6453 6452
1917 1918 1981 1980 6390 6391 6454 6453
1918 1919 1982 1981 6391 6392 6455 6454
1919 1920 1983 1982 6392 6393 6456 6455
1920 1921 1984 1983 6393 6394 6457 6456
1921 1922 1985 1984 6394 6395 6458 6457
1922 1923 1986 1985 6395 6396 6459 6458
1923 1924 1987 1986 6396 6397 6460 6459
1924 1925 1988 1987 6397 6398 6461 6460
1925 1926 1989 1988 6398 6399 6462 6461
1926 1927 1990 1989 6399 6400 6463 6462
1927 1928 1991 1990 6400 6401 6464 6463
1928 1929 1992 1991 6401 6402 6465 6464
1929 1930 1993 1992 6402 6403 6466 6465
1930 1931 1994 1993 6403 6404 6467 6466
1931 1932 1995 1994 6404 6405 6468 6467
1932 1933 1996 1995 6405 6406 6469 6468
1933 1934 1997 1996 6406 6407 6470 6469
1934 1935 1998 1997 6407 6408 6471 6470
1935 1936 1999 1998 6408 6409 6472 6471
1936 1937 2000 1999 6409 6410 6473 6472
1937 1938 2001 2000 6410 6411 6474 6473
1938 1939 2002 2001 6411 6412 6475 6474
1939 1940 2003 2002 6412 6413 6476 6475
1940 1941 2004 2003 6413 6414 6477 6476
1941 1942 2005 2004 6414 6415 6478 6477
1942 1943 2006 2005 6415 6416 6479 6478
1943 1944 2007 2006 6416 6417 6480 6479
1944 1945 2008 2007 6417 6418 6481 6480
1945 1946 2009 2008 6418 6419 6482 6481
1946 1947 2010 2009 6419 6420 6483 6482
1947 1948 2011 2010 6420 6421 6484 6483
1948 1949 2012 2011 6421 6422 6485 6484
1949 1950 2013 2012 6422 6423 6486 6485
1950 1951 2014 2013 6423 6424 6487 6486
1951 1952 2015 2014 6424 6425 6488 6487
1953 1954 2017 2016 6426 6427 6490 6489
1954 1955 2018 2017 6427 6428 6491 6490
1955 1956 2019 2018 6428 6429 6492 6491
1956 1957 2020 2019 6429 6430 6493 6492
1957 1958 2021 2020 6430 6431 6494 6493
1958 1959 2022 2021 6431 6432 6495 6494
1959 1960 2023 2022 6432 6433 6496 6495
1960 1961 2024 2023 6433 6434 6497 6496
1961 1962 2025 2024 6434 6435 6498 6497
1962 1963 2026 2025 6435 6436 6499 6498
1963 1964 2027 2026 6436 6437 6500 6499
1964 1965 2028 2027 6437 6438 6501 6500
1965 1966 2029 2028 6438 6439 6502 6501
1966 1967 2030 2029 6439 6440 6503 6502
1967 1968 2031 2030 6440 6441 6504 6503
1968 1969 2032 2031 6441 6442 6505 6504
1969 1970 2033 2032 6442 6443 6506 6505
1970 1971 2034 2033 6443 6444 6507 6506
1971 1972 2035 2034 6444 6445 6508 6507
1972 1973 2036 2035 6445 6446 6509 6508
1973 1974 2037 2036 6446 6447 6510 6509
1974 1975 2038 2037 6447 6448 6511 6510
1975 1976 2039 2038 6448 6449 6512 6511
1976 1977 2040 2039 6449 6450 6513 6512
1977 1978 2041 2040 6450 6451 6514 6513
1978 1979 2042 2041 6451 6452 6515 6514
1979 1980 2043 2042 6452 6453 6516 6515
1980 1981 2044 2043 6453 6454 6517 6516
1981 1982 2045 2044 6454 6455 6518 6517
1982 1983 2046 2045 6455 6456 6519 6518
1983 1984 2047 2046 6456 6457 6520 6519
1984 1985 2048 2047 6457 6458 6521 6520
1985 1986 2049 2048 6458 6459 6522 6521
1986 1987 2050 2049 6459 6460 6523 6522
1987 1988 2051 2050 6460 6461 6524 6523
1988 1989 2052 2051 6461 6462 6525 6524
1989 1990 2053 2052 6462 6463 6526 6525
1990 1991 2054 2053 6463 6464 6527 6526
1991 1992 2055 2054 6464 6465 6528 6527
1992 1993 2056 2055 6465 6466 6529 6528
1993 1994 2057 2056 6466 6467 6530 6529
1994 1995 2058 2057 6467 6468 6531 6530
1995 1996 2059 2058 6468 6469 6532 6531
1996 1997 2060 2059 6469 6470 6533 6532
1997 1998 2061 2060 6470 6471 6534 6533
1998 1999 2062 2061 6471 6472 6535 6534
1999 2000 2063 2062 6472 6473 6536 6535
2000 2001 2064 2063 6473 6474 6537 6536
2001 2002 2065 2064 6474 6475 6538 6537
2002 2003 2066 2065 6475 6476 6539 6538
2003 2004 2067 2066 6476 6477 6540 6539
2004 2005 2068 2067 6477 6478 6541 6540
2005 2006 2069 2068 6478 6479 6542 6541
2006 2007 2070 2069 6479 6480 6543 6542
2007 2008 2071 2070 6480 6481 6544 6543
2008 2009 2072 2071 6481 6482 6545 6544
2009 2010 2073 2072 6482 6483 6546 6545
2010 2011 2074 2073 6483 6484 6547 6546
2011 2012 2075 2074 6484 6485 6548 6547
2012 2013 2076 2075 6485 6486 6549 6548
2013 2014 2077 2076 6486 6487 6550 6549
2014 2015 2078 2077 6487 6488 6551 6550
2016 2017 2080 2079 6489 6490 6553 6552
2017 2018 2081 2080 6490 6491 6554 6553
2018 2019 2082 2081 6491 6492 6555 6554
2019 2020 2083 2082 6492 6493 6556 6555
2020 2021 2084 2083 6493 6494 6557 6556
2021 2022 2085 2084 6494 6495 6558 6557
2022 2023 2086 2085 6495 6496 6559 6558
2023 2024 2087 2086 6496 6497 6560 6559
2024 2025 2088 2087 6497 6498 6561 6560
2025 2026 2089 2088 6498 6499 6562 6561
2026 2027 2090 2089 6499 6500 6563 6562
2027 2028 2091 2090 6500 6501 6564 6563
2028 2029 2092 2091 6501 6502 6565 6564
2029 2030 2093 2092 6502 6503 6566 6565
2030 2031 2094 2093 6503 6504 6567 6566
2031 2032 2095 2094 6504 6505 6568 6567
2032 2033 2096 2095 6505 6506 6569 6568
2033 2034 2097 2096 6506 6507 6570 6569
2034 2035 2098 2097 6507 6508 6571 6570
2035 2036 2099 2098 6508 6509 6572 6571
2036 2037 2100 2099 6509 6510 6573 6572
2037 2038 2101 2100 6510 6511 6574 6573
2038 2039 2102 2101 6511 6512 6575 6574
2039 2040 2103 2102 6512 6513 6576 6575
2040 2041 2104 2103 6513 6514 6577 6576
2041 2042 2105 2104 6514 6515 6578 6577
2042 2043 2106 2105 6515 6516 6579 6578
2043 2044 2107 2106 6516 6517 6580 6579
2044 2045 2108 2107 6517 6518 6581 6580
2045 2046 2109 2108 6518 6519 6582 6581
2046 2047 2110 2109 6519 6520 6583 6582
2047 2048 2111 2110 6520 6521 6584 6583
2048 2049 2112 2111 6521 6522 6585 6584
2049 2050 2113 2112 6522 6523 6586 6585
2050 2051 2114 2113 6523 6524 6587 6586
2051 2052 2115 2114 6524 6525 6588 6587
2052 2053 2116 2115 6525 6526 6589 6588
2053 2054 2117 2116 6526 6527 6590 6589
2054 2055 2118 2117 6527 6528 6591 6590
2055 2056 2119 2118 6528 6529 6592 6591
2056 2057 2120 2119 6529 6530 6593 6592
2057 2058 2121 2120 6530 6531 6594 6593
2058 2059 2122 2121 6531 6532 6595 6594
2059 2060 2123 2122 6532 6533 6596 6595
2060 2061 2124 2123 6533 6534 6597 6596
2061 2062 2125 2124 6534 6535 6598 6597
2062 2063 2126 2125 6535 6536 6599 6598
2063 2064 2127 2126 6536 6537 6600 6599
2064 2065 2128 2127 6537 6538 6601 6600
2065 2066 2129 2128 6538 6539 6602 6601
2066 2067 2130 2129 6539 6540 6603 6602
2067 2068 2131 2130 6540 6541 6604 6603
2068 2069 2132 2131 6541 6542 6605 6604
2069 2070 2133 2132 6542 6543 6606 6605
2070 2071 2134 2133 6543 6544 6607 6606
2071 2072 2135 2134 6544 6545 6608 6607
2072 2073 2136 2135 6545 6546 6609 6608
2073 2074 2137 2136 6546 6547 6610 6609
2074 2075 2138 2137 6547 6548 6611 6610
2075 2076 2139 2138 6548 6549 6612 6611
2076 2077 2140 2139 6549 6550 6613 6612
2077 2078 2141 2140 6550 6551 6614 6613
2079 2080 2143 2142 6552 6553 6616 6615
2080 2081 2144 2143 6553 6554 6617 6616
2081 2082 2145 2144 6554 6555 6618 6617
2082 2083 2146 2145 6555 6556 6619 6618
2083 2084 2147 2146 6556 6557 6620 6619
2084 2085 2148 2147 6557 6558 6621 6620
2085 2086 2149 2148 6558 6559 6622 6621
2086 2087 2150 2149 6559 6560 6623 6622
2087 2088 2151 2150 6560 6561 6624 6623
2088 2089 2152 2151 6561 6562 6625 6624
2089 2090 2153 2152 6562 6563 6626 6625
2090 2091 2154 2153 6563 6564 6627 6626
2091 2092 2155 2154 6564 6565 6628 6627
2092 2093 2156 2155 6565 6566 6629 6628
2093 2094 2157 2156 6566 6567 6630 6629
2094 2095 2158 2157 6567 6568 6631 6630
2095 2096 2159 2158 6568 6569 6632 6631
2096 2097 2160 2159 6569 6570 6633 6632
2097 2098 2161 2160 6570 6571 6634 6633
2098 2099 2162 2161 6571 6572 6635 6634
2099 2100 2163 2162 6572 6573 6636 6635
2100 2101 2164 2163 6573 6574 6637 6636
2101 2102 2165 2164 6574 6575 6638 6637
2102 2103 2166 2165 6575 6576 6639 6638
2103 2104 2167 2166 6576 6577 6640 6639
2104 2105 2168 2167 6577 6578 6641 6640
2105 2106 2169 2168 6578 6579 6642 6641
2106 2107 2170 2169 6579 6580 6643 6642
2107 2108 2171 2170 6580 6581 6644 6643
2108 2109 2172 2171 6581 6582 6645 6644
2109 2110 2173 2172 6582 6583 6646 6645
2110 2111 2174 2173 6583 6584 6647 6646
2111 2112 2175 2174 6584 6585 6648 6647
2112 2113 2176 2175 6585 6586 6649 6648
2113 2114 2177 2176 6586 6587 6650 6649
2114 2115 2178 2177 6587 6588 6651 6650
2115 2116 2179 2178 6588 6589 6652 6651
2116 2117 2180 2179 6589 6590 6653 6652
2117 2118 2181 2180 6590 6591 6654 6653
2118 2119 2182 2181 6591 6592 6655 6654
2119 2120 2183 2182 6592 6593 6656 6655
2120 2121 2184 2183 6593 6594 6657 6656
2121 2122 2185 2184 6594 6595 6658 6657
2122 2123 2186 2185 6595 6596 6659 6658
2123 2124 2187 2186 6596 6597 6660 6659
2124 2125 2188 2187 6597 6598 6661 6660
2125 2126 2189 2188 6598 6599 6662 6661
2126 2127 2190 2189 6599 6600 6663 6662
2127 2128 2191 2190 6600 6601 6664 6663
2128 2129 2192 2191 6601 6602 6665 6664
2129 2130 2193 2192 6602 6603 6666 6665
2130 2131 2194 2193 6603 6604 6667 6666
2131 2132 2195 2194 6604 6605 6668 6667
2132 2133 2196 2195 6605 6606 6669 6668
2133 2134 2197 2196 6606 6607 6670 6669
2134 2135 2198 2197 6607 6608 6671 6670
2135 2136 2199 2198 6608 6609 6672 6671
2136 2137 2200 2199 6609 6610 6673 6672
2137 2138 2201 2200 6610 6611 6674 6673
2138 2139 2202 2201 6611 6612 6675 6674
2139 2140 2203 2202 6612 6613 6676 6675
2140 2141 2204 2203 6613 6614 6677 6676
2142 2143 2206 2205 6615 6616 6679 6678
2143 2144 2207 2206 6616 6617 6680 6679
2144 2145 2208 2207 6617 6618 6681 6680
2145 2146 2209 2208 6618 6619 6682 6681
2146 2147 2210 2209 6619 6620 6683 6682
2147 2148 2211 2210 6620 6621 6684 6683
2148 2149 2212 2211 6621 6622 6685 6684
2149 2150 2213 2212 6622 6623 6686 6685
2150 2151 2214 2213 6623 6624 6687 6686
2151 2152 2215 2214 6624 6625 6688 6687
2152 2153 2216 2215 6625 6626 6689 6688
2153 2154 2217 2216 6626 6627 6690 6689
2154 2155 2218 2217 6627 6628 6691 6690
2155 2156 2219 2218 6628 6629 6692 6691
2156 2157 2220 2219 6629 6630 6693 6692
2157 2158 2221 2220 6630 6631 6694 6693
2158 2159 2222 2221 6631 6632 6695 6694
2159 2160 2223 2222 6632 6633 6696 6695
2160 2161 2224 2223 6633 6634 6697 6696
2161 2162 2225 2224 6634 6635 6698 6697
2162 2163 2226 2225 6635 6636 6699 6698
2163 2164 2227 2226 6636 6637 6700 6699
2164 2165 2228 2227 6637 6638 6701 6700
2165 2166 2229 2228 6638 6639 6702 6701
2166 2167 2230 2229 6639 6640 6703 6702
2167 2168 2231 2230 6640 6641 6704 6703
2168 2169 2232 2231 6641 6642 6705 6704
2169 2170 2233 2232 6642 6643 6706 6705
2170 2171 2234 2233 6643 6644 6707 6706
2171 2172 2235 2234 6644 6645 6708 6707
2172 2173 2236 2235 6645 6646 6709 6708
2173 2174 2237 2236 6646 6647 6710 6709
2174 2175 2238 2237 6647 6648 6711 6710
2175 2176 2239 2238 6648 6649 6712 6711
2176 2177 2240 2239 6649 6650 6713 6712
2177 2178 2241 2240 6650 6651 6714 6713
2178 2179 2242 2241 6651 6652 6715 6714
2179 2180 2243 2242 6652 6653 6716 6715
2180 2181 2244 2243 6653 6654 6717 6716
2181 2182 2245 2244 6654 6655 6718 6717
2182 2183 2246 2245 6655 6656 6719 6718
2183 2184 2247 2246 6656 6657 6720 6719
2184 2185 2248 2247 6657 6658 6721 6720
2185 2186 2249 2248 6658 6659 6722 6721
2186 2187 2250 2249 6659 6660 6723 6722
2187 2188 2251 2250 6660 6661 6724 6723
2188 2189 2252 2251 6661 6662 6725 6724
2189 2190 2253 2252 6662 6663 6726 6725
2190 2191 2254 2253 6663 6664 6727 6726
2191 2192 2255 2254 6664 6665 6728 6727
2192 2193 2256 2255 6665 6666 6729 6728
2193 2194 2257 2256 6666 6667 6730 6729
2194 2195 2258 2257 6667 6668 6731 6730
2195 2196 2259 2258 6668 6669 6732 6731
2196 2197 2260 2259 6669 6670 6733 6732
2197 2198 2261 2260 6670 6671 6734 6733
2198 2199 2262 2261 6671 6672 6735 6734
2199 2200 2263 2262 6672 6673 6736 6735
2200 2201 2264 2263 6673 6674 6737 6736
2201 2202 2265 2264 6674 6675 6738 6737
2202 2203 2266 2265 6675 6676 6739 6738
2203 2204 2267 2266 6676 6677 6740 6739
2205 2206 2269 2268 6678 6679 6742 6741
2206 2207 2270 2269 6679 6680 6743 6742
2207 2208 2271 2270 6680 6681 6744 6743
2208 2209 2272 2271 6681 6682 6745 6744
2209 2210 2273 2272 6682 6683 6746 6745
2210 2211 2274 2273 6683 6684 6747 6746
2211 2212 2275 2274 6684 6685 6748 6747
2212 2213 2276 2275 6685 6686 6749 6748
2213 2214 2277 2276 6686 6687 6750 6749
2214 2215 2278 2277 6687 6688 6751 6750
2215 2216 2279 2278 6688 6689 6752 6751
2216 2217 2280 2279 6689 6690 6753 6752
2217 2218 2281 2280 6690 6691 6754 6753
2218 2219 2282 2281 6691 6692 6755 6754
2219 2220 2283 2282 6692 6693 6756 6755
2220 2221 2284 2283 6693 6694 6757 6756
2221 2222 2285 2284 6694 6695 6758 6757
2222 2223 2286 2285 6695 6696 6759 6758
2223 2224 2287 2286 6696 6697 6760 6759
2224 2225 2288 2287 6697 6698 6761 6760
2225 2226 2289 2288 6698 6699 6762 6761
2226 2227 2290 2289 6699 6700 6763 6762
2227 2228 2291 2290 6700 6701 6764 6763
2228 2229 2292 2291 6701 6702 6765 6764
2229 2230 2293 2292 6702 6703 6766 6765
2230 2231 2294 2293 6703 6704 6767 6766
2231 2232 2295 2294 6704 6705 6768 6767
2232 2233 2296 2295 6705 6706 6769 6768
2233 2234 2297 2296 6706 6707 6770 6769
2234 2235 2298 2297 6707 6708 6771 6770
2235 2236 2299 2298 6708 6709 6772 6771
2236 2237 2300 2299 6709 6710 6773 6772
2237 2238 2301 2300 6710 6711 6774 6773
2238 2239 2302 2301 6711 6712 6775 6774
2239 2240 2303 2302 6712 6713 6776 6775
2240 2241 2304 2303 6713 6714 6777 6776
2241 2242 2305 2304 6714 6715 6778 6777
2242 2243 2306 2305 6715 6716 6779 6778
2243 2244 2307 2306 6716 6717 6780 6779
2244 2245 2308 2307 6717 6718 6781 6780
2245 2246 2309 2308 6718 6719 6782 6781
2246 2247 2310 2309 6719 6720 6783 6782
2247 2248 2311 2310 6720 6721 6784 6783
2248 2249 2312 2311 6721 6722 6785 6784
2249 2250 2313 2312 6722 6723 6786 6785
2250 2251 2314 2313 6723 6724 6787 6786
2251 2252 2315 2314 6724 6725 6788 6787
2252 2253 2316 2315 6725 6726 6789 6788
2253 2254 2317 2316 6726 6727 6790 6789
2254 2255 2318 2317 6727 6728 6791 6790
2255 2256 2319 2318 6728 6729 6792 6791
2256 2257 2320 2319 6729 6730 6793 6792
2257 2258 2321 2320 6730 6731 6794 6793
2258 2259 2322 2321 6731 6732 6795 6794
2259 2260 2323 2322 6732 6733 6796 6795
2260 2261 2324 2323 6733 6734 6797 6796
2261 2262 2325 2324 6734 6735 6798 6797
2262 2263 2326 2325 6735 6736 6799 6798
2263 2264 2327 2326 6736 6737 6800 6799
2264 2265 2328 2327 6737 6738 6801 6800
2265 2266 2329 2328 6738 6739 6802 6801
2266 2267 2330 2329 6739 6740 6803 6802
2268 2269 2332 2331 6741 6742 6805 6804
2269 2270 2333 2332 6742 6743 6806 6805
2270 2271 2334 2333 6743 6744 6807 6806
2271 2272 2335 2334 6744 6745 6808 6807
2272 2273 2336 2335 6745 6746 6809 6808
2273 2274 2337 2336 6746 6747 6810 6809
2274 2275 2338 2337 6747 6748 6811 6810
2275 2276 2339 2338 6748 6749 6812 6811
2276 2277 2340 2339 6749 6750 6813 6812
2277 2278 2341 2340 6750 6751 6814 6813
2278 2279 2342 2341 6751 6752 6815 6814
2279 2280 2343 2342 6752 6753 6816 6815
2280 2281 2344 2343 6753 6754 6817 6816
2281 2282 2345 2344 6754 6755 6818 6817
2282 2283 2346 2345 6755 6756 6819 6818
2283 2284 2347 2346 6756 6757 6820 6819
2284 2285 2348 2347 6757 6758 6821 6820
2285 2286 2349 2348 6758 6759 6822 6821
2286 2287 2350 2349 6759 6760 6823 6822
2287 2288 2351 2350 6760 6761 6824 6823
2288 2289 2352 2351 6761 6762 6825 6824
2289 2290 2353 2352 6762 6763 6826 6825
2290 2291 2354 2353 6763 6764 6827 6826
2291 2292 2355 2354 6764 6765 6828 6827
2292 2293 2356 2355 6765 6766 6829 6828
2293 2294 2357 2356 6766 6767 6830 6829
2294 2295 2358 2357 6767 6768 6831 6830
2295 2296 2359 2358 6768 6769 6832 6831
2296 2297 2360 2359 6769 6770 6833 6832
2297 2298 2361 2360 6770 6771 6834 6833
2298 2299 2362 2361 6771 6772 6835 6834
2299 2300 2363 2362 6772 6773 6836 6835
2300 2301 2364 2363 6773 6774 6837 6836
2301 2302 2365 2364 6774 6775 6838 6837
2302 2303 2366 2365 6775 6776 6839 6838
2303 2304 2367 2366 6776 6777 6840 6839
2304 2305 2368 2367 6777 6778 6841 6840
2305 2306 2369 2368 6778 6779 6842 6841
2306 2307 2370 2369 6779 6780 6843 6842
2307 2308 2371 2370 6780 6781 6844 6843
2308 2309 2372 2371 6781 6782 6845 6844
2309 2310 2373 2372 6782 6783 6846 6845
2310 2311 2374 2373 6783 6784 6847 6846
2311 2312 2375 2374 6784 6785 6848 6847
2312 2313 2376 2375 6785 6786 6849 6848
2313 2314 2377 2376 6786 6787 6850 6849
2314 2315 2378 2377 6787 6788 6851 6850
2315 2316 2379 2378 6788 6789 6852 6851
2316 2317 2380 2379 6789 6790 6853 6852
2317 2318 2381 2380 6790 6791 6854 6853
2318 2319 2382 2381 6791 6792 6855 6854
2319 2320 2383 2382 6792 6793 6856 6855
2320 2321 2384 2383 6793 6794 6857 6856
2321 2322 2385 2384 6794 6795 6858 6857
2322 2323 2386 2385 6795 6796 6859 6858
2323 2324 2387 2386 6796 6797 6860 6859
2324 2325 2388 2387 6797 6798 6861 6860
2325 2326 2389 2388 6798 6799 6862 6861
2326 2327 2390 2389 6799 6800 6863 6862
2327 2328 2391 2390 6800 6801 6864 6863
2328 2329 2392 2391 6801 6802 6865 6864
2329 2330 2393 2392 6802 6803 6866 6865
2331 2332 2395 2394 6804 6805 6868 6867
2332 2333 2396 2395 6805 6806 6869 6868
2333 2334 2397 2396 6806 6807 6870 6869
2334 2335 2398 2397 6807 6808 6871 6870
2335 2336 2399 2398 6808 6809 6872 6871
2336 2337 2400 2399 6809 6810 6873 6872
2337 2338 2401 2400 6810 6811 6874 6873
2338 2339 2402 2401 6811 6812 6875 6874
2339 2340 2403 2402 6812 6813 6876 6875
2340 2341 2404 2403 6813 6814 6877 6876
2341 2342 2405 2404 6814 6815 6878 6877
2342 2343 2406 2405 6815 6816 6879 6878
2343 2344 2407 2406 6816 6817 6880 6879
2344 2345 2408 2407 6817 6818 6881 6880
2345 2346 2409 2408 6818 6819 6882 6881
2346 2347 2410 2409 6819 6820 6883 6882
2347 2348 2411 2410 6820 6821 6884 6883
2348 2349 2412 2411 6821 6822 6885 6884
2349 2350 2413 2412 6822 6823 6886 6885
2350 2351 2414 2413 6823 6824 6887 6886
2351 2352 2415 2414 6824 6825 6888 6887
2352 2353 2416 2415 6825 6826 6889 6888
2353 2354 2417 2416 6826 6827 6890 6889
2354 2355 2418 2417 6827 6828 6891 6890
2355 2356 2419 2418 6828 6829 6892 6891
2356 2357 2420 2419 6829 6830 6893 6892
2357 2358 2421 2420 6830 6831 6894 6893
2358 2359 2422 2421 6831 6832 6895 6894
2359 2360 2423 2422 6832 6833 6896 6895
2360 2361 2424 2423 6833 6834 6897 6896
2361 2362 2425 2424 6834 6835 6898 6897
2362 2363 2426 2425 6835 6836 6899 6898
2363 2364 2427 2426 6836 6837 6900 6899
2364 2365 2428 2427 6837 6838 6901 6900
2365 2366 2429 2428 6838 6839 6902 6901
2366 2367 2430 2429 6839 6840 6903 6902
2367 2368 2431 2430 6840 6841 6904 6903
2368 2369 2432 2431 6841 6842 6905 6904
2369 2370 2433 2432 6842 6843 6906 6905
2370 2371 2434 2433 6843 6844 6907 6906
2371 2372 2435 2434 6844 6845 6908 6907
2372 2373 2436 2435 6845 6846 6909 6908
2373 2374 2437 2436 6846 6847 6910 6909
2374 2375 2438 2437 6847 6848 6911 6910
2375 2376 2439 2438 6848 6849 6912 6911
2376 2377 2440 2439 6849 6850 6913 6912
2377 2378 2441 2440 6850 6851 6914 6913
2378 2379 2442 2441 6851 6852 6915 6914
2379 2380 2443 2442 6852 6853 6916 6915
2380 2381 2444 2443 6853 6854 6917 6916
2381 2382 2445 2444 6854 6855 6918 6917
2382 2383 2446 2445 6855 6856 6919 6918
2383 2384 2447 2446 6856 6857 6920 6919
2384 2385 2448 2447 6857 6858 6921 6920
2385 2386 2449 2448 6858 6859 6922 6921
2386 2387 2450 2449 6859 6860 6923 6922
2387 2388 2451 2450 6860 6861 6924 6923
2388 2389 2452 2451 6861 6862 6925 6924
2389 2390 2453 2452 6862 6863 6926 6925
2390 2391 2454 2453 6863 6864 6927 6926
2391 2392 2455 2454 6864 6865 6928 6927
2392 2393 2456 2455 6865 6866 6929 6928
2394 2395 2458 2457 6867 6868 6931 6930
2395 2396 2459 2458 6868 6869 6932 6931
2396 2397 2460 2459 6869 6870 6933 6932
2397 2398 2461 2460 6870 6871 6934 6933
2398 2399 2462 2461 6871 6872 6935 6934
2399 2400 2463 2462 6872 6873 6936 6935
2400 2401 2464 2463 6873 6874 6937 6936
2401 2402 2465 2464 6874 6875 6938 6937
2402 2403 2466 2465 6875 6876 6939 6938
2403 2404 2467 2466 6876 6877 6940 6939
2404 2405 2468 2467 6877 6878 6941 6940
2405 2406 2469 2468 6878 6879 6942 6941
2406 2407 2470 2469 6879 6880 6943 6942
2407 2408 2471 2470 6880 6881 6944 6943
2408 2409 2472 2471 6881 6882 6945 6944
2409 2410 2473 2472 6882 6883 6946 6945
2410 2411 2474 2473 6883 6884 6947 6946
2411 2412 2475 2474 6884 6885 6948 6947
2412 2413 2476 2475 6885 6886 6949 6948
2413 2414 2477 2476 6886 6887 6950 6949
2414 2415 2478 2477 6887 6888 6951 6950
2415 2416 2479 2478 6888 6889 6952 6951
2416 2417 2480 2479 6889 6890 6953 6952
2417 2418 2481 2480 6890 6891 6954 6953
2418 2419 2482 2481 6891 6892 6955 6954
2419 2420 2483 2482 6892 6893 6956 6955
2420 2421 2484 2483 6893 6894 6957 6956
2421 2422 2485 2484 6894 6895 6958 6957
2422 2423 2486 2485 6895 6896 6959 6958
2423 2424 2487 2486 6896 6897 6960 6959
2424 2425 2488 2487 6897 6898 6961 6960
2425 2426 2489 2488 6898 6899 6962 6961
2426 2427 2490 2489 6899 6900 6963 6962
2427 2428 2491 2490 6900 6901 6964 6963
2428 2429 2492 2491 6901 6902 6965 6964
2429 2430 2493 2492 6902 6903 6966 6965
2430 2431 2494 2493 6903 6904 6967 6966
2431 2432 2495 2494 6904 6905 6968 6967
2432 2433 2496 2495 6905 6906 6969 6968
2433 2434 2497 2496 6906 6907 6970 6969
2434 2435 2498 2497 6907 6908 6971 6970
2435 2436 2499 2498 6908 6909 6972 6971
2436 2437 2500 2499 6909 6910 6973 6972
2437 2438 2501 2500 6910 6911 6974 6973
2438 2439 2502 2501 6911 6912 6975 6974
2439 2440 2503 2502 6912 6913 6976 6975
2440 2441 2504 2503 6913 6914 6977 6976
2441 2442 2505 2504 6914 6915 6978 6977
2442 2443 2506 2505 6915 6916 6979 6978
2443 2444 2507 2506 6916 6917 6980 6979
2444 2445 2508 2507 6917 6918 6981 6980
2445 2446 2509 2508 6918 6919 6982 6981
2446 2447 2510 2509 6919 6920 6983 6982
2447 2448 2511 2510 6920 6921 6984 6983
2448 2449 2512 2511 6921 6922 6985 6984
2449 2450 2513 2512 6922 6923 6986 6985
2450 2451 2514 2513 6923 6924 6987 6986
2451 2452 2515 2514 6924 6925 6988 6987
2452 2453 2516 2515 6925 6926 6989 6988
2453 2454 2517 2516 6926 6927 6990 6989
2454 2455 2518 2517 6927 6928 6991 6990
2455 2456 2519 2518 6928 6929 6992 6991
2457 2458 2521 2520 6930 6931 6994 6993
2458 2459 2522 2521 6931 6932 6995 6994
2459 2460 2523 2522 6932 6933 6996 6995
2460 2461 2524 2523 6933 6934 6997 6996
2461 2462 2525 2524 6934 6935 6998 6997
2462 2463 2526 2525 6935 6936 6999 6998
2463 2464 2527 2526 6936 6937 7000 6999
2464 2465 2528 2527 6937 6938 7001 7000
2465 2466 2529 2528 6938 6939 7002 7001
2466 2467 2530 2529 6939 6940 7003 7002
2467 2468 2531 2530 6940 6941 7004 7003
2468 2469 2532 2531 6941 6942 7005 7004
2469 2470 2533 2532 6942 6943 7006 7005
2470 2471 2534 2533 6943 6944 7007 7006
2471 2472 2535 2534 6944 6945 7008 7007
2472 2473 2536 2535 6945 6946 7009 7008
2473 2474 2537 2536 6946 6947 7010 7009
2474 2475 2538 2537 6947 6948 7011 7010
2475 2476 2539 2538 6948 6949 7012 7011
2476 2477 2540 2539 6949 6950 7013 7012
2477 2478 2541 2540 6950 6951 7014 7013
2478 2479 2542 2541 6951 6952 7015 7014
2479 2480 2543 2542 6952 6953 7016 7015
2480 2481 2544 2543 6953 6954 7017 7016
2481 2482 2545 2544 6954 6955 7018 7017
2482 2483 2546 2545 6955 6956 7019 7018
2483 2484 2547 2546 6956 6957 7020 7019
2484 2485 2548 2547 6957 6958 7021 7020
2485 2486 2549 2548 6958 6959 7022 7021
2486 2487 2550 2549 6959 6960 7023 7022
2487 2488 2551 2550 6960 6961 7024 7023
2488 2489 2552 2551 6961 6962 7025 7024
2489 2490 2553 2552 6962 6963 7026 7025
2490 2491 2554 2553 6963 6964 7027 7026
2491 2492 2555 2554 6964 6965 7028 7027
2492 2493 2556 2555 6965 6966 7029 7028
2493 2494 2557 2556 6966 6967 7030 7029
2494 2495 2558 2557 6967 6968 7031 7030
2495 2496 2559 2558 6968 6969 7032 7031
2496 2497 2560 2559 6969 6970 7033 7032
2497 2498 2561 2560 6970 6971 7034 7033
2498 2499 2562 2561 6971 6972 7035 7034
2499 2500 2563 2562 6972 6973 7036 7035
2500 2501 2564 2563 6973 6974 7037 7036
2501 2502 2565 2564 6974 6975 7038 7037
2502 2503 2566 2565 6975 6976 7039 7038
2503 2504 2567 2566 6976 6977 7040 7039
2504 2505 2568 2567 6977 6978 7041 7040
2505 2506 2569 2568 6978 6979 7042 7041
2506 2507 2570 2569 6979 6980 7043 7042
2507 2508 2571 2570 6980 6981 7044 7043
2508 2509 2572 2571 6981 6982 7045 7044
2509 2510 2573 2572 6982 6983 7046 7045
2510 2511 2574 2573 6983 6984 7047 7046
2511 2512 2575 2574 6984 6985 7048 7047
2512 2513 2576 2575 6985 6986 7049 7048
2513 2514 2577 2576 6986 6987 7050 7049
2514 2515 2578 2577 6987 6988 7051 7050
2515 2516 2579 2578 6988 6989 7052 7051
2516 2517 2580 2579 6989 6990 7053 7052
2517 2518 2581 2580 6990 6991 7054 7053
2518 2519 2582 2581 6991 6992 7055 7054
2520 2521 2584 2583 6993 6994 7057 7056
2521 2522 2585 2584 6994 6995 7058 7057
2522 2523 2586 2585 6995 6996 7059 7058
2523 2524 2587 2586 6996 6997 7060 7059
2524 2525 2588 2587 6997 6998 7061 7060
2525 2526 2589 2588 6998 6999 7062 7061
2526 2527 2590 2589 6999 7000 7063 7062
2527 2528 2591 2590 7000 7001 7064 7063
2528 2529 2592 2591 7001 7002 7065 7064
2529 2530 2593 2592 7002 7003 7066 7065
2530 2531 2594 2593 7003 7004 7067 7066
2531 2532 2595 2594 7004 7005 7068 7067
2532 2533 2596 2595 7005 7006 7069 7068
2533 2534 2597 2596 7006 7007 7070 7069
2534 2535 2598 2597 7007 7008 7071 7070
2535 2536 2599 2598 7008 7009 7072 7071
2536 2537 2600 2599 7009 7010 7073 7072
2537 2538 2601 2600 7010 7011 7074 7073
2538 2539 2602 2601 7011 7012 7075 7074
2539 2540 2603 2602 7012 7013 7076 7075
2540 2541 2604 2603 7013 7014 7077 7076
2541 2542 2605 2604 7014 7015 7078 7077
2542 2543 2606 2605 7015 7016 7079 7078
2543 2544 2607 2606 7016 7017 7080 7079
2544 2545 2608 2607 7017 7018 7081 7080
2545 2546 2609 2608 7018 7019 7082 7081
2546 2547 2610 2609 7019 7020 7083 7082
2547 2548 2611 2610 7020 7021 7084 7083
2548 2549 2612 2611 7021 7022 7085 7084
2549 2550 2613 2612 7022 7023 7086 7085
2550 2551 2614 2613 7023 7024 7087 7086
2551 2552 2615 2614 7024 7025 7088 7087
2552 2553 2616 2615 7025 7026 7089 7088
2553 2554 2617 2616 7026 7027 7090 7089
2554 2555 2618 2617 7027 7028 7091 7090
2555 2556 2619 2618 7028 7029 7092 7091
2556 2557 2620 2619 7029 7030 7093 7092
2557 2558 2621 2620 7030 7031 7094 7093
2558 2559 2622 2621 7031 7032 7095 7094
2559 2560 2623 2622 7032 7033 7096 7095
2560 2561 2624 2623 7033 7034 7097 7096
2561 2562 2625 2624 7034 7035 7098 7097
2562 2563 2626 2625 7035 7036 7099 7098
2563 2564 2627 2626 7036 7037 7100 7099
2564 2565 2628 2627 7037 7038 7101 7100
2565 2566 2629 2628 7038 7039 7102 7101
2566 2567 2630 2629 7039 7040 7103 7102
2567 2568 2631 2630 7040 7041 7104 7103
2568 2569 2632 2631 7041 7042 7105 7104
2569 2570 2633 2632 7042 7043 7106 7105
2570 2571 2634 2633 7043 7044 7107 7106
2571 2572 2635 2634 7044 7045 7108 7107
2572 2573 2636 2635 7045 7046 7109 7108
2573 2574 2637 2636 7046 7047 7110 7109
2574 2575 2638 2637 7047 7048 7111 7110
2575 2576 2639 2638 7048 7049 7112 7111
2576 2577 2640 2639 7049 7050 7113 7112
2577 2578 2641 2640 7050 7051 7114 7113
2578 2579 2642 2641 7051 7052 7115 7114
2579 2580 2643 2642 7052 7053 7116 7115
2580 2581 2644 2643 7053 7054 7117 7116
2581 2582 2645 2644 7054 7055 7118 7117
2583 2584 2647 2646 7056 7057 7120 7119
2584 2585 2648 2647 7057 7058 7121 7120
2585 2586 2649 2648 7058 7059 7122 7121
2586 2587 2650 2649 7059 7060 7123 7122
2587 2588 2651 2650 7060 7061 7124 7123
2588 2589 2652 2651 7061 7062 7125 7124
2589 2590 2653 2652 7062 7063 7126 7125
2590 2591 2654 2653 7063 7064 7127 7126
2591 2592 2655 2654 7064 7065 7128 7127
2592 2593 2656 2655 7065 7066 7129 7128
2593 2594 2657 2656 7066 7067 7130 7129
2594 2595 2658 2657 7067 7068 7131 7130
2595 2596 2659 2658 7068 7069 7132 7131
2596 2597 2660 2659 7069 7070 7133 7132
2597 2598 2661 2660 7070 7071 7134 7133
2598 2599 2662 2661 7071 7072 7135 7134
2599 2600 2663 2662 7072 7073 7136 7135
2600 2601 2664 2663 7073 7074 7137 7136
2601 2602 2665 2664 7074 7075 7138 7137
2602 2603 2666 2665 7075 7076 7139 7138
2603 2604 2667 2666 7076 7077 7140 7139
2604 2605 2668 2667 7077 7078 7141 7140
2605 2606 2669 2668 7078 7079 7142 7141
2606 2607 2670 2669 7079 7080 7143 7142
2607 2608 2671 2670 7080 7081 7144 7143
2608 2609 2672 2671 7081 7082 7145 7144
2609 2610 2673 2672 7082 7083 7146 7145
2610 2611 2674 2673 7083 7084 7147 7146
2611 2612 2675 2674 7084 7085 7148 7147
2612 2613 2676 2675 7085 7086 7149 7148
2613 2614 2677 2676 7086 7087 7150 7149
2614 2615 2678 2677 7087 7088 7151 7150
2615 2616 2679 2678 7088 7089 7152 7151
2616 2617 2680 2679 7089 7090 7153 7152
2617 2618 2681 2680 7090 7091 7154 7153
2618 2619 2682 2681 7091 7092 7155 7154
2619 2620 2683 2682 7092 7093 7156 7155
2620 2621 2684 2683 7093 7094 7157 7156
2621 2622 2685 2684 7094 7095 7158 7157
2622 2623 2686 2685 7095 7096 7159 7158
2623 2624 2687 2686 7096 7097 7160 7159
2624 2625 2688 2687 7097 7098 7161 7160
2625 2626 2689 2688 7098 7099 7162 7161
2626 2627 2690 2689 7099 7100 7163 7162
2627 2628 2691 2690 7100 7101 7164 7163
2628 2629 2692 2691 7101 7102 7165 7164
2629 2630 2693 2692 7102 7103 7166 7165
2630 2631 2694 2693 7103 7104 7167 7166
2631 2632 2695 2694 7104 7105 7168 7167
2632 2633 2696 2695 7105 7106 7169 7168
2633 2634 2697 2696 7106 7107 7170 7169
2634 2635 2698 2697 7107 7108 7171 7170
2635 2636 2699 2698 7108 7109 7172 7171
2636 2637 2700 2699 7109 7110 7173 7172
2637 2638 2701 2700 7110 7111 7174 7173
2638 2639 2702 2701 7111 7112 7175 7174
2639 2640 2703 2702 7112 7113 7176 7175
2640 2641 2704 2703 7113 7114 7177 7176
2641 2642 2705 2704 7114 7115 7178 7177
2642 2643 2706 2705 7115 7116 7179 7178
2643 2644 2707 2706 7116 7117 7180 7179
2644 2645 2708 2707 7117 7118 7181 7180
2646 2647 2710 2709 7119 7120 7183 7182
2647 2648 2711 2710 7120 7121 7184 7183
2648 2649 2712 2711 7121 7122 7185 7184
2649 2650 2713 2712 7122 7123 7186 7185
2650 2651 2714 2713 7123 7124 7187 7186
2651 2652 2715 2714 7124 7125 7188 7187
2652 2653 2716 2715 7125 7126 7189 7188
2653 2654 2717 2716 7126 7127 7190 7189
2654 2655 2718 2717 7127 7128 7191 7190
2655 2656 2719 2718 7128 7129 7192 7191
2656 2657 2720 2719 7129 7130 7193 7192
2657 2658 2721 2720 7130 7131 7194 7193
2658 2659 2722 2721 7131 7132 7195 7194
2659 2660 2723 2722 7132 7133 7196 7195
2660 2661 2724 2723 7133 7134 7197 7196
2661 2662 2725 2724 7134 7135 7198 7197
2662 2663 2726 2725 7135 7136 7199 7198
2663 2664 2727 2726 7136 7137 7200 7199
2664 2665 2728 2727 7137 7138 7201 7200
2665 2666 2729 2728 7138 7139 7202 7201
2666 2667 2730 2729 7139 7140 7203 7202
2667 2668 2731 2730 7140 7141 7204 7203
2668 2669 2732 2731 7141 7142 7205 7204
2669 2670 2733 2732 7142 7143 7206 7205
2670 2671 2734 2733 7143 7144 7207 7206
2671 2672 2735 2734 7144 7145 7208 7207
2672 2673 2736 2735 7145 7146 7209 7208
2673 2674 2737 2736 7146 7147 7210 7209
2674 2675 2738 2737 7147 7148 7211 7210
2675 2676 2739 2738 7148 7149 7212 7211
2676 2677 2740 2739 7149 7150 7213 7212
2677 2678 2741 2740 7150 7151 7214 7213
2678 2679 2742 2741 7151 7152 7215 7214
2679 2680 2743 2742 7152 7153 7216 7215
2680 2681 2744 2743 7153 7154 7217 7216
2681 2682 2745 2744 7154 7155 7218 7217
2682 2683 2746 2745 7155 7156 7219 7218
2683 2684 2747 2746 7156 7157 7220 7219
2684 2685 2748 2747 7157 7158 7221 7220
2685 2686 2749 2748 7158 7159 7222 7221
2686 2687 2750 2749 7159 7160 7223 7222
2687 2688 2751 2750 7160 7161 7224 7223
2688 2689 2752 2751 7161 7162 7225 7224
2689 2690 2753 2752 7162 7163 7226 7225
2690 2691 2754 2753 7163 7164 7227 7226
2691 2692 2755 2754 7164 7165 7228 7227
2692 2693 2756 2755 7165 7166 7229 7228
2693 2694 2757 2756 7166 7167 7230 7229
2694 2695 2758 2757 7167 7168 7231 7230
2695 2696 2759 2758 7168 7169 7232 7231
2696 2697 2760 2759 7169 7170 7233 7232
2697 2698 2761 2760 7170 7171 7234 7233
2698 2699 2762 2761 7171 7172 7235 7234
2699 2700 2763 2762 7172 7173 7236 7235
2700 2701 2764 2763 7173 7174 7237 7236
2701 2702 2765 2764 7174 7175 7238 7237
2702 2703 2766 2765 7175 7176 7239 7238
2703 2704 2767 2766 7176 7177 7240 7239
2704 2705 2768 2767 7177 7178 7241 7240
2705 2706 2769 2768 7178 7179 7242 7241
2706 2707 2770 2769 7179 7180 7243 7242
2707 2708 2771 2770 7180 7181 7244 7243
2709 2710 2773 2772 7182 7183 7246 7245
2710 2711 2774 2773 7183 7184 7247 7246
2711 2712 2775 2774 7184 7185 7248 7247
2712 2713 2776 2775 7185 7186 7249 7248
2713 2714 2777 2776 7186 7187 7250 7249
2714 2715 2778 2777 7187 7188 7251 7250
2715 2716 2779 2778 7188 7189 7252 7251
2716 2717 2780 2779 7189 7190 7253 7252
2717 2718 2781 2780 7190 7191 7254 7253
2718 2719 2782 2781 7191 7192 7255 7254
2719 2720 2783 2782 7192 7193 7256 7255
2720 2721 2784 2783 7193 7194 7257 7256
2721 2722 2785 2784 7194 7195 7258 7257
2722 2723 2786 2785 7195 7196 7259 7258
2723 2724 2787 2786 7196 7197 7260 7259
2724 2725 2788 2787 7197 7198 7261 7260
2725 2726 2789 2788 7198 7199 7262 7261
2726 2727 2790 2789 7199 7200 7263 7262
2727 2728 2791 2790 7200 7201 7264 7263
2728 2729 2792 2791 7201 7202 7265 7264
2729 2730 2793 2792 7202 7203 7266 7265
2730 2731 2794 2793 7203 7204 7267 7266
2731 2732 2795 2794 7204 7205 7268 7267
2732 2733 2796 2795 7205 7206 7269 7268
2733 2734 2797 2796 7206 7207 7270 7269
2734 2735 2798 2797 7207 7208 7271 7270
2735 2736 2799 2798 7208 7209 7272 7271
2736 2737 2800 2799 7209 7210 7273 7272
2737 2738 2801 2800 7210 7211 7274 7273
2738 2739 2802 2801 7211 7212 7275 7274
2739 2740 2803 2802 7212 7213 7276 7275
2740 2741 2804 2803 7213 7214 7277 7276
2741 2742 2805 2804 7214 7215 7278 7277
2742 2743 2806 2805 7215 7216 7279 7278
2743 2744 2807 2806 7216 7217 7280 7279
2744 2745 2808 2807 7217 7218 7281 7280
2745 2746 2809 2808 7218 7219 7282 7281
2746 2747 2810 2809 7219 7220 7283 7282
2747 2748 2811 2810 7220 7221 7284 7283
2748 2749 2812 2811 7221 7222 7285 7284
2749 2750 2813 2812 7222 7223 7286 7285
2750 2751 2814 2813 7223 7224 7287 7286
2751 2752 2815 2814 7224 7225 7288 7287
2752 2753 2816 2815 7225 7226 7289 7288
2753 2754 2817 2816 7226 7227 7290 7289
2754 2755 2818 2817 7227 7228 7291 7290
2755 2756 2819 2818 7228 7229 7292 7291
2756 2757 2820 2819 7229 7230 7293 7292
2757 2758 2821 2820 7230 7231 7294 7293
2758 2759 2822 2821 7231 7232 7295 7294
2759 2760 2823 2822 7232 7233 7296 7295
2760 2761 2824 2823 7233 7234 7297 7296
2761 2762 2825 2824 7234 7235 7298 7297
2762 2763 2826 2825 7235 7236 7299 7298
2763 2764 2827 2826 7236 7237 7300 7299
2764 2765 2828 2827 7237 7238 7301 7300
2765 2766 2829 2828 7238 7239 7302 7301
2766 2767 2830 2829 7239 7240 7303 7302
2767 2768 2831 2830 7240 7241 7304 7303
2768 2769 2832 2831 7241 7242 7305 7304
2769 2770 2833 2832 7242 7243 7306 7305
2770 2771 2834 2833 7243 7244 7307 7306
2772 2773 2836 2835 7245 7246 7309 7308
2773 2774 2837 2836 7246 7247 7310 7309
2774 2775 2838 2837 7247 7248 7311 7310
2775 2776 2839 2838 7248 7249 7312 7311
2776 2777 2840 2839 7249 7250 7313 7312
2777 2778 2841 2840 7250 7251 7314 7313
2778 2779 2842 2841 7251 7252 7315 7314
2779 2780 2843 2842 7252 7253 7316 7315
2780 2781 2844 2843 7253 7254 7317 7316
2781 2782 2845 2844 7254 7255 7318 7317
2782 2783 2846 2845 7255 7256 7319 7318
2783 2784 2847 2846 7256 7257 7320 7319
2784 2785 2848 2847 7257 7258 7321 7320
2785 2786 2849 2848 7258 7259 7322 7321
2786 2787 2850 2849 7259 7260 7323 7322
2787 2788 2851 2850 7260 7261 7324 7323
2788 2789 2852 2851 7261 7262 7325 7324
2789 2790 2853 2852 7262 7263 7326 7325
2790 2791 2854 2853 7263 7264 7327 7326
2791 2792 2855 2854 7264 7265 7328 7327
2792 2793 2856 2855 7265 7266 7329 7328
2793 2794 2857 2856 7266 7267 7330 7329
2794 2795 2858 2857 7267 7268 7331 7330
2795 2796 2859 2858 7268 7269 7332 7331
2796 2797 2860 2859 7269 7270 7333 7332
2797 2798 2861 2860 7270 7271 7334 7333
2798 2799 2862 2861 7271 7272 7335 7334
2799 2800 2863 2862 7272 7273 7336 7335
2800 2801 2864 2863 7273 7274 7337 7336
2801 2802 2865 2864 7274 7275 7338 7337
2802 2803 2866 2865 7275 7276 7339 7338
2803 2804 2867 2866 7276 7277 7340 7339
2804 2805 2868 2867 7277 7278 7341 7340
2805 2806 2869 2868 7278 7279 7342 7341
2806 2807 2870 2869 7279 7280 7343 7342
2807 2808 2871 2870 7280 7281 7344 7343
2808 2809 2872 2871 7281 7282 7345 7344
2809 2810 2873 2872 7282 7283 7346 7345
2810 2811 2874 2873 7283 7284 7347 7346
2811 2812 2875 2874 7284 7285 7348 7347
2812 2813 2876 2875 7285 7286 7349 7348
2813 2814 2877 2876 7286 7287 7350 7349
2814 2815 2878 2877 7287 7288 7351 7350
2815 2816 2879 2878 7288 7289 7352 7351
2816 2817 2880 2879 7289 7290 7353 7352
2817 2818 2881 2880 7290 7291 7354 7353
2818 2819 2882 2881 7291 7292 7355 7354
2819 2820 2883 2882 7292 7293 7356 7355
2820 2821 2884 2883 7293 7294 7357 7356
2821 2822 2885 2884 7294 7295 7358 7357
2822 2823 2886 2885 7295 7296 7359 7358
2823 2824 2887 2886 7296 7297 7360 7359
2824 2825 2888 2887 7297 7298 7361 7360
2825 2826 2889 2888 7298 7299 7362 7361
2826 2827 2890 2889 7299 7300 7363 7362
2827 2828 2891 2890 7300 7301 7364 7363
2828 2829 2892 2891 7301 7302 7365 7364
2829 2830 2893 2892 7302 7303 7366 7365
2830 2831 2894 2893 7303 7304 7367 7366
2831 2832 2895 2894 7304 7305 7368 7367
2832 2833 2896 2895 7305 7306 7369 7368
2833 2834 2897 2896 7306 7307 7370 7369
2835 2836 2899 2898 7308 7309 7372 7371
2836 2837 2900 2899 7309 7310 7373 7372
2837 2838 2901 2900 7310 7311 7374 7373
2838 2839 2902 2901 7311 7312 7375 7374
2839 2840 2903 2902 7312 7313 7376 7375
2840 2841 2904 2903 7313 7314 7377 7376
2841 2842 2905 2904 7314 7315 7378 7377
2842 2843 2906 2905 7315 7316 7379 7378
2843 2844 2907 2906 7316 7317 7380 7379
2844 2845 2908 2907 7317 7318 7381 7380
2845 2846 2909 2908 7318 7319 7382 7381
2846 2847 2910 2909 7319 7320 7383 7382
2847 2848 2911 2910 7320 7321 7384 7383
2848 2849 2912 2911 7321 7322 7385 7384
2849 2850 2913 2912 7322 7323 7386 7385
2850 2851 2914 2913 7323 7324 7387 7386
2851 2852 2915 2914 7324 7325 7388 7387
2852 2853 2916 2915 7325 7326 7389 7388
2853 2854 2917 2916 7326 7327 7390 7389
2854 2855 2918 2917 7327 7328 7391 7390
2855 2856 2919 2918 7328 7329 7392 7391
2856 2857 2920 2919 7329 7330 7393 7392
2857 2858 2921 2920 7330 7331 7394 7393
2858 2859 2922 2921 7331 7332 7395 7394
2859 2860 2923 2922 7332 7333 7396 7395
2860 2861 2924 2923 7333 7334 7397 7396
2861 2862 2925 2924 7334 7335 7398 7397
2862 2863 2926 2925 7335 7336 7399 7398
2863 2864 2927 2926 7336 7337 7400 7399
2864 2865 2928 2927 7337 7338 7401 7400
2865 2866 2929 2928 7338 7339 7402 7401
2866 2867 2930 2929 7339 7340 7403 7402
2867 2868 2931 2930 7340 7341 7404 7403
2868 2869 2932 2931 7341 7342 7405 7404
2869 2870 2933 2932 7342 7343 7406 7405
2870 2871 2934 2933 7343 7344 7407 7406
2871 2872 2935 2934 7344 7345 7408 7407
2872 2873 2936 2935 7345 7346 7409 7408
2873 2874 2937 2936 7346 7347 7410 7409
2874 2875 2938 2937 7347 7348 7411 7410
2875 2876 2939 2938 7348 7349 7412 7411
2876 2877 2940 2939 7349 7350 7413 7412
2877 2878 2941 2940 7350 7351 7414 7413
2878 2879 2942 2941 7351 7352 7415 7414
2879 2880 2943 2942 7352 7353 7416 7415
2880 2881 2944 2943 7353 7354 7417 7416
2881 2882 2945 2944 7354 7355 7418 7417
2882 2883 2946 2945 7355 7356 7419 7418
2883 2884 2947 2946 7356 7357 7420 7419
2884 2885 2948 2947 7357 7358 7421 7420
2885 2886 2949 2948 7358 7359 7422 7421
2886 2887 2950 2949 7359 7360 7423 7422
2887 2888 2951 2950 7360 7361 7424 7423
2888 2889 2952 2951 7361 7362 7425 7424
2889 2890 2953 2952 7362 7363 7426 7425
2890 2891 2954 2953 7363 7364 7427 7426
2891 2892 2955 2954 7364 7365 7428 7427
2892 2893 2956 2955 7365 7366 7429 7428
2893 2894 2957 2956 7366 7367 7430 7429
2894 2895 2958 2957 7367 7368 7431 7430
2895 2896 2959 2958 7368 7369 7432 7431
2896 2897 2960 2959 7369 7370 7433 7432
2898 2899 2962 2961 7371 7372 7435 7434
2899 2900 2963 2962 7372 7373 7436 7435
2900 2901 2964 2963 7373 7374 7437 7436
2901 2902 2965 2964 7374 7375 7438 7437
2902 2903 2966 2965 7375 7376 7439 7438
2903 2904 2967 2966 7376 7377 7440 7439
2904 2905 2968 2967 7377 7378 7441 7440
2905 2906 2969 2968 7378 7379 7442 7441
2906 2907 2970 2969 7379 7380 7443 7442
2907 2908 2971 2970 7380 7381 7444 7443
2908 2909 2972 2971 7381 7382 7445 7444
2909 2910 2973 2972 7382 7383 7446 7445
2910 2911 2974 2973 7383 7384 7447 7446
2911 2912 2975 2974 7384 7385 7448 7447
2912 2913 2976 2975 7385 7386 7449 7448
2913 2914 2977 2976 7386 7387 7450 7449
2914 2915 2978 2977 7387 7388 7451 7450
2915 2916 2979 2978 7388 7389 7452 7451
2916 2917 2980 2979 7389 7390 7453 7452
2917 2918 2981 2980 7390 7391 7454 7453
2918 2919 2982 2981 7391 7392 7455 7454
2919 2920 2983 2982 7392 7393 7456 7455
2920 2921 2984 2983 7393 7394 7457 7456
2921 2922 2985 2984 7394 7395 7458 7457
2922 2923 2986 2985 7395 7396 7459 7458
2923 2924 2987 2986 7396 7397 7460 7459
2924 2925 2988 2987 7397 7398 7461 7460
2925 2926 2989 2988 7398 7399 7462 7461
2926 2927 2990 2989 7399 7400 7463 7462
2927 2928 2991 2990 7400 7401 7464 7463
2928 2929 2992 2991 7401 7402 7465 7464
2929 2930 2993 2992 7402 7403 7466 7465
2930 2931 2994 2993 7403 7404 7467 7466
2931 2932 2995 2994 7404 7405 7468 7467
2932 2933 2996 2995 7405 7406 7469 7468
2933 2934 2997 2996 7406 7407 7470 7469
2934 2935 2998 2997 7407 7408 7471 7470
2935 2936 2999 2998 7408 7409 7472 7471
2936 2937 3000 2999 7409 7410 7473 7472
2937 2938 3001 3000 7410 7411 7474 7473
2938 2939 3002 3001 7411 7412 7475 7474
2939 2940 3003 3002 7412 7413 7476 7475
2940 2941 3004 3003 7413 7414 7477 7476
2941 2942 3005 3004 7414 7415 7478 7477
2942 2943 3006 3005 7415 7416 7479 7478
2943 2944 3007 3006 7416 7417 7480 7479
2944 2945 3008 3007 7417 7418 7481 7480
2945 2946 3009 3008 7418 7419 7482 7481
2946 2947 3010 3009 7419 7420 7483 7482
2947 2948 3011 3010 7420 7421 7484 7483
2948 2949 3012 3011 7421 7422 7485 7484
2949 2950 3013 3012 7422 7423 7486 7485
2950 2951 3014 3013 7423 7424 7487 7486
2951 2952 3015 3014 7424 7425 7488 7487
2952 2953 3016 3015 7425 7426 7489 7488
2953 2954 3017 3016 7426 7427 7490 7489
2954 2955 3018 3017 7427 7428 7491 7490
2955 2956 3019 3018 7428 7429 7492 7491
2956 2957 3020 3019 7429 7430 7493 7492
2957 2958 3021 3020 7430 7431 7494 7493
2958 2959 3022 3021 7431 7432 7495 7494
2959 2960 3023 3022 7432 7433 7496 7495
2961 2962 3025 3024 7434 7435 7498 7497
2962 2963 3026 3025 7435 7436 7499 7498
2963 2964 3027 3026 7436 7437 7500 7499
2964 2965 3028 3027 7437 7438 7501 7500
2965 2966 3029 3028 7438 7439 7502 7501
2966 2967 3030 3029 7439 7440 7503 7502
2967 2968 3031 3030 7440 7441 7504 7503
2968 2969 3032 3031 7441 7442 7505 7504
2969 2970 3033 3032 7442 7443 7506 7505
2970 2971 3034 3033 7443 7444 7507 7506
2971 2972 3035 3034 7444 7445 7508 7507
2972 2973 3036 3035 7445 7446 7509 7508
2973 2974 3037 3036 7446 7447 7510 7509
2974 2975 3038 3037 7447 7448 7511 7510
2975 2976 3039 3038 7448 7449 7512 7511
2976 2977 3040 3039 7449 7450 7513 7512
2977 2978 3041 3040 7450 7451 7514 7513
2978 2979 3042 3041 7451 7452 7515 7514
2979 2980 3043 3042 7452 7453 7516 7515
2980 2981 3044 3043 7453 7454 7517 7516
2981 2982 3045 3044 7454 7455 7518 7517
2982 2983 3046 3045 7455 7456 7519 7518
2983 2984 3047 3046 7456 7457 7520 7519
2984 2985 3048 3047 7457 7458 7521 7520
2985 2986 3049 3048 7458 7459 7522 7521
2986 2987 3050 3049 7459 7460 7523 7522
2987 2988 3051 3050 7460 7461 7524 7523
2988 2989 3052 3051 7461 7462 7525 7524
2989 2990 3053 3052 7462 7463 7526 7525
2990 2991 3054 3053 7463 7464 7527 7526
2991 2992 3055 3054 7464 7465 7528 7527
2992 2993 3056 3055 7465 7466 7529 7528
2993 2994 3057 3056 7466 7467 7530 7529
2994 2995 3058 3057 7467 7468 7531 7530
2995 2996 3059 3058 7468 7469 7532 7531
2996 2997 3060 3059 7469 7470 7533 7532
2997 2998 3061 3060 7470 7471 7534 7533
2998 2999 3062 3061 7471 7472 7535 7534
2999 3000 3063 3062 7472 7473 7536 7535
3000 3001 3064 3063 7473 7474 7537 7536
3001 3002 3065 3064 7474 7475 7538 7537
3002 3003 3066 3065 7475 7476 7539 7538
3003 3004 3067 3066 7476 7477 7540 7539
3004 3005 3068 3067 7477 7478 7541 7540
3005 3006 3069 3068 7478 7479 7542 7541
3006 3007 3070 3069 7479 7480 7543 7542
3007 3008 3071 3070 7480 7481 7544 7543
3008 3009 3072 3071 7481 7482 7545 7544
3009 3010 3073 3072 7482 7483 7546 7545
3010 3011 3074 3073 7483 7484 7547 7546
3011 3012 3075 3074 7484 7485 7548 7547
3012 3013 3076 3075 7485 7486 7549 7548
3013 3014 3077 3076 7486 7487 7550 7549
3014 3015 3078 3077 7487 7488 7551 7550
3015 3016 3079 3078 7488 7489 7552 7551
3016 3017 3080 3079 7489 7490 7553 7552
3017 3018 3081 3080 7490 7491 7554 7553
3018 3019 3082 3081 7491 7492 7555 7554
3019 3020 3083 3082 7492 7493 7556 7555
3020 3021 3084 3083 7493 7494 7557 7556
3021 3022 3085 3084 7494 7495 7558 7557
3022 3023 3086 3085 7495 7496 7559 7558
3024 3025 3088 3087 7497 7498 7561 7560
3025 3026 3089 3088 7498 7499 7562 7561
3026 3027 3090 3089 7499 7500 7563 7562
3027 3028 3091 3090 7500 7501 7564 7563
3028 3029 3092 3091 7501 7502 7565 7564
3029 3030 3093 3092 7502 7503 7566 7565
3030 3031 3094 3093 7503 7504 7567 7566
3031 3032 3095 3094 7504 7505 7568 7567
3032 3033 3096 3095 7505 7506 7569 7568
3033 3034 3097 3096 7506 7507 7570 7569
3034 3035 3098 3097 7507 7508 7571 7570
3035 3036 3099 3098 7508 7509 7572 7571
3036 3037 3100 3099 7509 7510 7573 7572
3037 3038 3101 3100 7510 7511 7574 7573
3038 3039 3102 3101 7511 7512 7575 7574
3039 3040 3103 3102 7512 7513 7576 7575
3040 3041 3104 3103 7513 7514 7577 7576
3041 3042 3105 3104 7514 7515 7578 7577
3042 3043 3106 3105 7515 7516 7579 7578
3043 3044 3107 3106 7516 7517 7580 7579
3044 3045 3108 3107 7517 7518 7581 7580
3045 3046 3109 3108 7518 7519 7582 7581
3046 3047 3110 3109 7519 7520 7583 7582
3047 3048 3111 3110 7520 7521 7584 7583
3048 3049 3112 3111 7521 7522 7585 7584
3049 3050 3113 3112 7522 7523 7586 7585
3050 3051 3114 3113 7523 7524 7587 7586
3051 3052 3115 3114 7524 7525 7588 7587
3052 3053 3116 3115 7525 7526 7589 7588
3053 3054 3117 3116 7526 7527 7590 7589
3054 3055 3118 3117 7527 7528 7591 7590
3055 3056 3119 3118 7528 7529 7592 7591
3056 3057 3120 3119 7529 7530 7593 7592
3057 3058 3121 3120 7530 7531 7594 7593
3058 3059 3122 3121 7531 7532 7595 7594
3059 3060 3123 3122 7532 7533 7596 7595
3060 3061 3124 3123 7533 7534 7597 7596
3061 3062 3125 3124 7534 7535 7598 7597
3062 3063 3126 3125 7535 7536 7599 7598
3063 3064 3127 3126 7536 7537 7600 7599
3064 3065 3128 3127 7537 7538 7601 7600
3065 3066 3129 3128 7538 7539 7602 7601
3066 3067 3130 3129 7539 7540 7603 7602
3067 3068 3131 3130 7540 7541 7604 7603
3068 3069 3132 3131 7541 7542 7605 7604
3069 3070 3133 3132 7542 7543 7606 7605
3070 3071 3134 3133 7543 7544 7607 7606
3071 3072 3135 3134 7544 7545 7608 7607
3072 3073 3136 3135 7545 7546 7609 7608
3073 3074 3137 3136 7546 7547 7610 7609
3074 3075 3138 3137 7547 7548 7611 7610
3075 3076 3139 3138 7548 7549 7612 7611
3076 3077 3140 3139 7549 7550 7613 7612
3077 3078 3141 3140 7550 7551 7614 7613
3078 3079 3142 3141 7551 7552 7615 7614
3079 3080 3143 3142 7552 7553 7616 7615
3080 3081 3144 3143 7553 7554 7617 7616
3081 3082 3145 3144 7554 7555 7618 7617
3082 3083 3146 3145 7555 7556 7619 7618
3083 3084 3147 3146 7556 7557 7620 7619
3084 3085 3148 3147 7557 7558 7621 7620
3085 3086 3149 3148 7558 7559 7622 7621
3087 3088 3151 3150 7560 7561 7624 7623
3088 3089 3152 3151 7561 7562 7625 7624
3089 3090 3153 3152 7562 7563 7626 7625
3090 3091 3154 3153 7563 7564 7627 7626
3091 3092 3155 3154 7564 7565 7628 7627
3092 3093 3156 3155 7565 7566 7629 7628
3093 3094 3157 3156 7566 7567 7630 7629
3094 3095 3158 3157 7567 7568 7631 7630
3095 3096 3159 3158 7568 7569 7632 7631
3096 3097 3160 3159 7569 7570 7633 7632
3097 3098 3161 3160 7570 7571 7634 7633
3098 3099 3162 3161 7571 7572 7635 7634
3099 3100 3163 3162 7572 7573 7636 7635
3100 3101 3164 3163 7573 7574 7637 7636
3101 3102 3165 3164 7574 7575 7638 7637
3102 3103 3166 3165 7575 7576 7639 7638
3103 3104 3167 3166 7576 7577 7640 7639
3104 3105 3168 3167 7577 7578 7641 7640
3105 3106 3169 3168 7578 7579 7642 7641
3106 3107 3170 3169 7579 7580 7643 7642
3107 3108 3171 3170 7580 7581 7644 7643
3108 3109 3172 3171 7581 7582 7645 7644
3109 3110 3173 3172 7582 7583 7646 7645
3110 3111 3174 3173 7583 7584 7647 7646
3111 3112 3175 3174 7584 7585 7648 7647
3112 3113 3176 3175 7585 7586 7649 7648
3113 3114 3177 3176 7586 7587 7650 7649
3114 3115 3178 3177 7587 7588 7651 7650
3115 3116 3179 3178 7588 7589 7652 7651
3116 3117 3180 3179 7589 7590 7653 7652
3117 3118 3181 3180 7590 7591 7654 7653
3118 3119 3182 3181 7591 7592 7655 7654
3119 3120 3183 3182 7592 7593 7656 7655
3120 3121 3184 3183 7593 7594 7657 7656
3121 3122 3185 3184 7594 7595 7658 7657
3122 3123 3186 3185 7595 7596 7659 7658
3123 3124 3187 3186 7596 7597 7660 7659
3124 3125 3188 3187 7597 7598 7661 7660
3125 3126 3189 3188 7598 7599 7662 7661
3126 3127 3190 3189 7599 7600 7663 7662
3127 3128 3191 3190 7600 7601 7664 7663
3128 3129 3192 3191 7601 7602 7665 7664
3129 3130 3193 3192 7602 7603 7666 7665
3130 3131 3194 3193 7603 7604 7667 7666
3131 3132 3195 3194 7604 7605 7668 7667
3132 3133 3196 3195 7605 7606 7669 7668
3133 3134 3197 3196 7606 7607 7670 7669
3134 3135 3198 3197 7607 7608 7671 7670
3135 3136 3199 3198 7608 7609 7672 7671
3136 3137 3200 3199 7609 7610 7673 7672
3137 3138 3201 3200 7610 7611 7674 7673
3138 3139 3202 3201 7611 7612 7675 7674
3139 3140 3203 3202 7612 7613 7676 7675
3140 3141 3204 3203 7613 7614 7677 7676
3141 3142 3205 3204 7614 7615 7678 7677
3142 3143 3206 3205 7615 7616 7679 7678
3143 3144 3207 3206 7616 7617 7680 7679
3144 3145 3208 3207 7617 7618 7681 7680
3145 3146 3209 3208 7618 7619 7682 7681
3146 3147 3210 3209 7619 7620 7683 7682
3147 3148 3211 3210 7620 7621 7684 7683
3148 3149 3212 3211 7621 7622 7685 7684
3150 3151 3214 3213 7623 7624 7687 7686
3151 3152 3215 3214 7624 7625 7688 7687
3152 3153 3216 3215 7625 7626 7689 7688
3153 3154 3217 3216 7626 7627 7690 7689
3154 3155 3218 3217 7627 7628 7691 7690
3155 3156 3219 3218 7628 7629 7692 7691
3156 3157 3220 3219 7629 7630 7693 7692
3157 3158 3221 3220 7630 7631 7694 7693
3158 3159 3222 3221 7631 7632 7695 7694
3159 3160 3223 3222 7632 7633 7696 7695
3160 3161 3224 3223 7633 7634 7697 7696
3161 3162 3225 3224 7634 7635 7698 7697
3162 3163 3226 3225 7635 7636 7699 7698
3163 3164 3227 3226 7636 7637 7700 7699
3164 3165 3228 3227 7637 7638 7701 7700
3165 3166 3229 3228 7638 7639 7702 7701
3166 3167 3230 3229 7639 7640 7703 7702
3167 3168 3231 3230 7640 7641 7704 7703
3168 3169 3232 3231 7641 7642 7705 7704
3169 3170 3233 3232 7642 7643 7706 7705
3170 3171 3234 3233 7643 7644 7707 7706
3171 3172 3235 3234 7644 7645 7708 7707
3172 3173 3236 3235 7645 7646 7709 7708
3173 3174 3237 3236 7646 7647 7710 7709
3174 3175 3238 3237 7647 7648 7711 7710
3175 3176 3239 3238 7648 7649 7712 7711
3176 3177 3240 3239 7649 7650 7713 7712
3177 3178 3241 3240 7650 7651 7714 7713
3178 3179 3242 3241 7651 7652 7715 7714
3179 3180 3243 3242 7652 7653 7716 7715
3180 3181 3244 3243 7653 7654 7717 7716
3181 3182 3245 3244 7654 7655 7718 7717
3182 3183 3246 3245 7655 7656 7719 7718
3183 3184 3247 3246 7656 7657 7720 7719
3184 3185 3248 3247 7657 7658 7721 7720
3185 3186 3249 3248 7658 7659 7722 7721
3186 3187 3250 3249 7659 7660 7723 7722
3187 3188 3251 3250 7660 7661 7724 7723
3188 3189 3252 3251 7661 7662 7725 7724
3189 3190 3253 3252 7662 7663 7726 7725
3190 3191 3254 3253 7663 7664 7727 7726
3191 3192 3255 3254 7664 7665 7728 7727
3192 3193 3256 3255 7665 7666 7729 7728
3193 3194 3257 3256 7666 7667 7730 7729
3194 3195 3258 3257 7667 7668 7731 7730
3195 3196 3259 3258 7668 7669 7732 7731
3196 3197 3260 3259 7669 7670 7733 7732
3197 3198 3261 3260 7670 7671 7734 7733
3198 3199 3262 3261 7671 7672 7735 7734
3199 3200 3263 3262 7672 7673 7736 7735
3200 3201 3264 3263 7673 7674 7737 7736
3201 3202 3265 3264 7674 7675 7738 7737
3202 3203 3266 3265 7675 7676 7739 7738
3203 3204 3267 3266 7676 7677 7740 7739
3204 3205 3268 3267 7677 7678 7741 7740
3205 3206 3269 3268 7678 7679 7742 7741
3206 3207 3270 3269 7679 7680 7743 7742
3207 3208 3271 3270 7680 7681 7744 7743
3208 3209 3272 3271 7681 7682 7745 7744
3209 3210 3273 3272 7682 7683 7746 7745
3210 3211 3274 3273 7683 7684 7747 7746
3211 3212 3275 3274 7684 7685 7748 7747
3213 3214 3277 3276 7686 7687 7750 7749
3214 3215 3278 3277 7687 7688 7751 7750
3215 3216 3279 3278 7688 7689 7752 7751
3216 3217 3280 3279 7689 7690 7753 7752
3217 3218 3281 3280 7690 7691 7754 7753
3218 3219 3282 3281 7691 7692 7755 7754
3219 3220 3283 3282 7692 7693 7756 7755
3220 3221 3284 3283 7693 7694 7757 7756
3221 3222 3285 3284 7694 7695 7758 7757
3222 3223 3286 3285 7695 7696 7759 7758
3223 3224 3287 3286 7696 7697 7760 7759
3224 3225 3288 3287 7697 7698 7761 7760
3225 3226 3289 3288 7698 7699 7762 7761
3226 3227 3290 3289 7699 7700 7763 7762
3227 3228 3291 3290 7700 7701 7764 7763
3228 3229 3292 3291 7701 7702 7765 7764
3229 3230 3293 3292 7702 7703 7766 7765
3230 3231 3294 3293 7703 7704 7767 7766
3231 3232 3295 3294 7704 7705 7768 7767
3232 3233 3296 3295 7705 7706 7769 7768
3233 3234 3297 3296 7706 7707 7770 7769
3234 3235 3298 3297 7707 7708 7771 7770
3235 3236 3299 3298 7708 7709 7772 7771
3236 3237 3300 3299 7709 7710 7773 7772
3237 3238 3301 3300 7710 7711 7774 7773
3238 3239 3302 3301 7711 7712 7775 7774
3239 3240 3303 3302 7712 7713 7776 7775
3240 3241 3304 3303 7713 7714 7777 7776
3241 3242 3305 3304 7714 7715 7778 7777
3242 3243 3306 3305 7715 7716 7779 7778
3243 3244 3307 3306 7716 7717 7780 7779
3244 3245 3308 3307 7717 7718 7781 7780
3245 3246 3309 3308 7718 7719 7782 7781
3246 3247 3310 3309 7719 7720 7783 7782
3247 3248 3311 3310 7720 7721 7784 7783
3248 3249 3312 3311 7721 7722 7785 7784
3249 3250 3313 3312 7722 7723 7786 7785
3250 3251 3314 3313 7723 7724 7787 7786
3251 3252 3315 3314 7724 7725 7788 7787
3252 3253 3316 3315 7725 7726 7789 7788
3253 3254 3317 3316 7726 7727 7790 7789
3254 3255 3318 3317 7727 7728 7791 7790
3255 3256 3319 3318 7728 7729 7792 7791
3256 3257 3320 3319 7729 7730 7793 7792
3257 3258 3321 3320 7730 7731 7794 7793
3258 3259 3322 3321 7731 7732 7795 7794
3259 3260 3323 3322 7732 7733 7796 7795
3260 3261 3324 3323 7733 7734 7797 7796
3261 3262 3325 3324 7734 7735 7798 7797
3262 3263 3326 3325 7735 7736 7799 7798
3263 3264 3327 3326 7736 7737 7800 7799
3264 3265 3328 3327 7737 7738 7801 7800
3265 3266 3329 3328 7738 7739 7802 7801
3266 3267 3330 3329 7739 7740 7803 7802
3267 3268 3331 3330 7740 7741 7804 7803
3268 3269 3332 3331 7741 7742 7805 7804
3269 3270 3333 3332 7742 7743 7806 7805
3270 3271 3334 3333 7743 7744 7807 7806
3271 3272 3335 3334 7744 7745 7808 7807
3272 3273 3336 3335 7745 7746 7809 7808
3273 3274 3337 3336 7746 7747 7810 7809
3274 3275 3338 3337 7747 7748 7811 7810
3276 3277 3340 3339 7749 7750 7813 7812
3277 3278 3341 3340 7750 7751 7814 7813
3278 3279 3342 3341 7751 7752 7815 7814
3279 3280 3343 3342 7752 7753 7816 7815
3280 3281 3344 3343 7753 7754 7817 7816
3281 3282 3345 3344 7754 7755 7818 7817
3282 3283 3346 3345 7755 7756 7819 7818
3283 3284 3347 3346 7756 7757 7820 7819
3284 3285 3348 3347 7757 7758 7821 7820
3285 3286 3349 3348 7758 7759 7822 7821
3286 3287 3350 3349 7759 7760 7823 7822
3287 3288 3351 3350 7760 7761 7824 7823
3288 3289 3352 3351 7761 7762 7825 7824
3289 3290 3353 3352 7762 7763 7826 7825
3290 3291 3354 3353 7763 7764 7827 7826
3291 3292 3355 3354 7764 7765 7828 7827
3292 3293 3356 3355 7765 7766 7829 7828
3293 3294 3357 3356 7766 7767 7830 7829
3294 3295 3358 3357 7767 7768 7831 7830
3295 3296 3359 3358 7768 7769 7832 7831
3296 3297 3360 3359 7769 7770 7833 7832
3297 3298 3361 3360 7770 7771 7834 7833
3298 3299 3362 3361 7771 7772 7835 7834
3299 3300 3363 3362 7772 7773 7836 7835
3300 3301 3364 3363 7773 7774 7837 7836
3301 3302 3365 3364 7774 7775 7838 7837
3302 3303 3366 3365 7775 7776 7839 7838
3303 3304 3367 3366 7776 7777 7840 7839
3304 3305 3368 3367 7777 7778 7841 7840
3305 3306 3369 3368 7778 7779 7842 7841
3306 3307 3370 3369 7779 7780 7843 7842
3307 3308 3371 3370 7780 7781 7844 7843
3308 3309 3372 3371 7781 7782 7845 7844
3309 3310 3373 3372 7782 7783 7846 7845
3310 3311 3374 3373 7783 7784 7847 7846
3311 3312 3375 3374 7784 7785 7848 7847
3312 3313 3376 3375 7785 7786 7849 7848
3313 3314 3377 3376 7786 7787 7850 7849
3314 3315 3378 3377 7787 7788 7851 7850
3315 3316 3379 3378 7788 7789 7852 7851
3316 3317 3380 3379 7789 7790 7853 7852
3317 3318 3381 3380 7790 7791 7854 7853
3318 3319 3382 3381 7791 7792 7855 7854
3319 3320 3383 3382 7792 7793 7856 7855
3320 3321 3384 3383 7793 7794 7857 7856
3321 3322 3385 3384 7794 7795 7858 7857
3322 3323 3386 3385 7795 7796 7859 7858
3323 3324 3387 3386 7796 7797 7860 7859
3324 3325 3388 3387 7797 7798 7861 7860
3325 3326 3389 3388 7798 7799 7862 7861
3326 3327 3390 3389 7799 7800 7863 7862
3327 3328 3391 3390 7800 7801 7864 7863
3328 3329 3392 3391 7801 7802 7865 7864
3329 3330 3393 3392 7802 7803 7866 7865
3330 3331 3394 3393 7803 7804 7867 7866
3331 3332 3395 3394 7804 7805 7868 7867
3332 3333 3396 3395 7805 7806 7869 7868
3333 3334 3397 3396 7806 7807 7870 7869
3334 3335 3398 3397 7807 7808 7871 7870
3335 3336 3399 3398 7808 7809 7872 7871
3336 3337 3400 3399 7809 7810 7873 7872
3337 3338 3401 3400 7810 7811 7874 7873
3339 3340 3403 3402 7812 7813 7876 7875
3340 3341 3404 3403 7813 7814 7877 7876
3341 3342 3405 3404 7814 7815 7878 7877
3342 3343 3406 3405 7815 7816 7879 7878
3343 3344 3407 3406 7816 7817 7880 7879
3344 3345 3408 3407 7817 7818 7881 7880
3345 3346 3409 3408 7818 7819 7882 7881
3346 3347 3410 3409 7819 7820 7883 7882
3347 3348 3411 3410 7820 7821 7884 7883
3348 3349 3412 3411 7821 7822 7885 7884
3349 3350 3413 3412 7822 7823 7886 7885
3350 3351 3414 3413 7823 7824 7887 7886
3351 3352 3415 3414 7824 7825 7888 7887
3352 3353 3416 3415 7825 7826 7889 7888
3353 3354 3417 3416 7826 7827 7890 7889
3354 3355 3418 3417 7827 7828 7891 7890
3355 3356 3419 3418 7828 7829 7892 7891
3356 3357 3420 3419 7829 7830 7893 7892
3357 3358 3421 3420 7830 7831 7894 7893
3358 3359 3422 3421 7831 7832 7895 7894
3359 3360 3423 3422 7832 7833 7896 7895
3360 3361 3424 3423 7833 7834 7897 7896
3361 3362 3425 3424 7834 7835 7898 7897
3362 3363 3426 3425 7835 7836 7899 7898
3363 3364 3427 3426 7836 7837 7900 7899
3364 3365 3428 3427 7837 7838 7901 7900
3365 3366 3429 3428 7838 7839 7902 7901
3366 3367 3430 3429 7839 7840 7903 7902
3367 3368 3431 3430 7840 7841 7904 7903
3368 3369 3432 3431 7841 7842 7905 7904
3369 3370 3433 3432 7842 7843 7906 7905
3370 3371 3434 3433 7843 7844 7907 7906
3371 3372 3435 3434 7844 7845 7908 7907
3372 3373 3436 3435 7845 7846 7909 7908
3373 3374 3437 3436 7846 7847 7910 7909
3374 3375 3438 3437 7847 7848 7911 7910
3375 3376 3439 3438 7848 7849 7912 7911
3376 3377 3440 3439 7849 7850 7913 7912
3377 3378 3441 3440 7850 7851 7914 7913
3378 3379 3442 3441 7851 7852 7915 7914
3379 3380 3443 3442 7852 7853 7916 7915
3380 3381 3444 3443 7853 7854 7917 7916
3381 3382 3445 3444 7854 7855 7918 7917
3382 3383 3446 3445 7855 7856 7919 7918
3383 3384 3447 3446 7856 7857 7920 7919
3384 3385 3448 3447 7857 7858 7921 7920
3385 3386 3449 3448 7858 7859 7922 7921
3386 3387 3450 3449 7859 7860 7923 7922
3387 3388 3451 3450 7860 7861 7924 7923
3388 3389 3452 3451 7861 7862 7925 7924
3389 3390 3453 3452 7862 7863 7926 7925
3390 3391 3454 3453 7863 7864 7927 7926
3391 3392 3455 3454 7864 7865 7928 7927
3392 3393 3456 3455 7865 7866 7929 7928
3393 3394 3457 3456 7866 7867 7930 7929
3394 3395 3458 3457 7867 7868 7931 7930
3395 3396 3459 3458 7868 7869 7932 7931
3396 3397 3460 3459 7869 7870 7933 7932
3397 3398 3461 3460 7870 7871 7934 7933
3398 3399 3462 3461 7871 7872 7935 7934
3399 3400 3463 3462 7872 7873 7936 7935
3400 3401 3464 3463 7873 7874 7937 7936
3402 3403 3466 3465 7875 7876 7939 7938
3403 3404 3467 3466 7876 7877 7940 7939
3404 3405 3468 3467 7877 7878 7941 7940
3405 3406 3469 3468 7878 7879 7942 7941
3406 3407 3470 3469 7879 7880 7943 7942
3407 3408 3471 3470 7880 7881 7944 7943
3408 3409 3472 3471 7881 7882 7945 7944
3409 3410 3473 3472 7882 7883 7946 7945
3410 3411 3474 3473 7883 7884 7947 7946
3411 3412 3475 3474 7884 7885 7948 7947
3412 3413 3476 3475 7885 7886 7949 7948
3413 3414 3477 3476 7886 7887 7950 7949
3414 3415 3478 3477 7887 7888 7951 7950
3415 3416 3479 3478 7888 7889 7952 7951
3416 3417 3480 3479 7889 7890 7953 7952
3417 3418 3481 3480 7890 7891 7954 7953
3418 3419 3482 3481 7891 7892 7955 7954
3419 3420 3483 3482 7892 7893 7956 7955
3420 3421 3484 3483 7893 7894 7957 7956
3421 3422 3485 3484 7894 7895 7958 7957
3422 3423 3486 3485 7895 7896 7959 7958
3423 3424 3487 3486 7896 7897 7960 7959
3424 3425 3488 3487 7897 7898 7961 7960
3425 3426 3489 3488 7898 7899 7962 7961
3426 3427 3490 3489 7899 7900 7963 7962
3427 3428 3491 3490 7900 7901 7964 7963
3428 3429 3492 3491 7901 7902 7965 7964
3429 3430 3493 3492 7902 7903 7966 7965
3430 3431 3494 3493 7903 7904 7967 7966
3431 3432 3495 3494 7904 7905 7968 7967
3432 3433 3496 3495 7905 7906 7969 7968
3433 3434 3497 3496 7906 7907 7970 7969
3434 3435 3498 3497 7907 7908 7971 7970
3435 3436 3499 3498 7908 7909 7972 7971
3436 3437 3500 3499 7909 7910 7973 7972
3437 3438 3501 3500 7910 7911 7974 7973
3438 3439 3502 3501 7911 7912 7975 7974
3439 3440 3503 3502 7912 7913 7976 7975
3440 3441 3504 3503 7913 7914 7977 7976
3441 3442 3505 3504 7914 7915 7978 7977
3442 3443 3506 3505 7915 7916 7979 7978
3443 3444 3507 3506 7916 7917 7980 7979
3444 3445 3508 3507 7917 7918 7981 7980
3445 3446 3509 3508 7918 7919 7982 7981
3446 3447 3510 3509 7919 7920 7983 7982
3447 3448 3511 3510 7920 7921 7984 7983
3448 3449 3512 3511 7921 7922 7985 7984
3449 3450 3513 3512 7922 7923 7986 7985
3450 3451 3514 3513 7923 7924 7987 7986
3451 3452 3515 3514 7924 7925 7988 7987
3452 3453 3516 3515 7925 7926 7989 7988
3453 3454 3517 3516 7926 7927 7990 7989
3454 3455 3518 3517 7927 7928 7991 7990
3455 3456 3519 3518 7928 7929 7992 7991
3456 3457 3520 3519 7929 7930 7993 7992
3457 3458 3521 3520 7930 7931 7994 7993
3458 3459 3522 3521 7931 7932 7995 7994
3459 3460 3523 3522 7932 7933 7996 7995
3460 3461 3524 3523 7933 7934 7997 7996
3461 3462 3525 3524 7934 7935 7998 7997
3462 3463 3526 3525 7935 7936 7999 7998
3463 3464 3527 3526 7936 7937 8000 7999
3465 3466 3529 3528 7938 7939 8002 8001
3466 3467 3530 3529 7939 7940 8003 8002
3467 3468 3531 3530 7940 7941 8004 8003
3468 3469 3532 3531 7941 7942 8005 8004
3469 3470 3533 3532 7942 7943 8006 8005
3470 3471 3534 3533 7943 7944 8007 8006
3471 3472 3535 3534 7944 7945 8008 8007
3472 3473 3536 3535 7945 7946 8009 8008
3473 3474 3537 3536 7946 7947 8010 8009
3474 3475 3538 3537 7947 7948 8011 8010
3475 3476 3539 3538 7948 7949 8012 8011
3476 3477 3540 3539 7949 7950 8013 8012
3477 3478 3541 3540 7950 7951 8014 8013
3478 3479 3542 3541 7951 7952 8015 8014
3479 3480 3543 3542 7952 7953 8016 8015
3480 3481 3544 3543 7953 7954 8017 8016
3481 3482 3545 3544 7954 7955 8018 8017
3482 3483 3546 3545 7955 7956 8019 8018
3483 3484 3547 3546 7956 7957 8020 8019
3484 3485 3548 3547 7957 7958 8021 8020
3485 3486 3549 3548 7958 7959 8022 8021
3486 3487 3550 3549 7959 7960 8023 8022
3487 3488 3551 3550 7960 7961 8024 8023
3488 3489 3552 3551 7961 7962 8025 8024
3489 3490 3553 3552 7962 7963 8026 8025
3490 3491 3554 3553 7963 7964 8027 8026
3491 3492 3555 3554 7964 7965 8028 8027
3492 3493 3556 3555 7965 7966 8029 8028
3493 3494 3557 3556 7966 7967 8030 8029
3494 3495 3558 3557 7967 7968 8031 8030
3495 3496 3559 3558 7968 7969 8032 8031
3496 3497 3560 3559 7969 7970 8033 8032
3497 3498 3561 3560 7970 7971 8034 8033
3498 3499 3562 3561 7971 7972 8035 8034
3499 3500 3563 3562 7972 7973 8036 8035
3500 3501 3564 3563 7973 7974 8037 8036
3501 3502 3565 3564 7974 7975 8038 8037
3502 3503 3566 3565 7975 7976 8039 8038
3503 3504 3567 3566 7976 7977 8040 8039
3504 3505 3568 3567 7977 7978 8041 8040
3505 3506 3569 3568 7978 7979 8042 8041
3506 3507 3570 3569 7979 7980 8043 8042
3507 3508 3571 3570 7980 7981 8044 8043
3508 3509 3572 3571 7981 7982 8045 8044
3509 3510 3573 3572 7982 7983 8046 8045
3510 3511 3574 3573 7983 7984 8047 8046
3511 3512 3575 3574 7984 7985 8048 8047
3512 3513 3576 3575 7985 7986 8049 8048
3513 3514 3577 3576 7986 7987 8050 8049
3514 3515 3578 3577 7987 7988 8051 8050
3515 3516 3579 3578 7988 7989 8052 8051
3516 3517 3580 3579 7989 7990 8053 8052
3517 3518 3581 3580 7990 7991 8054 8053
3518 3519 3582 3581 7991 7992 8055 8054
3519 3520 3583 3582 7992 7993 8056 8055
3520 3521 3584 3583 7993 7994 8057 8056
3521 3522 3585 3584 7994 7995 8058 8057
3522 3523 3586 3585 7995 7996 8059 8058
3523 3524 3587 3586 7996 7997 8060 8059
3524 3525 3588 3587 7997 7998 8061 8060
3525 3526 3589 3588 7998 7999 8062 8061
3526 3527 3590 3589 7999 8000 8063 8062
3528 3529 3592 3591 8001 8002 8065 8064
3529 3530 3593 3592 8002 8003 8066 8065
3530 3531 3594 3593 8003 8004 8067 8066
3531 3532 3595 3594 8004 8005 8068 8067
3532 3533 3596 3595 8005 8006 8069 8068
3533 3534 3597 3596 8006 8007 8070 8069
3534 3535 3598 3597 8007 8008 8071 8070
3535 3536 3599 3598 8008 8009 8072 8071
3536 3537 3600 3599 8009 8010 8073 8072
3537 3538 3601 3600 8010 8011 8074 8073
3538 3539 3602 3601 8011 8012 8075 8074
3539 3540 3603 3602 8012 8013 8076 8075
3540 3541 3604 3603 8013 8014 8077 8076
3541 3542 3605 3604 8014 8015 8078 8077
3542 3543 3606 3605 8015 8016 8079 8078
3543 3544 3607 3606 8016 8017 8080 8079
3544 3545 3608 3607 8017 8018 8081 8080
3545 3546 3609 3608 8018 8019 8082 8081
3546 3547 3610 3609 8019 8020 8083 8082
3547 3548 3611 3610 8020 8021 8084 8083
3548 3549 3612 3611 8021 8022 8085 8084
3549 3550 3613 3612 8022 8023 8086 8085
3550 3551 3614 3613 8023 8024 8087 8086
3551 3552 3615 3614 8024 8025 8088 8087
3552 3553 3616 3615 8025 8026 8089 8088
3553 3554 3617 3616 8026 8027 8090 8089
3554 3555 3618 3617 8027 8028 8091 8090
3555 3556 3619 3618 8028 8029 8092 8091
3556 3557 3620 3619 8029 8030 8093 8092
3557 3558 3621 3620 8030 8031 8094 8093
3558 3559 3622 3621 8031 8032 8095 8094
3559 3560 3623 3622 8032 8033 8096 8095
3560 3561 3624 3623 8033 8034 8097 8096
3561 3562 3625 3624 8034 8035 8098 8097
3562 3563 3626 3625 8035 8036 8099 8098
3563 3564 3627 3626 8036 8037 8100 8099
3564 3565 3628 3627 8037 8038 8101 8100
3565 3566 3629 3628 8038 8039 8102 8101
3566 3567 3630 3629 8039 8040 8103 8102
3567 3568 3631 3630 8040 8041 8104 8103
3568 3569 3632 3631 8041 8042 8105 8104
3569 3570 3633 3632 8042 8043 8106 8105
3570 3571 3634 3633 8043 8044 8107 8106
3571 3572 3635 3634 8044 8045 8108 8107
3572 3573 3636 3635 8045 8046 8109 8108
3573 3574 3637 3636 8046 8047 8110 8109
3574 3575 3638 3637 8047 8048 8111 8110
3575 3576 3639 3638 8048 8049 8112 8111
3576 3577 3640 3639 8049 8050 8113 8112
3577 3578 3641 3640 8050 8051 8114 8113
3578 3579 3642 3641 8051 8052 8115 8114
3579 3580 3643 3642 8052 8053 8116 8115
3580 3581 3644 3643 8053 8054 8117 8116
3581 3582 3645 3644 8054 8055 8118 8117
3582 3583 3646 3645 8055 8056 8119 8118
3583 3584 3647 3646 8056 8057 8120 8119
3584 3585 3648 3647 8057 8058 8121 8120
3585 3586 3649 3648 8058 8059 8122 8121
3586 3587 3650 3649 8059 8060 8123 8122
3587 3588 3651 3650 8060 8061 8124 8123
3588 3589 3652 3651 8061 8062 8125 8124
3589 3590 3653 3652 8062 8063 8126 8125
3591 3592 3655 3654 8064 8065 8128 8127
3592 3593 3656 3655 8065 8066 8129 8128
3593 3594 3657 3656 8066 8067 8130 8129
3594 3595 3658 3657 8067 8068 8131 8130
3595 3596 3659 3658 8068 8069 8132 8131
3596 3597 3660 3659 8069 8070 8133 8132
3597 3598 3661 3660 8070 8071 8134 8133
3598 3599 3662 3661 8071 8072 8135 8134
3599 3600 3663 3662 8072 8073 8136 8135
3600 3601 3664 3663 8073 8074 8137 8136
3601 3602 3665 3664 8074 8075 8138 8137
3602 3603 3666 3665 8075 8076 8139 8138
3603 3604 3667 3666 8076 8077 8140 8139
3604 3605 3668 3667 8077 8078 8141 8140
3605 3606 3669 3668 8078 8079 8142 8141
3606 3607 3670 3669 8079 8080 8143 8142
3607 3608 3671 3670 8080 8081 8144 8143
3608 3609 3672 3671 8081 8082 8145 8144
3609 3610 3673 3672 8082 8083 8146 8145
3610 3611 3674 3673 8083 8084 8147 8146
3611 3612 3675 3674 8084 8085 8148 8147
3612 3613 3676 3675 8085 8086 8149 8148
3613 3614 3677 3676 8086 8087 8150 8149
3614 3615 3678 3677 8087 8088 8151 8150
3615 3616 3679 3678 8088 8089 8152 8151
3616 3617 3680 3679 8089 8090 8153 8152
3617 3618 3681 3680 8090 8091 8154 8153
3618 3619 3682 3681 8091 8092 8155 8154
3619 3620 3683 3682 8092 8093 8156 8155
3620 3621 3684 3683 8093 8094 8157 8156
3621 3622 3685 3684 8094 8095 8158 8157
3622 3623 3686 3685 8095 8096 8159 8158
3623 3624 3687 3686 8096 8097 8160 8159
3624 3625 3688 3687 8097 8098 8161 8160
3625 3626 3689 3688 8098 8099 8162 8161
3626 3627 3690 3689 8099 8100 8163 8162
3627 3628 3691 3690 8100 8101 8164 8163
3628 3629 3692 3691 8101 8102 8165 8164
3629 3630 3693 3692 8102 8103 8166 8165
3630 3631 3694 3693 8103 8104 8167 8166
3631 3632 3695 3694 8104 8105 8168 8167
3632 3633 3696 3695 8105 8106 8169 8168
3633 3634 3697 3696 8106 8107 8170 8169
3634 3635 3698 3697 8107 8108 8171 8170
3635 3636 3699 3698 8108 8109 8172 8171
3636 3637 3700 3699 8109 8110 8173 8172
3637 3638 3701 3700 8110 8111 8174 8173
3638 3639 3702 3701 8111 8112 8175 8174
3639 3640 3703 3702 8112 8113 8176 8175
3640 3641 3704 3703 8113 8114 8177 8176
3641 3642 3705 3704 8114 8115 8178 8177
3642 3643 3706 3705 8115 8116 8179 8178
3643 3644 3707 3706 8116 8117 8180 8179
3644 3645 3708 3707 8117 8118 8181 8180
3645 3646 3709 3708 8118 8119 8182 8181
3646 3647 3710 3709 8119 8120 8183 8182
3647 3648 3711 3710 8120 8121 8184 8183
3648 3649 3712 3711 8121 8122 8185 8184
3649 3650 3713 3712 8122 8123 8186 8185
3650 3651 3714 3713 8123 8124 8187 8186
3651 3652 3715 3714 8124 8125 8188 8187
3652 3653 3716 3715 8125 8126 8189 8188
3654 3655 3718 3717 8127 8128 8191 8190
3655 3656 3719 3718 8128 8129 8192 8191
3656 3657 3720 3719 8129 8130 8193 8192
3657 3658 3721 3720 8130 8131 8194 8193
3658 3659 3722 3721 8131 8132 8195 8194
3659 3660 3723 3722 8132 8133 8196 8195
3660 3661 3724 3723 8133 8134 8197 8196
3661 3662 3725 3724 8134 8135 8198 8197
3662 3663 3726 3725 8135 8136 8199 8198
3663 3664 3727 3726 8136 8137 8200 8199
3664 3665 3728 3727 8137 8138 8201 8200
3665 3666 3729 3728 8138 8139 8202 8201
3666 3667 3730 3729 8139 8140 8203 8202
3667 3668 3731 3730 8140 8141 8204 8203
3668 3669 3732 3731 8141 8142 8205 8204
3669 3670 3733 3732 8142 8143 8206 8205
3670 3671 3734 3733 8143 8144 8207 8206
3671 3672 3735 3734 8144 8145 8208 8207
3672 3673 3736 3735 8145 8146 8209 8208
3673 3674 3737 3736 8146 8147 8210 8209
3674 3675 3738 3737 8147 8148 8211 8210
3675 3676 3739 3738 8148 8149 8212 8211
3676 3677 3740 3739 8149 8150 8213 8212
3677 3678 3741 3740 8150 8151 8214 8213
3678 3679 3742 3741 8151 8152 8215 8214
3679 3680 3743 3742 8152 8153 8216 8215
3680 3681 3744 3743 8153 8154 8217 8216
3681 3682 3745 3744 8154 8155 8218 8217
3682 3683 3746 3745 8155 8156 8219 8218
3683 3684 3747 3746 8156 8157 8220 8219
3684 3685 3748 3747 8157 8158 8221 8220
3685 3686 3749 3748 8158 8159 8222 8221
3686 3687 3750 3749 8159 8160 8223 8222
3687 3688 3751 3750 8160 8161 8224 8223
3688 3689 3752 3751 8161 8162 8225 8224
3689 3690 3753 3752 8162 8163 8226 8225
3690 3691 3754 3753 8163 8164 8227 8226
3691 3692 3755 3754 8164 8165 8228 8227
3692 3693 3756 3755 8165 8166 8229 8228
3693 3694 3757 3756 8166 8167 8230 8229
3694 3695 3758 3757 8167 8168 8231 8230
3695 3696 3759 3758 8168 8169 8232 8231
3696 3697 3760 3759 8169 8170 8233 8232
3697 3698 3761 3760 8170 8171 8234 8233
3698 3699 3762 3761 8171 8172 8235 8234
3699 3700 3763 3762 8172 8173 8236 8235
3700 3701 3764 3763 8173 8174 8237 8236
3701 3702 3765 3764 8174 8175 8238 8237
3702 3703 3766 3765 8175 8176 8239 8238
3703 3704 3767 3766 8176 8177 8240 8239
3704 3705 3768 3767 8177 8178 8241 8240
3705 3706 3769 3768 8178 8179 8242 8241
3706 3707 3770 3769 8179 8180 8243 8242
3707 3708 3771 3770 8180 8181 8244 8243
3708 3709 3772 3771 8181 8182 8245 8244
3709 3710 3773 3772 8182 8183 8246 8245
3710 3711 3774 3773 8183 8184 8247 8246
3711 3712 3775 3774 8184 8185 8248 8247
3712 3713 3776 3775 8185 8186 8249 8248
3713 3714 3777 3776 8186 8187 8250 8249
3714 3715 3778 3777 8187 8188 8251 8250
3715 3716 3779 3778 8188 8189 8252 8251
3717 3718 3781 3780 8190 8191 8254 8253
3718 3719 3782 3781 8191 8192 8255 8254
3719 3720 3783 3782 8192 8193 8256 8255
3720 3721 3784 3783 8193 8194 8257 8256
3721 3722 3785 3784 8194 8195 8258 8257
3722 3723 3786 3785 8195 8196 8259 8258
3723 3724 3787 3786 8196 8197 8260 8259
3724 3725 3788 3787 8197 8198 8261 8260
3725 3726 3789 3788 8198 8199 8262 8261
3726 3727 3790 3789 8199 8200 8263 8262
3727 3728 3791 3790 8200 8201 8264 8263
3728 3729 3792 3791 8201 8202 8265 8264
3729 3730 3793 3792 8202 8203 8266 8265
3730 3731 3794 3793 8203 8204 8267 8266
3731 3732 3795 3794 8204 8205 8268 8267
3732 3733 3796 3795 8205 8206 8269 8268
3733 3734 3797 3796 8206 8207 8270 8269
3734 3735 3798 3797 8207 8208 8271 8270
3735 3736 3799 3798 8208 8209 8272 8271
3736 3737 3800 3799 8209 8210 8273 8272
3737 3738 3801 3800 8210 8211 8274 8273
3738 3739 3802 3801 8211 8212 8275 8274
3739 3740 3803 3802 8212 8213 8276 8275
3740 3741 3804 3803 8213 8214 8277 8276
3741 3742 3805 3804 8214 8215 8278 8277
3742 3743 3806 3805 8215 8216 8279 8278
3743 3744 3807 3806 8216 8217 8280 8279
3744 3745 3808 3807 8217 8218 8281 8280
3745 3746 3809 3808 8218 8219 8282 8281
3746 3747 3810 3809 8219 8220 8283 8282
3747 3748 3811 3810 8220 8221 8284 8283
3748 3749 3812 3811 8221 8222 8285 8284
3749 3750 3813 3812 8222 8223 8286 8285
3750 3751 3814 3813 8223 8224 8287 8286
3751 3752 3815 3814 8224 8225 8288 8287
3752 3753 3816 3815 8225 8226 8289 8288
3753 3754 3817 3816 8226 8227 8290 8289
3754 3755 3818 3817 8227 8228 8291 8290
3755 3756 3819 3818 8228 8229 8292 8291
3756 3757 3820 3819 8229 8230 8293 8292
3757 3758 3821 3820 8230 8231 8294 8293
3758 3759 3822 3821 8231 8232 8295 8294
3759 3760 3823 3822 8232 8233 8296 8295
3760 3761 3824 3823 8233 8234 8297 8296
3761 3762 3825 3824 8234 8235 8298 8297
3762 3763 3826 3825 8235 8236 8299 8298
3763 3764 3827 3826 8236 8237 8300 8299
3764 3765 3828 3827 8237 8238 8301 8300
3765 3766 3829 3828 8238 8239 8302 8301
3766 3767 3830 3829 8239 8240 8303 8302
3767 3768 3831 3830 8240 8241 8304 8303
3768 3769 3832 3831 8241 8242 8305 8304
3769 3770 3833 3832 8242 8243 8306 8305
3770 3771 3834 3833 8243 8244 8307 8306
3771 3772 3835 3834 8244 8245 8308 8307
3772 3773 3836 3835 8245 8246 8309 8308
3773 3774 3837 3836 8246 8247 8310 8309
3774 3775 3838 3837 8247 8248 8311 8310
3775 3776 3839 3838 8248 8249 8312 8311
3776 3777 3840 3839 8249 8250 8313 8312
3777 3778 3841 3840 8250 8251 8314 8313
3778 3779 3842 3841 8251 8252 8315 8314
3780 3781 3844 3843 8253 8254 8317 8316
3781 3782 3845 3844 8254 8255 8318 8317
3782 3783 3846 3845 8255 8256 8319 8318
3783 3784 3847 3846 8256 8257 8320 8319
3784 3785 3848 3847 8257 8258 8321 8320
3785 3786 3849 3848 8258 8259 8322 8321
3786 3787 3850 3849 8259 8260 8323 8322
3787 3788 3851 3850 8260 8261 8324 8323
3788 3789 3852 3851 8261 8262 8325 8324
3789 3790 3853 3852 8262 8263 8326 8325
3790 3791 3854 3853 8263 8264 8327 8326
3791 3792 3855 3854 8264 8265 8328 8327
3792 3793 3856 3855 8265 8266 8329 8328
3793 3794 3857 3856 8266 8267 8330 8329
3794 3795 3858 3857 8267 8268 8331 8330
3795 3796 3859 3858 8268 8269 8332 8331
3796 3797 3860 3859 8269 8270 8333 8332
3797 3798 3861 3860 8270 8271 8334 8333
3798 3799 3862 3861 8271 8272 8335 8334
3799 3800 3863 3862 8272 8273 8336 8335
3800 3801 3864 3863 8273 8274 8337 8336
3801 3802 3865 3864 8274 8275 8338 8337
3802 3803 3866 3865 8275 8276 8339 8338
3803 3804 3867 3866 8276 8277 8340 8339
3804 3805 3868 3867 8277 8278 8341 8340
3805 3806 3869 3868 8278 8279 8342 8341
3806 3807 3870 3869 8279 8280 8343 8342
3807 3808 3871 3870 8280 8281 8344 8343
3808 3809 3872 3871 8281 8282 8345 8344
3809 3810 3873 3872 8282 8283 8346 8345
3810 3811 3874 3873 8283 8284 8347 8346
3811 3812 3875 3874 8284 8285 8348 8347
3812 3813 3876 3875 8285 8286 8349 8348
3813 3814 3877 3876 8286 8287 8350 8349
3814 3815 3878 3877 8287 8288 8351 8350
3815 3816 3879 3878 8288 8289 8352 8351
3816 3817 3880 3879 8289 8290 8353 8352
3817 3818 3881 3880 8290 8291 8354 8353
3818 3819 3882 3881 8291 8292 8355 8354
3819 3820 3883 3882 8292 8293 8356 8355
3820 3821 3884 3883 8293 8294 8357 8356
3821 3822 3885 3884 8294 8295 8358 8357
3822 3823 3886 3885 8295 8296 8359 8358
3823 3824 3887 3886 8296 8297 8360 8359
3824 3825 3888 3887 8297 8298 8361 8360
3825 3826 3889 3888 8298 8299 8362 8361
3826 3827 3890 3889 8299 8300 8363 8362
3827 3828 3891 3890 8300 8301 8364 8363
3828 3829 3892 3891 8301 8302 8365 8364
3829 3830 3893 3892 8302 8303 8366 8365
3830 3831 3894 3893 8303 8304 8367 8366
3831 3832 3895 3894 8304 8305 8368 8367
3832 3833 3896 3895 8305 8306 8369 8368
3833 3834 3897 3896 8306 8307 8370 8369
3834 3835 3898 3897 8307 8308 8371 8370
3835 3836 3899 3898 8308 8309 8372 8371
3836 3837 3900 3899 8309 8310 8373 8372
3837 3838 3901 3900 8310 8311 8374 8373
3838 3839 3902 3901 8311 8312 8375 8374
3839 3840 3903 3902 8312 8313 8376 8375
3840 3841 3904 3903 8313 8314 8377 8376
3841 3842 3905 3904 8314 8315 8378 8377
3843 3844 3907 3906 8316 8317 8380 8379
3844 3845 3908 3907 8317 8318 8381 8380
3845 3846 3909 3908 8318 8319 8382 8381
3846 3847 3910 3909 8319 8320 8383 8382
3847 3848 3911 3910 8320 8321 8384 8383
3848 3849 3912 3911 8321 8322 8385 8384
3849 3850 3913 3912 8322 8323 8386 8385
3850 3851 3914 3913 8323 8324 8387 8386
3851 3852 3915 3914 8324 8325 8388 8387
3852 3853 3916 3915 8325 8326 8389 8388
3853 3854 3917 3916 8326 8327 8390 8389
3854 3855 3918 3917 8327 8328 8391 8390
3855 3856 3919 3918 8328 8329 8392 8391
3856 3857 3920 3919 8329 8330 8393 8392
3857 3858 3921 3920 8330 8331 8394 8393
3858 3859 3922 3921 8331 8332 8395 8394
3859 3860 3923 3922 8332 8333 8396 8395
3860 3861 3924 3923 8333 8334 8397 8396
3861 3862 3925 3924 8334 8335 8398 8397
3862 3863 3926 3925 8335 8336 8399 8398
3863 3864 3927 3926 8336 8337 8400 8399
3864 3865 3928 3927 8337 8338 8401 8400
3865 3866 3929 3928 8338 8339 8402 8401
3866 3867 3930 3929 8339 8340 8403 8402
3867 3868 3931 3930 8340 8341 8404 8403
3868 3869 3932 3931 8341 8342 8405 8404
3869 3870 3933 3932 8342 8343 8406 8405
3870 3871 3934 3933 8343 8344 8407 8406
3871 3872 3935 3934 8344 8345 8408 8407
3872 3873 3936 3935 8345 8346 8409 8408
3873 3874 3937 3936 8346 8347 8410 8409
3874 3875 3938 3937 8347 8348 8411 8410
3875 3876 3939 3938 8348 8349 8412 8411
3876 3877 3940 3939 8349 8350 8413 8412
3877 3878 3941 3940 8350 8351 8414 8413
3878 3879 3942 3941 8351 8352 8415 8414
3879 3880 3943 3942 8352 8353 8416 8415
3880 3881 3944 3943 8353 8354 8417 8416
3881 3882 3945 3944 8354 8355 8418 8417
3882 3883 3946 3945 8355 8356 8419 8418
3883 3884 3947 3946 8356 8357 8420 8419
3884 3885 3948 3947 8357 8358 8421 8420
3885 3886 3949 3948 8358 8359 8422 8421
3886 3887 3950 3949 8359 8360 8423 8422
3887 3888 3951 3950 8360 8361 8424 8423
3888 3889 3952 3951 8361 8362 8425 8424
3889 3890 3953 3952 8362 8363 8426 8425
3890 3891 3954 3953 8363 8364 8427 8426
3891 3892 3955 3954 8364 8365 8428 8427
3892 3893 3956 3955 8365 8366 8429 8428
3893 3894 3957 3956 8366 8367 8430 8429
3894 3895 3958 3957 8367 8368 8431 8430
3895 3896 3959 3958 8368 8369 8432 8431
3896 3897 3960 3959 8369 8370 8433 8432
3897 3898 3961 3960 8370 8371 8434 8433
3898 3899 3962 3961 8371 8372 8435 8434
3899 3900 3963 3962 8372 8373 8436 8435
3900 3901 3964 3963 8373 8374 8437 8436
3901 3902 3965 3964 8374 8375 8438 8437
3902 3903 3966 3965 8375 8376 8439 8438
3903 3904 3967 3966 8376 8377 8440 8439
3904 3905 3968 3967 8377 8378 8441 8440
3906 3907 3970 3969 8379 8380 8443 8442
3907 3908 3971 3970 8380 8381 8444 8443
3908 3909 3972 3971 8381 8382 8445 8444
3909 3910 3973 3972 8382 8383 8446 8445
3910 3911 3974 3973 8383 8384 8447 8446
3911 3912 3975 3974 8384 8385 8448 8447
3912 3913 3976 3975 8385 8386 8449 8448
3913 3914 3977 3976 8386 8387 8450 8449
3914 3915 3978 3977 8387 8388 8451 8450
3915 3916 3979 3978 8388 8389 8452 8451
3916 3917 3980 3979 8389 8390 8453 8452
3917 3918 3981 3980 8390 8391 8454 8453
3918 3919 3982 3981 8391 8392 8455 8454
3919 3920 3983 3982 8392 8393 8456 8455
3920 3921 3984 3983 8393 8394 8457 8456
3921 3922 3985 3984 8394 8395 8458 8457
3922 3923 3986 3985 8395 8396 8459 8458
3923 3924 3987 3986 8396 8397 8460 8459
3924 3925 3988 3987 8397 8398 8461 8460
3925 3926 3989 3988 8398 8399 8462 8461
3926 3927 3990 3989 8399 8400 8463 8462
3927 3928 3991 3990 8400 8401 8464 8463
3928 3929 3992 3991 8401 8402 8465 8464
3929 3930 3993 3992 8402 8403 8466 8465
3930 3931 3994 3993 8403 8404 8467 8466
3931 3932 3995 3994 8404 8405 8468 8467
3932 3933 3996 3995 8405 8406 8469 8468
3933 3934 3997 3996 8406 8407 8470 8469
3934 3935 3998 3997 8407 8408 8471 8470
3935 3936 3999 3998 8408 8409 8472 8471
3936 3937 4000 3999 8409 8410 8473 8472
3937 3938 4001 4000 8410 8411 8474 8473
3938 3939 4002 4001 8411 8412 8475 8474
3939 3940 4003 4002 8412 8413 8476 8475
3940 3941 4004 4003 8413 8414 8477 8476
3941 3942 4005 4004 8414 8415 8478 8477
3942 3943 4006 4005 8415 8416 8479 8478
3943 3944 4007 4006 8416 8417 8480 8479
3944 3945 4008 4007 8417 8418 8481 8480
3945 3946 4009 4008 8418 8419 8482 8481
3946 3947 4010 4009 8419 8420 8483 8482
3947 3948 4011 4010 8420 8421 8484 8483
3948 3949 4012 4011 8421 8422 8485 8484
3949 3950 4013 4012 8422 8423 8486 8485
3950 3951 4014 4013 8423 8424 8487 8486
3951 3952 4015 4014 8424 8425 8488 8487
3952 3953 4016 4015 8425 8426 8489 8488
3953 3954 4017 4016 8426 8427 8490 8489
3954 3955 4018 4017 8427 8428 8491 8490
3955 3956 4019 4018 8428 8429 8492 8491
3956 3957 4020 4019 8429 8430 8493 8492
3957 3958 4021 4020 8430 8431 8494 8493
3958 3959 4022 4021 8431 8432 8495 8494
3959 3960 4023 4022 8432 8433 8496 8495
3960 3961 4024 4023 8433 8434 8497 8496
3961 3962 4025 4024 8434 8435 8498 8497
3962 3963 4026 4025 8435 8436 8499 8498
3963 3964 4027 4026 8436 8437 8500 8499
3964 3965 4028 4027 8437 8438 8501 8500
3965 3966 4029 4028 8438 8439 8502 8501
3966 3967 4030 4029 8439 8440 8503 8502
3967 3968 4031 4030 8440 8441 8504 8503
3969 3970 4033 4032 8442 8443 8506 8505
3970 3971 4034 4033 8443 8444 8507 8506
3971 3972 4035 4034 8444 8445 8508 8507
3972 3973 4036 4035 8445 8446 8509 8508
3973 3974 4037 4036 8446 8447 8510 8509
3974 3975 4038 4037 8447 8448 8511 8510
3975 3976 4039 4038 8448 8449 8512 8511
3976 3977 4040 4039 8449 8450 8513 8512
3977 3978 4041 4040 8450 8451 8514 8513
3978 3979 4042 4041 8451 8452 8515 8514
3979 3980 4043 4042 8452 8453 8516 8515
3980 3981 4044 4043 8453 8454 8517 8516
3981 3982 4045 4044 8454 8455 8518 8517
3982 3983 4046 4045 8455 8456 8519 8518
3983 3984 4047 4046 8456 8457 8520 8519
3984 3985 4048 4047 8457 8458 8521 8520
3985 3986 4049 4048 8458 8459 8522 8521
3986 3987 4050 4049 8459 8460 8523 8522
3987 3988 4051 4050 8460 8461 8524 8523
3988 3989 4052 4051 8461 8462 8525 8524
3989 3990 4053 4052 8462 8463 8526 8525
3990 3991 4054 4053 8463 8464 8527 8526
3991 3992 4055 4054 8464 8465 8528 8527
3992 3993 4056 4055 8465 8466 8529 8528
3993 3994 4057 4056 8466 8467 8530 8529
3994 3995 4058 4057 8467 8468 8531 8530
3995 3996 4059 4058 8468 8469 8532 8531
3996 3997 4060 4059 8469 8470 8533 8532
3997 3998 4061 4060 8470 8471 8534 8533
3998 3999 4062 4061 8471 8472 8535 8534
3999 4000 4063 4062 8472 8473 8536 8535
4000 4001 4064 4063 8473 8474 8537 8536
4001 4002 4065 4064 8474 8475 8538 8537
4002 4003 4066 4065 8475 8476 8539 8538
4003 4004 4067 4066 8476 8477 8540 8539
4004 4005 4068 4067 8477 8478 8541 8540
4005 4006 4069 4068 8478 8479 8542 8541
4006 4007 4070 4069 8479 8480 8543 8542
4007 4008 4071 4070 8480 8481 8544 8543
4008 4009 4072 4071 8481 8482 8545 8544
4009 4010 4073 4072 8482 8483 8546 8545
4010 4011 4074 4073 8483 8484 8547 8546
4011 4012 4075 4074 8484 8485 8548 8547
4012 4013 4076 4075 8485 8486 8549 8548
4013 4014 4077 4076 8486 8487 8550 8549
4014 4015 4078 4077 8487 8488 8551 8550
4015 4016 4079 4078 8488 8489 8552 8551
4016 4017 4080 4079 8489 8490 8553 8552
4017 4018 4081 4080 8490 8491 8554 8553
4018 4019 4082 4081 8491 8492 8555 8554
4019 4020 4083 4082 8492 8493 8556 8555
4020 4021 4084 4083 8493 8494 8557 8556
4021 4022 4085 4084 8494 8495 8558 8557
4022 4023 4086 4085 8495 8496 8559 8558
4023 4024 4087 4086 8496 8497 8560 8559
4024 4025 4088 4087 8497 8498 8561 8560
4025 4026 4089 4088 8498 8499 8562 8561
4026 4027 4090 4089 8499 8500 8563 8562
4027 4028 4091 4090 8500 8501 8564 8563
4028 4029 4092 4091 8501 8502 8565 8564
4029 4030 4093 4092 8502 8503 8566 8565
4030 4031 4094 4093 8503 8504 8567 8566
4032 4033 4096 4095 8505 8506 8569 8568
4033 4034 4097 4096 8506 8507 8570 8569
4034 4035 4098 4097 8507 8508 8571 8570
4035 4036 4099 4098 8508 8509 8572 8571
4036 4037 4100 4099 8509 8510 8573 8572
4037 4038 4101 4100 8510 8511 8574 8573
4038 4039 4102 4101 8511 8512 8575 8574
4039 4040 4103 4102 8512 8513 8576 8575
4040 4041 4104 4103 8513 8514 8577 8576
4041 4042 4105 4104 8514 8515 8578 8577
4042 4043 4106 4105 8515 8516 8579 8578
4043 4044 4107 4106 8516 8517 8580 8579
4044 4045 4108 4107 8517 8518 8581 8580
4045 4046 4109 4108 8518 8519 8582 8581
4046 4047 4110 4109 8519 8520 8583 8582
4047 4048 4111 4110 8520 8521 8584 8583
4048 4049 4112 4111 8521 8522 8585 8584
4049 4050 4113 4112 8522 8523 8586 8585
4050 4051 4114 4113 8523 8524 8587 8586
4051 4052 4115 4114 8524 8525 8588 8587
4052 4053 4116 4115 8525 8526 8589 8588
4053 4054 4117 4116 8526 8527 8590 8589
4054 4055 4118 4117 8527 8528 8591 8590
4055 4056 4119 4118 8528 8529 8592 8591
4056 4057 4120 4119 8529 8530 8593 8592
4057 4058 4121 4120 8530 8531 8594 8593
4058 4059 4122 4121 8531 8532 8595 8594
4059 4060 4123 4122 8532 8533 8596 8595
4060 4061 4124 4123 8533 8534 8597 8596
4061 4062 4125 4124 8534 8535 8598 8597
4062 4063 4126 4125 8535 8536 8599 8598
4063 4064 4127 4126 8536 8537 8600 8599
4064 4065 4128 4127 8537 8538 8601 8600
4065 4066 4129 4128 8538 8539 8602 8601
4066 4067 4130 4129 8539 8540 8603 8602
4067 4068 4131 4130 8540 8541 8604 8603
4068 4069 4132 4131 8541 8542 8605 8604
4069 4070 4133 4132 8542 8543 8606 8605
4070 4071 4134 4133 8543 8544 8607 8606
4071 4072 4135 4134 8544 8545 8608 8607
4072 4073 4136 4135 8545 8546 8609 8608
4073 4074 4137 4136 8546 8547 8610 8609
4074 4075 4138 4137 8547 8548 8611 8610
4075 4076 4139 4138 8548 8549 8612 8611
4076 4077 4140 4139 8549 8550 8613 8612
4077 4078 4141 4140 8550 8551 8614 8613
4078 4079 4142 4141 8551 8552 8615 8614
4079 4080 4143 4142 8552 8553 8616 8615
4080 4081 4144 4143 8553 8554 8617 8616
4081 4082 4145 4144 8554 8555 8618 8617
4082 4083 4146 4145 8555 8556 8619 8618
4083 4084 4147 4146 8556 8557 8620 8619
4084 4085 4148 4147 8557 8558 8621 8620
4085 4086 4149 4148 8558 8559 8622 8621
4086 4087 4150 4149 8559 8560 8623 8622
4087 4088 4151 4150 8560 8561 8624 8623
4088 4089 4152 4151 8561 8562 8625 8624
4089 4090 4153 4152 8562 8563 8626 8625
4090 4091 4154 4153 8563 8564 8627 8626
4091 4092 4155 4154 8564 8565 8628 8627
4092 4093 4156 4155 8565 8566 8629 8628
4093 4094 4157 4156 8566 8567 8630 8629
4095 4096 4159 4158 8568 8569 8632 8631
4096 4097 4160 4159 8569 8570 8633 8632
4097 4098 4161 4160 8570 8571 8634 8633
4098 4099 4162 4161 8571 8572 8635 8634
4099 4100 4163 4162 8572 8573 8636 8635
4100 4101 4164 4163 8573 8574 8637 8636
4101 4102 4165 4164 8574 8575 8638 8637
4102 4103 4166 4165 8575 8576 8639 8638
4103 4104 4167 4166 8576 8577 8640 8639
4104 4105 4168 4167 8577 8578 8641 8640
4105 4106 4169 4168 8578 8579 8642 8641
4106 4107 4170 4169 8579 8580 8643 8642
4107 4108 4171 4170 8580 8581 8644 8643
4108 4109 4172 4171 8581 8582 8645 8644
4109 4110 4173 4172 8582 8583 8646 8645
4110 4111 4174 4173 8583 8584 8647 8646
4111 4112 4175 4174 8584 8585 8648 8647
4112 4113 4176 4175 8585 8586 8649 8648
4113 4114 4177 4176 8586 8587 8650 8649
4114 4115 4178 4177 8587 8588 8651 8650
4115 4116 4179 4178 8588 8589 8652 8651
4116 4117 4180 4179 8589 8590 8653 8652
4117 4118 4181 4180 8590 8591 8654 8653
4118 4119 4182 4181 8591 8592 8655 8654
4119 4120 4183 4182 8592 8593 8656 8655
4120 4121 4184 4183 8593 8594 8657 8656
4121 4122 4185 4184 8594 8595 8658 8657
4122 4123 4186 4185 8595 8596 8659 8658
4123 4124 4187 4186 8596 8597 8660 8659
4124 4125 4188 4187 8597 8598 8661 8660
4125 4126 4189 4188 8598 8599 8662 8661
4126 4127 4190 4189 8599 8600 8663 8662
4127 4128 4191 4190 8600 8601 8664 8663
4128 4129 4192 4191 8601 8602 8665 8664
4129 4130 4193 4192 8602 8603 8666 8665
4130 4131 4194 4193 8603 8604 8667 8666
4131 4132 4195 4194 8604 8605 8668 8667
4132 4133 4196 4195 8605 8606 8669 8668
4133 4134 4197 4196 8606 8607 8670 8669
4134 4135 4198 4197 8607 8608 8671 8670
4135 4136 4199 4198 8608 8609 8672 8671
4136 4137 4200 4199 8609 8610 8673 8672
4137 4138 4201 4200 8610 8611 8674 8673
4138 4139 4202 4201 8611 8612 8675 8674
4139 4140 4203 4202 8612 8613 8676 8675
4140 4141 4204 4203 8613 8614 8677 8676
4141 4142 4205 4204 8614 8615 8678 8677
4142 4143 4206 4205 8615 8616 8679 8678
4143 4144 4207 4206 8616 8617 8680 8679
4144 4145 4208 4207 8617 8618 8681 8680
4145 4146 4209 4208 8618 8619 8682 8681
4146 4147 4210 4209 8619 8620 8683 8682
4147 4148 4211 4210 8620 8621 8684 8683
4148 4149 4212 4211 8621 8622 8685 8684
4149 4150 4213 4212 8622 8623 8686 8685
4150 4151 4214 4213 8623 8624 8687 8686
4151 4152 4215 4214 8624 8625 8688 8687
4152 4153 4216 4215 8625 8626 8689 8688
4153 4154 4217 4216 8626 8627 8690 8689
4154 4155 4218 4217 8627 8628 8691 8690
4155 4156 4219 4218 8628 8629 8692 8691
4156 4157 4220 4219 8629 8630 8693 8692
4158 4159 4222 4221 8631 8632 8695 8694
4159 4160 4223 4222 8632 8633 8696 8695
4160 4161 4224 4223 8633 8634 8697 8696
4161 4162 4225 4224 8634 8635 8698 8697
4162 4163 4226 4225 8635 8636 8699 8698
4163 4164 4227 4226 8636 8637 8700 8699
4164 4165 4228 4227 8637 8638 8701 8700
4165 4166 4229 4228 8638 8639 8702 8701
4166 4167 4230 4229 8639 8640 8703 8702
4167 4168 4231 4230 8640 8641 8704 8703
4168 4169 4232 4231 8641 8642 8705 8704
4169 4170 4233 4232 8642 8643 8706 8705
4170 4171 4234 4233 8643 8644 8707 8706
4171 4172 4235 4234 8644 8645 8708 8707
4172 4173 4236 4235 8645 8646 8709 8708
4173 4174 4237 4236 8646 8647 8710 8709
4174 4175 4238 4237 8647 8648 8711 8710
4175 4176 4239 4238 8648 8649 8712 8711
4176 4177 4240 4239 8649 8650 8713 8712
4177 4178 4241 4240 8650 8651 8714 8713
4178 4179 4242 4241 8651 8652 8715 8714
4179 4180 4243 4242 8652 8653 8716 8715
4180 4181 4244 4243 8653 8654 8717 8716
4181 4182 4245 4244 8654 8655 8718 8717
4182 4183 4246 4245 8655 8656 8719 8718
4183 4184 4247 4246 8656 8657 8720 8719
4184 4185 4248 4247 8657 8658 8721 8720
4185 4186 4249 4248 8658 8659 8722 8721
4186 4187 4250 4249 8659 8660 8723 8722
4187 4188 4251 4250 8660 8661 8724 8723
4188 4189 4252 4251 8661 8662 8725 8724
4189 4190 4253 4252 8662 8663 8726 8725
4190 4191 4254 4253 8663 8664 8727 8726
4191 4192 4255 4254 8664 8665 8728 8727
4192 4193 4256 4255 8665 8666 8729 8728
4193 4194 4257 4256 8666 8667 8730 8729
4194 4195 4258 4257 8667 8668 8731 8730
4195 4196 4259 4258 8668 8669 8732 8731
4196 4197 4260 4259 8669 8670 8733 8732
4197 4198 4261 4260 8670 8671 8734 8733
4198 4199 4262 4261 8671 8672 8735 8734
4199 4200 4263 4262 8672 8673 8736 8735
4200 4201 4264 4263 8673 8674 8737 8736
4201 4202 4265 4264 8674 8675 8738 8737
4202 4203 4266 4265 8675 8676 8739 8738
4203 4204 4267 4266 8676 8677 8740 8739
4204 4205 4268 4267 8677 8678 8741 8740
4205 4206 4269 4268 8678 8679 8742 8741
4206 4207 4270 4269 8679 8680 8743 8742
4207 4208 4271 4270 8680 8681 8744 8743
4208 4209 4272 4271 8681 8682 8745 8744
4209 4210 4273 4272 8682 8683 8746 8745
4210 4211 4274 4273 8683 8684 8747 8746
4211 4212 4275 4274 8684 8685 8748 8747
4212 4213 4276 4275 8685 8686 8749 8748
4213 4214 4277 4276 8686 8687 8750 8749
4214 4215 4278 4277 8687 8688 8751 8750
4215 4216 4279 4278 8688 8689 8752 8751
4216 4217 4280 4279 8689 8690 8753 8752
4217 4218 4281 4280 8690 8691 8754 8753
4218 4219 4282 4281 8691 8692 8755 8754
4219 4220 4283 4282 8692 8693 8756 8755
4221 4222 4285 4284 8694 8695 8758 8757
4222 4223 4286 4285 8695 8696 8759 8758
4223 4224 4287 4286 8696 8697 8760 8759
4224 4225 4288 4287 8697 8698 8761 8760
4225 4226 4289 4288 8698 8699 8762 8761
4226 4227 4290 4289 8699 8700 8763 8762
4227 4228 4291 4290 8700 8701 8764 8763
4228 4229 4292 4291 8701 8702 8765 8764
4229 4230 4293 4292 8702 8703 8766 8765
4230 4231 4294 4293 8703 8704 8767 8766
4231 4232 4295 4294 8704 8705 8768 8767
4232 4233 4296 4295 8705 8706 8769 8768
4233 4234 4297 4296 8706 8707 8770 8769
4234 4235 4298 4297 8707 8708 8771 8770
4235 4236 4299 4298 8708 8709 8772 8771
4236 4237 4300 4299 8709 8710 8773 8772
4237 4238 4301 4300 8710 8711 8774 8773
4238 4239 4302 4301 8711 8712 8775 8774
4239 4240 4303 4302 8712 8713 8776 8775
4240 4241 4304 4303 8713 8714 8777 8776
4241 4242 4305 4304 8714 8715 8778 8777
4242 4243 4306 4305 8715 8716 8779 8778
4243 4244 4307 4306 8716 8717 8780 8779
4244 4245 4308 4307 8717 8718 8781 8780
4245 4246 4309 4308 8718 8719 8782 8781
4246 4247 4310 4309 8719 8720 8783 8782
4247 4248 4311 4310 8720 8721 8784 8783
4248 4249 4312 4311 8721 8722 8785 8784
4249 4250 4313 4312 8722 8723 8786 8785
4250 4251 4314 4313 8723 8724 8787 8786
4251 4252 4315 4314 8724 8725 8788 8787
4252 4253 4316 4315 8725 8726 8789 8788
4253 4254 4317 4316 8726 8727 8790 8789
4254 4255 4318 4317 8727 8728 8791 8790
4255 4256 4319 4318 8728 8729 8792 8791
4256 4257 4320 4319 8729 8730 8793 8792
4257 4258 4321 4320 8730 8731 8794 8793
4258 4259 4322 4321 8731 8732 8795 8794
4259 4260 4323 4322 8732 8733 8796 8795
4260 4261 4324 4323 8733 8734 8797 8796
4261 4262 4325 4324 8734 8735 8798 8797
4262 4263 4326 4325 8735 8736 8799 8798
4263 4264 4327 4326 8736 8737 8800 8799
4264 4265 4328 4327 8737 8738 8801 8800
4265 4266 4329 4328 8738 8739 8802 8801
4266 4267 4330 4329 8739 8740 8803 8802
4267 4268 4331 4330 8740 8741 8804 8803
4268 4269 4332 4331 8741 8742 8805 8804
4269 4270 4333 4332 8742 8743 8806 8805
4270 4271 4334 4333 8743 8744 8807 8806
4271 4272 4335 4334 8744 8745 8808 8807
4272 4273 4336 4335 8745 8746 8809 8808
4273 4274 4337 4336 8746 8747 8810 8809
4274 4275 4338 4337 8747 8748 8811 8810
4275 4276 4339 4338 8748 8749 8812 8811
4276 4277 4340 4339 8749 8750 8813 8812
4277 4278 4341 4340 8750 8751 8814 8813
4278 4279 4342 4341 8751 8752 8815 8814
4279 4280 4343 4342 8752 8753 8816 8815
4280 4281 4344 4343 8753 8754 8817 8816
4281 4282 4345 4344 8754 8755 8818 8817
4282 4283 4346 4345 8755 8756 8819 8818
4284 4285 4348 4347 8757 8758 8821 8820
4285 4286 4349 4348 8758 8759 8822 8821
4286 4287 4350 4349 8759 8760 8823 8822
4287 4288 4351 4350 8760 8761 8824 8823
4288 4289 4352 4351 8761 8762 8825 8824
4289 4290 4353 4352 8762 8763 8826 8825
4290 4291 4354 4353 8763 8764 8827 8826
4291 4292 4355 4354 8764 8765 8828 8827
4292 4293 4356 4355 8765 8766 8829 8828
4293 4294 4357 4356 8766 8767 8830 8829
4294 4295 4358 4357 8767 8768 8831 8830
4295 4296 4359 4358 8768 8769 8832 8831
4296 4297 4360 4359 8769 8770 8833 8832
4297 4298 4361 4360 8770 8771 8834 8833
4298 4299 4362 4361 8771 8772 8835 8834
4299 4300 4363 4362 8772 8773 8836 8835
4300 4301 4364 4363 8773 8774 8837 8836
4301 4302 4365 4364 8774 8775 8838 8837
4302 4303 4366 4365 8775 8776 8839 8838
4303 4304 4367 4366 8776 8777 8840 8839
4304 4305 4368 4367 8777 8778 8841 8840
4305 4306 4369 4368 8778 8779 8842 8841
4306 4307 4370 4369 8779 8780 8843 8842
4307 4308 4371 4370 8780 8781 8844 8843
4308 4309 4372 4371 8781 8782 8845 8844
4309 4310 4373 4372 8782 8783 8846 8845
4310 4311 4374 4373 8783 8784 8847 8846
4311 4312 4375 4374 8784 8785 8848 8847
4312 4313 4376 4375 8785 8786 8849 8848
4313 4314 4377 4376 8786 8787 8850 8849
4314 4315 4378 4377 8787 8788 8851 8850
4315 4316 4379 4378 8788 8789 8852 8851
4316 4317 4380 4379 8789 8790 8853 8852
4317 4318 4381 4380 8790 8791 8854 8853
4318 4319 4382 4381 8791 8792 8855 8854
4319 4320 4383 4382 8792 8793 8856 8855
4320 4321 4384 4383 8793 8794 8857 8856
4321 4322 4385 4384 8794 8795 8858 8857
4322 4323 4386 4385 8795 8796 8859 8858
4323 4324 4387 4386 8796 8797 8860 8859
4324 4325 4388 4387 8797 8798 8861 8860
4325 4326 4389 4388 8798 8799 8862 8861
4326 4327 4390 4389 8799 8800 8863 8862
4327 4328 4391 4390 8800 8801 8864 8863
4328 4329 4392 4391 8801 8802 8865 8864
4329 4330 4393 4392 8802 8803 8866 8865
4330 4331 4394 4393 8803 8804 8867 8866
4331 4332 4395 4394 8804 8805 8868 8867
4332 4333 4396 4395 8805 8806 8869 8868
4333 4334 4397 4396 8806 8807 8870 8869
4334 4335 4398 4397 8807 8808 8871 8870
4335 4336 4399 4398 8808 8809 8872 8871
4336 4337 4400 4399 8809 8810 8873 8872
4337 4338 4401 4400 8810 8811 8874 8873
4338 4339 4402 4401 8811 8812 8875 8874
4339 4340 4403 4402 8812 8813 8876 8875
4340 4341 4404 4403 8813 8814 8877 8876
4341 4342 4405 4404 8814 8815 8878 8877
4342 4343 4406 4405 8815 8816 8879 8878
4343 4344 4407 4406 8816 8817 8880 8879
4344 4345 4408 4407 8817 8818 8881 8880
4345 4346 4409 4408 8818 8819 8882 8881
4347 4348 4411 4410 8820 8821 8884 8883
4348 4349 4412 4411 8821 8822 8885 8884
4349 4350 4413 4412 8822 8823 8886 8885
4350 4351 4414 4413 8823 8824 8887 8886
4351 4352 4415 4414 8824 8825 8888 8887
4352 4353 4416 4415 8825 8826 8889 8888
4353 4354 4417 4416 8826 8827 8890 8889
4354 4355 4418 4417 8827 8828 8891 8890
4355 4356 4419 4418 8828 8829 8892 8891
4356 4357 4420 4419 8829 8830 8893 8892
4357 4358 4421 4420 8830 8831 8894 8893
4358 4359 4422 4421 8831 8832 8895 8894
4359 4360 4423 4422 8832 8833 8896 8895
4360 4361 4424 4423 8833 8834 8897 8896
4361 4362 4425 4424 8834 8835 8898 8897
4362 4363 4426 4425 8835 8836 8899 8898
4363 4364 4427 4426 8836 8837 8900 8899
4364 4365 4428 4427 8837 8838 8901 8900
4365 4366 4429 4428 8838 8839 8902 8901
4366 4367 4430 4429 8839 8840 8903 8902
4367 4368 4431 4430 8840 8841 8904 8903
4368 4369 4432 4431 8841 8842 8905 8904
4369 4370 4433 4432 8842 8843 8906 8905
4370 4371 4434 4433 8843 8844 8907 8906
4371 4372 4435 4434 8844 8845 8908 8907
4372 4373 4436 4435 8845 8846 8909 8908
4373 4374 4437 4436 8846 8847 8910 8909
4374 4375 4438 4437 8847 8848 8911 8910
4375 4376 4439 4438 8848 8849 8912 8911
4376 4377 4440 4439 8849 8850 8913 8912
4377 4378 4441 4440 8850 8851 8914 8913
4378 4379 4442 4441 8851 8852 8915 8914
4379 4380 4443 4442 8852 8853 8916 8915
4380 4381 4444 4443 8853 8854 8917 8916
4381 4382 4445 4444 8854 8855 8918 8917
4382 4383 4446 4445 8855 8856 8919 8918
4383 4384 4447 4446 8856 8857 8920 8919
4384 4385 4448 4447 8857 8858 8921 8920
4385 4386 4449 4448 8858 8859 8922 8921
4386 4387 4450 4449 8859 8860 8923 8922
4387 4388 4451 4450 8860 8861 8924 8923
4388 4389 4452 4451 8861 8862 8925 8924
4389 4390 4453 4452 8862 8863 8926 8925
4390 4391 4454 4453 8863 8864 8927 8926
4391 4392 4455 4454 8864 8865 8928 8927
4392 4393 4456 4455 8865 8866 8929 8928
4393 4394 4457 4456 8866 8867 8930 8929
4394 4395 4458 4457 8867 8868 8931 8930
4395 4396 4459 4458 8868 8869 8932 8931
4396 4397 4460 4459 8869 8870 8933 8932
4397 4398 4461 4460 8870 8871 8934 8933
4398 4399 4462 4461 8871 8872 8935 8934
4399 4400 4463 4462 8872 8873 8936 8935
4400 4401 4464 4463 8873 8874 8937 8936
4401 4402 4465 4464 8874 8875 8938 8937
4402 4403 4466 4465 8875 8876 8939 8938
4403 4404 4467 4466 8876 8877 8940 8939
4404 4405 4468 4467 8877 8878 8941 8940
4405 4406 4469 4468 8878 8879 8942 8941
4406 4407 4470 4469 8879 8880 8943 8942
4407 4408 4471 4470 8880 8881 8944 8943
4408 4409 4472 4471 8881 8882 8945 8944
patches 6
patch inlet inlet 70
0 4473 4536 63
63 4536 4599 126
126 4599 4662 189
189 4662 4725 252
252 4725 4788 315
315 4788 4851 378
378 4851 4914 441
441 4914 4977 504
504 4977 5040 567
567 5040 5103 630
630 5103 5166 693
693 5166 5229 756
756 5229 5292 819
819 5292 5355 882
882 5355 5418 945
945 5418 5481 1008
1008 5481 5544 1071
1071 5544 5607 1134
1134 5607 5670 1197
1197 5670 5733 1260
1260 5733 5796 1323
1323 5796 5859 1386
1386 5859 5922 1449
1449 5922 5985 1512
1512 5985 6048 1575
1575 6048 6111 1638
1638 6111 6174 1701
1701 6174 6237 1764
1764 6237 6300 1827
1827 6300 6363 1890
1890 6363 6426 1953
1953 6426 6489 2016
2016 6489 6552 2079
2079 6552 6615 2142
2142 6615 6678 2205
2205 6678 6741 2268
2268 6741 6804 2331
2331 6804 6867 2394
2394 6867 6930 2457
2457 6930 6993 2520
2520 6993 7056 2583
2583 7056 7119 2646
2646 7119 7182 2709
2709 7182 7245 2772
2772 7245 7308 2835
2835 7308 7371 2898
2898 7371 7434 2961
2961 7434 7497 3024
3024 7497 7560 3087
3087 7560 7623 3150
3150 7623 7686 3213
3213 7686 7749 3276
3276 7749 7812 3339
3339 7812 7875 3402
3402 7875 7938 3465
3465 7938 8001 3528
3528 8001 8064 3591
3591 8064 8127 3654
3654 8127 8190 3717
3717 8190 8253 3780
3780 8253 8316 3843
3843 8316 8379 3906
3906 8379 8442 3969
3969 8442 8505 4032
4032 8505 8568 4095
4095 8568 8631 4158
4158 8631 8694 4221
4221 8694 8757 4284
4284 8757 8820 4347
4347 8820 8883 4410
patch outlet outlet 70
62 125 4598 4535
125 188 4661 4598
188 251 4724 4661
251 314 4787 4724
314 377 4850 4787
377 440 4913 4850
440 503 4976 4913
503 566 5039 4976
566 629 5102 5039
629 692 5165 5102
692 755 5228 5165
755 818 5291 5228
818 881 5354 5291
881 944 5417 5354
944 1007 5480 5417
1007 1070 5543 5480
1070 1133 5606 5543
1133 1196 5669 5606
1196 1259 5732 5669
1259 1322 5795 5732
1322 1385 5858 5795
1385 1448 5921 5858
1448 1511 5984 5921
1511 1574 6047 5984
1574 1637 6110 6047
1637 1700 6173 6110
1700 1763 6236 6173
1763 1826 6299 6236
1826 1889 6362 6299
1889 1952 6425 6362
1952 2015 6488 6425
2015 2078 6551 6488
2078 2141 6614 6551
2141 2204 6677 6614
2204 2267 6740 6677
2267 2330 6803 6740
2330 2393 6866 6803
2393 2456 6929 6866
2456 2519 6992 6929
2519 2582 7055 6992
2582 2645 7118 7055
2645 2708 7181 7118
2708 2771 7244 7181
2771 2834 7307 7244
2834 2897 7370 7307
2897 2960 7433 7370
2960 3023 7496 7433
3023 3086 7559 7496
3086 3149 7622 7559
3149 3212 7685 7622
3212 3275 7748 7685
3275 3338 7811 7748
3338 3401 7874 7811
3401 3464 7937 7874
3464 3527 8000 7937
3527 3590 8063 8000
3590 3653 8126 8063
3653 3716 8189 8126
3716 3779 8252 8189
3779 3842 8315 8252
3842 3905 8378 8315
3905 3968 8441 8378
3968 4031 8504 8441
4031 4094 8567 8504
4094 4157 8630 8567
4157 4220 8693 8630
4220 4283 8756 8693
4283 4346 8819 8756
4346 4409 8882 8819
4409 4472 8945 8882
patch lower_wall wall 62
0 1 4474 4473
1 2 4475 4474
2 3 4476 4475
3 4 4477 4476
4 5 4478 4477
5 6 4479 4478
6 7 4480 4479
7 8 4481 4480
8 9 4482 4481
9 10 4483 4482
10 11 4484 4483
11 12 4485 4484
12 13 4486 4485
13 14 4487 4486
14 15 4488 4487
15 16 4489 4488
16 17 4490 4489
17 18 4491 4490
18 19 4492 4491
19 20 4493 4492
20 21 4494 4493
21 22 4495 4494
22 23 4496 4495
23 24 4497 4496
24 25 4498 4497
25 26 4499 4498
26 27 4500 4499
27 28 4501 4500
28 29 4502 4501
29 30 4503 4502
30 31 4504 4503
31 32 4505 4504
32 33 4506 4505
33 34 4507 4506
34 35 4508 4507
35 36 4509 4508
36 37 4510 4509
37 38 4511 4510
38 39 4512 4511
39 40 4513 4512
40 41 4514 4513
41 42 4515 4514
42 43 4516 4515
43 44 4517 4516
44 45 4518 4517
45 46 4519 4518
46 47 4520 4519
47 48 4521 4520
48 49 4522 4521
49 50 4523 4522
50 51 4524 4523
51 52 4525 4524
52 53 4526 4525
53 54 4527 4526
54 55 4528 4527
55 56 4529 4528
56 57 4530 4529
57 58 4531 4530
58 59 4532 4531
59 60 4533 4532
60 61 4534 4533
61 62 4535 4534
patch upper_wall wall 62
4410 8883 8884 4411
4411 8884 8885 4412
4412 8885 8886 4413
4413 8886 8887 4414
4414 8887 8888 4415
4415 8888 8889 4416
4416 8889 8890 4417
4417 8890 8891 4418
4418 8891 8892 4419
4419 8892 8893 4420
4420 8893 8894 4421
4421 8894 8895 4422
4422 8895 8896 4423
4423 8896 8897 4424
4424 8897 8898 4425
4425 8898 8899 4426
4426 8899 8900 4427
4427 8900 8901 4428
4428 8901 8902 4429
4429 8902 8903 4430
4430 8903 8904 4431
4431 8904 8905 4432
4432 8905 8906 4433
4433 8906 8907 4434
4434 8907 8908 4435
4435 8908 8909 4436
4436 8909 8910 4437
4437 8910 8911 4438
4438 8911 8912 4439
4439 8912 8913 4440
4440 8913 8914 4441
4441 8914 8915 4442
4442 8915 8916 4443
4443 8916 8917 4444
4444 8917 8918 4445
4445 8918 8919 4446
4446 8919 8920 4447
4447 8920 8921 4448
4448 8921 8922 4449
4449 8922 8923 4450
4450 8923 8924 4451
4451 8924 8925 4452
4452 8925 8926 4453
4453 8926 8927 4454
4454 8927 8928 4455
4455 8928 8929 4456
4456 8929 8930 4457
4457 8930 8931 4458
4458 8931 8932 4459
4459 8932 8933 4460
4460 8933 8934 4461
4461 8934 8935 4462
4462 8935 8936 4463
4463 8936 8937 4464
4464 8937 8938 4465
4465 8938 8939 4466
4466 8939 8940 4467
4467 8940 8941 4468
4468 8941 8942 4469
4469 8942 8943 4470
4470 8943 8944 4471
4471 8944 8945 4472
patch front symmetry 4340
0 63 64 1
1 64 65 2
2 65 66 3
3 66 67 4
4 67 68 5
5 68 69 6
6 69 70 7
7 70 71 8
8 71 72 9
9 72 73 10
10 73 74 11
11 74 75 12
12 75 76 13
13 76 77 14
14 77 78 15
15 78 79 16
16 79 80 17
17 80 81 18
18 81 82 19
19 82 83 20
20 83 84 21
21 84 85 22
22 85 86 23
23 86 87 24
24 87 88 25
25 88 89 26
26 89 90 27
27 90 91 28
28 91 92 29
29 92 93 30
30 93 94 31
31 94 95 32
32 95 96 33
33 96 97 34
34 97 98 35
35 98 99 36
36 99 100 37
37 100 101 38
38 101 102 39
39 102 103 40
40 103 104 41
41 104 105 42
42 105 106 43
43 106 107 44
44 107 108 45
45 108 109 46
46 109 110 47
47 110 111 48
48 111 112 49
49 112 113 50
50 113 114 51
51 114 115 52
52 115 116 53
53 116 117 54
54 117 118 55
55 118 119 56
56 119 120 57
57 120 121 58
58 121 122 59
59 122 123 60
60 123 124 61
61 124 125 62
63 126 127 64
64 127 128 65
65 128 129 66
66 129 130 67
67 130 131 68
68 131 132 69
69 132 133 70
70 133 134 71
71 134 135 72
72 135 136 73
73 136 137 74
74 137 138 75
75 138 139 76
76 139 140 77
77 140 141 78
78 141 142 79
79 142 143 80
80 143 144 81
81 144 145 82
82 145 146 83
83 146 147 84
84 147 148 85
85 148 149 86
86 149 150 87
87 150 151 88
88 151 152 89
89 152 153 90
90 153 154 91
91 154 155 92
92 155 156 93
93 156 157 94
94 157 158 95
95 158 159 96
96 159 160 97
97 160 161 98
98 161 162 99
99 162 163 100
100 163 164 101
101 164 165 102
102 165 166 103
103 166 167 104
104 167 168 105
105 168 169 106
106 169 170 107
107 170 171 108
108 171 172 109
109 172 173 110
110 173 174 111
111 174 175 112
112 175 176 113
113 176 177 114
114 177 178 115
115 178 179 116
116 179 180 117
117 180 181 118
118 181 182 119
119 182 183 120
120 183 184 121
121 184 185 122
122 185 186 123
123 186 187 124
124 187 188 125
126 189 190 127
127 190 191 128
128 191 192 129
129 192 193 130
130 193 194 131
131 194 195 132
132 195 196 133
133 196 197 134
134 197 198 135
135 198 199 136
136 199 200 137
137 200 201 138
138 201 202 139
139 202 203 140
140 203 204 141
141 204 205 142
142 205 206 143
143 206 207 144
144 207 208 145
145 208 209 146
146 209 210 147
147 210 211 148
148 211 212 149
149 212 213 150
150 213 214 151
151 214 215 152
152 215 216 153
153 216 217 154
154 217 218 155
155 218 219 156
156 219 220 157
157 220 221 158
158 221 222 159
159 222 223 160
160 223 224 161
161 224 225 162
162 225 226 163
163 226 227 164
164 227 228 165
165 228 229 166
166 229 230 167
167 230 231 168
168 231 232 169
169 232 233 170
170 233 234 171
171 234 235 172
172 235 236 173
173 236 237 174
174 237 238 175
175 238 239 176
176 239 240 177
177 240 241 178
178 241 242 179
179 242 243 180
180 243 244 181
181 244 245 182
182 245 246 183
183 246 247 184
184 247 248 185
185 248 249 186
186 249 250 187
187 250 251 188
189 252 253 190
190 253 254 191
191 254 255 192
192 255 256 193
193 256 257 194
194 257 258 195
195 258 259 196
196 259 260 197
197 260 261 198
198 261 262 199
199 262 263 200
200 263 264 201
201 264 265 202
202 265 266 203
203 266 267 204
204 267 268 205
205 268 269 206
206 269 270 207
207 270 271 208
208 271 272 209
209 272 273 210
210 273 274 211
211 274 275 212
212 275 276 213
213 276 277 214
214 277 278 215
215 278 279 216
216 279 280 217
217 280 281 218
218 281 282 219
219 282 283 220
220 283 284 221
221 284 285 222
222 285 286 223
223 286 287 224
224 287 288 225
225 288 289 226
226 289 290 227
227 290 291 228
228 291 292 229
229 292 293 230
230 293 294 231
231 294 295 232
232 295 296 233
233 296 297 234
234 297 298 235
235 298 299 236
236 299 300 237
237 300 301 238
238 301 302 239
239 302 303 240
240 303 304 241
241 304 305 242
242 305 306 243
243 306 307 244
244 307 308 245
245 308 309 246
246 309 310 247
247 310 311 248
248 311 312 249
249 312 313 250
250 313 314 251
252 315 316 253
253 316 317 254
254 317 318 255
255 318 319 256
256 319 320 257
257 320 321 258
258 321 322 259
259 322 323 260
260 323 324 261
261 324 325 262
262 325 326 263
263 326 327 264
264 327 328 265
265 328 329 266
266 329 330 267
267 330 331 268
268 331 332 269
269 332 333 270
270 333 334 271
271 334 335 272
272 335 336 273
273 336 337 274
274 337 338 275
275 338 339 276
276 339 340 277
277 340 341 278
278 341 342 279
279 342 343 280
280 343 344 281
281 344 345 282
282 345 346 283
283 346 347 284
284 347 348 285
285 348 349 286
286 349 350 287
287 350 351 288
288 351 352 289
289 352 353 290
290 353 354 291
291 354 355 292
292 355 356 293
293 356 357 294
294 357 358 295
295 358 359 296
296 359 360 297
297 360 361 298
298 361 362 299
299 362 363 300
300 363 364 301
301 364 365 302
302 365 366 303
303 366 367 304
304 367 368 305
305 368 369 306
306 369 370 307
307 370 371 308
308 371 372 309
309 372 373 310
310 373 374 311
311 374 375 312
312 375 376 313
313 376 377 314
315 378 379 316
316 379 380 317
317 380 381 318
318 381 382 319
319 382 383 320
320 383 384 321
321 384 385 322
322 385 386 323
323 386 387 324
324 387 388 325
325 388 389 326
326 389 390 327
327 390 391 328
328 391 392 329
329 392 393 330
330 393 394 331
331 394 395 332
332 395 396 333
333 396 397 334
334 397 398 335
335 398 399 336
336 399 400 337
337 400 401 338
338 401 402 339
339 402 403 340
340 403 404 341
341 404 405 342
342 405 406 343
343 406 407 344
344 407 408 345
345 408 409 346
346 409 410 347
347 410 411 348
348 411 412 349
349 412 413 350
350 413 414 351
351 414 415 352
352 415 416 353
353 416 417 354
354 417 418 355
355 418 419 356
356 419 420 357
357 420 421 358
358 421 422 359
359 422 423 360
360 423 424 361
361 424 425 362
362 425 426 363
363 426 427 364
364 427 428 365
365 428 429 366
366 429 430 367
367 430 431 368
368 431 432 369
369 432 433 370
370 433 434 371
371 434 435 372
372 435 436 373
373 436 437 374
374 437 438 375
375 438 439 376
376 439 440 377
378 441 442 379
379 442 443 380
380 443 444 381
381 444 445 382
382 445 446 383
383 446 447 384
384 447 448 385
385 448 449 386
386 449 450 387
387 450 451 388
388 451 452 389
389 452 453 390
390 453 454 391
391 454 455 392
392 455 456 393
393 456 457 394
394 457 458 395
395 458 459 396
396 459 460 397
397 460 461 398
398 461 462 399
399 462 463 400
400 463 464 401
401 464 465 402
402 465 466 403
403 466 467 404
404 467 468 405
405 468 469 406
406 469 470 407
407 470 471 408
408 471 472 409
409 472 473 410
410 473 474 411
411 474 475 412
412 475 476 413
413 476 477 414
414 477 478 415
415 478 479 416
416 479 480 417
417 480 481 418
418 481 482 419
419 482 483 420
420 483 484 421
421 484 485 422
422 485 486 423
423 486 487 424
424 487 488 425
425 488 489 426
426 489 490 427
427 490 491 428
428 491 492 429
429 492 493 430
430 493 494 431
431 494 495 432
432 495 496 433
433 496 497 434
434 497 498 435
435 498 499 436
436 499 500 437
437 500 501 438
438 501 502 439
439 502 503 440
441 504 505 442
442 505 506 443
443 506 507 444
444 507 508 445
445 508 509 446
446 509 510 447
447 510 511 448
448 511 512 449
449 512 513 450
450 513 514 451
451 514 515 452
452 515 516 453
453 516 517 454
454 517 518 455
455 518 519 456
456 519 520 457
457 520 521 458
458 521 522 459
459 522 523 460
460 523 524 461
461 524 525 462
462 525 526 463
463 526 527 464
464 527 528 465
465 528 529 466
466 529 530 467
467 530 531 468
468 531 532 469
469 532 533 470
470 533 534 471
471 534 535 472
472 535 536 473
473 536 537 474
474 537 538 475
475 538 539 476
476 539 540 477
477 540 541 478
478 541 542 479
479 542 543 480
480 543 544 481
481 544 545 482
482 545 546 483
483 546 547 484
484 547 548 485
485 548 549 486
486 549 550 487
487 550 551 488
488 551 552 489
489 552 553 490
490 553 554 491
491 554 555 492
492 555 556 493
493 556 557 494
494 557 558 495
495 558 559 496
496 559 560 497
497 560 561 498
498 561 562 499
499 562 563 500
500 563 564 501
501 564 565 502
502 565 566 503
504 567 568 505
505 568 569 506
506 569 570 507
507 570 571 508
508 571 572 509
509 572 573 510
510 573 574 511
511 574 575 512
512 575 576 513
513 576 577 514
514 577 578 515
515 578 579 516
516 579 580 517
517 580 581 518
518 581 582 519
519 582 583 520
520 583 584 521
521 584 585 522
522 585 586 523
523 586 587 524
524 587 588 525
525 588 589 526
526 589 590 527
527 590 591 528
528 591 592 529
529 592 593 530
530 593 594 531
531 594 595 532
532 595 596 533
533 596 597 534
534 597 598 535
535 598 599 536
536 599 600 537
537 600 601 538
538 601 602 539
539 602 603 540
540 603 604 541
541 604 605 542
542 605 606 543
543 606 607 544
544 607 608 545
545 608 609 546
546 609 610 547
547 610 611 548
548 611 612 549
549 612 613 550
550 613 614 551
551 614 615 552
552 615 616 553
553 616 617 554
554 617 618 555
555 618 619 556
556 619 620 557
557 620 621 558
558 621 622 559
559 622 623 560
560 623 624 561
561 624 625 562
562 625 626 563
563 626 627 564
564 627 628 565
565 628 629 566
567 630 631 568
568 631 632 569
569 632 633 570
570 633 634 571
571 634 635 572
572 635 636 573
573 636 637 574
574 637 638 575
575 638 639 576
576 639 640 577
577 640 641 578
578 641 642 579
579 642 643 580
580 643 644 581
581 644 645 582
582 645 646 583
583 646 647 584
584 647 648 585
585 648 649 586
586 649 650 587
587 650 651 588
588 651 652 589
589 652 653 590
590 653 654 591
591 654 655 592
592 655 656 593
593 656 657 594
594 657 658 595
595 658 659 596
596 659 660 597
597 660 661 598
598 661 662 599
599 662 663 600
600 663 664 601
601 664 665 602
602 665 666 603
603 666 667 604
604 667 668 605
605 668 669 606
606 669 670 607
607 670 671 608
608 671 672 609
609 672 673 610
610 673 674 611
611 674 675 612
612 675 676 613
613 676 677 614
614 677 678 615
615 678 679 616
616 679 680 617
617 680 681 618
618 681 682 619
619 682 683 620
620 683 684 621
621 684 685 622
622 685 686 623
623 686 687 624
624 687 688 625
625 688 689 626
626 689 690 627
627 690 691 628
628 691 692 629
630 693 694 631
631 694 695 632
632 695 696 633
633 696 697 634
634 697 698 635
635 698 699 636
636 699 700 637
637 700 701 638
638 701 702 639
639 702 703 640
640 703 704 641
641 704 705 642
642 705 706 643
643 706 707 644
644 707 708 645
645 708 709 646
646 709 710 647
647 710 711 648
648 711 712 649
649 712 713 650
650 713 714 651
651 714 715 652
652 715 716 653
653 716 717 654
654 717 718 655
655 718 719 656
656 719 720 657
657 720 721 658
658 721 722 659
659 722 723 660
660 723 724 661
661 724 725 662
662 725 726 663
663 726 727 664
664 727 728 665
665 728 729 666
666 729 730 667
667 730 731 668
668 731 732 669
669 732 733 670
670 733 734 671
671 734 735 672
672 735 736 673
673 736 737 674
674 737 738 675
675 738 739 676
676 739 740 677
677 740 741 678
678 741 742 679
679 742 743 680
680 743 744 681
681 744 745 682
682 745 746 683
683 746 747 684
684 747 748 685
685 748 749 686
686 749 750 687
687 750 751 688
688 751 752 689
689 752 753 690
690 753 754 691
691 754 755 692
693 756 757 694
694 757 758 695
695 758 759 696
696 759 760 697
697 760 761 698
698 761 762 699
699 762 763 700
700 763 764 701
701 764 765 702
702 765 766 703
703 766 767 704
704 767 768 705
705 768 769 706
706 769 770 707
707 770 771 708
708 771 772 709
709 772 773 710
710 773 774 711
711 774 775 712
712 775 776 713
713 776 777 714
714 777 778 715
715 778 779 716
716 779 780 717
717 780 781 718
718 781 782 719
719 782 783 720
720 783 784 721
721 784 785 722
722 785 786 723
723 786 787 724
724 787 788 725
725 788 789 726
726 789 790 727
727 790 791 728
728 791 792 729
729 792 793 730
730 793 794 731
731 794 795 732
732 795 796 733
733 796 797 734
734 797 798 735
735 798 799 736
736 799 800 737
737 800 801 738
738 801 802 739
739 802 803 740
740 803 804 741
741 804 805 742
742 805 806 743
743 806 807 744
744 807 808 745
745 808 809 746
746 809 810 747
747 810 811 748
748 811 812 749
749 812 813 750
750 813 814 751
751 814 815 752
752 815 816 753
753 816 817 754
754 817 818 755
756 819 820 757
757 820 821 758
758 821 822 759
759 822 823 760
760 823 824 761
761 824 825 762
762 825 826 763
763 826 827 764
764 827 828 765
765 828 829 766
766 829 830 767
767 830 831 768
768 831 832 769
769 832 833 770
770 833 834 771
771 834 835 772
772 835 836 773
773 836 837 774
774 837 838 775
775 838 839 776
776 839 840 777
777 840 841 778
778 841 842 779
779 842 843 780
780 843 844 781
781 844 845 782
782 845 846 783
783 846 847 784
784 847 848 785
785 848 849 786
786 849 850 787
787 850 851 788
788 851 852 789
789 852 853 790
790 853 854 791
791 854 855 792
792 855 856 793
793 856 857 794
794 857 858 795
795 858 859 796
796 859 860 797
797 860 861 798
798 861 862 799
799 862 863 800
800 863 864 801
801 864 865 802
802 865 866 803
803 866 867 804
804 867 868 805
805 868 869 806
806 869 870 807
807 870 871 808
808 871 872 809
809 872 873 810
810 873 874 811
811 874 875 812
812 875 876 813
813 876 877 814
814 877 878 815
815 878 879 816
816 879 880 817
817 880 881 818
819 882 883 820
820 883 884 821
821 884 885 822
822 885 886 823
823 886 887 824
824 887 888 825
825 888 889 826
826 889 890 827
827 890 891 828
828 891 892 829
829 892 893 830
830 893 894 831
831 894 895 832
832 895 896 833
833 896 897 834
834 897 898 835
835 898 899 836
836 899 900 837
837 900 901 838
838 901 902 839
839 902 903 840
840 903 904 841
841 904 905 842
842 905 906 843
843 906 907 844
844 907 908 845
845 908 909 846
846 909 910 847
847 910 911 848
848 911 912 849
849 912 913 850
850 913 914 851
851 914 915 852
852 915 916 853
853 916 917 854
854 917 918 855
855 918 919 856
856 919 920 857
857 920 921 858
858 921 922 859
859 922 923 860
860 923 924 861
861 924 925 862
862 925 926 863
863 926 927 864
864 927 928 865
865 928 929 866
866 929 930 867
867 930 931 868
868 931 932 869
869 932 933 870
870 933 934 871
871 934 935 872
872 935 936 873
873 936 937 874
874 937 938 875
875 938 939 876
876 939 940 877
877 940 941 878
878 941 942 879
879 942 943 880
880 943 944 881
882 945 946 883
883 946 947 884
884 947 948 885
885 948 949 886
886 949 950 887
887 950 951 888
888 951 952 889
889 952 953 890
890 953 954 891
891 954 955 892
892 955 956 893
893 956 957 894
894 957 958 895
895 958 959 896
896 959 960 897
897 960 961 898
898 961 962 899
899 962 963 900
900 963 964 901
901 964 965 902
902 965 966 903
903 966 967 904
904 967 968 905
905 968 969 906
906 969 970 907
907 970 971 908
908 971 972 909
909 972 973 910
910 973 974 911
911 974 975 912
912 975 976 913
913 976 977 914
914 977 978 915
915 978 979 916
916 979 980 917
917 980 981 918
918 981 982 919
919 982 983 920
920 983 984 921
921 984 985 922
922 985 986 923
923 986 987 924
924 987 988 925
925 988 989 926
926 989 990 927
927 990 991 928
928 991 992 929
929 992 993 930
930 993 994 931
931 994 995 932
932 995 996 933
933 996 997 934
934 997 998 935
935 998 999 936
936 999 1000 937
937 1000 1001 938
938 1001 1002 939
939 1002 1003 940
940 1003 1004 941
941 1004 1005 942
942 1005 1006 943
943 1006 1007 944
945 1008 1009 946
946 1009 1010 947
947 1010 1011 948
948 1011 1012 949
949 1012 1013 950
950 1013 1014 951
951 1014 1015 952
952 1015 1016 953
953 1016 1017 954
954 1017 1018 955
955 1018 1019 956
956 1019 1020 957
957 1020 1021 958
958 1021 1022 959
959 1022 1023 960
960 1023 1024 961
961 1024 1025 962
962 1025 1026 963
963 1026 1027 964
964 1027 1028 965
965 1028 1029 966
966 1029 1030 967
967 1030 1031 968
968 1031 1032 969
969 1032 1033 970
970 1033 1034 971
971 1034 1035 972
972 1035 1036 973
973 1036 1037 974
974 1037 1038 975
975 1038 1039 976
976 1039 1040 977
977 1040 1041 978
978 1041 1042 979
979 1042 1043 980
980 1043 1044 981
981 1044 1045 982
982 1045 1046 983
983 1046 1047 984
984 1047 1048 985
985 1048 1049 986
986 1049 1050 987
987 1050 1051 988
988 1051 1052 989
989 1052 1053 990
990 1053 1054 991
991 1054 1055 992
992 1055 1056 993
993 1056 1057 994
994 1057 1058 995
995 1058 1059 996
996 1059 1060 997
997 1060 1061 998
998 1061 1062 999
999 1062 1063 1000
1000 1063 1064 1001
1001 1064 1065 1002
1002 1065 1066 1003
1003 1066 1067 1004
1004 1067 1068 1005
1005 1068 1069 1006
1006 1069 1070 1007
1008 1071 1072 1009
1009 1072 1073 1010
1010 1073 1074 1011
1011 1074 1075 1012
1012 1075 1076 1013
1013 1076 1077 1014
1014 1077 1078 1015
1015 1078 1079 1016
1016 1079 1080 1017
1017 1080 1081 1018
1018 1081 1082 1019
1019 1082 1083 1020
1020 1083 1084 1021
1021 1084 1085 1022
1022 1085 1086 1023
1023 1086 1087 1024
1024 1087 1088 1025
1025 1088 1089 1026
1026 1089 1090 1027
1027 1090 1091 1028
1028 1091 1092 1029
1029 1092 1093 1030
1030 1093 1094 1031
1031 1094 1095 1032
1032 1095 1096 1033
1033 1096 1097 1034
1034 1097 1098 1035
1035 1098 1099 1036
1036 1099 1100 1037
1037 1100 1101 1038
1038 1101 1102 1039
1039 1102 1103 1040
1040 1103 1104 1041
1041 1104 1105 1042
1042 1105 1106 1043
1043 1106 1107 1044
1044 1107 1108 1045
1045 1108 1109 1046
1046 1109 1110 1047
1047 1110 1111 1048
1048 1111 1112 1049
1049 1112 1113 1050
1050 1113 1114 1051
1051 1114 1115 1052
1052 1115 1116 1053
1053 1116 1117 1054
1054 1117 1118 1055
1055 1118 1119 1056
1056 1119 1120 1057
1057 1120 1121 1058
1058 1121 1122 1059
1059 1122 1123 1060
1060 1123 1124 1061
1061 1124 1125 1062
1062 1125 1126 1063
1063 1126 1127 1064
1064 1127 1128 1065
1065 1128 1129 1066
1066 1129 1130 1067
1067 1130 1131 1068
1068 1131 1132 1069
1069 1132 1133 1070
1071 1134 1135 1072
1072 1135 1136 1073
1073 1136 1137 1074
1074 1137 1138 1075
1075 1138 1139 1076
1076 1139 1140 1077
1077 1140 1141 1078
1078 1141 1142 1079
1079 1142 1143 1080
1080 1143 1144 1081
1081 1144 1145 1082
1082 1145 1146 1083
1083 1146 1147 1084
1084 1147 1148 1085
1085 1148 1149 1086
1086 1149 1150 1087
1087 1150 1151 1088
1088 1151 1152 1089
1089 1152 1153 1090
1090 1153 1154 1091
1091 1154 1155 1092
1092 1155 1156 1093
1093 1156 1157 1094
1094 1157 1158 1095
1095 1158 1159 1096
1096 1159 1160 1097
1097 1160 1161 1098
1098 1161 1162 1099
1099 1162 1163 1100
1100 1163 1164 1101
1101 1164 1165 1102
1102 1165 1166 1103
1103 1166 1167 1104
1104 1167 1168 1105
1105 1168 1169 1106
1106 1169 1170 1107
1107 1170 1171 1108
1108 1171 1172 1109
1109 1172 1173 1110
1110 1173 1174 1111
1111 1174 1175 1112
1112 1175 1176 1113
1113 1176 1177 1114
1114 1177 1178 1115
1115 1178 1179 1116
1116 1179 1180 1117
1117 1180 1181 1118
1118 1181 1182 1119
1119 1182 1183 1120
1120 1183 1184 1121
1121 1184 1185 1122
1122 1185 1186 1123
1123 1186 1187 1124
1124 1187 1188 1125
1125 1188 1189 1126
1126 1189 1190 1127
1127 1190 1191 1128
1128 1191 1192 1129
1129 1192 1193 1130
1130 1193 1194 1131
1131 1194 1195 1132
1132 1195 1196 1133
1134 1197 1198 1135
1135 1198 1199 1136
1136 1199 1200 1137
1137 1200 1201 1138
1138 1201 1202 1139
1139 1202 1203 1140
1140 1203 1204 1141
1141 1204 1205 1142
1142 1205 1206 1143
1143 1206 1207 1144
1144 1207 1208 1145
1145 1208 1209 1146
1146 1209 1210 1147
1147 1210 1211 1148
1148 1211 1212 1149
1149 1212 1213 1150
1150 1213 1214 1151
1151 1214 1215 1152
1152 1215 1216 1153
1153 1216 1217 1154
1154 1217 1218 1155
1155 1218 1219 1156
1156 1219 1220 1157
1157 1220 1221 1158
1158 1221 1222 1159
1159 1222 1223 1160
1160 1223 1224 1161
1161 1224 1225 1162
1162 1225 1226 1163
1163 1226 1227 1164
1164 1227 1228 1165
1165 1228 1229 1166
1166 1229 1230 1167
1167 1230 1231 1168
1168 1231 1232 1169
1169 1232 1233 1170
1170 1233 1234 1171
1171 1234 1235 1172
1172 1235 1236 1173
1173 1236 1237 1174
1174 1237 1238 1175
1175 1238 1239 1176
1176 1239 1240 1177
1177 1240 1241 1178
1178 1241 1242 1179
1179 1242 1243 1180
1180 1243 1244 1181
1181 1244 1245 1182
1182 1245 1246 1183
1183 1246 1247 1184
1184 1247 1248 1185
1185 1248 1249 1186
1186 1249 1250 1187
1187 1250 1251 1188
1188 1251 1252 1189
1189 1252 1253 1190
1190 1253 1254 1191
1191 1254 1255 1192
1192 1255 1256 1193
1193 1256 1257 1194
1194 1257 1258 1195
1195 1258 1259 1196
1197 1260 1261 1198
1198 1261 1262 1199
1199 1262 1263 1200
1200 1263 1264 1201
1201 1264 1265 1202
1202 1265 1266 1203
1203 1266 1267 1204
1204 1267 1268 1205
1205 1268 1269 1206
1206 1269 1270 1207
1207 1270 1271 1208
1208 1271 1272 1209
1209 1272 1273 1210
1210 1273 1274 1211
1211 1274 1275 1212
1212 1275 1276 1213
1213 1276 1277 1214
1214 1277 1278 1215
1215 1278 1279 1216
1216 1279 1280 1217
1217 1280 1281 1218
1218 1281 1282 1219
1219 1282 1283 1220
1220 1283 1284 1221
1221 1284 1285 1222
1222 1285 1286 1223
1223 1286 1287 1224
1224 1287 1288 1225
1225 1288 1289 1226
1226 1289 1290 1227
1227 1290 1291 1228
1228 1291 1292 1229
1229 1292 1293 1230
1230 1293 1294 1231
1231 1294 1295 1232
1232 1295 1296 1233
1233 1296 1297 1234
1234 1297 1298 1235
1235 1298 1299 1236
1236 1299 1300 1237
1237 1300 1301 1238
1238 1301 1302 1239
1239 1302 1303 1240
1240 1303 1304 1241
1241 1304 1305 1242
1242 1305 1306 1243
1243 1306 1307 1244
1244 1307 1308 1245
1245 1308 1309 1246
1246 1309 1310 1247
1247 1310 1311 1248
1248 1311 1312 1249
1249 1312 1313 1250
1250 1313 1314 1251
1251 1314 1315 1252
1252 1315 1316 1253
1253 1316 1317 1254
1254 1317 1318 1255
1255 1318 1319 1256
1256 1319 1320 1257
1257 1320 1321 1258
1258 1321 1322 1259
1260 1323 1324 1261
1261 1324 1325 1262
1262 1325 1326 1263
1263 1326 1327 1264
1264 1327 1328 1265
1265 1328 1329 1266
1266 1329 1330 1267
1267 1330 1331 1268
1268 1331 1332 1269
1269 1332 1333 1270
1270 1333 1334 1271
1271 1334 1335 1272
1272 1335 1336 1273
1273 1336 1337 1274
1274 1337 1338 1275
1275 1338 1339 1276
1276 1339 1340 1277
1277 1340 1341 1278
1278 1341 1342 1279
1279 1342 1343 1280
1280 1343 1344 1281
1281 1344 1345 1282
1282 1345 1346 1283
1283 1346 1347 1284
1284 1347 1348 1285
1285 1348 1349 1286
1286 1349 1350 1287
1287 1350 1351 1288
1288 1351 1352 1289
1289 1352 1353 1290
1290 1353 1354 1291
1291 1354 1355 1292
1292 1355 1356 1293
1293 1356 1357 1294
1294 1357 1358 1295
1295 1358 1359 1296
1296 1359 1360 1297
1297 1360 1361 1298
1298 1361 1362 1299
1299 1362 1363 1300
1300 1363 1364 1301
1301 1364 1365 1302
1302 1365 1366 1303
1303 1366 1367 1304
1304 1367 1368 1305
1305 1368 1369 1306
1306 1369 1370 1307
1307 1370 1371 1308
1308 1371 1372 1309
1309 1372 1373 1310
1310 1373 1374 1311
1311 1374 1375 1312
1312 1375 1376 1313
1313 1376 1377 1314
1314 1377 1378 1315
1315 1378 1379 1316
1316 1379 1380 1317
1317 1380 1381 1318
1318 1381 1382 1319
1319 1382 1383 1320
1320 1383 1384 1321
1321 1384 1385 1322
1323 1386 1387 1324
1324 1387 1388 1325
1325 1388 1389 1326
1326 1389 1390 1327
1327 1390 1391 1328
1328 1391 1392 1329
1329 1392 1393 1330
1330 1393 1394 1331
1331 1394 1395 1332
1332 1395 1396 1333
1333 1396 1397 1334
1334 1397 1398 1335
1335 1398 1399 1336
1336 1399 1400 1337
1337 1400 1401 1338
1338 1401 1402 1339
1339 1402 1403 1340
1340 1403 1404 1341
1341 1404 1405 1342
1342 1405 1406 1343
1343 1406 1407 1344
1344 1407 1408 1345
1345 1408 1409 1346
1346 1409 1410 1347
1347 1410 1411 1348
1348 1411 1412 1349
1349 1412 1413 1350
1350 1413 1414 1351
1351 1414 1415 1352
1352 1415 1416 1353
1353 1416 1417 1354
1354 1417 1418 1355
1355 1418 1419 1356
1356 1419 1420 1357
1357 1420 1421 1358
1358 1421 1422 1359
1359 1422 1423 1360
1360 1423 1424 1361
1361 1424 1425 1362
1362 1425 1426 1363
1363 1426 1427 1364
1364 1427 1428 1365
1365 1428 1429 1366
1366 1429 1430 1367
1367 1430 1431 1368
1368 1431 1432 1369
1369 1432 1433 1370
1370 1433 1434 1371
1371 1434 1435 1372
1372 1435 1436 1373
1373 1436 1437 1374
1374 1437 1438 1375
1375 1438 1439 1376
1376 1439 1440 1377
1377 1440 1441 1378
1378 1441 1442 1379
1379 1442 1443 1380
1380 1443 1444 1381
1381 1444 1445 1382
1382 1445 1446 1383
1383 1446 1447 1384
1384 1447 1448 1385
1386 1449 1450 1387
1387 1450 1451 1388
1388 1451 1452 1389
1389 1452 1453 1390
1390 1453 1454 1391
1391 1454 1455 1392
1392 1455 1456 1393
1393 1456 1457 1394
1394 1457 1458 1395
1395 1458 1459 1396
1396 1459 1460 1397
1397 1460 1461 1398
1398 1461 1462 1399
1399 1462 1463 1400
1400 1463 1464 1401
1401 1464 1465 1402
1402 1465 1466 1403
1403 1466 1467 1404
1404 1467 1468 1405
1405 1468 1469 1406
1406 1469 1470 1407
1407 1470 1471 1408
1408 1471 1472 1409
1409 1472 1473 1410
1410 1473 1474 1411
1411 1474 1475 1412
1412 1475 1476 1413
1413 1476 1477 1414
1414 1477 1478 1415
1415 1478 1479 1416
1416 1479 1480 1417
1417 1480 1481 1418
1418 1481 1482 1419
1419 1482 1483 1420
1420 1483 1484 1421
1421 1484 1485 1422
1422 1485 1486 1423
1423 1486 1487 1424
1424 1487 1488 1425
1425 1488 1489 1426
1426 1489 1490 1427
1427 1490 1491 1428
1428 1491 1492 1429
1429 1492 1493 1430
1430 1493 1494 1431
1431 1494 1495 1432
1432 1495 1496 1433
1433 1496 1497 1434
1434 1497 1498 1435
1435 1498 1499 1436
1436 1499 1500 1437
1437 1500 1501 1438
1438 1501 1502 1439
1439 1502 1503 1440
1440 1503 1504 1441
1441 1504 1505 1442
1442 1505 1506 1443
1443 1506 1507 1444
1444 1507 1508 1445
1445 1508 1509 1446
1446 1509 1510 1447
1447 1510 1511 1448
1449 1512 1513 1450
1450 1513 1514 1451
1451 1514 1515 1452
1452 1515 1516 1453
1453 1516 1517 1454
1454 1517 1518 1455
1455 1518 1519 1456
1456 1519 1520 1457
1457 1520 1521 1458
1458 1521 1522 1459
1459 1522 1523 1460
1460 1523 1524 1461
1461 1524 1525 1462
1462 1525 1526 1463
1463 1526 1527 1464
1464 1527 1528 1465
1465 1528 1529 1466
1466 1529 1530 1467
1467 1530 1531 1468
1468 1531 1532 1469
1469 1532 1533 1470
1470 1533 1534 1471
1471 1534 1535 1472
1472 1535 1536 1473
1473 1536 1537 1474
1474 1537 1538 1475
1475 1538 1539 1476
1476 1539 1540 1477
1477 1540 1541 1478
1478 1541 1542 1479
1479 1542 1543 1480
1480 1543 1544 1481
1481 1544 1545 1482
1482 1545 1546 1483
1483 1546 1547 1484
1484 1547 1548 1485
1485 1548 1549 1486
1486 1549 1550 1487
1487 1550 1551 1488
1488 1551 1552 1489
1489 1552 1553 1490
1490 1553 1554 1491
1491 1554 1555 1492
1492 1555 1556 1493
1493 1556 1557 1494
1494 1557 1558 1495
1495 1558 1559 1496
1496 1559 1560 1497
1497 1560 1561 1498
1498 1561 1562 1499
1499 1562 1563 1500
1500 1563 1564 1501
1501 1564 1565 1502
1502 1565 1566 1503
1503 1566 1567 1504
1504 1567 1568 1505
1505 1568 1569 1506
1506 1569 1570 1507
1507 1570 1571 1508
1508 1571 1572 1509
1509 1572 1573 1510
1510 1573 1574 1511
1512 1575 1576 1513
1513 1576 1577 1514
1514 1577 1578 1515
1515 1578 1579 1516
1516 1579 1580 1517
1517 1580 1581 1518
1518 1581 1582 1519
1519 1582 1583 1520
1520 1583 1584 1521
1521 1584 1585 1522
1522 1585 1586 1523
1523 1586 1587 1524
1524 1587 1588 1525
1525 1588 1589 1526
1526 1589 1590 1527
1527 1590 1591 1528
1528 1591 1592 1529
1529 1592 1593 1530
1530 1593 1594 1531
1531 1594 1595 1532
1532 1595 1596 1533
1533 1596 1597 1534
1534 1597 1598 1535
1535 1598 1599 1536
1536 1599 1600 1537
1537 1600 1601 1538
1538 1601 1602 1539
1539 1602 1603 1540
1540 1603 1604 1541
1541 1604 1605 1542
1542 1605 1606 1543
1543 1606 1607 1544
1544 1607 1608 1545
1545 1608 1609 1546
1546 1609 1610 1547
1547 1610 1611 1548
1548 1611 1612 1549
1549 1612 1613 1550
1550 1613 1614 1551
1551 1614 1615 1552
1552 1615 1616 1553
1553 1616 1617 1554
1554 1617 1618 1555
1555 1618 1619 1556
1556 1619 1620 1557
1557 1620 1621 1558
1558 1621 1622 1559
1559 1622 1623 1560
1560 1623 1624 1561
1561 1624 1625 1562
1562 1625 1626 1563
1563 1626 1627 1564
1564 1627 1628 1565
1565 1628 1629 1566
1566 1629 1630 1567
1567 1630 1631 1568
1568 1631 1632 1569
1569 1632 1633 1570
1570 1633 1634 1571
1571 1634 1635 1572
1572 1635 1636 1573
1573 1636 1637 1574
1575 1638 1639 1576
1576 1639 1640 1577
1577 1640 1641 1578
1578 1641 1642 1579
1579 1642 1643 1580
1580 1643 1644 1581
1581 1644 1645 1582
1582 1645 1646 1583
1583 1646 1647 1584
1584 1647 1648 1585
1585 1648 1649 1586
1586 1649 1650 1587
1587 1650 1651 1588
1588 1651 1652 1589
1589 1652 1653 1590
1590 1653 1654 1591
1591 1654 1655 1592
1592 1655 1656 1593
1593 1656 1657 1594
1594 1657 1658 1595
1595 1658 1659 1596
1596 1659 1660 1597
1597 1660 1661 1598
1598 1661 1662 1599
1599 1662 1663 1600
1600 1663 1664 1601
1601 1664 1665 1602
1602 1665 1666 1603
1603 1666 1667 1604
1604 1667 1668 1605
1605 1668 1669 1606
1606 1669 1670 1607
1607 1670 1671 1608
1608 1671 1672 1609
1609 1672 1673 1610
1610 1673 1674 1611
1611 1674 1675 1612
1612 1675 1676 1613
1613 1676 1677 1614
1614 1677 1678 1615
1615 1678 1679 1616
1616 1679 1680 1617
1617 1680 1681 1618
1618 1681 1682 1619
1619 1682 1683 1620
1620 1683 1684 1621
1621 1684 1685 1622
1622 1685 1686 1623
1623 1686 1687 1624
1624 1687 1688 1625
1625 1688 1689 1626
1626 1689 1690 1627
1627 1690 1691 1628
1628 1691 1692 1629
1629 1692 1693 1630
1630 1693 1694 1631
1631 1694 1695 1632
1632 1695 1696 1633
1633 1696 1697 1634
1634 1697 1698 1635
1635 1698 1699 1636
1636 1699 1700 1637
1638 1701 1702 1639
1639 1702 1703 1640
1640 1703 1704 1641
1641 1704 1705 1642
1642 1705 1706 1643
1643 1706 1707 1644
1644 1707 1708 1645
1645 1708 1709 1646
1646 1709 1710 1647
1647 1710 1711 1648
1648 1711 1712 1649
1649 1712 1713 1650
1650 1713 1714 1651
1651 1714 1715 1652
1652 1715 1716 1653
1653 1716 1717 1654
1654 1717 1718 1655
1655 1718 1719 1656
1656 1719 1720 1657
1657 1720 1721 1658
1658 1721 1722 1659
1659 1722 1723 1660
1660 1723 1724 1661
1661 1724 1725 1662
1662 1725 1726 1663
1663 1726 1727 1664
1664 1727 1728 1665
1665 1728 1729 1666
1666 1729 1730 1667
1667 1730 1731 1668
1668 1731 1732 1669
1669 1732 1733 1670
1670 1733 1734 1671
1671 1734 1735 1672
1672 1735 1736 1673
1673 1736 1737 1674
1674 1737 1738 1675
1675 1738 1739 1676
1676 1739 1740 1677
1677 1740 1741 1678
1678 1741 1742 1679
1679 1742 1743 1680
1680 1743 1744 1681
1681 1744 1745 1682
1682 1745 1746 1683
1683 1746 1747 1684
1684 1747 1748 1685
1685 1748 1749 1686
1686 1749 1750 1687
1687 1750 1751 1688
1688 1751 1752 1689
1689 1752 1753 1690
1690 1753 1754 1691
1691 1754 1755 1692
1692 1755 1756 1693
1693 1756 1757 1694
1694 1757 1758 1695
1695 1758 1759 1696
1696 1759 1760 1697
1697 1760 1761 1698
1698 1761 1762 1699
1699 1762 1763 1700
1701 1764 1765 1702
1702 1765 1766 1703
1703 1766 1767 1704
1704 1767 1768 1705
1705 1768 1769 1706
1706 1769 1770 1707
1707 1770 1771 1708
1708 1771 1772 1709
1709 1772 1773 1710
1710 1773 1774 1711
1711 1774 1775 1712
1712 1775 1776 1713
1713 1776 1777 1714
1714 1777 1778 1715
1715 1778 1779 1716
1716 1779 1780 1717
1717 1780 1781 1718
1718 1781 1782 1719
1719 1782 1783 1720
1720 1783 1784 1721
1721 1784 1785 1722
1722 1785 1786 1723
1723 1786 1787 1724
1724 1787 1788 1725
1725 1788 1789 1726
1726 1789 1790 1727
1727 1790 1791 1728
1728 1791 1792 1729
1729 1792 1793 1730
1730 1793 1794 1731
1731 1794 1795 1732
1732 1795 1796 1733
1733 1796 1797 1734
1734 1797 1798 1735
1735 1798 1799 1736
1736 1799 1800 1737
1737 1800 1801 1738
1738 1801 1802 1739
1739 1802 1803 1740
1740 1803 1804 1741
1741 1804 1805 1742
1742 1805 1806 1743
1743 1806 1807 1744
1744 1807 1808 1745
1745 1808 1809 1746
1746 1809 1810 1747
1747 1810 1811 1748
1748 1811 1812 1749
1749 1812 1813 1750
1750 1813 1814 1751
1751 1814 1815 1752
1752 1815 1816 1753
1753 1816 1817 1754
1754 1817 1818 1755
1755 1818 1819 1756
1756 1819 1820 1757
1757 1820 1821 1758
1758 1821 1822 1759
1759 1822 1823 1760
1760 1823 1824 1761
1761 1824 1825 1762
1762 1825 1826 1763
1764 1827 1828 1765
1765 1828 1829 1766
1766 1829 1830 1767
1767 1830 1831 1768
1768 1831 1832 1769
1769 1832 1833 1770
1770 1833 1834 1771
1771 1834 1835 1772
1772 1835 1836 1773
1773 1836 1837 1774
1774 1837 1838 1775
1775 1838 1839 1776
1776 1839 1840 1777
1777 1840 1841 1778
1778 1841 1842 1779
1779 1842 1843 1780
1780 1843 1844 1781
1781 1844 1845 1782
1782 1845 1846 1783
1783 1846 1847 1784
1784 1847 1848 1785
1785 1848 1849 1786
1786 1849 1850 1787
1787 1850 1851 1788
1788 1851 1852 1789
1789 1852 1853 1790
1790 1853 1854 1791
1791 1854 1855 1792
1792 1855 1856 1793
1793 1856 1857 1794
1794 1857 1858 1795
1795 1858 1859 1796
1796 1859 1860 1797
1797 1860 1861 1798
1798 1861 1862 1799
1799 1862 1863 1800
1800 1863 1864 1801
1801 1864 1865 1802
1802 1865 1866 1803
1803 1866 1867 1804
1804 1867 1868 1805
1805 1868 1869 1806
1806 1869 1870 1807
1807 1870 1871 1808
1808 1871 1872 1809
1809 1872 1873 1810
1810 1873 1874 1811
1811 1874 1875 1812
1812 1875 1876 1813
1813 1876 1877 1814
1814 1877 1878 1815
1815 1878 1879 1816
1816 1879 1880 1817
1817 1880 1881 1818
1818 1881 1882 1819
1819 1882 1883 1820
1820 1883 1884 1821
1821 1884 1885 1822
1822 1885 1886 1823
1823 1886 1887 1824
1824 1887 1888 1825
1825 1888 1889 1826
1827 1890 1891 1828
1828 1891 1892 1829
1829 1892 1893 1830
1830 1893 1894 1831
1831 1894 1895 1832
1832 1895 1896 1833
1833 1896 1897 1834
1834 1897 1898 1835
1835 1898 1899 1836
1836 1899 1900 1837
1837 1900 1901 1838
1838 1901 1902 1839
1839 1902 1903 1840
1840 1903 1904 1841
1841 1904 1905 1842
1842 1905 1906 1843
1843 1906 1907 1844
1844 1907 1908 1845
1845 1908 1909 1846
1846 1909 1910 1847
1847 1910 1911 1848
1848 1911 1912 1849
1849 1912 1913 1850
1850 1913 1914 1851
1851 1914 1915 1852
1852 1915 1916 1853
1853 1916 1917 1854
1854 1917 1918 1855
1855 1918 1919 1856
1856 1919 1920 1857
1857 1920 1921 1858
1858 1921 1922 1859
1859 1922 1923 1860
1860 1923 1924 1861
1861 1924 1925 1862
1862 1925 1926 1863
1863 1926 1927 1864
1864 1927 1928 1865
1865 1928 1929 1866
1866 1929 1930 1867
1867 1930 1931 1868
1868 1931 1932 1869
1869 1932 1933 1870
1870 1933 1934 1871
1871 1934 1935 1872
1872 1935 1936 1873
1873 1936 1937 1874
1874 1937 1938 1875
1875 1938 1939 1876
1876 1939 1940 1877
1877 1940 1941 1878
1878 1941 1942 1879
1879 1942 1943 1880
1880 1943 1944 1881
1881 1944 1945 1882
1882 1945 1946 1883
1883 1946 1947 1884
1884 1947 1948 1885
1885 1948 1949 1886
1886 1949 1950 1887
1887 1950 1951 1888
1888 1951 1952 1889
1890 1953 1954 1891
1891 1954 1955 1892
1892 1955 1956 1893
1893 1956 1957 1894
1894 1957 1958 1895
1895 1958 1959 1896
1896 1959 1960 1897
1897 1960 1961 1898
1898 1961 1962 1899
1899 1962 1963 1900
1900 1963 1964 1901
1901 1964 1965 1902
1902 1965 1966 1903
1903 1966 1967 1904
1904 1967 1968 1905
1905 1968 1969 1906
1906 1969 1970 1907
1907 1970 1971 1908
1908 1971 1972 1909
1909 1972 1973 1910
1910 1973 1974 1911
1911 1974 1975 1912
1912 1975 1976 1913
1913 1976 1977 1914
1914 1977 1978 1915
1915 1978 1979 1916
1916 1979 1980 1917
1917 1980 1981 1918
1918 1981 1982 1919
1919 1982 1983 1920
1920 1983 1984 1921
1921 1984 1985 1922
1922 1985 1986 1923
1923 1986 1987 1924
1924 1987 1988 1925
1925 1988 1989 1926
1926 1989 1990 1927
1927 1990 1991 1928
1928 1991 1992 1929
1929 1992 1993 1930
1930 1993 1994 1931
1931 1994 1995 1932
1932 1995 1996 1933
1933 1996 1997 1934
1934 1997 1998 1935
1935 1998 1999 1936
1936 1999 2000 1937
1937 2000 2001 1938
1938 2001 2002 1939
1939 2002 2003 1940
1940 2003 2004 1941
1941 2004 2005 1942
1942 2005 2006 1943
1943 2006 2007 1944
1944 2007 2008 1945
1945 2008 2009 1946
1946 2009 2010 1947
1947 2010 2011 1948
1948 2011 2012 1949
1949 2012 2013 1950
1950 2013 2014 1951
1951 2014 2015 1952
1953 2016 2017 1954
1954 2017 2018 1955
1955 2018 2019 1956
1956 2019 2020 1957
1957 2020 2021 1958
1958 2021 2022 1959
1959 2022 2023 1960
1960 2023 2024 1961
1961 2024 2025 1962
1962 2025 2026 1963
1963 2026 2027 1964
1964 2027 2028 1965
1965 2028 2029 1966
1966 2029 2030 1967
1967 2030 2031 1968
1968 2031 2032 1969
1969 2032 2033 1970
1970 2033 2034 1971
1971 2034 2035 1972
1972 2035 2036 1973
1973 2036 2037 1974
1974 2037 2038 1975
1975 2038 2039 1976
1976 2039 2040 1977
1977 2040 2041 1978
1978 2041 2042 1979
1979 2042 2043 1980
1980 2043 2044 1981
1981 2044 2045 1982
1982 2045 2046 1983
1983 2046 2047 1984
1984 2047 2048 1985
1985 2048 2049 1986
1986 2049 2050 1987
1987 2050 2051 1988
1988 2051 2052 1989
1989 2052 2053 1990
1990 2053 2054 1991
1991 2054 2055 1992
1992 2055 2056 1993
1993 2056 2057 1994
1994 2057 2058 1995
1995 2058 2059 1996
1996 2059 2060 1997
1997 2060 2061 1998
1998 2061 2062 1999
1999 2062 2063 2000
2000 2063 2064 2001
2001 2064 2065 2002
2002 2065 2066 2003
2003 2066 2067 2004
2004 2067 2068 2005
2005 2068 2069 2006
2006 2069 2070 2007
2007 2070 2071 2008
2008 2071 2072 2009
2009 2072 2073 2010
2010 2073 2074 2011
2011 2074 2075 2012
2012 2075 2076 2013
2013 2076 2077 2014
2014 2077 2078 2015
2016 2079 2080 2017
2017 2080 2081 2018
2018 2081 2082 2019
2019 2082 2083 2020
2020 2083 2084 2021
2021 2084 2085 2022
2022 2085 2086 2023
2023 2086 2087 2024
2024 2087 2088 2025
2025 2088 2089 2026
2026 2089 2090 2027
2027 2090 2091 2028
2028 2091 2092 2029
2029 2092 2093 2030
2030 2093 2094 2031
2031 2094 2095 2032
2032 2095 2096 2033
2033 2096 2097 2034
2034 2097 2098 2035
2035 2098 2099 2036
2036 2099 2100 2037
2037 2100 2101 2038
2038 2101 2102 2039
2039 2102 2103 2040
2040 2103 2104 2041
2041 2104 2105 2042
2042 2105 2106 2043
2043 2106 2107 2044
2044 2107 2108 2045
2045 2108 2109 2046
2046 2109 2110 2047
2047 2110 2111 2048
2048 2111 2112 2049
2049 2112 2113 2050
2050 2113 2114 2051
2051 2114 2115 2052
2052 2115 2116 2053
2053 2116 2117 2054
2054 2117 2118 2055
2055 2118 2119 2056
2056 2119 2120 2057
2057 2120 2121 2058
2058 2121 2122 2059
2059 2122 2123 2060
2060 2123 2124 2061
2061 2124 2125 2062
2062 2125 2126 2063
2063 2126 2127 2064
2064 2127 2128 2065
2065 2128 2129 2066
2066 2129 2130 2067
2067 2130 2131 2068
2068 2131 2132 2069
2069 2132 2133 2070
2070 2133 2134 2071
2071 2134 2135 2072
2072 2135 2136 2073
2073 2136 2137 2074
2074 2137 2138 2075
2075 2138 2139 2076
2076 2139 2140 2077
2077 2140 2141 2078
2079 2142 2143 2080
2080 2143 2144 2081
2081 2144 2145 2082
2082 2145 2146 2083
2083 2146 2147 2084
2084 2147 2148 2085
2085 2148 2149 2086
2086 2149 2150 2087
2087 2150 2151 2088
2088 2151 2152 2089
2089 2152 2153 2090
2090 2153 2154 2091
2091 2154 2155 2092
2092 2155 2156 2093
2093 2156 2157 2094
2094 2157 2158 2095
2095 2158 2159 2096
2096 2159 2160 2097
2097 2160 2161 2098
2098 2161 2162 2099
2099 2162 2163 2100
2100 2163 2164 2101
2101 2164 2165 2102
2102 2165 2166 2103
2103 2166 2167 2104
2104 2167 2168 2105
2105 2168 2169 2106
2106 2169 2170 2107
2107 2170 2171 2108
2108 2171 2172 2109
2109 2172 2173 2110
2110 2173 2174 2111
2111 2174 2175 2112
2112 2175 2176 2113
2113 2176 2177 2114
2114 2177 2178 2115
2115 2178 2179 2116
2116 2179 2180 2117
2117 2180 2181 2118
2118 2181 2182 2119
2119 2182 2183 2120
2120 2183 2184 2121
2121 2184 2185 2122
2122 2185 2186 2123
2123 2186 2187 2124
2124 2187 2188 2125
2125 2188 2189 2126
2126 2189 2190 2127
2127 2190 2191 2128
2128 2191 2192 2129
2129 2192 2193 2130
2130 2193 2194 2131
2131 2194 2195 2132
2132 2195 2196 2133
2133 2196 2197 2134
2134 2197 2198 2135
2135 2198 2199 2136
2136 2199 2200 2137
2137 2200 2201 2138
2138 2201 2202 2139
2139 2202 2203 2140
2140 2203 2204 2141
2142 2205 2206 2143
2143 2206 2207 2144
2144 2207 2208 2145
2145 2208 2209 2146
2146 2209 2210 2147
2147 2210 2211 2148
2148 2211 2212 2149
2149 2212 2213 2150
2150 2213 2214 2151
2151 2214 2215 2152
2152 2215 2216 2153
2153 2216 2217 2154
2154 2217 2218 2155
2155 2218 2219 2156
2156 2219 2220 2157
2157 2220 2221 2158
2158 2221 2222 2159
2159 2222 2223 2160
2160 2223 2224 2161
2161 2224 2225 2162
2162 2225 2226 2163
2163 2226 2227 2164
2164 2227 2228 2165
2165 2228 2229 2166
2166 2229 2230 2167
2167 2230 2231 2168
2168 2231 2232 2169
2169 2232 2233 2170
2170 2233 2234 2171
2171 2234 2235 2172
2172 2235 2236 2173
2173 2236 2237 2174
2174 2237 2238 2175
2175 2238 2239 2176
2176 2239 2240 2177
2177 2240 2241 2178
2178 2241 2242 2179
2179 2242 2243 2180
2180 2243 2244 2181
2181 2244 2245 2182
2182 2245 2246 2183
2183 2246 2247 2184
2184 2247 2248 2185
2185 2248 2249 2186
2186 2249 2250 2187
2187 2250 2251 2188
2188 2251 2252 2189
2189 2252 2253 2190
2190 2253 2254 2191
2191 2254 2255 2192
2192 2255 2256 2193
2193 2256 2257 2194
2194 2257 2258 2195
2195 2258 2259 2196
2196 2259 2260 2197
2197 2260 2261 2198
2198 2261 2262 2199
2199 2262 2263 2200
2200 2263 2264 2201
2201 2264 2265 2202
2202 2265 2266 2203
2203 2266 2267 2204
2205 2268 2269 2206
2206 2269 2270 2207
2207 2270 2271 2208
2208 2271 2272 2209
2209 2272 2273 2210
2210 2273 2274 2211
2211 2274 2275 2212
2212 2275 2276 2213
2213 2276 2277 2214
2214 2277 2278 2215
2215 2278 2279 2216
2216 2279 2280 2217
2217 2280 2281 2218
2218 2281 2282 2219
2219 2282 2283 2220
2220 2283 2284 2221
2221 2284 2285 2222
2222 2285 2286 2223
2223 2286 2287 2224
2224 2287 2288 2225
2225 2288 2289 2226
2226 2289 2290 2227
2227 2290 2291 2228
2228 2291 2292 2229
2229 2292 2293 2230
2230 2293 2294 2231
2231 2294 2295 2232
2232 2295 2296 2233
2233 2296 2297 2234
2234 2297 2298 2235
2235 2298 2299 2236
2236 2299 2300 2237
2237 2300 2301 2238
2238 2301 2302 2239
2239 2302 2303 2240
2240 2303 2304 2241
2241 2304 2305 2242
2242 2305 2306 2243
2243 2306 2307 2244
2244 2307 2308 2245
2245 2308 2309 2246
2246 2309 2310 2247
2247 2310 2311 2248
2248 2311 2312 2249
2249 2312 2313 2250
2250 2313 2314 2251
2251 2314 2315 2252
2252 2315 2316 2253
2253 2316 2317 2254
2254 2317 2318 2255
2255 2318 2319 2256
2256 2319 2320 2257
2257 2320 2321 2258
2258 2321 2322 2259
2259 2322 2323 2260
2260 2323 2324 2261
2261 2324 2325 2262
2262 2325 2326 2263
2263 2326 2327 2264
2264 2327 2328 2265
2265 2328 2329 2266
2266 2329 2330 2267
2268 2331 2332 2269
2269 2332 2333 2270
2270 2333 2334 2271
2271 2334 2335 2272
2272 2335 2336 2273
2273 2336 2337 2274
2274 2337 2338 2275
2275 2338 2339 2276
2276 2339 2340 2277
2277 2340 2341 2278
2278 2341 2342 2279
2279 2342 2343 2280
2280 2343 2344 2281
2281 2344 2345 2282
2282 2345 2346 2283
2283 2346 2347 2284
2284 2347 2348 2285
2285 2348 2349 2286
2286 2349 2350 2287
2287 2350 2351 2288
2288 2351 2352 2289
2289 2352 2353 2290
2290 2353 2354 2291
2291 2354 2355 2292
2292 2355 2356 2293
2293 2356 2357 2294
2294 2357 2358 2295
2295 2358 2359 2296
2296 2359 2360 2297
2297 2360 2361 2298
2298 2361 2362 2299
2299 2362 2363 2300
2300 2363 2364 2301
2301 2364 2365 2302
2302 2365 2366 2303
2303 2366 2367 2304
2304 2367 2368 2305
2305 2368 2369 2306
2306 2369 2370 2307
2307 2370 2371 2308
2308 2371 2372 2309
2309 2372 2373 2310
2310 2373 2374 2311
2311 2374 2375 2312
2312 2375 2376 2313
2313 2376 2377 2314
2314 2377 2378 2315
2315 2378 2379 2316
2316 2379 2380 2317
2317 2380 2381 2318
2318 2381 2382 2319
2319 2382 2383 2320
2320 2383 2384 2321
2321 2384 2385 2322
2322 2385 2386 2323
2323 2386 2387 2324
2324 2387 2388 2325
2325 2388 2389 2326
2326 2389 2390 2327
2327 2390 2391 2328
2328 2391 2392 2329
2329 2392 2393 2330
2331 2394 2395 2332
2332 2395 2396 2333
2333 2396 2397 2334
2334 2397 2398 2335
2335 2398 2399 2336
2336 2399 2400 2337
2337 2400 2401 2338
2338 2401 2402 2339
2339 2402 2403 2340
2340 2403 2404 2341
2341 2404 2405 2342
2342 2405 2406 2343
2343 2406 2407 2344
2344 2407 2408 2345
2345 2408 2409 2346
2346 2409 2410 2347
2347 2410 2411 2348
2348 2411 2412 2349
2349 2412 2413 2350
2350 2413 2414 2351
2351 2414 2415 2352
2352 2415 2416 2353
2353 2416 2417 2354
2354 2417 2418 2355
2355 2418 2419 2356
2356 2419 2420 2357
2357 2420 2421 2358
2358 2421 2422 2359
2359 2422 2423 2360
2360 2423 2424 2361
2361 2424 2425 2362
2362 2425 2426 2363
2363 2426 2427 2364
2364 2427 2428 2365
2365 2428 2429 2366
2366 2429 2430 2367
2367 2430 2431 2368
2368 2431 2432 2369
2369 2432 2433 2370
2370 2433 2434 2371
2371 2434 2435 2372
2372 2435 2436 2373
2373 2436 2437 2374
2374 2437 2438 2375
2375 2438 2439 2376
2376 2439 2440 2377
2377 2440 2441 2378
2378 2441 2442 2379
2379 2442 2443 2380
2380 2443 2444 2381
2381 2444 2445 2382
2382 2445 2446 2383
2383 2446 2447 2384
2384 2447 2448 2385
2385 2448 2449 2386
2386 2449 2450 2387
2387 2450 2451 2388
2388 2451 2452 2389
2389 2452 2453 2390
2390 2453 2454 2391
2391 2454 2455 2392
2392 2455 2456 2393
2394 2457 2458 2395
2395 2458 2459 2396
2396 2459 2460 2397
2397 2460 2461 2398
2398 2461 2462 2399
2399 2462 2463 2400
2400 2463 2464 2401
2401 2464 2465 2402
2402 2465 2466 2403
2403 2466 2467 2404
2404 2467 2468 2405
2405 2468 2469 2406
2406 2469 2470 2407
2407 2470 2471 2408
2408 2471 2472 2409
2409 2472 2473 2410
2410 2473 2474 2411
2411 2474 2475 2412
2412 2475 2476 2413
2413 2476 2477 2414
2414 2477 2478 2415
2415 2478 2479 2416
2416 2479 2480 2417
2417 2480 2481 2418
2418 2481 2482 2419
2419 2482 2483 2420
2420 2483 2484 2421
2421 2484 2485 2422
2422 2485 2486 2423
2423 2486 2487 2424
2424 2487 2488 2425
2425 2488 2489 2426
2426 2489 2490 2427
2427 2490 2491 2428
2428 2491 2492 2429
2429 2492 2493 2430
2430 2493 2494 2431
2431 2494 2495 2432
2432 2495 2496 2433
2433 2496 2497 2434
2434 2497 2498 2435
2435 2498 2499 2436
2436 2499 2500 2437
2437 2500 2501 2438
2438 2501 2502 2439
2439 2502 2503 2440
2440 2503 2504 2441
2441 2504 2505 2442
2442 2505 2506 2443
2443 2506 2507 2444
2444 2507 2508 2445
2445 2508 2509 2446
2446 2509 2510 2447
2447 2510 2511 2448
2448 2511 2512 2449
2449 2512 2513 2450
2450 2513 2514 2451
2451 2514 2515 2452
2452 2515 2516 2453
2453 2516 2517 2454
2454 2517 2518 2455
2455 2518 2519 2456
2457 2520 2521 2458
2458 2521 2522 2459
2459 2522 2523 2460
2460 2523 2524 2461
2461 2524 2525 2462
2462 2525 2526 2463
2463 2526 2527 2464
2464 2527 2528 2465
2465 2528 2529 2466
2466 2529 2530 2467
2467 2530 2531 2468
2468 2531 2532 2469
2469 2532 2533 2470
2470 2533 2534 2471
2471 2534 2535 2472
2472 2535 2536 2473
2473 2536 2537 2474
2474 2537 2538 2475
2475 2538 2539 2476
2476 2539 2540 2477
2477 2540 2541 2478
2478 2541 2542 2479
2479 2542 2543 2480
2480 2543 2544 2481
2481 2544 2545 2482
2482 2545 2546 2483
2483 2546 2547 2484
2484 2547 2548 2485
2485 2548 2549 2486
2486 2549 2550 2487
2487 2550 2551 2488
2488 2551 2552 2489
2489 2552 2553 2490
2490 2553 2554 2491
2491 2554 2555 2492
2492 2555 2556 2493
2493 2556 2557 2494
2494 2557 2558 2495
2495 2558 2559 2496
2496 2559 2560 2497
2497 2560 2561 2498
2498 2561 2562 2499
2499 2562 2563 2500
2500 2563 2564 2501
2501 2564 2565 2502
2502 2565 2566 2503
2503 2566 2567 2504
2504 2567 2568 2505
2505 2568 2569 2506
2506 2569 2570 2507
2507 2570 2571 2508
2508 2571 2572 2509
2509 2572 2573 2510
2510 2573 2574 2511
2511 2574 2575 2512
2512 2575 2576 2513
2513 2576 2577 2514
2514 2577 2578 2515
2515 2578 2579 2516
2516 2579 2580 2517
2517 2580 2581 2518
2518 2581 2582 2519
2520 2583 2584 2521
2521 2584 2585 2522
2522 2585 2586 2523
2523 2586 2587 2524
2524 2587 2588 2525
2525 2588 2589 2526
2526 2589 2590 2527
2527 2590 2591 2528
2528 2591 2592 2529
2529 2592 2593 2530
2530 2593 2594 2531
2531 2594 2595 2532
2532 2595 2596 2533
2533 2596 2597 2534
2534 2597 2598 2535
2535 2598 2599 2536
2536 2599 2600 2537
2537 2600 2601 2538
2538 2601 2602 2539
2539 2602 2603 2540
2540 2603 2604 2541
2541 2604 2605 2542
2542 2605 2606 2543
2543 2606 2607 2544
2544 2607 2608 2545
2545 2608 2609 2546
2546 2609 2610 2547
2547 2610 2611 2548
2548 2611 2612 2549
2549 2612 2613 2550
2550 2613 2614 2551
2551 2614 2615 2552
2552 2615 2616 2553
2553 2616 2617 2554
2554 2617 2618 2555
2555 2618 2619 2556
2556 2619 2620 2557
2557 2620 2621 2558
2558 2621 2622 2559
2559 2622 2623 2560
2560 2623 2624 2561
2561 2624 2625 2562
2562 2625 2626 2563
2563 2626 2627 2564
2564 2627 2628 2565
2565 2628 2629 2566
2566 2629 2630 2567
2567 2630 2631 2568
2568 2631 2632 2569
2569 2632 2633 2570
2570 2633 2634 2571
2571 2634 2635 2572
2572 2635 2636 2573
2573 2636 2637 2574
2574 2637 2638 2575
2575 2638 2639 2576
2576 2639 2640 2577
2577 2640 2641 2578
2578 2641 2642 2579
2579 2642 2643 2580
2580 2643 2644 2581
2581 2644 2645 2582
2583 2646 2647 2584
2584 2647 2648 2585
2585 2648 2649 2586
2586 2649 2650 2587
2587 2650 2651 2588
2588 2651 2652 2589
2589 2652 2653 2590
2590 2653 2654 2591
2591 2654 2655 2592
2592 2655 2656 2593
2593 2656 2657 2594
2594 2657 2658 2595
2595 2658 2659 2596
2596 2659 2660 2597
2597 2660 2661 2598
2598 2661 2662 2599
2599 2662 2663 2600
2600 2663 2664 2601
2601 2664 2665 2602
2602 2665 2666 2603
2603 2666 2667 2604
2604 2667 2668 2605
2605 2668 2669 2606
2606 2669 2670 2607
2607 2670 2671 2608
2608 2671 2672 2609
2609 2672 2673 2610
2610 2673 2674 2611
2611 2674 2675 2612
2612 2675 2676 2613
2613 2676 2677 2614
2614 2677 2678 2615
2615 2678 2679 2616
2616 2679 2680 2617
2617 2680 2681 2618
2618 2681 2682 2619
2619 2682 2683 2620
2620 2683 2684 2621
2621 2684 2685 2622
2622 2685 2686 2623
2623 2686 2687 2624
2624 2687 2688 2625
2625 2688 2689 2626
2626 2689 2690 2627
2627 2690 2691 2628
2628 2691 2692 2629
2629 2692 2693 2630
2630 2693 2694 2631
2631 2694 2695 2632
2632 2695 2696 2633
2633 2696 2697 2634
2634 2697 2698 2635
2635 2698 2699 2636
2636 2699 2700 2637
2637 2700 2701 2638
2638 2701 2702 2639
2639 2702 2703 2640
2640 2703 2704 2641
2641 2704 2705 2642
2642 2705 2706 2643
2643 2706 2707 2644
2644 2707 2708 2645
2646 2709 2710 2647
2647 2710 2711 2648
2648 2711 2712 2649
2649 2712 2713 2650
2650 2713 2714 2651
2651 2714 2715 2652
2652 2715 2716 2653
2653 2716 2717 2654
2654 2717 2718 2655
2655 2718 2719 2656
2656 2719 2720 2657
2657 2720 2721 2658
2658 2721 2722 2659
2659 2722 2723 2660
2660 2723 2724 2661
2661 2724 2725 2662
2662 2725 2726 2663
2663 2726 2727 2664
2664 2727 2728 2665
2665 2728 2729 2666
2666 2729 2730 2667
2667 2730 2731 2668
2668 2731 2732 2669
2669 2732 2733 2670
2670 2733 2734 2671
2671 2734 2735 2672
2672 2735 2736 2673
2673 2736 2737 2674
2674 2737 2738 2675
2675 2738 2739 2676
2676 2739 2740 2677
2677 2740 2741 2678
2678 2741 2742 2679
2679 2742 2743 2680
2680 2743 2744 2681
2681 2744 2745 2682
2682 2745 2746 2683
2683 2746 2747 2684
2684 2747 2748 2685
2685 2748 2749 2686
2686 2749 2750 2687
2687 2750 2751 2688
2688 2751 2752 2689
2689 2752 2753 2690
2690 2753 2754 2691
2691 2754 2755 2692
2692 2755 2756 2693
2693 2756 2757 2694
2694 2757 2758 2695
2695 2758 2759 2696
2696 2759 2760 2697
2697 2760 2761 2698
2698 2761 2762 2699
2699 2762 2763 2700
2700 2763 2764 2701
2701 2764 2765 2702
2702 2765 2766 2703
2703 2766 2767 2704
2704 2767 2768 2705
2705 2768 2769 2706
2706 2769 2770 2707
2707 2770 2771 2708
2709 2772 2773 2710
2710 2773 2774 2711
2711 2774 2775 2712
2712 2775 2776 2713
2713 2776 2777 2714
2714 2777 2778 2715
2715 2778 2779 2716
2716 2779 2780 2717
2717 2780 2781 2718
2718 2781 2782 2719
2719 2782 2783 2720
2720 2783 2784 2721
2721 2784 2785 2722
2722 2785 2786 2723
2723 2786 2787 2724
2724 2787 2788 2725
2725 2788 2789 2726
2726 2789 2790 2727
2727 2790 2791 2728
2728 2791 2792 2729
2729 2792 2793 2730
2730 2793 2794 2731
2731 2794 2795 2732
2732 2795 2796 2733
2733 2796 2797 2734
2734 2797 2798 2735
2735 2798 2799 2736
2736 2799 2800 2737
2737 2800 2801 2738
2738 2801 2802 2739
2739 2802 2803 2740
2740 2803 2804 2741
2741 2804 2805 2742
2742 2805 2806 2743
2743 2806 2807 2744
2744 2807 2808 2745
2745 2808 2809 2746
2746 2809 2810 2747
2747 2810 2811 2748
2748 2811 2812 2749
2749 2812 2813 2750
2750 2813 2814 2751
2751 2814 2815 2752
2752 2815 2816 2753
2753 2816 2817 2754
2754 2817 2818 2755
2755 2818 2819 2756
2756 2819 2820 2757
2757 2820 2821 2758
2758 2821 2822 2759
2759 2822 2823 2760
2760 2823 2824 2761
2761 2824 2825 2762
2762 2825 2826 2763
2763 2826 2827 2764
2764 2827 2828 2765
2765 2828 2829 2766
2766 2829 2830 2767
2767 2830 2831 2768
2768 2831 2832 2769
2769 2832 2833 2770
2770 2833 2834 2771
2772 2835 2836 2773
2773 2836 2837 2774
2774 2837 2838 2775
2775 2838 2839 2776
2776 2839 2840 2777
2777 2840 2841 2778
2778 2841 2842 2779
2779 2842 2843 2780
2780 2843 2844 2781
2781 2844 2845 2782
2782 2845 2846 2783
2783 2846 2847 2784
2784 2847 2848 2785
2785 2848 2849 2786
2786 2849 2850 2787
2787 2850 2851 2788
2788 2851 2852 2789
2789 2852 2853 2790
2790 2853 2854 2791
2791 2854 2855 2792
2792 2855 2856 2793
2793 2856 2857 2794
2794 2857 2858 2795
2795 2858 2859 2796
2796 2859 2860 2797
2797 2860 2861 2798
2798 2861 2862 2799
2799 2862 2863 2800
2800 2863 2864 2801
2801 2864 2865 2802
2802 2865 2866 2803
2803 2866 2867 2804
2804 2867 2868 2805
2805 2868 2869 2806
2806 2869 2870 2807
2807 2870 2871 2808
2808 2871 2872 2809
2809 2872 2873 2810
2810 2873 2874 2811
2811 2874 2875 2812
2812 2875 2876 2813
2813 2876 2877 2814
2814 2877 2878 2815
2815 2878 2879 2816
2816 2879 2880 2817
2817 2880 2881 2818
2818 2881 2882 2819
2819 2882 2883 2820
2820 2883 2884 2821
2821 2884 2885 2822
2822 2885 2886 2823
2823 2886 2887 2824
2824 2887 2888 2825
2825 2888 2889 2826
2826 2889 2890 2827
2827 2890 2891 2828
2828 2891 2892 2829
2829 2892 2893 2830
2830 2893 2894 2831
2831 2894 2895 2832
2832 2895 2896 2833
2833 2896 2897 2834
2835 2898 2899 2836
2836 2899 2900 2837
2837 2900 2901 2838
2838 2901 2902 2839
2839 2902 2903 2840
2840 2903 2904 2841
2841 2904 2905 2842
2842 2905 2906 2843
2843 2906 2907 2844
2844 2907 2908 2845
2845 2908 2909 2846
2846 2909 2910 2847
2847 2910 2911 2848
2848 2911 2912 2849
2849 2912 2913 2850
2850 2913 2914 2851
2851 2914 2915 2852
2852 2915 2916 2853
2853 2916 2917 2854
2854 2917 2918 2855
2855 2918 2919 2856
2856 2919 2920 2857
2857 2920 2921 2858
2858 2921 2922 2859
2859 2922 2923 2860
2860 2923 2924 2861
2861 2924 2925 2862
2862 2925 2926 2863
2863 2926 2927 2864
2864 2927 2928 2865
2865 2928 2929 2866
2866 2929 2930 2867
2867 2930 2931 2868
2868 2931 2932 2869
2869 2932 2933 2870
2870 2933 2934 2871
2871 2934 2935 2872
2872 2935 2936 2873
2873 2936 2937 2874
2874 2937 2938 2875
2875 2938 2939 2876
2876 2939 2940 2877
2877 2940 2941 2878
2878 2941 2942 2879
2879 2942 2943 2880
2880 2943 2944 2881
2881 2944 2945 2882
2882 2945 2946 2883
2883 2946 2947 2884
2884 2947 2948 2885
2885 2948 2949 2886
2886 2949 2950 2887
2887 2950 2951 2888
2888 2951 2952 2889
2889 2952 2953 2890
2890 2953 2954 2891
2891 2954 2955 2892
2892 2955 2956 2893
2893 2956 2957 2894
2894 2957 2958 2895
2895 2958 2959 2896
2896 2959 2960 2897
2898 2961 2962 2899
2899 2962 2963 2900
2900 2963 2964 2901
2901 2964 2965 2902
2902 2965 2966 2903
2903 2966 2967 2904
2904 2967 2968 2905
2905 2968 2969 2906
2906 2969 2970 2907
2907 2970 2971 2908
2908 2971 2972 2909
2909 2972 2973 2910
2910 2973 2974 2911
2911 2974 2975 2912
2912 2975 2976 2913
2913 2976 2977 2914
2914 2977 2978 2915
2915 2978 2979 2916
2916 2979 2980 2917
2917 2980 2981 2918
2918 2981 2982 2919
2919 2982 2983 2920
2920 2983 2984 2921
2921 2984 2985 2922
2922 2985 2986 2923
2923 2986 2987 2924
2924 2987 2988 2925
2925 2988 2989 2926
2926 2989 2990 2927
2927 2990 2991 2928
2928 2991 2992 2929
2929 2992 2993 2930
2930 2993 2994 2931
2931 2994 2995 2932
2932 2995 2996 2933
2933 2996 2997 2934
2934 2997 2998 2935
2935 2998 2999 2936
2936 2999 3000 2937
2937 3000 3001 2938
2938 3001 3002 2939
2939 3002 3003 2940
2940 3003 3004 2941
2941 3004 3005 2942
2942 3005 3006 2943
2943 3006 3007 2944
2944 3007 3008 2945
2945 3008 3009 2946
2946 3009 3010 2947
2947 3010 3011 2948
2948 3011 3012 2949
2949 3012 3013 2950
2950 3013 3014 2951
2951 3014 3015 2952
2952 3015 3016 2953
2953 3016 3017 2954
2954 3017 3018 2955
2955 3018 3019 2956
2956 3019 3020 2957
2957 3020 3021 2958
2958 3021 3022 2959
2959 3022 3023 2960
2961 3024 3025 2962
2962 3025 3026 2963
2963 3026 3027 2964
2964 3027 3028 2965
2965 3028 3029 2966
2966 3029 3030 2967
2967 3030 3031 2968
2968 3031 3032 2969
2969 3032 3033 2970
2970 3033 3034 2971
2971 3034 3035 2972
2972 3035 3036 2973
2973 3036 3037 2974
2974 3037 3038 2975
2975 3038 3039 2976
2976 3039 3040 2977
2977 3040 3041 2978
2978 3041 3042 2979
2979 3042 3043 2980
2980 3043 3044 2981
2981 3044 3045 2982
2982 3045 3046 2983
2983 3046 3047 2984
2984 3047 3048 2985
2985 3048 3049 2986
2986 3049 3050 2987
2987 3050 3051 2988
2988 3051 3052 2989
2989 3052 3053 2990
2990 3053 3054 2991
2991 3054 3055 2992
2992 3055 3056 2993
2993 3056 3057 2994
2994 3057 3058 2995
2995 3058 3059 2996
2996 3059 3060 2997
2997 3060 3061 2998
2998 3061 3062 2999
2999 3062 3063 3000
3000 3063 3064 3001
3001 3064 3065 3002
3002 3065 3066 3003
3003 3066 3067 3004
3004 3067 3068 3005
3005 3068 3069 3006
3006 3069 3070 3007
3007 3070 3071 3008
3008 3071 3072 3009
3009 3072 3073 3010
3010 3073 3074 3011
3011 3074 3075 3012
3012 3075 3076 3013
3013 3076 3077 3014
3014 3077 3078 3015
3015 3078 3079 3016
3016 3079 3080 3017
3017 3080 3081 3018
3018 3081 3082 3019
3019 3082 3083 3020
3020 3083 3084 3021
3021 3084 3085 3022
3022 3085 3086 3023
3024 3087 3088 3025
3025 3088 3089 3026
3026 3089 3090 3027
3027 3090 3091 3028
3028 3091 3092 3029
3029 3092 3093 3030
3030 3093 3094 3031
3031 3094 3095 3032
3032 3095 3096 3033
3033 3096 3097 3034
3034 3097 3098 3035
3035 3098 3099 3036
3036 3099 3100 3037
3037 3100 3101 3038
3038 3101 3102 3039
3039 3102 3103 3040
3040 3103 3104 3041
3041 3104 3105 3042
3042 3105 3106 3043
3043 3106 3107 3044
3044 3107 3108 3045
3045 3108 3109 3046
3046 3109 3110 3047
3047 3110 3111 3048
3048 3111 3112 3049
3049 3112 3113 3050
3050 3113 3114 3051
3051 3114 3115 3052
3052 3115 3116 3053
3053 3116 3117 3054
3054 3117 3118 3055
3055 3118 3119 3056
3056 3119 3120 3057
3057 3120 3121 3058
3058 3121 3122 3059
3059 3122 3123 3060
3060 3123 3124 3061
3061 3124 3125 3062
3062 3125 3126 3063
3063 3126 3127 3064
3064 3127 3128 3065
3065 3128 3129 3066
3066 3129 3130 3067
3067 3130 3131 3068
3068 3131 3132 3069
3069 3132 3133 3070
3070 3133 3134 3071
3071 3134 3135 3072
3072 3135 3136 3073
3073 3136 3137 3074
3074 3137 3138 3075
3075 3138 3139 3076
3076 3139 3140 3077
3077 3140 3141 3078
3078 3141 3142 3079
3079 3142 3143 3080
3080 3143 3144 3081
3081 3144 3145 3082
3082 3145 3146 3083
3083 3146 3147 3084
3084 3147 3148 3085
3085 3148 3149 3086
3087 3150 3151 3088
3088 3151 3152 3089
3089 3152 3153 3090
3090 3153 3154 3091
3091 3154 3155 3092
3092 3155 3156 3093
3093 3156 3157 3094
3094 3157 3158 3095
3095 3158 3159 3096
3096 3159 3160 3097
3097 3160 3161 3098
3098 3161 3162 3099
3099 3162 3163 3100
3100 3163 3164 3101
3101 3164 3165 3102
3102 3165 3166 3103
3103 3166 3167 3104
3104 3167 3168 3105
3105 3168 3169 3106
3106 3169 3170 3107
3107 3170 3171 3108
3108 3171 3172 3109
3109 3172 3173 3110
3110 3173 3174 3111
3111 3174 3175 3112
3112 3175 3176 3113
3113 3176 3177 3114
3114 3177 3178 3115
3115 3178 3179 3116
3116 3179 3180 3117
3117 3180 3181 3118
3118 3181 3182 3119
3119 3182 3183 3120
3120 3183 3184 3121
3121 3184 3185 3122
3122 3185 3186 3123
3123 3186 3187 3124
3124 3187 3188 3125
3125 3188 3189 3126
3126 3189 3190 3127
3127 3190 3191 3128
3128 3191 3192 3129
3129 3192 3193 3130
3130 3193 3194 3131
3131 3194 3195 3132
3132 3195 3196 3133
3133 3196 3197 3134
3134 3197 3198 3135
3135 3198 3199 3136
3136 3199 3200 3137
3137 3200 3201 3138
3138 3201 3202 3139
3139 3202 3203 3140
3140 3203 3204 3141
3141 3204 3205 3142
3142 3205 3206 3143
3143 3206 3207 3144
3144 3207 3208 3145
3145 3208 3209 3146
3146 3209 3210 3147
3147 3210 3211 3148
3148 3211 3212 3149
3150 3213 3214 3151
3151 3214 3215 3152
3152 3215 3216 3153
3153 3216 3217 3154
3154 3217 3218 3155
3155 3218 3219 3156
3156 3219 3220 3157
3157 3220 3221 3158
3158 3221 3222 3159
3159 3222 3223 3160
3160 3223 3224 3161
3161 3224 3225 3162
3162 3225 3226 3163
3163 3226 3227 3164
3164 3227 3228 3165
3165 3228 3229 3166
3166 3229 3230 3167
3167 3230 3231 3168
3168 3231 3232 3169
3169 3232 3233 3170
3170 3233 3234 3171
3171 3234 3235 3172
3172 3235 3236 3173
3173 3236 3237 3174
3174 3237 3238 3175
3175 3238 3239 3176
3176 3239 3240 3177
3177 3240 3241 3178
3178 3241 3242 3179
3179 3242 3243 3180
3180 3243 3244 3181
3181 3244 3245 3182
3182 3245 3246 3183
3183 3246 3247 3184
3184 3247 3248 3185
3185 3248 3249 3186
3186 3249 3250 3187
3187 3250 3251 3188
3188 3251 3252 3189
3189 3252 3253 3190
3190 3253 3254 3191
3191 3254 3255 3192
3192 3255 3256 3193
3193 3256 3257 3194
3194 3257 3258 3195
3195 3258 3259 3196
3196 3259 3260 3197
3197 3260 3261 3198
3198 3261 3262 3199
3199 3262 3263 3200
3200 3263 3264 3201
3201 3264 3265 3202
3202 3265 3266 3203
3203 3266 3267 3204
3204 3267 3268 3205
3205 3268 3269 3206
3206 3269 3270 3207
3207 3270 3271 3208
3208 3271 3272 3209
3209 3272 3273 3210
3210 3273 3274 3211
3211 3274 3275 3212
3213 3276 3277 3214
3214 3277 3278 3215
3215 3278 3279 3216
3216 3279 3280 3217
3217 3280 3281 3218
3218 3281 3282 3219
3219 3282 3283 3220
3220 3283 3284 3221
3221 3284 3285 3222
3222 3285 3286 3223
3223 3286 3287 3224
3224 3287 3288 3225
3225 3288 3289 3226
3226 3289 3290 3227
3227 3290 3291 3228
3228 3291 3292 3229
3229 3292 3293 3230
3230 3293 3294 3231
3231 3294 3295 3232
3232 3295 3296 3233
3233 3296 3297 3234
3234 3297 3298 3235
3235 3298 3299 3236
3236 3299 3300 3237
3237 3300 3301 3238
3238 3301 3302 3239
3239 3302 3303 3240
3240 3303 3304 3241
3241 3304 3305 3242
3242 3305 3306 3243
3243 3306 3307 3244
3244 3307 3308 3245
3245 3308 3309 3246
3246 3309 3310 3247
3247 3310 3311 3248
3248 3311 3312 3249
3249 3312 3313 3250
3250 3313 3314 3251
3251 3314 3315 3252
3252 3315 3316 3253
3253 3316 3317 3254
3254 3317 3318 3255
3255 3318 3319 3256
3256 3319 3320 3257
3257 3320 3321 3258
3258 3321 3322 3259
3259 3322 3323 3260
3260 3323 3324 3261
3261 3324 3325 3262
3262 3325 3326 3263
3263 3326 3327 3264
3264 3327 3328 3265
3265 3328 3329 3266
3266 3329 3330 3267
3267 3330 3331 3268
3268 3331 3332 3269
3269 3332 3333 3270
3270 3333 3334 3271
3271 3334 3335 3272
3272 3335 3336 3273
3273 3336 3337 3274
3274 3337 3338 3275
3276 3339 3340 3277
3277 3340 3341 3278
3278 3341 3342 3279
3279 3342 3343 3280
3280 3343 3344 3281
3281 3344 3345 3282
3282 3345 3346 3283
3283 3346 3347 3284
3284 3347 3348 3285
3285 3348 3349 3286
3286 3349 3350 3287
3287 3350 3351 3288
3288 3351 3352 3289
3289 3352 3353 3290
3290 3353 3354 3291
3291 3354 3355 3292
3292 3355 3356 3293
3293 3356 3357 3294
3294 3357 3358 3295
3295 3358 3359 3296
3296 3359 3360 3297
3297 3360 3361 3298
3298 3361 3362 3299
3299 3362 3363 3300
3300 3363 3364 3301
3301 3364 3365 3302
3302 3365 3366 3303
3303 3366 3367 3304
3304 3367 3368 3305
3305 3368 3369 3306
3306 3369 3370 3307
3307 3370 3371 3308
3308 3371 3372 3309
3309 3372 3373 3310
3310 3373 3374 3311
3311 3374 3375 3312
3312 3375 3376 3313
3313 3376 3377 3314
3314 3377 3378 3315
3315 3378 3379 3316
3316 3379 3380 3317
3317 3380 3381 3318
3318 3381 3382 3319
3319 3382 3383 3320
3320 3383 3384 3321
3321 3384 3385 3322
3322 3385 3386 3323
3323 3386 3387 3324
3324 3387 3388 3325
3325 3388 3389 3326
3326 3389 3390 3327
3327 3390 3391 3328
3328 3391 3392 3329
3329 3392 3393 3330
3330 3393 3394 3331
3331 3394 3395 3332
3332 3395 3396 3333
3333 3396 3397 3334
3334 3397 3398 3335
3335 3398 3399 3336
3336 3399 3400 3337
3337 3400 3401 3338
3339 3402 3403 3340
3340 3403 3404 3341
3341 3404 3405 3342
3342 3405 3406 3343
3343 3406 3407 3344
3344 3407 3408 3345
3345 3408 3409 3346
3346 3409 3410 3347
3347 3410 3411 3348
3348 3411 3412 3349
3349 3412 3413 3350
3350 3413 3414 3351
3351 3414 3415 3352
3352 3415 3416 3353
3353 3416 3417 3354
3354 3417 3418 3355
3355 3418 3419 3356
3356 3419 3420 3357
3357 3420 3421 3358
3358 3421 3422 3359
3359 3422 3423 3360
3360 3423 3424 3361
3361 3424 3425 3362
3362 3425 3426 3363
3363 3426 3427 3364
3364 3427 3428 3365
3365 3428 3429 3366
3366 3429 3430 3367
3367 3430 3431 3368
3368 3431 3432 3369
3369 3432 3433 3370
3370 3433 3434 3371
3371 3434 3435 3372
3372 3435 3436 3373
3373 3436 3437 3374
3374 3437 3438 3375
3375 3438 3439 3376
3376 3439 3440 3377
3377 3440 3441 3378
3378 3441 3442 3379
3379 3442 3443 3380
3380 3443 3444 3381
3381 3444 3445 3382
3382 3445 3446 3383
3383 3446 3447 3384
3384 3447 3448 3385
3385 3448 3449 3386
3386 3449 3450 3387
3387 3450 3451 3388
3388 3451 3452 3389
3389 3452 3453 3390
3390 3453 3454 3391
3391 3454 3455 3392
3392 3455 3456 3393
3393 3456 3457 3394
3394 3457 3458 3395
3395 3458 3459 3396
3396 3459 3460 3397
3397 3460 3461 3398
3398 3461 3462 3399
3399 3462 3463 3400
3400 3463 3464 3401
3402 3465 3466 3403
3403 3466 3467 3404
3404 3467 3468 3405
3405 3468 3469 3406
3406 3469 3470 3407
3407 3470 3471 3408
3408 3471 3472 3409
3409 3472 3473 3410
3410 3473 3474 3411
3411 3474 3475 3412
3412 3475 3476 3413
3413 3476 3477 3414
3414 3477 3478 3415
3415 3478 3479 3416
3416 3479 3480 3417
3417 3480 3481 3418
3418 3481 3482 3419
3419 3482 3483 3420
3420 3483 3484 3421
3421 3484 3485 3422
3422 3485 3486 3423
3423 3486 3487 3424
3424 3487 3488 3425
3425 3488 3489 3426
3426 3489 3490 3427
3427 3490 3491 3428
3428 3491 3492 3429
3429 3492 3493 3430
3430 3493 3494 3431
3431 3494 3495 3432
3432 3495 3496 3433
3433 3496 3497 3434
3434 3497 3498 3435
3435 3498 3499 3436
3436 3499 3500 3437
3437 3500 3501 3438
3438 3501 3502 3439
3439 3502 3503 3440
3440 3503 3504 3441
3441 3504 3505 3442
3442 3505 3506 3443
3443 3506 3507 3444
3444 3507 3508 3445
3445 3508 3509 3446
3446 3509 3510 3447
3447 3510 3511 3448
3448 3511 3512 3449
3449 3512 3513 3450
3450 3513 3514 3451
3451 3514 3515 3452
3452 3515 3516 3453
3453 3516 3517 3454
3454 3517 3518 3455
3455 3518 3519 3456
3456 3519 3520 3457
3457 3520 3521 3458
3458 3521 3522 3459
3459 3522 3523 3460
3460 3523 3524 3461
3461 3524 3525 3462
3462 3525 3526 3463
3463 3526 3527 3464
3465 3528 3529 3466
3466 3529 3530 3467
3467 3530 3531 3468
3468 3531 3532 3469
3469 3532 3533 3470
3470 3533 3534 3471
3471 3534 3535 3472
3472 3535 3536 3473
3473 3536 3537 3474
3474 3537 3538 3475
3475 3538 3539 3476
3476 3539 3540 3477
3477 3540 3541 3478
3478 3541 3542 3479
3479 3542 3543 3480
3480 3543 3544 3481
3481 3544 3545 3482
3482 3545 3546 3483
3483 3546 3547 3484
3484 3547 3548 3485
3485 3548 3549 3486
3486 3549 3550 3487
3487 3550 3551 3488
3488 3551 3552 3489
3489 3552 3553 3490
3490 3553 3554 3491
3491 3554 3555 3492
3492 3555 3556 3493
3493 3556 3557 3494
3494 3557 3558 3495
3495 3558 3559 3496
3496 3559 3560 3497
3497 3560 3561 3498
3498 3561 3562 3499
3499 3562 3563 3500
3500 3563 3564 3501
3501 3564 3565 3502
3502 3565 3566 3503
3503 3566 3567 3504
3504 3567 3568 3505
3505 3568 3569 3506
3506 3569 3570 3507
3507 3570 3571 3508
3508 3571 3572 3509
3509 3572 3573 3510
3510 3573 3574 3511
3511 3574 3575 3512
3512 3575 3576 3513
3513 3576 3577 3514
3514 3577 3578 3515
3515 3578 3579 3516
3516 3579 3580 3517
3517 3580 3581 3518
3518 3581 3582 3519
3519 3582 3583 3520
3520 3583 3584 3521
3521 3584 3585 3522
3522 3585 3586 3523
3523 3586 3587 3524
3524 3587 3588 3525
3525 3588 3589 3526
3526 3589 3590 3527
3528 3591 3592 3529
3529 3592 3593 3530
3530 3593 3594 3531
3531 3594 3595 3532
3532 3595 3596 3533
3533 3596 3597 3534
3534 3597 3598 3535
3535 3598 3599 3536
3536 3599 3600 3537
3537 3600 3601 3538
3538 3601 3602 3539
3539 3602 3603 3540
3540 3603 3604 3541
3541 3604 3605 3542
3542 3605 3606 3543
3543 3606 3607 3544
3544 3607 3608 3545
3545 3608 3609 3546
3546 3609 3610 3547
3547 3610 3611 3548
3548 3611 3612 3549
3549 3612 3613 3550
3550 3613 3614 3551
3551 3614 3615 3552
3552 3615 3616 3553
3553 3616 3617 3554
3554 3617 3618 3555
3555 3618 3619 3556
3556 3619 3620 3557
3557 3620 3621 3558
3558 3621 3622 3559
3559 3622 3623 3560
3560 3623 3624 3561
3561 3624 3625 3562
3562 3625 3626 3563
3563 3626 3627 3564
3564 3627 3628 3565
3565 3628 3629 3566
3566 3629 3630 3567
3567 3630 3631 3568
3568 3631 3632 3569
3569 3632 3633 3570
3570 3633 3634 3571
3571 3634 3635 3572
3572 3635 3636 3573
3573 3636 3637 3574
3574 3637 3638 3575
3575 3638 3639 3576
3576 3639 3640 3577
3577 3640 3641 3578
3578 3641 3642 3579
3579 3642 3643 3580
3580 3643 3644 3581
3581 3644 3645 3582
3582 3645 3646 3583
3583 3646 3647 3584
3584 3647 3648 3585
3585 3648 3649 3586
3586 3649 3650 3587
3587 3650 3651 3588
3588 3651 3652 3589
3589 3652 3653 3590
3591 3654 3655 3592
3592 3655 3656 3593
3593 3656 3657 3594
3594 3657 3658 3595
3595 3658 3659 3596
3596 3659 3660 3597
3597 3660 3661 3598
3598 3661 3662 3599
3599 3662 3663 3600
3600 3663 3664 3601
3601 3664 3665 3602
3602 3665 3666 3603
3603 3666 3667 3604
3604 3667 3668 3605
3605 3668 3669 3606
3606 3669 3670 3607
3607 3670 3671 3608
3608 3671 3672 3609
3609 3672 3673 3610
3610 3673 3674 3611
3611 3674 3675 3612
3612 3675 3676 3613
3613 3676 3677 3614
3614 3677 3678 3615
3615 3678 3679 3616
3616 3679 3680 3617
3617 3680 3681 3618
3618 3681 3682 3619
3619 3682 3683 3620
3620 3683 3684 3621
3621 3684 3685 3622
3622 3685 3686 3623
3623 3686 3687 3624
3624 3687 3688 3625
3625 3688 3689 3626
3626 3689 3690 3627
3627 3690 3691 3628
3628 3691 3692 3629
3629 3692 3693 3630
3630 3693 3694 3631
3631 3694 3695 3632
3632 3695 3696 3633
3633 3696 3697 3634
3634 3697 3698 3635
3635 3698 3699 3636
3636 3699 3700 3637
3637 3700 3701 3638
3638 3701 3702 3639
3639 3702 3703 3640
3640 3703 3704 3641
3641 3704 3705 3642
3642 3705 3706 3643
3643 3706 3707 3644
3644 3707 3708 3645
3645 3708 3709 3646
3646 3709 3710 3647
3647 3710 3711 3648
3648 3711 3712 3649
3649 3712 3713 3650
3650 3713 3714 3651
3651 3714 3715 3652
3652 3715 3716 3653
3654 3717 3718 3655
3655 3718 3719 3656
3656 3719 3720 3657
3657 3720 3721 3658
3658 3721 3722 3659
3659 3722 3723 3660
3660 3723 3724 3661
3661 3724 3725 3662
3662 3725 3726 3663
3663 3726 3727 3664
3664 3727 3728 3665
3665 3728 3729 3666
3666 3729 3730 3667
3667 3730 3731 3668
3668 3731 3732 3669
3669 3732 3733 3670
3670 3733 3734 3671
3671 3734 3735 3672
3672 3735 3736 3673
3673 3736 3737 3674
3674 3737 3738 3675
3675 3738 3739 3676
3676 3739 3740 3677
3677 3740 3741 3678
3678 3741 3742 3679
3679 3742 3743 3680
3680 3743 3744 3681
3681 3744 3745 3682
3682 3745 3746 3683
3683 3746 3747 3684
3684 3747 3748 3685
3685 3748 3749 3686
3686 3749 3750 3687
3687 3750 3751 3688
3688 3751 3752 3689
3689 3752 3753 3690
3690 3753 3754 3691
3691 3754 3755 3692
3692 3755 3756 3693
3693 3756 3757 3694
3694 3757 3758 3695
3695 3758 3759 3696
3696 3759 3760 3697
3697 3760 3761 3698
3698 3761 3762 3699
3699 3762 3763 3700
3700 3763 3764 3701
3701 3764 3765 3702
3702 3765 3766 3703
3703 3766 3767 3704
3704 3767 3768 3705
3705 3768 3769 3706
3706 3769 3770 3707
3707 3770 3771 3708
3708 3771 3772 3709
3709 3772 3773 3710
3710 3773 3774 3711
3711 3774 3775 3712
3712 3775 3776 3713
3713 3776 3777 3714
3714 3777 3778 3715
3715 3778 3779 3716
3717 3780 3781 3718
3718 3781 3782 3719
3719 3782 3783 3720
3720 3783 3784 3721
3721 3784 3785 3722
3722 3785 3786 3723
3723 3786 3787 3724
3724 3787 3788 3725
3725 3788 3789 3726
3726 3789 3790 3727
3727 3790 3791 3728
3728 3791 3792 3729
3729 3792 3793 3730
3730 3793 3794 3731
3731 3794 3795 3732
3732 3795 3796 3733
3733 3796 3797 3734
3734 3797 3798 3735
3735 3798 3799 3736
3736 3799 3800 3737
3737 3800 3801 3738
3738 3801 3802 3739
3739 3802 3803 3740
3740 3803 3804 3741
3741 3804 3805 3742
3742 3805 3806 3743
3743 3806 3807 3744
3744 3807 3808 3745
3745 3808 3809 3746
3746 3809 3810 3747
3747 3810 3811 3748
3748 3811 3812 3749
3749 3812 3813 3750
3750 3813 3814 3751
3751 3814 3815 3752
3752 3815 3816 3753
3753 3816 3817 3754
3754 3817 3818 3755
3755 3818 3819 3756
3756 3819 3820 3757
3757 3820 3821 3758
3758 3821 3822 3759
3759 3822 3823 3760
3760 3823 3824 3761
3761 3824 3825 3762
3762 3825 3826 3763
3763 3826 3827 3764
3764 3827 3828 3765
3765 3828 3829 3766
3766 3829 3830 3767
3767 3830 3831 3768
3768 3831 3832 3769
3769 3832 3833 3770
3770 3833 3834 3771
3771 3834 3835 3772
3772 3835 3836 3773
3773 3836 3837 3774
3774 3837 3838 3775
3775 3838 3839 3776
3776 3839 3840 3777
3777 3840 3841 3778
3778 3841 3842 3779
3780 3843 3844 3781
3781 3844 3845 3782
3782 3845 3846 3783
3783 3846 3847 3784
3784 3847 3848 3785
3785 3848 3849 3786
3786 3849 3850 3787
3787 3850 3851 3788
3788 3851 3852 3789
3789 3852 3853 3790
3790 3853 3854 3791
3791 3854 3855 3792
3792 3855 3856 3793
3793 3856 3857 3794
3794 3857 3858 3795
3795 3858 3859 3796
3796 3859 3860 3797
3797 3860 3861 3798
3798 3861 3862 3799
3799 3862 3863 3800
3800 3863 3864 3801
3801 3864 3865 3802
3802 3865 3866 3803
3803 3866 3867 3804
3804 3867 3868 3805
3805 3868 3869 3806
3806 3869 3870 3807
3807 3870 3871 3808
3808 3871 3872 3809
3809 3872 3873 3810
3810 3873 3874 3811
3811 3874 3875 3812
3812 3875 3876 3813
3813 3876 3877 3814
3814 3877 3878 3815
3815 3878 3879 3816
3816 3879 3880 3817
3817 3880 3881 3818
3818 3881 3882 3819
3819 3882 3883 3820
3820 3883 3884 3821
3821 3884 3885 3822
3822 3885 3886 3823
3823 3886 3887 3824
3824 3887 3888 3825
3825 3888 3889 3826
3826 3889 3890 3827
3827 3890 3891 3828
3828 3891 3892 3829
3829 3892 3893 3830
3830 3893 3894 3831
3831 3894 3895 3832
3832 3895 3896 3833
3833 3896 3897 3834
3834 3897 3898 3835
3835 3898 3899 3836
3836 3899 3900 3837
3837 3900 3901 3838
3838 3901 3902 3839
3839 3902 3903 3840
3840 3903 3904 3841
3841 3904 3905 3842
3843 3906 3907 3844
3844 3907 3908 3845
3845 3908 3909 3846
3846 3909 3910 3847
3847 3910 3911 3848
3848 3911 3912 3849
3849 3912 3913 3850
3850 3913 3914 3851
3851 3914 3915 3852
3852 3915 3916 3853
3853 3916 3917 3854
3854 3917 3918 3855
3855 3918 3919 3856
3856 3919 3920 3857
3857 3920 3921 3858
3858 3921 3922 3859
3859 3922 3923 3860
3860 3923 3924 3861
3861 3924 3925 3862
3862 3925 3926 3863
3863 3926 3927 3864
3864 3927 3928 3865
3865 3928 3929 3866
3866 3929 3930 3867
3867 3930 3931 3868
3868 3931 3932 3869
3869 3932 3933 3870
3870 3933 3934 3871
3871 3934 3935 3872
3872 3935 3936 3873
3873 3936 3937 3874
3874 3937 3938 3875
3875 3938 3939 3876
3876 3939 3940 3877
3877 3940 3941 3878
3878 3941 3942 3879
3879 3942 3943 3880
3880 3943 3944 3881
3881 3944 3945 3882
3882 3945 3946 3883
3883 3946 3947 3884
3884 3947 3948 3885
3885 3948 3949 3886
3886 3949 3950 3887
3887 3950 3951 3888
3888 3951 3952 3889
3889 3952 3953 3890
3890 3953 3954 3891
3891 3954 3955 3892
3892 3955 3956 3893
3893 3956 3957 3894
3894 3957 3958 3895
3895 3958 3959 3896
3896 3959 3960 3897
3897 3960 3961 3898
3898 3961 3962 3899
3899 3962 3963 3900
3900 3963 3964 3901
3901 3964 3965 3902
3902 3965 3966 3903
3903 3966 3967 3904
3904 3967 3968 3905
3906 3969 3970 3907
3907 3970 3971 3908
3908 3971 3972 3909
3909 3972 3973 3910
3910 3973 3974 3911
3911 3974 3975 3912
3912 3975 3976 3913
3913 3976 3977 3914
3914 3977 3978 3915
3915 3978 3979 3916
3916 3979 3980 3917
3917 3980 3981 3918
3918 3981 3982 3919
3919 3982 3983 3920
3920 3983 3984 3921
3921 3984 3985 3922
3922 3985 3986 3923
3923 3986 3987 3924
3924 3987 3988 3925
3925 3988 3989 3926
3926 3989 3990 3927
3927 3990 3991 3928
3928 3991 3992 3929
3929 3992 3993 3930
3930 3993 3994 3931
3931 3994 3995 3932
3932 3995 3996 3933
3933 3996 3997 3934
3934 3997 3998 3935
3935 3998 3999 3936
3936 3999 4000 3937
3937 4000 4001 3938
3938 4001 4002 3939
3939 4002 4003 3940
3940 4003 4004 3941
3941 4004 4005 3942
3942 4005 4006 3943
3943 4006 4007 3944
3944 4007 4008 3945
3945 4008 4009 3946
3946 4009 4010 3947
3947 4010 4011 3948
3948 4011 4012 3949
3949 4012 4013 3950
3950 4013 4014 3951
3951 4014 4015 3952
3952 4015 4016 3953
3953 4016 4017 3954
3954 4017 4018 3955
3955 4018 4019 3956
3956 4019 4020 3957
3957 4020 4021 3958
3958 4021 4022 3959
3959 4022 4023 3960
3960 4023 4024 3961
3961 4024 4025 3962
3962 4025 4026 3963
3963 4026 4027 3964
3964 4027 4028 3965
3965 4028 4029 3966
3966 4029 4030 3967
3967 4030 4031 3968
3969 4032 4033 3970
3970 4033 4034 3971
3971 4034 4035 3972
3972 4035 4036 3973
3973 4036 4037 3974
3974 4037 4038 3975
3975 4038 4039 3976
3976 4039 4040 3977
3977 4040 4041 3978
3978 4041 4042 3979
3979 4042 4043 3980
3980 4043 4044 3981
3981 4044 4045 3982
3982 4045 4046 3983
3983 4046 4047 3984
3984 4047 4048 3985
3985 4048 4049 3986
3986 4049 4050 3987
3987 4050 4051 3988
3988 4051 4052 3989
3989 4052 4053 3990
3990 4053 4054 3991
3991 4054 4055 3992
3992 4055 4056 3993
3993 4056 4057 3994
3994 4057 4058 3995
3995 4058 4059 3996
3996 4059 4060 3997
3997 4060 4061 3998
3998 4061 4062 3999
3999 4062 4063 4000
4000 4063 4064 4001
4001 4064 4065 4002
4002 4065 4066 4003
4003 4066 4067 4004
4004 4067 4068 4005
4005 4068 4069 4006
4006 4069 4070 4007
4007 4070 4071 4008
4008 4071 4072 4009
4009 4072 4073 4010
4010 4073 4074 4011
4011 4074 4075 4012
4012 4075 4076 4013
4013 4076 4077 4014
4014 4077 4078 4015
4015 4078 4079 4016
4016 4079 4080 4017
4017 4080 4081 4018
4018 4081 4082 4019
4019 4082 4083 4020
4020 4083 4084 4021
4021 4084 4085 4022
4022 4085 4086 4023
4023 4086 4087 4024
4024 4087 4088 4025
4025 4088 4089 4026
4026 4089 4090 4027
4027 4090 4091 4028
4028 4091 4092 4029
4029 4092 4093 4030
4030 4093 4094 4031
4032 4095 4096 4033
4033 4096 4097 4034
4034 4097 4098 4035
4035 4098 4099 4036
4036 4099 4100 4037
4037 4100 4101 4038
4038 4101 4102 4039
4039 4102 4103 4040
4040 4103 4104 4041
4041 4104 4105 4042
4042 4105 4106 4043
4043 4106 4107 4044
4044 4107 4108 4045
4045 4108 4109 4046
4046 4109 4110 4047
4047 4110 4111 4048
4048 4111 4112 4049
4049 4112 4113 4050
4050 4113 4114 4051
4051 4114 4115 4052
4052 4115 4116 4053
4053 4116 4117 4054
4054 4117 4118 4055
4055 4118 4119 4056
4056 4119 4120 4057
4057 4120 4121 4058
4058 4121 4122 4059
4059 4122 4123 4060
4060 4123 4124 4061
4061 4124 4125 4062
4062 4125 4126 4063
4063 4126 4127 4064
4064 4127 4128 4065
4065 4128 4129 4066
4066 4129 4130 4067
4067 4130 4131 4068
4068 4131 4132 4069
4069 4132 4133 4070
4070 4133 4134 4071
4071 4134 4135 4072
4072 4135 4136 4073
4073 4136 4137 4074
4074 4137 4138 4075
4075 4138 4139 4076
4076 4139 4140 4077
4077 4140 4141 4078
4078 4141 4142 4079
4079 4142 4143 4080
4080 4143 4144 4081
4081 4144 4145 4082
4082 4145 4146 4083
4083 4146 4147 4084
4084 4147 4148 4085
4085 4148 4149 4086
4086 4149 4150 4087
4087 4150 4151 4088
4088 4151 4152 4089
4089 4152 4153 4090
4090 4153 4154 4091
4091 4154 4155 4092
4092 4155 4156 4093
4093 4156 4157 4094
4095 4158 4159 4096
4096 4159 4160 4097
4097 4160 4161 4098
4098 4161 4162 4099
4099 4162 4163 4100
4100 4163 4164 4101
4101 4164 4165 4102
4102 4165 4166 4103
4103 4166 4167 4104
4104 4167 4168 4105
4105 4168 4169 4106
4106 4169 4170 4107
4107 4170 4171 4108
4108 4171 4172 4109
4109 4172 4173 4110
4110 4173 4174 4111
4111 4174 4175 4112
4112 4175 4176 4113
4113 4176 4177 4114
4114 4177 4178 4115
4115 4178 4179 4116
4116 4179 4180 4117
4117 4180 4181 4118
4118 4181 4182 4119
4119 4182 4183 4120
4120 4183 4184 4121
4121 4184 4185 4122
4122 4185 4186 4123
4123 4186 4187 4124
4124 4187 4188 4125
4125 4188 4189 4126
4126 4189 4190 4127
4127 4190 4191 4128
4128 4191 4192 4129
4129 4192 4193 4130
4130 4193 4194 4131
4131 4194 4195 4132
4132 4195 4196 4133
4133 4196 4197 4134
4134 4197 4198 4135
4135 4198 4199 4136
4136 4199 4200 4137
4137 4200 4201 4138
4138 4201 4202 4139
4139 4202 4203 4140
4140 4203 4204 4141
4141 4204 4205 4142
4142 4205 4206 4143
4143 4206 4207 4144
4144 4207 4208 4145
4145 4208 4209 4146
4146 4209 4210 4147
4147 4210 4211 4148
4148 4211 4212 4149
4149 4212 4213 4150
4150 4213 4214 4151
4151 4214 4215 4152
4152 4215 4216 4153
4153 4216 4217 4154
4154 4217 4218 4155
4155 4218 4219 4156
4156 4219 4220 4157
4158 4221 4222 4159
4159 4222 4223 4160
4160 4223 4224 4161
4161 4224 4225 4162
4162 4225 4226 4163
4163 4226 4227 4164
4164 4227 4228 4165
4165 4228 4229 4166
4166 4229 4230 4167
4167 4230 4231 4168
4168 4231 4232 4169
4169 4232 4233 4170
4170 4233 4234 4171
4171 4234 4235 4172
4172 4235 4236 4173
4173 4236 4237 4174
4174 4237 4238 4175
4175 4238 4239 4176
4176 4239 4240 4177
4177 4240 4241 4178
4178 4241 4242 4179
4179 4242 4243 4180
4180 4243 4244 4181
4181 4244 4245 4182
4182 4245 4246 4183
4183 4246 4247 4184
4184 4247 4248 4185
4185 4248 4249 4186
4186 4249 4250 4187
4187 4250 4251 4188
4188 4251 4252 4189
4189 4252 4253 4190
4190 4253 4254 4191
4191 4254 4255 4192
4192 4255 4256 4193
4193 4256 4257 4194
4194 4257 4258 4195
4195 4258 4259 4196
4196 4259 4260 4197
4197 4260 4261 4198
4198 4261 4262 4199
4199 4262 4263 4200
4200 4263 4264 4201
4201 4264 4265 4202
4202 4265 4266 4203
4203 4266 4267 4204
4204 4267 4268 4205
4205 4268 4269 4206
4206 4269 4270 4207
4207 4270 4271 4208
4208 4271 4272 4209
4209 4272 4273 4210
4210 4273 4274 4211
4211 4274 4275 4212
4212 4275 4276 4213
4213 4276 4277 4214
4214 4277 4278 4215
4215 4278 4279 4216
4216 4279 4280 4217
4217 4280 4281 4218
4218 4281 4282 4219
4219 4282 4283 4220
4221 4284 4285 4222
4222 4285 4286 4223
4223 4286 4287 4224
4224 4287 4288 4225
4225 4288 4289 4226
4226 4289 4290 4227
4227 4290 4291 4228
4228 4291 4292 4229
4229 4292 4293 4230
4230 4293 4294 4231
4231 4294 4295 4232
4232 4295 4296 4233
4233 4296 4297 4234
4234 4297 4298 4235
4235 4298 4299 4236
4236 4299 4300 4237
4237 4300 4301 4238
4238 4301 4302 4239
4239 4302 4303 4240
4240 4303 4304 4241
4241 4304 4305 4242
4242 4305 4306 4243
4243 4306 4307 4244
4244 4307 4308 4245
4245 4308 4309 4246
4246 4309 4310 4247
4247 4310 4311 4248
4248 4311 4312 4249
4249 4312 4313 4250
4250 4313 4314 4251
4251 4314 4315 4252
4252 4315 4316 4253
4253 4316 4317 4254
4254 4317 4318 4255
4255 4318 4319 4256
4256 4319 4320 4257
4257 4320 4321 4258
4258 4321 4322 4259
4259 4322 4323 4260
4260 4323 4324 4261
4261 4324 4325 4262
4262 4325 4326 4263
4263 4326 4327 4264
4264 4327 4328 4265
4265 4328 4329 4266
4266 4329 4330 4267
4267 4330 4331 4268
4268 4331 4332 4269
4269 4332 4333 4270
4270 4333 4334 4271
4271 4334 4335 4272
4272 4335 4336 4273
4273 4336 4337 4274
4274 4337 4338 4275
4275 4338 4339 4276
4276 4339 4340 4277
4277 4340 4341 4278
4278 4341 4342 4279
4279 4342 4343 4280
4280 4343 4344 4281
4281 4344 4345 4282
4282 4345 4346 4283
4284 4347 4348 4285
4285 4348 4349 4286
4286 4349 4350 4287
4287 4350 4351 4288
4288 4351 4352 4289
4289 4352 4353 4290
4290 4353 4354 4291
4291 4354 4355 4292
4292 4355 4356 4293
4293 4356 4357 4294
4294 4357 4358 4295
4295 4358 4359 4296
4296 4359 4360 4297
4297 4360 4361 4298
4298 4361 4362 4299
4299 4362 4363 4300
4300 4363 4364 4301
4301 4364 4365 4302
4302 4365 4366 4303
4303 4366 4367 4304
4304 4367 4368 4305
4305 4368 4369 4306
4306 4369 4370 4307
4307 4370 4371 4308
4308 4371 4372 4309
4309 4372 4373 4310
4310 4373 4374 4311
4311 4374 4375 4312
4312 4375 4376 4313
4313 4376 4377 4314
4314 4377 4378 4315
4315 4378 4379 4316
4316 4379 4380 4317
4317 4380 4381 4318
4318 4381 4382 4319
4319 4382 4383 4320
4320 4383 4384 4321
4321 4384 4385 4322
4322 4385 4386 4323
4323 4386 4387 4324
4324 4387 4388 4325
4325 4388 4389 4326
4326 4389 4390 4327
4327 4390 4391 4328
4328 4391 4392 4329
4329 4392 4393 4330
4330 4393 4394 4331
4331 4394 4395 4332
4332 4395 4396 4333
4333 4396 4397 4334
4334 4397 4398 4335
4335 4398 4399 4336
4336 4399 4400 4337
4337 4400 4401 4338
4338 4401 4402 4339
4339 4402 4403 4340
4340 4403 4404 4341
4341 4404 4405 4342
4342 4405 4406 4343
4343 4406 4407 4344
4344 4407 4408 4345
4345 4408 4409 4346
4347 4410 4411 4348
4348 4411 4412 4349
4349 4412 4413 4350
4350 4413 4414 4351
4351 4414 4415 4352
4352 4415 4416 4353
4353 4416 4417 4354
4354 4417 4418 4355
4355 4418 4419 4356
4356 4419 4420 4357
4357 4420 4421 4358
4358 4421 4422 4359
4359 4422 4423 4360
4360 4423 4424 4361
4361 4424 4425 4362
4362 4425 4426 4363
4363 4426 4427 4364
4364 4427 4428 4365
4365 4428 4429 4366
4366 4429 4430 4367
4367 4430 4431 4368
4368 4431 4432 4369
4369 4432 4433 4370
4370 4433 4434 4371
4371 4434 4435 4372
4372 4435 4436 4373
4373 4436 4437 4374
4374 4437 4438 4375
4375 4438 4439 4376
4376 4439 4440 4377
4377 4440 4441 4378
4378 4441 4442 4379
4379 4442 4443 4380
4380 4443 4444 4381
4381 4444 4445 4382
4382 4445 4446 4383
4383 4446 4447 4384
4384 4447 4448 4385
4385 4448 4449 4386
4386 4449 4450 4387
4387 4450 4451 4388
4388 4451 4452 4389
4389 4452 4453 4390
4390 4453 4454 4391
4391 4454 4455 4392
4392 4455 4456 4393
4393 4456 4457 4394
4394 4457 4458 4395
4395 4458 4459 4396
4396 4459 4460 4397
4397 4460 4461 4398
4398 4461 4462 4399
4399 4462 4463 4400
4400 4463 4464 4401
4401 4464 4465 4402
4402 4465 4466 4403
4403 4466 4467 4404
4404 4467 4468 4405
4405 4468 4469 4406
4406 4469 4470 4407
4407 4470 4471 4408
4408 4471 4472 4409
patch back symmetry 4340
4473 4474 4537 4536
4474 4475 4538 4537
4475 4476 4539 4538
4476 4477 4540 4539
4477 4478 4541 4540
4478 4479 4542 4541
4479 4480 4543 4542
4480 4481 4544 4543
4481 4482 4545 4544
4482 4483 4546 4545
4483 4484 4547 4546
4484 4485 4548 4547
4485 4486 4549 4548
4486 4487 4550 4549
4487 4488 4551 4550
4488 4489 4552 4551
4489 4490 4553 4552
4490 4491 4554 4553
4491 4492 4555 4554
4492 4493 4556 4555
4493 4494 4557 4556
4494 4495 4558 4557
4495 4496 4559 4558
4496 4497 4560 4559
4497 4498 4561 4560
4498 4499 4562 4561
4499 4500 4563 4562
4500 4501 4564 4563
4501 4502 4565 4564
4502 4503 4566 4565
4503 4504 4567 4566
4504 4505 4568 4567
4505 4506 4569 4568
4506 4507 4570 4569
4507 4508 4571 4570
4508 4509 4572 4571
4509 4510 4573 4572
4510 4511 4574 4573
4511 4512 4575 4574
4512 4513 4576 4575
4513 4514 4577 4576
4514 4515 4578 4577
4515 4516 4579 4578
4516 4517 4580 4579
4517 4518 4581 4580
4518 4519 4582 4581
4519 4520 4583 4582
4520 4521 4584 4583
4521 4522 4585 4584
4522 4523 4586 4585
4523 4524 4587 4586
4524 4525 4588 4587
4525 4526 4589 4588
4526 4527 4590 4589
4527 4528 4591 4590
4528 4529 4592 4591
4529 4530 4593 4592
4530 4531 4594 4593
4531 4532 4595 4594
4532 4533 4596 4595
4533 4534 4597 4596
4534 4535 4598 4597
4536 4537 4600 4599
4537 4538 4601 4600
4538 4539 4602 4601
4539 4540 4603 4602
4540 4541 4604 4603
4541 4542 4605 4604
4542 4543 4606 4605
4543 4544 4607 4606
4544 4545 4608 4607
4545 4546 4609 4608
4546 4547 4610 4609
4547 4548 4611 4610
4548 4549 4612 4611
4549 4550 4613 4612
4550 4551 4614 4613
4551 4552 4615 4614
4552 4553 4616 4615
4553 4554 4617 4616
4554 4555 4618 4617
4555 4556 4619 4618
4556 4557 4620 4619
4557 4558 4621 4620
4558 4559 4622 4621
4559 4560 4623 4622
4560 4561 4624 4623
4561 4562 4625 4624
4562 4563 4626 4625
4563 4564 4627 4626
4564 4565 4628 4627
4565 4566 4629 4628
4566 4567 4630 4629
4567 4568 4631 4630
4568 4569 4632 4631
4569 4570 4633 4632
4570 4571 4634 4633
4571 4572 4635 4634
4572 4573 4636 4635
4573 4574 4637 4636
4574 4575 4638 4637
4575 4576 4639 4638
4576 4577 4640 4639
4577 4578 4641 4640
4578 4579 4642 4641
4579 4580 4643 4642
4580 4581 4644 4643
4581 4582 4645 4644
4582 4583 4646 4645
4583 4584 4647 4646
4584 4585 4648 4647
4585 4586 4649 4648
4586 4587 4650 4649
4587 4588 4651 4650
4588 4589 4652 4651
4589 4590 4653 4652
4590 4591 4654 4653
4591 4592 4655 4654
4592 4593 4656 4655
4593 4594 4657 4656
4594 4595 4658 4657
4595 4596 4659 4658
4596 4597 4660 4659
4597 4598 4661 4660
4599 4600 4663 4662
4600 4601 4664 4663
4601 4602 4665 4664
4602 4603 4666 4665
4603 4604 4667 4666
4604 4605 4668 4667
4605 4606 4669 4668
4606 4607 4670 4669
4607 4608 4671 4670
4608 4609 4672 4671
4609 4610 4673 4672
4610 4611 4674 4673
4611 4612 4675 4674
4612 4613 4676 4675
4613 4614 4677 4676
4614 4615 4678 4677
4615 4616 4679 4678
4616 4617 4680 4679
4617 4618 4681 4680
4618 4619 4682 4681
4619 4620 4683 4682
4620 4621 4684 4683
4621 4622 4685 4684
4622 4623 4686 4685
4623 4624 4687 4686
4624 4625 4688 4687
4625 4626 4689 4688
4626 4627 4690 4689
4627 4628 4691 4690
4628 4629 4692 4691
4629 4630 4693 4692
4630 4631 4694 4693
4631 4632 4695 4694
4632 4633 4696 4695
4633 4634 4697 4696
4634 4635 4698 4697
4635 4636 4699 4698
4636 4637 4700 4699
4637 4638 4701 4700
4638 4639 4702 4701
4639 4640 4703 4702
4640 4641 4704 4703
4641 4642 4705 4704
4642 4643 4706 4705
4643 4644 4707 4706
4644 4645 4708 4707
4645 4646 4709 4708
4646 4647 4710 4709
4647 4648 4711 4710
4648 4649 4712 4711
4649 4650 4713 4712
4650 4651 4714 4713
4651 4652 4715 4714
4652 4653 4716 4715
4653 4654 4717 4716
4654 4655 4718 4717
4655 4656 4719 4718
4656 4657 4720 4719
4657 4658 4721 4720
4658 4659 4722 4721
4659 4660 4723 4722
4660 4661 4724 4723
4662 4663 4726 4725
4663 4664 4727 4726
4664 4665 4728 4727
4665 4666 4729 4728
4666 4667 4730 4729
4667 4668 4731 4730
4668 4669 4732 4731
4669 4670 4733 4732
4670 4671 4734 4733
4671 4672 4735 4734
4672 4673 4736 4735
4673 4674 4737 4736
4674 4675 4738 4737
4675 4676 4739 4738
4676 4677 4740 4739
4677 4678 4741 4740
4678 4679 4742 4741
4679 4680 4743 4742
4680 4681 4744 4743
4681 4682 4745 4744
4682 4683 4746 4745
4683 4684 4747 4746
4684 4685 4748 4747
4685 4686 4749 4748
4686 4687 4750 4749
4687 4688 4751 4750
4688 4689 4752 4751
4689 4690 4753 4752
4690 4691 4754 4753
4691 4692 4755 4754
4692 4693 4756 4755
4693 4694 4757 4756
4694 4695 4758 4757
4695 4696 4759 4758
4696 4697 4760 4759
4697 4698 4761 4760
4698 4699 4762 4761
4699 4700 4763 4762
4700 4701 4764 4763
4701 4702 4765 4764
4702 4703 4766 4765
4703 4704 4767 4766
4704 4705 4768 4767
4705 4706 4769 4768
4706 4707 4770 4769
4707 4708 4771 4770
4708 4709 4772 4771
4709 4710 4773 4772
4710 4711 4774 4773
4711 4712 4775 4774
4712 4713 4776 4775
4713 4714 4777 4776
4714 4715 4778 4777
4715 4716 4779 4778
4716 4717 4780 4779
4717 4718 4781 4780
4718 4719 4782 4781
4719 4720 4783 4782
4720 4721 4784 4783
4721 4722 4785 4784
4722 4723 4786 4785
4723 4724 4787 4786
4725 4726 4789 4788
4726 4727 4790 4789
4727 4728 4791 4790
4728 4729 4792 4791
4729 4730 4793 4792
4730 4731 4794 4793
4731 4732 4795 4794
4732 4733 4796 4795
4733 4734 4797 4796
4734 4735 4798 4797
4735 4736 4799 4798
4736 4737 4800 4799
4737 4738 4801 4800
4738 4739 4802 4801
4739 4740 4803 4802
4740 4741 4804 4803
4741 4742 4805 4804
4742 4743 4806 4805
4743 4744 4807 4806
4744 4745 4808 4807
4745 4746 4809 4808
4746 4747 4810 4809
4747 4748 4811 4810
4748 4749 4812 4811
4749 4750 4813 4812
4750 4751 4814 4813
4751 4752 4815 4814
4752 4753 4816 4815
4753 4754 4817 4816
4754 4755 4818 4817
4755 4756 4819 4818
4756 4757 4820 4819
4757 4758 4821 4820
4758 4759 4822 4821
4759 4760 4823 4822
4760 4761 4824 4823
4761 4762 4825 4824
4762 4763 4826 4825
4763 4764 4827 4826
4764 4765 4828 4827
4765 4766 4829 4828
4766 4767 4830 4829
4767 4768 4831 4830
4768 4769 4832 4831
4769 4770 4833 4832
4770 4771 4834 4833
4771 4772 4835 4834
4772 4773 4836 4835
4773 4774 4837 4836
4774 4775 4838 4837
4775 4776 4839 4838
4776 4777 4840 4839
4777 4778 4841 4840
4778 4779 4842 4841
4779 4780 4843 4842
4780 4781 4844 4843
4781 4782 4845 4844
4782 4783 4846 4845
4783 4784 4847 4846
4784 4785 4848 4847
4785 4786 4849 4848
4786 4787 4850 4849
4788 4789 4852 4851
4789 4790 4853 4852
4790 4791 4854 4853
4791 4792 4855 4854
4792 4793 4856 4855
4793 4794 4857 4856
4794 4795 4858 4857
4795 4796 4859 4858
4796 4797 4860 4859
4797 4798 4861 4860
4798 4799 4862 4861
4799 4800 4863 4862
4800 4801 4864 4863
4801 4802 4865 4864
4802 4803 4866 4865
4803 4804 4867 4866
4804 4805 4868 4867
4805 4806 4869 4868
4806 4807 4870 4869
4807 4808 4871 4870
4808 4809 4872 4871
4809 4810 4873 4872
4810 4811 4874 4873
4811 4812 4875 4874
4812 4813 4876 4875
4813 4814 4877 4876
4814 4815 4878 4877
4815 4816 4879 4878
4816 4817 4880 4879
4817 4818 4881 4880
4818 4819 4882 4881
4819 4820 4883 4882
4820 4821 4884 4883
4821 4822 4885 4884
4822 4823 4886 4885
4823 4824 4887 4886
4824 4825 4888 4887
4825 4826 4889 4888
4826 4827 4890 4889
4827 4828 4891 4890
4828 4829 4892 4891
4829 4830 4893 4892
4830 4831 4894 4893
4831 4832 4895 4894
4832 4833 4896 4895
4833 4834 4897 4896
4834 4835 4898 4897
4835 4836 4899 4898
4836 4837 4900 4899
4837 4838 4901 4900
4838 4839 4902 4901
4839 4840 4903 4902
4840 4841 4904 4903
4841 4842 4905 4904
4842 4843 4906 4905
4843 4844 4907 4906
4844 4845 4908 4907
4845 4846 4909 4908
4846 4847 4910 4909
4847 4848 4911 4910
4848 4849 4912 4911
4849 4850 4913 4912
4851 4852 4915 4914
4852 4853 4916 4915
4853 4854 4917 4916
4854 4855 4918 4917
4855 4856 4919 4918
4856 4857 4920 4919
4857 4858 4921 4920
4858 4859 4922 4921
4859 4860 4923 4922
4860 4861 4924 4923
4861 4862 4925 4924
4862 4863 4926 4925
4863 4864 4927 4926
4864 4865 4928 4927
4865 4866 4929 4928
4866 4867 4930 4929
4867 4868 4931 4930
4868 4869 4932 4931
4869 4870 4933 4932
4870 4871 4934 4933
4871 4872 4935 4934
4872 4873 4936 4935
4873 4874 4937 4936
4874 4875 4938 4937
4875 4876 4939 4938
4876 4877 4940 4939
4877 4878 4941 4940
4878 4879 4942 4941
4879 4880 4943 4942
4880 4881 4944 4943
4881 4882 4945 4944
4882 4883 4946 4945
4883 4884 4947 4946
4884 4885 4948 4947
4885 4886 4949 4948
4886 4887 4950 4949
4887 4888 4951 4950
4888 4889 4952 4951
4889 4890 4953 4952
4890 4891 4954 4953
4891 4892 4955 4954
4892 4893 4956 4955
4893 4894 4957 4956
4894 4895 4958 4957
4895 4896 4959 4958
4896 4897 4960 4959
4897 4898 4961 4960
4898 4899 4962 4961
4899 4900 4963 4962
4900 4901 4964 4963
4901 4902 4965 4964
4902 4903 4966 4965
4903 4904 4967 4966
4904 4905 4968 4967
4905 4906 4969 4968
4906 4907 4970 4969
4907 4908 4971 4970
4908 4909 4972 4971
4909 4910 4973 4972
4910 4911 4974 4973
4911 4912 4975 4974
4912 4913 4976 4975
4914 4915 4978 4977
4915 4916 4979 4978
4916 4917 4980 4979
4917 4918 4981 4980
4918 4919 4982 4981
4919 4920 4983 4982
4920 4921 4984 4983
4921 4922 4985 4984
4922 4923 4986 4985
4923 4924 4987 4986
4924 4925 4988 4987
4925 4926 4989 4988
4926 4927 4990 4989
4927 4928 4991 4990
4928 4929 4992 4991
4929 4930 4993 4992
4930 4931 4994 4993
4931 4932 4995 4994
4932 4933 4996 4995
4933 4934 4997 4996
4934 4935 4998 4997
4935 4936 4999 4998
4936 4937 5000 4999
4937 4938 5001 5000
4938 4939 5002 5001
4939 4940 5003 5002
4940 4941 5004 5003
4941 4942 5005 5004
4942 4943 5006 5005
4943 4944 5007 5006
4944 4945 5008 5007
4945 4946 5009 5008
4946 4947 5010 5009
4947 4948 5011 5010
4948 4949 5012 5011
4949 4950 5013 5012
4950 4951 5014 5013
4951 4952 5015 5014
4952 4953 5016 5015
4953 4954 5017 5016
4954 4955 5018 5017
4955 4956 5019 5018
4956 4957 5020 5019
4957 4958 5021 5020
4958 4959 5022 5021
4959 4960 5023 5022
4960 4961 5024 5023
4961 4962 5025 5024
4962 4963 5026 5025
4963 4964 5027 5026
4964 4965 5028 5027
4965 4966 5029 5028
4966 4967 5030 5029
4967 4968 5031 5030
4968 4969 5032 5031
4969 4970 5033 5032
4970 4971 5034 5033
4971 4972 5035 5034
4972 4973 5036 5035
4973 4974 5037 5036
4974 4975 5038 5037
4975 4976 5039 5038
4977 4978 5041 5040
4978 4979 5042 5041
4979 4980 5043 5042
4980 4981 5044 5043
4981 4982 5045 5044
4982 4983 5046 5045
4983 4984 5047 5046
4984 4985 5048 5047
4985 4986 5049 5048
4986 4987 5050 5049
4987 4988 5051 5050
4988 4989 5052 5051
4989 4990 5053 5052
4990 4991 5054 5053
4991 4992 5055 5054
4992 4993 5056 5055
4993 4994 5057 5056
4994 4995 5058 5057
4995 4996 5059 5058
4996 4997 5060 5059
4997 4998 5061 5060
4998 4999 5062 5061
4999 5000 5063 5062
5000 5001 5064 5063
5001 5002 5065 5064
5002 5003 5066 5065
5003 5004 5067 5066
5004 5005 5068 5067
5005 5006 5069 5068
5006 5007 5070 5069
5007 5008 5071 5070
5008 5009 5072 5071
5009 5010 5073 5072
5010 5011 5074 5073
5011 5012 5075 5074
5012 5013 5076 5075
5013 5014 5077 5076
5014 5015 5078 5077
5015 5016 5079 5078
5016 5017 5080 5079
5017 5018 5081 5080
5018 5019 5082 5081
5019 5020 5083 5082
5020 5021 5084 5083
5021 5022 5085 5084
5022 5023 5086 5085
5023 5024 5087 5086
5024 5025 5088 5087
5025 5026 5089 5088
5026 5027 5090 5089
5027 5028 5091 5090
5028 5029 5092 5091
5029 5030 5093 5092
5030 5031 5094 5093
5031 5032 5095 5094
5032 5033 5096 5095
5033 5034 5097 5096
5034 5035 5098 5097
5035 5036 5099 5098
5036 5037 5100 5099
5037 5038 5101 5100
5038 5039 5102 5101
5040 5041 5104 5103
5041 5042 5105 5104
5042 5043 5106 5105
5043 5044 5107 5106
5044 5045 5108 5107
5045 5046 5109 5108
5046 5047 5110 5109
5047 5048 5111 5110
5048 5049 5112 5111
5049 5050 5113 5112
5050 5051 5114 5113
5051 5052 5115 5114
5052 5053 5116 5115
5053 5054 5117 5116
5054 5055 5118 5117
5055 5056 5119 5118
5056 5057 5120 5119
5057 5058 5121 5120
5058 5059 5122 5121
5059 5060 5123 5122
5060 5061 5124 5123
5061 5062 5125 5124
5062 5063 5126 5125
5063 5064 5127 5126
5064 5065 5128 5127
5065 5066 5129 5128
5066 5067 5130 5129
5067 5068 5131 5130
5068 5069 5132 5131
5069 5070 5133 5132
5070 5071 5134 5133
5071 5072 5135 5134
5072 5073 5136 5135
5073 5074 5137 5136
5074 5075 5138 5137
5075 5076 5139 5138
5076 5077 5140 5139
5077 5078 5141 5140
5078 5079 5142 5141
5079 5080 5143 5142
5080 5081 5144 5143
5081 5082 5145 5144
5082 5083 5146 5145
5083 5084 5147 5146
5084 5085 5148 5147
5085 5086 5149 5148
5086 5087 5150 5149
5087 5088 5151 5150
5088 5089 5152 5151
5089 5090 5153 5152
5090 5091 5154 5153
5091 5092 5155 5154
5092 5093 5156 5155
5093 5094 5157 5156
5094 5095 5158 5157
5095 5096 5159 5158
5096 5097 5160 5159
5097 5098 5161 5160
5098 5099 5162 5161
5099 5100 5163 5162
5100 5101 5164 5163
5101 5102 5165 5164
5103 5104 5167 5166
5104 5105 5168 5167
5105 5106 5169 5168
5106 5107 5170 5169
5107 5108 5171 5170
5108 5109 5172 5171
5109 5110 5173 5172
5110 5111 5174 5173
5111 5112 5175 5174
5112 5113 5176 5175
5113 5114 5177 5176
5114 5115 5178 5177
5115 5116 5179 5178
5116 5117 5180 5179
5117 5118 5181 5180
5118 5119 5182 5181
5119 5120 5183 5182
5120 5121 5184 5183
5121 5122 5185 5184
5122 5123 5186 5185
5123 5124 5187 5186
5124 5125 5188 5187
5125 5126 5189 5188
5126 5127 5190 5189
5127 5128 5191 5190
5128 5129 5192 5191
5129 5130 5193 5192
5130 5131 5194 5193
5131 5132 5195 5194
5132 5133 5196 5195
5133 5134 5197 5196
5134 5135 5198 5197
5135 5136 5199 5198
5136 5137 5200 5199
5137 5138 5201 5200
5138 5139 5202 5201
5139 5140 5203 5202
5140 5141 5204 5203
5141 5142 5205 5204
5142 5143 5206 5205
5143 5144 5207 5206
5144 5145 5208 5207
5145 5146 5209 5208
5146 5147 5210 5209
5147 5148 5211 5210
5148 5149 5212 5211
5149 5150 5213 5212
5150 5151 5214 5213
5151 5152 5215 5214
5152 5153 5216 5215
5153 5154 5217 5216
5154 5155 5218 5217
5155 5156 5219 5218
5156 5157 5220 5219
5157 5158 5221 5220
5158 5159 5222 5221
5159 5160 5223 5222
5160 5161 5224 5223
5161 5162 5225 5224
5162 5163 5226 5225
5163 5164 5227 5226
5164 5165 5228 5227
5166 5167 5230 5229
5167 5168 5231 5230
5168 5169 5232 5231
5169 5170 5233 5232
5170 5171 5234 5233
5171 5172 5235 5234
5172 5173 5236 5235
5173 5174 5237 5236
5174 5175 5238 5237
5175 5176 5239 5238
5176 5177 5240 5239
5177 5178 5241 5240
5178 5179 5242 5241
5179 5180 5243 5242
5180 5181 5244 5243
5181 5182 5245 5244
5182 5183 5246 5245
5183 5184 5247 5246
5184 5185 5248 5247
5185 5186 5249 5248
5186 5187 5250 5249
5187 5188 5251 5250
5188 5189 5252 5251
5189 5190 5253 5252
5190 5191 5254 5253
5191 5192 5255 5254
5192 5193 5256 5255
5193 5194 5257 5256
5194 5195 5258 5257
5195 5196 5259 5258
5196 5197 5260 5259
5197 5198 5261 5260
5198 5199 5262 5261
5199 5200 5263 5262
5200 5201 5264 5263
5201 5202 5265 5264
5202 5203 5266 5265
5203 5204 5267 5266
5204 5205 5268 5267
5205 5206 5269 5268
5206 5207 5270 5269
5207 5208 5271 5270
5208 5209 5272 5271
5209 5210 5273 5272
5210 5211 5274 5273
5211 5212 5275 5274
5212 5213 5276 5275
5213 5214 5277 5276
5214 5215 5278 5277
5215 5216 5279 5278
5216 5217 5280 5279
5217 5218 5281 5280
5218 5219 5282 5281
5219 5220 5283 5282
5220 5221 5284 5283
5221 5222 5285 5284
5222 5223 5286 5285
5223 5224 5287 5286
5224 5225 5288 5287
5225 5226 5289 5288
5226 5227 5290 5289
5227 5228 5291 5290
5229 5230 5293 5292
5230 5231 5294 5293
5231 5232 5295 5294
5232 5233 5296 5295
5233 5234 5297 5296
5234 5235 5298 5297
5235 5236 5299 5298
5236 5237 5300 5299
5237 5238 5301 5300
5238 5239 5302 5301
5239 5240 5303 5302
5240 5241 5304 5303
5241 5242 5305 5304
5242 5243 5306 5305
5243 5244 5307 5306
5244 5245 5308 5307
5245 5246 5309 5308
5246 5247 5310 5309
5247 5248 5311 5310
5248 5249 5312 5311
5249 5250 5313 5312
5250 5251 5314 5313
5251 5252 5315 5314
5252 5253 5316 5315
5253 5254 5317 5316
5254 5255 5318 5317
5255 5256 5319 5318
5256 5257 5320 5319
5257 5258 5321 5320
5258 5259 5322 5321
5259 5260 5323 5322
5260 5261 5324 5323
5261 5262 5325 5324
5262 5263 5326 5325
5263 5264 5327 5326
5264 5265 5328 5327
5265 5266 5329 5328
5266 5267 5330 5329
5267 5268 5331 5330
5268 5269 5332 5331
5269 5270 5333 5332
5270 5271 5334 5333
5271 5272 5335 5334
5272 5273 5336 5335
5273 5274 5337 5336
5274 5275 5338 5337
5275 5276 5339 5338
5276 5277 5340 5339
5277 5278 5341 5340
5278 5279 5342 5341
5279 5280 5343 5342
5280 5281 5344 5343
5281 5282 5345 5344
5282 5283 5346 5345
5283 5284 5347 5346
5284 5285 5348 5347
5285 5286 5349 5348
5286 5287 5350 5349
5287 5288 5351 5350
5288 5289 5352 5351
5289 5290 5353 5352
5290 5291 5354 5353
5292 5293 5356 5355
5293 5294 5357 5356
5294 5295 5358 5357
5295 5296 5359 5358
5296 5297 5360 5359
5297 5298 5361 5360
5298 5299 5362 5361
5299 5300 5363 5362
5300 5301 5364 5363
5301 5302 5365 5364
5302 5303 5366 5365
5303 5304 5367 5366
5304 5305 5368 5367
5305 5306 5369 5368
5306 5307 5370 5369
5307 5308 5371 5370
5308 5309 5372 5371
5309 5310 5373 5372
5310 5311 5374 5373
5311 5312 5375 5374
5312 5313 5376 5375
5313 5314 5377 5376
5314 5315 5378 5377
5315 5316 5379 5378
5316 5317 5380 5379
5317 5318 5381 5380
5318 5319 5382 5381
5319 5320 5383 5382
5320 5321 5384 5383
5321 5322 5385 5384
5322 5323 5386 5385
5323 5324 5387 5386
5324 5325 5388 5387
5325 5326 5389 5388
5326 5327 5390 5389
5327 5328 5391 5390
5328 5329 5392 5391
5329 5330 5393 5392
5330 5331 5394 5393
5331 5332 5395 5394
5332 5333 5396 5395
5333 5334 5397 5396
5334 5335 5398 5397
5335 5336 5399 5398
5336 5337 5400 5399
5337 5338 5401 5400
5338 5339 5402 5401
5339 5340 5403 5402
5340 5341 5404 5403
5341 5342 5405 5404
5342 5343 5406 5405
5343 5344 5407 5406
5344 5345 5408 5407
5345 5346 5409 5408
5346 5347 5410 5409
5347 5348 5411 5410
5348 5349 5412 5411
5349 5350 5413 5412
5350 5351 5414 5413
5351 5352 5415 5414
5352 5353 5416 5415
5353 5354 5417 5416
5355 5356 5419 5418
5356 5357 5420 5419
5357 5358 5421 5420
5358 5359 5422 5421
5359 5360 5423 5422
5360 5361 5424 5423
5361 5362 5425 5424
5362 5363 5426 5425
5363 5364 5427 5426
5364 5365 5428 5427
5365 5366 5429 5428
5366 5367 5430 5429
5367 5368 5431 5430
5368 5369 5432 5431
5369 5370 5433 5432
5370 5371 5434 5433
5371 5372 5435 5434
5372 5373 5436 5435
5373 5374 5437 5436
5374 5375 5438 5437
5375 5376 5439 5438
5376 5377 5440 5439
5377 5378 5441 5440
5378 5379 5442 5441
5379 5380 5443 5442
5380 5381 5444 5443
5381 5382 5445 5444
5382 5383 5446 5445
5383 5384 5447 5446
5384 5385 5448 5447
5385 5386 5449 5448
5386 5387 5450 5449
5387 5388 5451 5450
5388 5389 5452 5451
5389 5390 5453 5452
5390 5391 5454 5453
5391 5392 5455 5454
5392 5393 5456 5455
5393 5394 5457 5456
5394 5395 5458 5457
5395 5396 5459 5458
5396 5397 5460 5459
5397 5398 5461 5460
5398 5399 5462 5461
5399 5400 5463 5462
5400 5401 5464 5463
5401 5402 5465 5464
5402 5403 5466 5465
5403 5404 5467 5466
5404 5405 5468 5467
5405 5406 5469 5468
5406 5407 5470 5469
5407 5408 5471 5470
5408 5409 5472 5471
5409 5410 5473 5472
5410 5411 5474 5473
5411 5412 5475 5474
5412 5413 5476 5475
5413 5414 5477 5476
5414 5415 5478 5477
5415 5416 5479 5478
5416 5417 5480 5479
5418 5419 5482 5481
5419 5420 5483 5482
5420 5421 5484 5483
5421 5422 5485 5484
5422 5423 5486 5485
5423 5424 5487 5486
5424 5425 5488 5487
5425 5426 5489 5488
5426 5427 5490 5489
5427 5428 5491 5490
5428 5429 5492 5491
5429 5430 5493 5492
5430 5431 5494 5493
5431 5432 5495 5494
5432 5433 5496 5495
5433 5434 5497 5496
5434 5435 5498 5497
5435 5436 5499 5498
5436 5437 5500 5499
5437 5438 5501 5500
5438 5439 5502 5501
5439 5440 5503 5502
5440 5441 5504 5503
5441 5442 5505 5504
5442 5443 5506 5505
5443 5444 5507 5506
5444 5445 5508 5507
5445 5446 5509 5508
5446 5447 5510 5509
5447 5448 5511 5510
5448 5449 5512 5511
5449 5450 5513 5512
5450 5451 5514 5513
5451 5452 5515 5514
5452 5453 5516 5515
5453 5454 5517 5516
5454 5455 5518 5517
5455 5456 5519 5518
5456 5457 5520 5519
5457 5458 5521 5520
5458 5459 5522 5521
5459 5460 5523 5522
5460 5461 5524 5523
5461 5462 5525 5524
5462 5463 5526 5525
5463 5464 5527 5526
5464 5465 5528 5527
5465 5466 5529 5528
5466 5467 5530 5529
5467 5468 5531 5530
5468 5469 5532 5531
5469 5470 5533 5532
5470 5471 5534 5533
5471 5472 5535 5534
5472 5473 5536 5535
5473 5474 5537 5536
5474 5475 5538 5537
5475 5476 5539 5538
5476 5477 5540 5539
5477 5478 5541 5540
5478 5479 5542 5541
5479 5480 5543 5542
5481 5482 5545 5544
5482 5483 5546 5545
5483 5484 5547 5546
5484 5485 5548 5547
5485 5486 5549 5548
5486 5487 5550 5549
5487 5488 5551 5550
5488 5489 5552 5551
5489 5490 5553 5552
5490 5491 5554 5553
5491 5492 5555 5554
5492 5493 5556 5555
5493 5494 5557 5556
5494 5495 5558 5557
5495 5496 5559 5558
5496 5497 5560 5559
5497 5498 5561 5560
5498 5499 5562 5561
5499 5500 5563 5562
5500 5501 5564 5563
5501 5502 5565 5564
5502 5503 5566 5565
5503 5504 5567 5566
5504 5505 5568 5567
5505 5506 5569 5568
5506 5507 5570 5569
5507 5508 5571 5570
5508 5509 5572 5571
5509 5510 5573 5572
5510 5511 5574 5573
5511 5512 5575 5574
5512 5513 5576 5575
5513 5514 5577 5576
5514 5515 5578 5577
5515 5516 5579 5578
5516 5517 5580 5579
5517 5518 5581 5580
5518 5519 5582 5581
5519 5520 5583 5582
5520 5521 5584 5583
5521 5522 5585 5584
5522 5523 5586 5585
5523 5524 5587 5586
5524 5525 5588 5587
5525 5526 5589 5588
5526 5527 5590 5589
5527 5528 5591 5590
5528 5529 5592 5591
5529 5530 5593 5592
5530 5531 5594 5593
5531 5532 5595 5594
5532 5533 5596 5595
5533 5534 5597 5596
5534 5535 5598 5597
5535 5536 5599 5598
5536 5537 5600 5599
5537 5538 5601 5600
5538 5539 5602 5601
5539 5540 5603 5602
5540 5541 5604 5603
5541 5542 5605 5604
5542 5543 5606 5605
5544 5545 5608 5607
5545 5546 5609 5608
5546 5547 5610 5609
5547 5548 5611 5610
5548 5549 5612 5611
5549 5550 5613 5612
5550 5551 5614 5613
5551 5552 5615 5614
5552 5553 5616 5615
5553 5554 5617 5616
5554 5555 5618 5617
5555 5556 5619 5618
5556 5557 5620 5619
5557 5558 5621 5620
5558 5559 5622 5621
5559 5560 5623 5622
5560 5561 5624 5623
5561 5562 5625 5624
5562 5563 5626 5625
5563 5564 5627 5626
5564 5565 5628 5627
5565 5566 5629 5628
5566 5567 5630 5629
5567 5568 5631 5630
5568 5569 5632 5631
5569 5570 5633 5632
5570 5571 5634 5633
5571 5572 5635 5634
5572 5573 5636 5635
5573 5574 5637 5636
5574 5575 5638 5637
5575 5576 5639 5638
5576 5577 5640 5639
5577 5578 5641 5640
5578 5579 5642 5641
5579 5580 5643 5642
5580 5581 5644 5643
5581 5582 5645 5644
5582 5583 5646 5645
5583 5584 5647 5646
5584 5585 5648 5647
5585 5586 5649 5648
5586 5587 5650 5649
5587 5588 5651 5650
5588 5589 5652 5651
5589 5590 5653 5652
5590 5591 5654 5653
5591 5592 5655 5654
5592 5593 5656 5655
5593 5594 5657 5656
5594 5595 5658 5657
5595 5596 5659 5658
5596 5597 5660 5659
5597 5598 5661 5660
5598 5599 5662 5661
5599 5600 5663 5662
5600 5601 5664 5663
5601 5602 5665 5664
5602 5603 5666 5665
5603 5604 5667 5666
5604 5605 5668 5667
5605 5606 5669 5668
5607 5608 5671 5670
5608 5609 5672 5671
5609 5610 5673 5672
5610 5611 5674 5673
5611 5612 5675 5674
5612 5613 5676 5675
5613 5614 5677 5676
5614 5615 5678 5677
5615 5616 5679 5678
5616 5617 5680 5679
5617 5618 5681 5680
5618 5619 5682 5681
5619 5620 5683 5682
5620 5621 5684 5683
5621 5622 5685 5684
5622 5623 5686 5685
5623 5624 5687 5686
5624 5625 5688 5687
5625 5626 5689 5688
5626 5627 5690 5689
5627 5628 5691 5690
5628 5629 5692 5691
5629 5630 5693 5692
5630 5631 5694 5693
5631 5632 5695 5694
5632 5633 5696 5695
5633 5634 5697 5696
5634 5635 5698 5697
5635 5636 5699 5698
5636 5637 5700 5699
5637 5638 5701 5700
5638 5639 5702 5701
5639 5640 5703 5702
5640 5641 5704 5703
5641 5642 5705 5704
5642 5643 5706 5705
5643 5644 5707 5706
5644 5645 5708 5707
5645 5646 5709 5708
5646 5647 5710 5709
5647 5648 5711 5710
5648 5649 5712 5711
5649 5650 5713 5712
5650 5651 5714 5713
5651 5652 5715 5714
5652 5653 5716 5715
5653 5654 5717 5716
5654 5655 5718 5717
5655 5656 5719 5718
5656 5657 5720 5719
5657 5658 5721 5720
5658 5659 5722 5721
5659 5660 5723 5722
5660 5661 5724 5723
5661 5662 5725 5724
5662 5663 5726 5725
5663 5664 5727 5726
5664 5665 5728 5727
5665 5666 5729 5728
5666 5667 5730 5729
5667 5668 5731 5730
5668 5669 5732 5731
5670 5671 5734 5733
5671 5672 5735 5734
5672 5673 5736 5735
5673 5674 5737 5736
5674 5675 5738 5737
5675 5676 5739 5738
5676 5677 5740 5739
5677 5678 5741 5740
5678 5679 5742 5741
5679 5680 5743 5742
5680 5681 5744 5743
5681 5682 5745 5744
5682 5683 5746 5745
5683 5684 5747 5746
5684 5685 5748 5747
5685 5686 5749 5748
5686 5687 5750 5749
5687 5688 5751 5750
5688 5689 5752 5751
5689 5690 5753 5752
5690 5691 5754 5753
5691 5692 5755 5754
5692 5693 5756 5755
5693 5694 5757 5756
5694 5695 5758 5757
5695 5696 5759 5758
5696 5697 5760 5759
5697 5698 5761 5760
5698 5699 5762 5761
5699 5700 5763 5762
5700 5701 5764 5763
5701 5702 5765 5764
5702 5703 5766 5765
5703 5704 5767 5766
5704 5705 5768 5767
5705 5706 5769 5768
5706 5707 5770 5769
5707 5708 5771 5770
5708 5709 5772 5771
5709 5710 5773 5772
5710 5711 5774 5773
5711 5712 5775 5774
5712 5713 5776 5775
5713 5714 5777 5776
5714 5715 5778 5777
5715 5716 5779 5778
5716 5717 5780 5779
5717 5718 5781 5780
5718 5719 5782 5781
5719 5720 5783 5782
5720 5721 5784 5783
5721 5722 5785 5784
5722 5723 5786 5785
5723 5724 5787 5786
5724 5725 5788 5787
5725 5726 5789 5788
5726 5727 5790 5789
5727 5728 5791 5790
5728 5729 5792 5791
5729 5730 5793 5792
5730 5731 5794 5793
5731 5732 5795 5794
5733 5734 5797 5796
5734 5735 5798 5797
5735 5736 5799 5798
5736 5737 5800 5799
5737 5738 5801 5800
5738 5739 5802 5801
5739 5740 5803 5802
5740 5741 5804 5803
5741 5742 5805 5804
5742 5743 5806 5805
5743 5744 5807 5806
5744 5745 5808 5807
5745 5746 5809 5808
5746 5747 5810 5809
5747 5748 5811 5810
5748 5749 5812 5811
5749 5750 5813 5812
5750 5751 5814 5813
5751 5752 5815 5814
5752 5753 5816 5815
5753 5754 5817 5816
5754 5755 5818 5817
5755 5756 5819 5818
5756 5757 5820 5819
5757 5758 5821 5820
5758 5759 5822 5821
5759 5760 5823 5822
5760 5761 5824 5823
5761 5762 5825 5824
5762 5763 5826 5825
5763 5764 5827 5826
5764 5765 5828 5827
5765 5766 5829 5828
5766 5767 5830 5829
5767 5768 5831 5830
5768 5769 5832 5831
5769 5770 5833 5832
5770 5771 5834 5833
5771 5772 5835 5834
5772 5773 5836 5835
5773 5774 5837 5836
5774 5775 5838 5837
5775 5776 5839 5838
5776 5777 5840 5839
5777 5778 5841 5840
5778 5779 5842 5841
5779 5780 5843 5842
5780 5781 5844 5843
5781 5782 5845 5844
5782 5783 5846 5845
5783 5784 5847 5846
5784 5785 5848 5847
5785 5786 5849 5848
5786 5787 5850 5849
5787 5788 5851 5850
5788 5789 5852 5851
5789 5790 5853 5852
5790 5791 5854 5853
5791 5792 5855 5854
5792 5793 5856 5855
5793 5794 5857 5856
5794 5795 5858 5857
5796 5797 5860 5859
5797 5798 5861 5860
5798 5799 5862 5861
5799 5800 5863 5862
5800 5801 5864 5863
5801 5802 5865 5864
5802 5803 5866 5865
5803 5804 5867 5866
5804 5805 5868 5867
5805 5806 5869 5868
5806 5807 5870 5869
5807 5808 5871 5870
5808 5809 5872 5871
5809 5810 5873 5872
5810 5811 5874 5873
5811 5812 5875 5874
5812 5813 5876 5875
5813 5814 5877 5876
5814 5815 5878 5877
5815 5816 5879 5878
5816 5817 5880 5879
5817 5818 5881 5880
5818 5819 5882 5881
5819 5820 5883 5882
5820 5821 5884 5883
5821 5822 5885 5884
5822 5823 5886 5885
5823 5824 5887 5886
5824 5825 5888 5887
5825 5826 5889 5888
5826 5827 5890 5889
5827 5828 5891 5890
5828 5829 5892 5891
5829 5830 5893 5892
5830 5831 5894 5893
5831 5832 5895 5894
5832 5833 5896 5895
5833 5834 5897 5896
5834 5835 5898 5897
5835 5836 5899 5898
5836 5837 5900 5899
5837 5838 5901 5900
5838 5839 5902 5901
5839 5840 5903 5902
5840 5841 5904 5903
5841 5842 5905 5904
5842 5843 5906 5905
5843 5844 5907 5906
5844 5845 5908 5907
5845 5846 5909 5908
5846 5847 5910 5909
5847 5848 5911 5910
5848 5849 5912 5911
5849 5850 5913 5912
5850 5851 5914 5913
5851 5852 5915 5914
5852 5853 5916 5915
5853 5854 5917 5916
5854 5855 5918 5917
5855 5856 5919 5918
5856 5857 5920 5919
5857 5858 5921 5920
5859 5860 5923 5922
5860 5861 5924 5923
5861 5862 5925 5924
5862 5863 5926 5925
5863 5864 5927 5926
5864 5865 5928 5927
5865 5866 5929 5928
5866 5867 5930 5929
5867 5868 5931 5930
5868 5869 5932 5931
5869 5870 5933 5932
5870 5871 5934 5933
5871 5872 5935 5934
5872 5873 5936 5935
5873 5874 5937 5936
5874 5875 5938 5937
5875 5876 5939 5938
5876 5877 5940 5939
5877 5878 5941 5940
5878 5879 5942 5941
5879 5880 5943 5942
5880 5881 5944 5943
5881 5882 5945 5944
5882 5883 5946 5945
5883 5884 5947 5946
5884 5885 5948 5947
5885 5886 5949 5948
5886 5887 5950 5949
5887 5888 5951 5950
5888 5889 5952 5951
5889 5890 5953 5952
5890 5891 5954 5953
5891 5892 5955 5954
5892 5893 5956 5955
5893 5894 5957 5956
5894 5895 5958 5957
5895 5896 5959 5958
5896 5897 5960 5959
5897 5898 5961 5960
5898 5899 5962 5961
5899 5900 5963 5962
5900 5901 5964 5963
5901 5902 5965 5964
5902 5903 5966 5965
5903 5904 5967 5966
5904 5905 5968 5967
5905 5906 5969 5968
5906 5907 5970 5969
5907 5908 5971 5970
5908 5909 5972 5971
5909 5910 5973 5972
5910 5911 5974 5973
5911 5912 5975 5974
5912 5913 5976 5975
5913 5914 5977 5976
5914 5915 5978 5977
5915 5916 5979 5978
5916 5917 5980 5979
5917 5918 5981 5980
5918 5919 5982 5981
5919 5920 5983 5982
5920 5921 5984 5983
5922 5923 5986 5985
5923 5924 5987 5986
5924 5925 5988 5987
5925 5926 5989 5988
5926 5927 5990 5989
5927 5928 5991 5990
5928 5929 5992 5991
5929 5930 5993 5992
5930 5931 5994 5993
5931 5932 5995 5994
5932 5933 5996 5995
5933 5934 5997 5996
5934 5935 5998 5997
5935 5936 5999 5998
5936 5937 6000 5999
5937 5938 6001 6000
5938 5939 6002 6001
5939 5940 6003 6002
5940 5941 6004 6003
5941 5942 6005 6004
5942 5943 6006 6005
5943 5944 6007 6006
5944 5945 6008 6007
5945 5946 6009 6008
5946 5947 6010 6009
5947 5948 6011 6010
5948 5949 6012 6011
5949 5950 6013 6012
5950 5951 6014 6013
5951 5952 6015 6014
5952 5953 6016 6015
5953 5954 6017 6016
5954 5955 6018 6017
5955 5956 6019 6018
5956 5957 6020 6019
5957 5958 6021 6020
5958 5959 6022 6021
5959 5960 6023 6022
5960 5961 6024 6023
5961 5962 6025 6024
5962 5963 6026 6025
5963 5964 6027 6026
5964 5965 6028 6027
5965 5966 6029 6028
5966 5967 6030 6029
5967 5968 6031 6030
5968 5969 6032 6031
5969 5970 6033 6032
5970 5971 6034 6033
5971 5972 6035 6034
5972 5973 6036 6035
5973 5974 6037 6036
5974 5975 6038 6037
5975 5976 6039 6038
5976 5977 6040 6039
5977 5978 6041 6040
5978 5979 6042 6041
5979 5980 6043 6042
5980 5981 6044 6043
5981 5982 6045 6044
5982 5983 6046 6045
5983 5984 6047 6046
5985 5986 6049 6048
5986 5987 6050 6049
5987 5988 6051 6050
5988 5989 6052 6051
5989 5990 6053 6052
5990 5991 6054 6053
5991 5992 6055 6054
5992 5993 6056 6055
5993 5994 6057 6056
5994 5995 6058 6057
5995 5996 6059 6058
5996 5997 6060 6059
5997 5998 6061 6060
5998 5999 6062 6061
5999 6000 6063 6062
6000 6001 6064 6063
6001 6002 6065 6064
6002 6003 6066 6065
6003 6004 6067 6066
6004 6005 6068 6067
6005 6006 6069 6068
6006 6007 6070 6069
6007 6008 6071 6070
6008 6009 6072 6071
6009 6010 6073 6072
6010 6011 6074 6073
6011 6012 6075 6074
6012 6013 6076 6075
6013 6014 6077 6076
6014 6015 6078 6077
6015 6016 6079 6078
6016 6017 6080 6079
6017 6018 6081 6080
6018 6019 6082 6081
6019 6020 6083 6082
6020 6021 6084 6083
6021 6022 6085 6084
6022 6023 6086 6085
6023 6024 6087 6086
6024 6025 6088 6087
6025 6026 6089 6088
6026 6027 6090 6089
6027 6028 6091 6090
6028 6029 6092 6091
6029 6030 6093 6092
6030 6031 6094 6093
6031 6032 6095 6094
6032 6033 6096 6095
6033 6034 6097 6096
6034 6035 6098 6097
6035 6036 6099 6098
6036 6037 6100 6099
6037 6038 6101 6100
6038 6039 6102 6101
6039 6040 6103 6102
6040 6041 6104 6103
6041 6042 6105 6104
6042 6043 6106 6105
6043 6044 6107 6106
6044 6045 6108 6107
6045 6046 6109 6108
6046 6047 6110 6109
6048 6049 6112 6111
6049 6050 6113 6112
6050 6051 6114 6113
6051 6052 6115 6114
6052 6053 6116 6115
6053 6054 6117 6116
6054 6055 6118 6117
6055 6056 6119 6118
6056 6057 6120 6119
6057 6058 6121 6120
6058 6059 6122 6121
6059 6060 6123 6122
6060 6061 6124 6123
6061 6062 6125 6124
6062 6063 6126 6125
6063 6064 6127 6126
6064 6065 6128 6127
6065 6066 6129 6128
6066 6067 6130 6129
6067 6068 6131 6130
6068 6069 6132 6131
6069 6070 6133 6132
6070 6071 6134 6133
6071 6072 6135 6134
6072 6073 6136 6135
6073 6074 6137 6136
6074 6075 6138 6137
6075 6076 6139 6138
6076 6077 6140 6139
6077 6078 6141 6140
6078 6079 6142 6141
6079 6080 6143 6142
6080 6081 6144 6143
6081 6082 6145 6144
6082 6083 6146 6145
6083 6084 6147 6146
6084 6085 6148 6147
6085 6086 6149 6148
6086 6087 6150 6149
6087 6088 6151 6150
6088 6089 6152 6151
6089 6090 6153 6152
6090 6091 6154 6153
6091 6092 6155 6154
6092 6093 6156 6155
6093 6094 6157 6156
6094 6095 6158 6157
6095 6096 6159 6158
6096 6097 6160 6159
6097 6098 6161 6160
6098 6099 6162 6161
6099 6100 6163 6162
6100 6101 6164 6163
6101 6102 6165 6164
6102 6103 6166 6165
6103 6104 6167 6166
6104 6105 6168 6167
6105 6106 6169 6168
6106 6107 6170 6169
6107 6108 6171 6170
6108 6109 6172 6171
6109 6110 6173 6172
6111 6112 6175 6174
6112 6113 6176 6175
6113 6114 6177 6176
6114 6115 6178 6177
6115 6116 6179 6178
6116 6117 6180 6179
6117 6118 6181 6180
6118 6119 6182 6181
6119 6120 6183 6182
6120 6121 6184 6183
6121 6122 6185 6184
6122 6123 6186 6185
6123 6124 6187 6186
6124 6125 6188 6187
6125 6126 6189 6188
6126 6127 6190 6189
6127 6128 6191 6190
6128 6129 6192 6191
6129 6130 6193 6192
6130 6131 6194 6193
6131 6132 6195 6194
6132 6133 6196 6195
6133 6134 6197 6196
6134 6135 6198 6197
6135 6136 6199 6198
6136 6137 6200 6199
6137 6138 6201 6200
6138 6139 6202 6201
6139 6140 6203 6202
6140 6141 6204 6203
6141 6142 6205 6204
6142 6143 6206 6205
6143 6144 6207 6206
6144 6145 6208 6207
6145 6146 6209 6208
6146 6147 6210 6209
6147 6148 6211 6210
6148 6149 6212 6211
6149 6150 6213 6212
6150 6151 6214 6213
6151 6152 6215 6214
6152 6153 6216 6215
6153 6154 6217 6216
6154 6155 6218 6217
6155 6156 6219 6218
6156 6157 6220 6219
6157 6158 6221 6220
6158 6159 6222 6221
6159 6160 6223 6222
6160 6161 6224 6223
6161 6162 6225 6224
6162 6163 6226 6225
6163 6164 6227 6226
6164 6165 6228 6227
6165 6166 6229 6228
6166 6167 6230 6229
6167 6168 6231 6230
6168 6169 6232 6231
6169 6170 6233 6232
6170 6171 6234 6233
6171 6172 6235 6234
6172 6173 6236 6235
6174 6175 6238 6237
6175 6176 6239 6238
6176 6177 6240 6239
6177 6178 6241 6240
6178 6179 6242 6241
6179 6180 6243 6242
6180 6181 6244 6243
6181 6182 6245 6244
6182 6183 6246 6245
6183 6184 6247 6246
6184 6185 6248 6247
6185 6186 6249 6248
6186 6187 6250 6249
6187 6188 6251 6250
6188 6189 6252 6251
6189 6190 6253 6252
6190 6191 6254 6253
6191 6192 6255 6254
6192 6193 6256 6255
6193 6194 6257 6256
6194 6195 6258 6257
6195 6196 6259 6258
6196 6197 6260 6259
6197 6198 6261 6260
6198 6199 6262 6261
6199 6200 6263 6262
6200 6201 6264 6263
6201 6202 6265 6264
6202 6203 6266 6265
6203 6204 6267 6266
6204 6205 6268 6267
6205 6206 6269 6268
6206 6207 6270 6269
6207 6208 6271 6270
6208 6209 6272 6271
6209 6210 6273 6272
6210 6211 6274 6273
6211 6212 6275 6274
6212 6213 6276 6275
6213 6214 6277 6276
6214 6215 6278 6277
6215 6216 6279 6278
6216 6217 6280 6279
6217 6218 6281 6280
6218 6219 6282 6281
6219 6220 6283 6282
6220 6221 6284 6283
6221 6222 6285 6284
6222 6223 6286 6285
6223 6224 6287 6286
6224 6225 6288 6287
6225 6226 6289 6288
6226 6227 6290 6289
6227 6228 6291 6290
6228 6229 6292 6291
6229 6230 6293 6292
6230 6231 6294 6293
6231 6232 6295 6294
6232 6233 6296 6295
6233 6234 6297 6296
6234 6235 6298 6297
6235 6236 6299 6298
6237 6238 6301 6300
6238 6239 6302 6301
6239 6240 6303 6302
6240 6241 6304 6303
6241 6242 6305 6304
6242 6243 6306 6305
6243 6244 6307 6306
6244 6245 6308 6307
6245 6246 6309 6308
6246 6247 6310 6309
6247 6248 6311 6310
6248 6249 6312 6311
6249 6250 6313 6312
6250 6251 6314 6313
6251 6252 6315 6314
6252 6253 6316 6315
6253 6254 6317 6316
6254 6255 6318 6317
6255 6256 6319 6318
6256 6257 6320 6319
6257 6258 6321 6320
6258 6259 6322 6321
6259 6260 6323 6322
6260 6261 6324 6323
6261 6262 6325 6324
6262 6263 6326 6325
6263 6264 6327 6326
6264 6265 6328 6327
6265 6266 6329 6328
6266 6267 6330 6329
6267 6268 6331 6330
6268 6269 6332 6331
6269 6270 6333 6332
6270 6271 6334 6333
6271 6272 6335 6334
6272 6273 6336 6335
6273 6274 6337 6336
6274 6275 6338 6337
6275 6276 6339 6338
6276 6277 6340 6339
6277 6278 6341 6340
6278 6279 6342 6341
6279 6280 6343 6342
6280 6281 6344 6343
6281 6282 6345 6344
6282 6283 6346 6345
6283 6284 6347 6346
6284 6285 6348 6347
6285 6286 6349 6348
6286 6287 6350 6349
6287 6288 6351 6350
6288 6289 6352 6351
6289 6290 6353 6352
6290 6291 6354 6353
6291 6292 6355 6354
6292 6293 6356 6355
6293 6294 6357 6356
6294 6295 6358 6357
6295 6296 6359 6358
6296 6297 6360 6359
6297 6298 6361 6360
6298 6299 6362 6361
6300 6301 6364 6363
6301 6302 6365 6364
6302 6303 6366 6365
6303 6304 6367 6366
6304 6305 6368 6367
6305 6306 6369 6368
6306 6307 6370 6369
6307 6308 6371 6370
6308 6309 6372 6371
6309 6310 6373 6372
6310 6311 6374 6373
6311 6312 6375 6374
6312 6313 6376 6375
6313 6314 6377 6376
6314 6315 6378 6377
6315 6316 6379 6378
6316 6317 6380 6379
6317 6318 6381 6380
6318 6319 6382 6381
6319 6320 6383 6382
6320 6321 6384 6383
6321 6322 6385 6384
6322 6323 6386 6385
6323 6324 6387 6386
6324 6325 6388 6387
6325 6326 6389 6388
6326 6327 6390 6389
6327 6328 6391 6390
6328 6329 6392 6391
6329 6330 6393 6392
6330 6331 6394 6393
6331 6332 6395 6394
6332 6333 6396 6395
6333 6334 6397 6396
6334 6335 6398 6397
6335 6336 6399 6398
6336 6337 6400 6399
6337 6338 6401 6400
6338 6339 6402 6401
6339 6340 6403 6402
6340 6341 6404 6403
6341 6342 6405 6404
6342 6343 6406 6405
6343 6344 6407 6406
6344 6345 6408 6407
6345 6346 6409 6408
6346 6347 6410 6409
6347 6348 6411 6410
6348 6349 6412 6411
6349 6350 6413 6412
6350 6351 6414 6413
6351 6352 6415 6414
6352 6353 6416 6415
6353 6354 6417 6416
6354 6355 6418 6417
6355 6356 6419 6418
6356 6357 6420 6419
6357 6358 6421 6420
6358 6359 6422 6421
6359 6360 6423 6422
6360 6361 6424 6423
6361 6362 6425 6424
6363 6364 6427 6426
6364 6365 6428 6427
6365 6366 6429 6428
6366 6367 6430 6429
6367 6368 6431 6430
6368 6369 6432 6431
6369 6370 6433 6432
6370 6371 6434 6433
6371 6372 6435 6434
6372 6373 6436 6435
6373 6374 6437 6436
6374 6375 6438 6437
6375 6376 6439 6438
6376 6377 6440 6439
6377 6378 6441 6440
6378 6379 6442 6441
6379 6380 6443 6442
6380 6381 6444 6443
6381 6382 6445 6444
6382 6383 6446 6445
6383 6384 6447 6446
6384 6385 6448 6447
6385 6386 6449 6448
6386 6387 6450 6449
6387 6388 6451 6450
6388 6389 6452 6451
6389 6390 6453 6452
6390 6391 6454 6453
6391 6392 6455 6454
6392 6393 6456 6455
6393 6394 6457 6456
6394 6395 6458 6457
6395 6396 6459 6458
6396 6397 6460 6459
6397 6398 6461 6460
6398 6399 6462 6461
6399 6400 6463 6462
6400 6401 6464 6463
6401 6402 6465 6464
6402 6403 6466 6465
6403 6404 6467 6466
6404 6405 6468 6467
6405 6406 6469 6468
6406 6407 6470 6469
6407 6408 6471 6470
6408 6409 6472 6471
6409 6410 6473 6472
6410 6411 6474 6473
6411 6412 6475 6474
6412 6413 6476 6475
6413 6414 6477 6476
6414 6415 6478 6477
6415 6416 6479 6478
6416 6417 6480 6479
6417 6418 6481 6480
6418 6419 6482 6481
6419 6420 6483 6482
6420 6421 6484 6483
6421 6422 6485 6484
6422 6423 6486 6485
6423 6424 6487 6486
6424 6425 6488 6487
6426 6427 6490 6489
6427 6428 6491 6490
6428 6429 6492 6491
6429 6430 6493 6492
6430 6431 6494 6493
6431 6432 6495 6494
6432 6433 6496 6495
6433 6434 6497 6496
6434 6435 6498 6497
6435 6436 6499 6498
6436 6437 6500 6499
6437 6438 6501 6500
6438 6439 6502 6501
6439 6440 6503 6502
6440 6441 6504 6503
6441 6442 6505 6504
6442 6443 6506 6505
6443 6444 6507 6506
6444 6445 6508 6507
6445 6446 6509 6508
6446 6447 6510 6509
6447 6448 6511 6510
6448 6449 6512 6511
6449 6450 6513 6512
6450 6451 6514 6513
6451 6452 6515 6514
6452 6453 6516 6515
6453 6454 6517 6516
6454 6455 6518 6517
6455 6456 6519 6518
6456 6457 6520 6519
6457 6458 6521 6520
6458 6459 6522 6521
6459 6460 6523 6522
6460 6461 6524 6523
6461 6462 6525 6524
6462 6463 6526 6525
6463 6464 6527 6526
6464 6465 6528 6527
6465 6466 6529 6528
6466 6467 6530 6529
6467 6468 6531 6530
6468 6469 6532 6531
6469 6470 6533 6532
6470 6471 6534 6533
6471 6472 6535 6534
6472 6473 6536 6535
6473 6474 6537 6536
6474 6475 6538 6537
6475 6476 6539 6538
6476 6477 6540 6539
6477 6478 6541 6540
6478 6479 6542 6541
6479 6480 6543 6542
6480 6481 6544 6543
6481 6482 6545 6544
6482 6483 6546 6545
6483 6484 6547 6546
6484 6485 6548 6547
6485 6486 6549 6548
6486 6487 6550 6549
6487 6488 6551 6550
6489 6490 6553 6552
6490 6491 6554 6553
6491 6492 6555 6554
6492 6493 6556 6555
6493 6494 6557 6556
6494 6495 6558 6557
6495 6496 6559 6558
6496 6497 6560 6559
6497 6498 6561 6560
6498 6499 6562 6561
6499 6500 6563 6562
6500 6501 6564 6563
6501 6502 6565 6564
6502 6503 6566 6565
6503 6504 6567 6566
6504 6505 6568 6567
6505 6506 6569 6568
6506 6507 6570 6569
6507 6508 6571 6570
6508 6509 6572 6571
6509 6510 6573 6572
6510 6511 6574 6573
6511 6512 6575 6574
6512 6513 6576 6575
6513 6514 6577 6576
6514 6515 6578 6577
6515 6516 6579 6578
6516 6517 6580 6579
6517 6518 6581 6580
6518 6519 6582 6581
6519 6520 6583 6582
6520 6521 6584 6583
6521 6522 6585 6584
6522 6523 6586 6585
6523 6524 6587 6586
6524 6525 6588 6587
6525 6526 6589 6588
6526 6527 6590 6589
6527 6528 6591 6590
6528 6529 6592 6591
6529 6530 6593 6592
6530 6531 6594 6593
6531 6532 6595 6594
6532 6533 6596 6595
6533 6534 6597 6596
6534 6535 6598 6597
6535 6536 6599 6598
6536 6537 6600 6599
6537 6538 6601 6600
6538 6539 6602 6601
6539 6540 6603 6602
6540 6541 6604 6603
6541 6542 6605 6604
6542 6543 6606 6605
6543 6544 6607 6606
6544 6545 6608 6607
6545 6546 6609 6608
6546 6547 6610 6609
6547 6548 6611 6610
6548 6549 6612 6611
6549 6550 6613 6612
6550 6551 6614 6613
6552 6553 6616 6615
6553 6554 6617 6616
6554 6555 6618 6617
6555 6556 6619 6618
6556 6557 6620 6619
6557 6558 6621 6620
6558 6559 6622 6621
6559 6560 6623 6622
6560 6561 6624 6623
6561 6562 6625 6624
6562 6563 6626 6625
6563 6564 6627 6626
6564 6565 6628 6627
6565 6566 6629 6628
6566 6567 6630 6629
6567 6568 6631 6630
6568 6569 6632 6631
6569 6570 6633 6632
6570 6571 6634 6633
6571 6572 6635 6634
6572 6573 6636 6635
6573 6574 6637 6636
6574 6575 6638 6637
6575 6576 6639 6638
6576 6577 6640 6639
6577 6578 6641 6640
6578 6579 6642 6641
6579 6580 6643 6642
6580 6581 6644 6643
6581 6582 6645 6644
6582 6583 6646 6645
6583 6584 6647 6646
6584 6585 6648 6647
6585 6586 6649 6648
6586 6587 6650 6649
6587 6588 6651 6650
6588 6589 6652 6651
6589 6590 6653 6652
6590 6591 6654 6653
6591 6592 6655 6654
6592 6593 6656 6655
6593 6594 6657 6656
6594 6595 6658 6657
6595 6596 6659 6658
6596 6597 6660 6659
6597 6598 6661 6660
6598 6599 6662 6661
6599 6600 6663 6662
6600 6601 6664 6663
6601 6602 6665 6664
6602 6603 6666 6665
6603 6604 6667 6666
6604 6605 6668 6667
6605 6606 6669 6668
6606 6607 6670 6669
6607 6608 6671 6670
6608 6609 6672 6671
6609 6610 6673 6672
6610 6611 6674 6673
6611 6612 6675 6674
6612 6613 6676 6675
6613 6614 6677 6676
6615 6616 6679 6678
6616 6617 6680 6679
6617 6618 6681 6680
6618 6619 6682 6681
6619 6620 6683 6682
6620 6621 6684 6683
6621 6622 6685 6684
6622 6623 6686 6685
6623 6624 6687 6686
6624 6625 6688 6687
6625 6626 6689 6688
6626 6627 6690 6689
6627 6628 6691 6690
6628 6629 6692 6691
6629 6630 6693 6692
6630 6631 6694 6693
6631 6632 6695 6694
6632 6633 6696 6695
6633 6634 6697 6696
6634 6635 6698 6697
6635 6636 6699 6698
6636 6637 6700 6699
6637 6638 6701 6700
6638 6639 6702 6701
6639 6640 6703 6702
6640 6641 6704 6703
6641 6642 6705 6704
6642 6643 6706 6705
6643 6644 6707 6706
6644 6645 6708 6707
6645 6646 6709 6708
6646 6647 6710 6709
6647 6648 6711 6710
6648 6649 6712 6711
6649 6650 6713 6712
6650 6651 6714 6713
6651 6652 6715 6714
6652 6653 6716 6715
6653 6654 6717 6716
6654 6655 6718 6717
6655 6656 6719 6718
6656 6657 6720 6719
6657 6658 6721 6720
6658 6659 6722 6721
6659 6660 6723 6722
6660 6661 6724 6723
6661 6662 6725 6724
6662 6663 6726 6725
6663 6664 6727 6726
6664 6665 6728 6727
6665 6666 6729 6728
6666 6667 6730 6729
6667 6668 6731 6730
6668 6669 6732 6731
6669 6670 6733 6732
6670 6671 6734 6733
6671 6672 6735 6734
6672 6673 6736 6735
6673 6674 6737 6736
6674 6675 6738 6737
6675 6676 6739 6738
6676 6677 6740 6739
6678 6679 6742 6741
6679 6680 6743 6742
6680 6681 6744 6743
6681 6682 6745 6744
6682 6683 6746 6745
6683 6684 6747 6746
6684 6685 6748 6747
6685 6686 6749 6748
6686 6687 6750 6749
6687 6688 6751 6750
6688 6689 6752 6751
6689 6690 6753 6752
6690 6691 6754 6753
6691 6692 6755 6754
6692 6693 6756 6755
6693 6694 6757 6756
6694 6695 6758 6757
6695 6696 6759 6758
6696 6697 6760 6759
6697 6698 6761 6760
6698 6699 6762 6761
6699 6700 6763 6762
6700 6701 6764 6763
6701 6702 6765 6764
6702 6703 6766 6765
6703 6704 6767 6766
6704 6705 6768 6767
6705 6706 6769 6768
6706 6707 6770 6769
6707 6708 6771 6770
6708 6709 6772 6771
6709 6710 6773 6772
6710 6711 6774 6773
6711 6712 6775 6774
6712 6713 6776 6775
6713 6714 6777 6776
6714 6715 6778 6777
6715 6716 6779 6778
6716 6717 6780 6779
6717 6718 6781 6780
6718 6719 6782 6781
6719 6720 6783 6782
6720 6721 6784 6783
6721 6722 6785 6784
6722 6723 6786 6785
6723 6724 6787 6786
6724 6725 6788 6787
6725 6726 6789 6788
6726 6727 6790 6789
6727 6728 6791 6790
6728 6729 6792 6791
6729 6730 6793 6792
6730 6731 6794 6793
6731 6732 6795 6794
6732 6733 6796 6795
6733 6734 6797 6796
6734 6735 6798 6797
6735 6736 6799 6798
6736 6737 6800 6799
6737 6738 6801 6800
6738 6739 6802 6801
6739 6740 6803 6802
6741 6742 6805 6804
6742 6743 6806 6805
6743 6744 6807 6806
6744 6745 6808 6807
6745 6746 6809 6808
6746 6747 6810 6809
6747 6748 6811 6810
6748 6749 6812 6811
6749 6750 6813 6812
6750 6751 6814 6813
6751 6752 6815 6814
6752 6753 6816 6815
6753 6754 6817 6816
6754 6755 6818 6817
6755 6756 6819 6818
6756 6757 6820 6819
6757 6758 6821 6820
6758 6759 6822 6821
6759 6760 6823 6822
6760 6761 6824 6823
6761 6762 6825 6824
6762 6763 6826 6825
6763 6764 6827 6826
6764 6765 6828 6827
6765 6766 6829 6828
6766 6767 6830 6829
6767 6768 6831 6830
6768 6769 6832 6831
6769 6770 6833 6832
6770 6771 6834 6833
6771 6772 6835 6834
6772 6773 6836 6835
6773 6774 6837 6836
6774 6775 6838 6837
6775 6776 6839 6838
6776 6777 6840 6839
6777 6778 6841 6840
6778 6779 6842 6841
6779 6780 6843 6842
6780 6781 6844 6843
6781 6782 6845 6844
6782 6783 6846 6845
6783 6784 6847 6846
6784 6785 6848 6847
6785 6786 6849 6848
6786 6787 6850 6849
6787 6788 6851 6850
6788 6789 6852 6851
6789 6790 6853 6852
6790 6791 6854 6853
6791 6792 6855 6854
6792 6793 6856 6855
6793 6794 6857 6856
6794 6795 6858 6857
6795 6796 6859 6858
6796 6797 6860 6859
6797 6798 6861 6860
6798 6799 6862 6861
6799 6800 6863 6862
6800 6801 6864 6863
6801 6802 6865 6864
6802 6803 6866 6865
6804 6805 6868 6867
6805 6806 6869 6868
6806 6807 6870 6869
6807 6808 6871 6870
6808 6809 6872 6871
6809 6810 6873 6872
6810 6811 6874 6873
6811 6812 6875 6874
6812 6813 6876 6875
6813 6814 6877 6876
6814 6815 6878 6877
6815 6816 6879 6878
6816 6817 6880 6879
6817 6818 6881 6880
6818 6819 6882 6881
6819 6820 6883 6882
6820 6821 6884 6883
6821 6822 6885 6884
6822 6823 6886 6885
6823 6824 6887 6886
6824 6825 6888 6887
6825 6826 6889 6888
6826 6827 6890 6889
6827 6828 6891 6890
6828 6829 6892 6891
6829 6830 6893 6892
6830 6831 6894 6893
6831 6832 6895 6894
6832 6833 6896 6895
6833 6834 6897 6896
6834 6835 6898 6897
6835 6836 6899 6898
6836 6837 6900 6899
6837 6838 6901 6900
6838 6839 6902 6901
6839 6840 6903 6902
6840 6841 6904 6903
6841 6842 6905 6904
6842 6843 6906 6905
6843 6844 6907 6906
6844 6845 6908 6907
6845 6846 6909 6908
6846 6847 6910 6909
6847 6848 6911 6910
6848 6849 6912 6911
6849 6850 6913 6912
6850 6851 6914 6913
6851 6852 6915 6914
6852 6853 6916 6915
6853 6854 6917 6916
6854 6855 6918 6917
6855 6856 6919 6918
6856 6857 6920 6919
6857 6858 6921 6920
6858 6859 6922 6921
6859 6860 6923 6922
6860 6861 6924 6923
6861 6862 6925 6924
6862 6863 6926 6925
6863 6864 6927 6926
6864 6865 6928 6927
6865 6866 6929 6928
6867 6868 6931 6930
6868 6869 6932 6931
6869 6870 6933 6932
6870 6871 6934 6933
6871 6872 6935 6934
6872 6873 6936 6935
6873 6874 6937 6936
6874 6875 6938 6937
6875 6876 6939 6938
6876 6877 6940 6939
6877 6878 6941 6940
6878 6879 6942 6941
6879 6880 6943 6942
6880 6881 6944 6943
6881 6882 6945 6944
6882 6883 6946 6945
6883 6884 6947 6946
6884 6885 6948 6947
6885 6886 6949 6948
6886 6887 6950 6949
6887 6888 6951 6950
6888 6889 6952 6951
6889 6890 6953 6952
6890 6891 6954 6953
6891 6892 6955 6954
6892 6893 6956 6955
6893 6894 6957 6956
6894 6895 6958 6957
6895 6896 6959 6958
6896 6897 6960 6959
6897 6898 6961 6960
6898 6899 6962 6961
6899 6900 6963 6962
6900 6901 6964 6963
6901 6902 6965 6964
6902 6903 6966 6965
6903 6904 6967 6966
6904 6905 6968 6967
6905 6906 6969 6968
6906 6907 6970 6969
6907 6908 6971 6970
6908 6909 6972 6971
6909 6910 6973 6972
6910 6911 6974 6973
6911 6912 6975 6974
6912 6913 6976 6975
6913 6914 6977 6976
6914 6915 6978 6977
6915 6916 6979 6978
6916 6917 6980 6979
6917 6918 6981 6980
6918 6919 6982 6981
6919 6920 6983 6982
6920 6921 6984 6983
6921 6922 6985 6984
6922 6923 6986 6985
6923 6924 6987 6986
6924 6925 6988 6987
6925 6926 6989 6988
6926 6927 6990 6989
6927 6928 6991 6990
6928 6929 6992 6991
6930 6931 6994 6993
6931 6932 6995 6994
6932 6933 6996 6995
6933 6934 6997 6996
6934 6935 6998 6997
6935 6936 6999 6998
6936 6937 7000 6999
6937 6938 7001 7000
6938 6939 7002 7001
6939 6940 7003 7002
6940 6941 7004 7003
6941 6942 7005 7004
6942 6943 7006 7005
6943 6944 7007 7006
6944 6945 7008 7007
6945 6946 7009 7008
6946 6947 7010 7009
6947 6948 7011 7010
6948 6949 7012 7011
6949 6950 7013 7012
6950 6951 7014 7013
6951 6952 7015 7014
6952 6953 7016 7015
6953 6954 7017 7016
6954 6955 7018 7017
6955 6956 7019 7018
6956 6957 7020 7019
6957 6958 7021 7020
6958 6959 7022 7021
6959 6960 7023 7022
6960 6961 7024 7023
6961 6962 7025 7024
6962 6963 7026 7025
6963 6964 7027 7026
6964 6965 7028 7027
6965 6966 7029 7028
6966 6967 7030 7029
6967 6968 7031 7030
6968 6969 7032 7031
6969 6970 7033 7032
6970 6971 7034 7033
6971 6972 7035 7034
6972 6973 7036 7035
6973 6974 7037 7036
6974 6975 7038 7037
6975 6976 7039 7038
6976 6977 7040 7039
6977 6978 7041 7040
6978 6979 7042 7041
6979 6980 7043 7042
6980 6981 7044 7043
6981 6982 7045 7044
6982 6983 7046 7045
6983 6984 7047 7046
6984 6985 7048 7047
6985 6986 7049 7048
6986 6987 7050 7049
6987 6988 7051 7050
6988 6989 7052 7051
6989 6990 7053 7052
6990 6991 7054 7053
6991 6992 7055 7054
6993 6994 7057 7056
6994 6995 7058 7057
6995 6996 7059 7058
6996 6997 7060 7059
6997 6998 7061 7060
6998 6999 7062 7061
6999 7000 7063 7062
7000 7001 7064 7063
7001 7002 7065 7064
7002 7003 7066 7065
7003 7004 7067 7066
7004 7005 7068 7067
7005 7006 7069 7068
7006 7007 7070 7069
7007 7008 7071 7070
7008 7009 7072 7071
7009 7010 7073 7072
7010 7011 7074 7073
7011 7012 7075 7074
7012 7013 7076 7075
7013 7014 7077 7076
7014 7015 7078 7077
7015 7016 7079 7078
7016 7017 7080 7079
7017 7018 7081 7080
7018 7019 7082 7081
7019 7020 7083 7082
7020 7021 7084 7083
7021 7022 7085 7084
7022 7023 7086 7085
7023 7024 7087 7086
7024 7025 7088 7087
7025 7026 7089 7088
7026 7027 7090 7089
7027 7028 7091 7090
7028 7029 7092 7091
7029 7030 7093 7092
7030 7031 7094 7093
7031 7032 7095 7094
7032 7033 7096 7095
7033 7034 7097 7096
7034 7035 7098 7097
7035 7036 7099 7098
7036 7037 7100 7099
7037 7038 7101 7100
7038 7039 7102 7101
7039 7040 7103 7102
7040 7041 7104 7103
7041 7042 7105 7104
7042 7043 7106 7105
7043 7044 7107 7106
7044 7045 7108 7107
7045 7046 7109 7108
7046 7047 7110 7109
7047 7048 7111 7110
7048 7049 7112 7111
7049 7050 7113 7112
7050 7051 7114 7113
7051 7052 7115 7114
7052 7053 7116 7115
7053 7054 7117 7116
7054 7055 7118 7117
7056 7057 7120 7119
7057 7058 7121 7120
7058 7059 7122 7121
7059 7060 7123 7122
7060 7061 7124 7123
7061 7062 7125 7124
7062 7063 7126 7125
7063 7064 7127 7126
7064 7065 7128 7127
7065 7066 7129 7128
7066 7067 7130 7129
7067 7068 7131 7130
7068 7069 7132 7131
7069 7070 7133 7132
7070 7071 7134 7133
7071 7072 7135 7134
7072 7073 7136 7135
7073 7074 7137 7136
7074 7075 7138 7137
7075 7076 7139 7138
7076 7077 7140 7139
7077 7078 7141 7140
7078 7079 7142 7141
7079 7080 7143 7142
7080 7081 7144 7143
7081 7082 7145 7144
7082 7083 7146 7145
7083 7084 7147 7146
7084 7085 7148 7147
7085 7086 7149 7148
7086 7087 7150 7149
7087 7088 7151 7150
7088 7089 7152 7151
7089 7090 7153 7152
7090 7091 7154 7153
7091 7092 7155 7154
7092 7093 7156 7155
7093 7094 7157 7156
7094 7095 7158 7157
7095 7096 7159 7158
7096 7097 7160 7159
7097 7098 7161 7160
7098 7099 7162 7161
7099 7100 7163 7162
7100 7101 7164 7163
7101 7102 7165 7164
7102 7103 7166 7165
7103 7104 7167 7166
7104 7105 7168 7167
7105 7106 7169 7168
7106 7107 7170 7169
7107 7108 7171 7170
7108 7109 7172 7171
7109 7110 7173 7172
7110 7111 7174 7173
7111 7112 7175 7174
7112 7113 7176 7175
7113 7114 7177 7176
7114 7115 7178 7177
7115 7116 7179 7178
7116 7117 7180 7179
7117 7118 7181 7180
7119 7120 7183 7182
7120 7121 7184 7183
7121 7122 7185 7184
7122 7123 7186 7185
7123 7124 7187 7186
7124 7125 7188 7187
7125 7126 7189 7188
7126 7127 7190 7189
7127 7128 7191 7190
7128 7129 7192 7191
7129 7130 7193 7192
7130 7131 7194 7193
7131 7132 7195 7194
7132 7133 7196 7195
7133 7134 7197 7196
7134 7135 7198 7197
7135 7136 7199 7198
7136 7137 7200 7199
7137 7138 7201 7200
7138 7139 7202 7201
7139 7140 7203 7202
7140 7141 7204 7203
7141 7142 7205 7204
7142 7143 7206 7205
7143 7144 7207 7206
7144 7145 7208 7207
7145 7146 7209 7208
7146 7147 7210 7209
7147 7148 7211 7210
7148 7149 7212 7211
7149 7150 7213 7212
7150 7151 7214 7213
7151 7152 7215 7214
7152 7153 7216 7215
7153 7154 7217 7216
7154 7155 7218 7217
7155 7156 7219 7218
7156 7157 7220 7219
7157 7158 7221 7220
7158 7159 7222 7221
7159 7160 7223 7222
7160 7161 7224 7223
7161 7162 7225 7224
7162 7163 7226 7225
7163 7164 7227 7226
7164 7165 7228 7227
7165 7166 7229 7228
7166 7167 7230 7229
7167 7168 7231 7230
7168 7169 7232 7231
7169 7170 7233 7232
7170 7171 7234 7233
7171 7172 7235 7234
7172 7173 7236 7235
7173 7174 7237 7236
7174 7175 7238 7237
7175 7176 7239 7238
7176 7177 7240 7239
7177 7178 7241 7240
7178 7179 7242 7241
7179 7180 7243 7242
7180 7181 7244 7243
7182 7183 7246 7245
7183 7184 7247 7246
7184 7185 7248 7247
7185 7186 7249 7248
7186 7187 7250 7249
7187 7188 7251 7250
7188 7189 7252 7251
7189 7190 7253 7252
7190 7191 7254 7253
7191 7192 7255 7254
7192 7193 7256 7255
7193 7194 7257 7256
7194 7195 7258 7257
7195 7196 7259 7258
7196 7197 7260 7259
7197 7198 7261 7260
7198 7199 7262 7261
7199 7200 7263 7262
7200 7201 7264 7263
7201 7202 7265 7264
7202 7203 7266 7265
7203 7204 7267 7266
7204 7205 7268 7267
7205 7206 7269 7268
7206 7207 7270 7269
7207 7208 7271 7270
7208 7209 7272 7271
7209 7210 7273 7272
7210 7211 7274 7273
7211 7212 7275 7274
7212 7213 7276 7275
7213 7214 7277 7276
7214 7215 7278 7277
7215 7216 7279 7278
7216 7217 7280 7279
7217 7218 7281 7280
7218 7219 7282 7281
7219 7220 7283 7282
7220 7221 7284 7283
7221 7222 7285 7284
7222 7223 7286 7285
7223 7224 7287 7286
7224 7225 7288 7287
7225 7226 7289 7288
7226 7227 7290 7289
7227 7228 7291 7290
7228 7229 7292 7291
7229 7230 7293 7292
7230 7231 7294 7293
7231 7232 7295 7294
7232 7233 7296 7295
7233 7234 7297 7296
7234 7235 7298 7297
7235 7236 7299 7298
7236 7237 7300 7299
7237 7238 7301 7300
7238 7239 7302 7301
7239 7240 7303 7302
7240 7241 7304 7303
7241 7242 7305 7304
7242 7243 7306 7305
7243 7244 7307 7306
7245 7246 7309 7308
7246 7247 7310 7309
7247 7248 7311 7310
7248 7249 7312 7311
7249 7250 7313 7312
7250 7251 7314 7313
7251 7252 7315 7314
7252 7253 7316 7315
7253 7254 7317 7316
7254 7255 7318 7317
7255 7256 7319 7318
7256 7257 7320 7319
7257 7258 7321 7320
7258 7259 7322 7321
7259 7260 7323 7322
7260 7261 7324 7323
7261 7262 7325 7324
7262 7263 7326 7325
7263 7264 7327 7326
7264 7265 7328 7327
7265 7266 7329 7328
7266 7267 7330 7329
7267 7268 7331 7330
7268 7269 7332 7331
7269 7270 7333 7332
7270 7271 7334 7333
7271 7272 7335 7334
7272 7273 7336 7335
7273 7274 7337 7336
7274 7275 7338 7337
7275 7276 7339 7338
7276 7277 7340 7339
7277 7278 7341 7340
7278 7279 7342 7341
7279 7280 7343 7342
7280 7281 7344 7343
7281 7282 7345 7344
7282 7283 7346 7345
7283 7284 7347 7346
7284 7285 7348 7347
7285 7286 7349 7348
7286 7287 7350 7349
7287 7288 7351 7350
7288 7289 7352 7351
7289 7290 7353 7352
7290 7291 7354 7353
7291 7292 7355 7354
7292 7293 7356 7355
7293 7294 7357 7356
7294 7295 7358 7357
7295 7296 7359 7358
7296 7297 7360 7359
7297 7298 7361 7360
7298 7299 7362 7361
7299 7300 7363 7362
7300 7301 7364 7363
7301 7302 7365 7364
7302 7303 7366 7365
7303 7304 7367 7366
7304 7305 7368 7367
7305 7306 7369 7368
7306 7307 7370 7369
7308 7309 7372 7371
7309 7310 7373 7372
7310 7311 7374 7373
7311 7312 7375 7374
7312 7313 7376 7375
7313 7314 7377 7376
7314 7315 7378 7377
7315 7316 7379 7378
7316 7317 7380 7379
7317 7318 7381 7380
7318 7319 7382 7381
7319 7320 7383 7382
7320 7321 7384 7383
7321 7322 7385 7384
7322 7323 7386 7385
7323 7324 7387 7386
7324 7325 7388 7387
7325 7326 7389 7388
7326 7327 7390 7389
7327 7328 7391 7390
7328 7329 7392 7391
7329 7330 7393 7392
7330 7331 7394 7393
7331 7332 7395 7394
7332 7333 7396 7395
7333 7334 7397 7396
7334 7335 7398 7397
7335 7336 7399 7398
7336 7337 7400 7399
7337 7338 7401 7400
7338 7339 7402 7401
7339 7340 7403 7402
7340 7341 7404 7403
7341 7342 7405 7404
7342 7343 7406 7405
7343 7344 7407 7406
7344 7345 7408 7407
7345 7346 7409 7408
7346 7347 7410 7409
7347 7348 7411 7410
7348 7349 7412 7411
7349 7350 7413 7412
7350 7351 7414 7413
7351 7352 7415 7414
7352 7353 7416 7415
7353 7354 7417 7416
7354 7355 7418 7417
7355 7356 7419 7418
7356 7357 7420 7419
7357 7358 7421 7420
7358 7359 7422 7421
7359 7360 7423 7422
7360 7361 7424 7423
7361 7362 7425 7424
7362 7363 7426 7425
7363 7364 7427 7426
7364 7365 7428 7427
7365 7366 7429 7428
7366 7367 7430 7429
7367 7368 7431 7430
7368 7369 7432 7431
7369 7370 7433 7432
7371 7372 7435 7434
7372 7373 7436 7435
7373 7374 7437 7436
7374 7375 7438 7437
7375 7376 7439 7438
7376 7377 7440 7439
7377 7378 7441 7440
7378 7379 7442 7441
7379 7380 7443 7442
7380 7381 7444 7443
7381 7382 7445 7444
7382 7383 7446 7445
7383 7384 7447 7446
7384 7385 7448 7447
7385 7386 7449 7448
7386 7387 7450 7449
7387 7388 7451 7450
7388 7389 7452 7451
7389 7390 7453 7452
7390 7391 7454 7453
7391 7392 7455 7454
7392 7393 7456 7455
7393 7394 7457 7456
7394 7395 7458 7457
7395 7396 7459 7458
7396 7397 7460 7459
7397 7398 7461 7460
7398 7399 7462 7461
7399 7400 7463 7462
7400 7401 7464 7463
7401 7402 7465 7464
7402 7403 7466 7465
7403 7404 7467 7466
7404 7405 7468 7467
7405 7406 7469 7468
7406 7407 7470 7469
7407 7408 7471 7470
7408 7409 7472 7471
7409 7410 7473 7472
7410 7411 7474 7473
7411 7412 7475 7474
7412 7413 7476 7475
7413 7414 7477 7476
7414 7415 7478 7477
7415 7416 7479 7478
7416 7417 7480 7479
7417 7418 7481 7480
7418 7419 7482 7481
7419 7420 7483 7482
7420 7421 7484 7483
7421 7422 7485 7484
7422 7423 7486 7485
7423 7424 7487 7486
7424 7425 7488 7487
7425 7426 7489 7488
7426 7427 7490 7489
7427 7428 7491 7490
7428 7429 7492 7491
7429 7430 7493 7492
7430 7431 7494 7493
7431 7432 7495 7494
7432 7433 7496 7495
7434 7435 7498 7497
7435 7436 7499 7498
7436 7437 7500 7499
7437 7438 7501 7500
7438 7439 7502 7501
7439 7440 7503 7502
7440 7441 7504 7503
7441 7442 7505 7504
7442 7443 7506 7505
7443 7444 7507 7506
7444 7445 7508 7507
7445 7446 7509 7508
7446 7447 7510 7509
7447 7448 7511 7510
7448 7449 7512 7511
7449 7450 7513 7512
7450 7451 7514 7513
7451 7452 7515 7514
7452 7453 7516 7515
7453 7454 7517 7516
7454 7455 7518 7517
7455 7456 7519 7518
7456 7457 7520 7519
7457 7458 7521 7520
7458 7459 7522 7521
7459 7460 7523 7522
7460 7461 7524 7523
7461 7462 7525 7524
7462 7463 7526 7525
7463 7464 7527 7526
7464 7465 7528 7527
7465 7466 7529 7528
7466 7467 7530 7529
7467 7468 7531 7530
7468 7469 7532 7531
7469 7470 7533 7532
7470 7471 7534 7533
7471 7472 7535 7534
7472 7473 7536 7535
7473 7474 7537 7536
7474 7475 7538 7537
7475 7476 7539 7538
7476 7477 7540 7539
7477 7478 7541 7540
7478 7479 7542 7541
7479 7480 7543 7542
7480 7481 7544 7543
7481 7482 7545 7544
7482 7483 7546 7545
7483 7484 7547 7546
7484 7485 7548 7547
7485 7486 7549 7548
7486 7487 7550 7549
7487 7488 7551 7550
7488 7489 7552 7551
7489 7490 7553 7552
7490 7491 7554 7553
7491 7492 7555 7554
7492 7493 7556 7555
7493 7494 7557 7556
7494 7495 7558 7557
7495 7496 7559 7558
7497 7498 7561 7560
7498 7499 7562 7561
7499 7500 7563 7562
7500 7501 7564 7563
7501 7502 7565 7564
7502 7503 7566 7565
7503 7504 7567 7566
7504 7505 7568 7567
7505 7506 7569 7568
7506 7507 7570 7569
7507 7508 7571 7570
7508 7509 7572 7571
7509 7510 7573 7572
7510 7511 7574 7573
7511 7512 7575 7574
7512 7513 7576 7575
7513 7514 7577 7576
7514 7515 7578 7577
7515 7516 7579 7578
7516 7517 7580 7579
7517 7518 7581 7580
7518 7519 7582 7581
7519 7520 7583 7582
7520 7521 7584 7583
7521 7522 7585 7584
7522 7523 7586 7585
7523 7524 7587 7586
7524 7525 7588 7587
7525 7526 7589 7588
7526 7527 7590 7589
7527 7528 7591 7590
7528 7529 7592 7591
7529 7530 7593 7592
7530 7531 7594 7593
7531 7532 7595 7594
7532 7533 7596 7595
7533 7534 7597 7596
7534 7535 7598 7597
7535 7536 7599 7598
7536 7537 7600 7599
7537 7538 7601 7600
7538 7539 7602 7601
7539 7540 7603 7602
7540 7541 7604 7603
7541 7542 7605 7604
7542 7543 7606 7605
7543 7544 7607 7606
7544 7545 7608 7607
7545 7546 7609 7608
7546 7547 7610 7609
7547 7548 7611 7610
7548 7549 7612 7611
7549 7550 7613 7612
7550 7551 7614 7613
7551 7552 7615 7614
7552 7553 7616 7615
7553 7554 7617 7616
7554 7555 7618 7617
7555 7556 7619 7618
7556 7557 7620 7619
7557 7558 7621 7620
7558 7559 7622 7621
7560 7561 7624 7623
7561 7562 7625 7624
7562 7563 7626 7625
7563 7564 7627 7626
7564 7565 7628 7627
7565 7566 7629 7628
7566 7567 7630 7629
7567 7568 7631 7630
7568 7569 7632 7631
7569 7570 7633 7632
7570 7571 7634 7633
7571 7572 7635 7634
7572 7573 7636 7635
7573 7574 7637 7636
7574 7575 7638 7637
7575 7576 7639 7638
7576 7577 7640 7639
7577 7578 7641 7640
7578 7579 7642 7641
7579 7580 7643 7642
7580 7581 7644 7643
7581 7582 7645 7644
7582 7583 7646 7645
7583 7584 7647 7646
7584 7585 7648 7647
7585 7586 7649 7648
7586 7587 7650 7649
7587 7588 7651 7650
7588 7589 7652 7651
7589 7590 7653 7652
7590 7591 7654 7653
7591 7592 7655 7654
7592 7593 7656 7655
7593 7594 7657 7656
7594 7595 7658 7657
7595 7596 7659 7658
7596 7597 7660 7659
7597 7598 7661 7660
7598 7599 7662 7661
7599 7600 7663 7662
7600 7601 7664 7663
7601 7602 7665 7664
7602 7603 7666 7665
7603 7604 7667 7666
7604 7605 7668 7667
7605 7606 7669 7668
7606 7607 7670 7669
7607 7608 7671 7670
7608 7609 7672 7671
7609 7610 7673 7672
7610 7611 7674 7673
7611 7612 7675 7674
7612 7613 7676 7675
7613 7614 7677 7676
7614 7615 7678 7677
7615 7616 7679 7678
7616 7617 7680 7679
7617 7618 7681 7680
7618 7619 7682 7681
7619 7620 7683 7682
7620 7621 7684 7683
7621 7622 7685 7684
7623 7624 7687 7686
7624 7625 7688 7687
7625 7626 7689 7688
7626 7627 7690 7689
7627 7628 7691 7690
7628 7629 7692 7691
7629 7630 7693 7692
7630 7631 7694 7693
7631 7632 7695 7694
7632 7633 7696 7695
7633 7634 7697 7696
7634 7635 7698 7697
7635 7636 7699 7698
7636 7637 7700 7699
7637 7638 7701 7700
7638 7639 7702 7701
7639 7640 7703 7702
7640 7641 7704 7703
7641 7642 7705 7704
7642 7643 7706 7705
7643 7644 7707 7706
7644 7645 7708 7707
7645 7646 7709 7708
7646 7647 7710 7709
7647 7648 7711 7710
7648 7649 7712 7711
7649 7650 7713 7712
7650 7651 7714 7713
7651 7652 7715 7714
7652 7653 7716 7715
7653 7654 7717 7716
7654 7655 7718 7717
7655 7656 7719 7718
7656 7657 7720 7719
7657 7658 7721 7720
7658 7659 7722 7721
7659 7660 7723 7722
7660 7661 7724 7723
7661 7662 7725 7724
7662 7663 7726 7725
7663 7664 7727 7726
7664 7665 7728 7727
7665 7666 7729 7728
7666 7667 7730 7729
7667 7668 7731 7730
7668 7669 7732 7731
7669 7670 7733 7732
7670 7671 7734 7733
7671 7672 7735 7734
7672 7673 7736 7735
7673 7674 7737 7736
7674 7675 7738 7737
7675 7676 7739 7738
7676 7677 7740 7739
7677 7678 7741 7740
7678 7679 7742 7741
7679 7680 7743 7742
7680 7681 7744 7743
7681 7682 7745 7744
7682 7683 7746 7745
7683 7684 7747 7746
7684 7685 7748 7747
7686 7687 7750 7749
7687 7688 7751 7750
7688 7689 7752 7751
7689 7690 7753 7752
7690 7691 7754 7753
7691 7692 7755 7754
7692 7693 7756 7755
7693 7694 7757 7756
7694 7695 7758 7757
7695 7696 7759 7758
7696 7697 7760 7759
7697 7698 7761 7760
7698 7699 7762 7761
7699 7700 7763 7762
7700 7701 7764 7763
7701 7702 7765 7764
7702 7703 7766 7765
7703 7704 7767 7766
7704 7705 7768 7767
7705 7706 7769 7768
7706 7707 7770 7769
7707 7708 7771 7770
7708 7709 7772 7771
7709 7710 7773 7772
7710 7711 7774 7773
7711 7712 7775 7774
7712 7713 7776 7775
7713 7714 7777 7776
7714 7715 7778 7777
7715 7716 7779 7778
7716 7717 7780 7779
7717 7718 7781 7780
7718 7719 7782 7781
7719 7720 7783 7782
7720 7721 7784 7783
7721 7722 7785 7784
7722 7723 7786 7785
7723 7724 7787 7786
7724 7725 7788 7787
7725 7726 7789 7788
7726 7727 7790 7789
7727 7728 7791 7790
7728 7729 7792 7791
7729 7730 7793 7792
7730 7731 7794 7793
7731 7732 7795 7794
7732 7733 7796 7795
7733 7734 7797 7796
7734 7735 7798 7797
7735 7736 7799 7798
7736 7737 7800 7799
7737 7738 7801 7800
7738 7739 7802 7801
7739 7740 7803 7802
7740 7741 7804 7803
7741 7742 7805 7804
7742 7743 7806 7805
7743 7744 7807 7806
7744 7745 7808 7807
7745 7746 7809 7808
7746 7747 7810 7809
7747 7748 7811 7810
7749 7750 7813 7812
7750 7751 7814 7813
7751 7752 7815 7814
7752 7753 7816 7815
7753 7754 7817 7816
7754 7755 7818 7817
7755 7756 7819 7818
7756 7757 7820 7819
7757 7758 7821 7820
7758 7759 7822 7821
7759 7760 7823 7822
7760 7761 7824 7823
7761 7762 7825 7824
7762 7763 7826 7825
7763 7764 7827 7826
7764 7765 7828 7827
7765 7766 7829 7828
7766 7767 7830 7829
7767 7768 7831 7830
7768 7769 7832 7831
7769 7770 7833 7832
7770 7771 7834 7833
7771 7772 7835 7834
7772 7773 7836 7835
7773 7774 7837 7836
7774 7775 7838 7837
7775 7776 7839 7838
7776 7777 7840 7839
7777 7778 7841 7840
7778 7779 7842 7841
7779 7780 7843 7842
7780 7781 7844 7843
7781 7782 7845 7844
7782 7783 7846 7845
7783 7784 7847 7846
7784 7785 7848 7847
7785 7786 7849 7848
7786 7787 7850 7849
7787 7788 7851 7850
7788 7789 7852 7851
7789 7790 7853 7852
7790 7791 7854 7853
7791 7792 7855 7854
7792 7793 7856 7855
7793 7794 7857 7856
7794 7795 7858 7857
7795 7796 7859 7858
7796 7797 7860 7859
7797 7798 7861 7860
7798 7799 7862 7861
7799 7800 7863 7862
7800 7801 7864 7863
7801 7802 7865 7864
7802 7803 7866 7865
7803 7804 7867 7866
7804 7805 7868 7867
7805 7806 7869 7868
7806 7807 7870 7869
7807 7808 7871 7870
7808 7809 7872 7871
7809 7810 7873 7872
7810 7811 7874 7873
7812 7813 7876 7875
7813 7814 7877 7876
7814 7815 7878 7877
7815 7816 7879 7878
7816 7817 7880 7879
7817 7818 7881 7880
7818 7819 7882 7881
7819 7820 7883 7882
7820 7821 7884 7883
7821 7822 7885 7884
7822 7823 7886 7885
7823 7824 7887 7886
7824 7825 7888 7887
7825 7826 7889 7888
7826 7827 7890 7889
7827 7828 7891 7890
7828 7829 7892 7891
7829 7830 7893 7892
7830 7831 7894 7893
7831 7832 7895 7894
7832 7833 7896 7895
7833 7834 7897 7896
7834 7835 7898 7897
7835 7836 7899 7898
7836 7837 7900 7899
7837 7838 7901 7900
7838 7839 7902 7901
7839 7840 7903 7902
7840 7841 7904 7903
7841 7842 7905 7904
7842 7843 7906 7905
7843 7844 7907 7906
7844 7845 7908 7907
7845 7846 7909 7908
7846 7847 7910 7909
7847 7848 7911 7910
7848 7849 7912 7911
7849 7850 7913 7912
7850 7851 7914 7913
7851 7852 7915 7914
7852 7853 7916 7915
7853 7854 7917 7916
7854 7855 7918 7917
7855 7856 7919 7918
7856 7857 7920 7919
7857 7858 7921 7920
7858 7859 7922 7921
7859 7860 7923 7922
7860 7861 7924 7923
7861 7862 7925 7924
7862 7863 7926 7925
7863 7864 7927 7926
7864 7865 7928 7927
7865 7866 7929 7928
7866 7867 7930 7929
7867 7868 7931 7930
7868 7869 7932 7931
7869 7870 7933 7932
7870 7871 7934 7933
7871 7872 7935 7934
7872 7873 7936 7935
7873 7874 7937 7936
7875 7876 7939 7938
7876 7877 7940 7939
7877 7878 7941 7940
7878 7879 7942 7941
7879 7880 7943 7942
7880 7881 7944 7943
7881 7882 7945 7944
7882 7883 7946 7945
7883 7884 7947 7946
7884 7885 7948 7947
7885 7886 7949 7948
7886 7887 7950 7949
7887 7888 7951 7950
7888 7889 7952 7951
7889 7890 7953 7952
7890 7891 7954 7953
7891 7892 7955 7954
7892 7893 7956 7955
7893 7894 7957 7956
7894 7895 7958 7957
7895 7896 7959 7958
7896 7897 7960 7959
7897 7898 7961 7960
7898 7899 7962 7961
7899 7900 7963 7962
7900 7901 7964 7963
7901 7902 7965 7964
7902 7903 7966 7965
7903 7904 7967 7966
7904 7905 7968 7967
7905 7906 7969 7968
7906 7907 7970 7969
7907 7908 7971 7970
7908 7909 7972 7971
7909 7910 7973 7972
7910 7911 7974 7973
7911 7912 7975 7974
7912 7913 7976 7975
7913 7914 7977 7976
7914 7915 7978 7977
7915 7916 7979 7978
7916 7917 7980 7979
7917 7918 7981 7980
7918 7919 7982 7981
7919 7920 7983 7982
7920 7921 7984 7983
7921 7922 7985 7984
7922 7923 7986 7985
7923 7924 7987 7986
7924 7925 7988 7987
7925 7926 7989 7988
7926 7927 7990 7989
7927 7928 7991 7990
7928 7929 7992 7991
7929 7930 7993 7992
7930 7931 7994 7993
7931 7932 7995 7994
7932 7933 7996 7995
7933 7934 7997 7996
7934 7935 7998 7997
7935 7936 7999 7998
7936 7937 8000 7999
7938 7939 8002 8001
7939 7940 8003 8002
7940 7941 8004 8003
7941 7942 8005 8004
7942 7943 8006 8005
7943 7944 8007 8006
7944 7945 8008 8007
7945 7946 8009 8008
7946 7947 8010 8009
7947 7948 8011 8010
7948 7949 8012 8011
7949 7950 8013 8012
7950 7951 8014 8013
7951 7952 8015 8014
7952 7953 8016 8015
7953 7954 8017 8016
7954 7955 8018 8017
7955 7956 8019 8018
7956 7957 8020 8019
7957 7958 8021 8020
7958 7959 8022 8021
7959 7960 8023 8022
7960 7961 8024 8023
7961 7962 8025 8024
7962 7963 8026 8025
7963 7964 8027 8026
7964 7965 8028 8027
7965 7966 8029 8028
7966 7967 8030 8029
7967 7968 8031 8030
7968 7969 8032 8031
7969 7970 8033 8032
7970 7971 8034 8033
7971 7972 8035 8034
7972 7973 8036 8035
7973 7974 8037 8036
7974 7975 8038 8037
7975 7976 8039 8038
7976 7977 8040 8039
7977 7978 8041 8040
7978 7979 8042 8041
7979 7980 8043 8042
7980 7981 8044 8043
7981 7982 8045 8044
7982 7983 8046 8045
7983 7984 8047 8046
7984 7985 8048 8047
7985 7986 8049 8048
7986 7987 8050 8049
7987 7988 8051 8050
7988 7989 8052 8051
7989 7990 8053 8052
7990 7991 8054 8053
7991 7992 8055 8054
7992 7993 8056 8055
7993 7994 8057 8056
7994 7995 8058 8057
7995 7996 8059 8058
7996 7997 8060 8059
7997 7998 8061 8060
7998 7999 8062 8061
7999 8000 8063 8062
8001 8002 8065 8064
8002 8003 8066 8065
8003 8004 8067 8066
8004 8005 8068 8067
8005 8006 8069 8068
8006 8007 8070 8069
8007 8008 8071 8070
8008 8009 8072 8071
8009 8010 8073 8072
8010 8011 8074 8073
8011 8012 8075 8074
8012 8013 8076 8075
8013 8014 8077 8076
8014 8015 8078 8077
8015 8016 8079 8078
8016 8017 8080 8079
8017 8018 8081 8080
8018 8019 8082 8081
8019 8020 8083 8082
8020 8021 8084 8083
8021 8022 8085 8084
8022 8023 8086 8085
8023 8024 8087 8086
8024 8025 8088 8087
8025 8026 8089 8088
8026 8027 8090 8089
8027 8028 8091 8090
8028 8029 8092 8091
8029 8030 8093 8092
8030 8031 8094 8093
8031 8032 8095 8094
8032 8033 8096 8095
8033 8034 8097 8096
8034 8035 8098 8097
8035 8036 8099 8098
8036 8037 8100 8099
8037 8038 8101 8100
8038 8039 8102 8101
8039 8040 8103 8102
8040 8041 8104 8103
8041 8042 8105 8104
8042 8043 8106 8105
8043 8044 8107 8106
8044 8045 8108 8107
8045 8046 8109 8108
8046 8047 8110 8109
8047 8048 8111 8110
8048 8049 8112 8111
8049 8050 8113 8112
8050 8051 8114 8113
8051 8052 8115 8114
8052 8053 8116 8115
8053 8054 8117 8116
8054 8055 8118 8117
8055 8056 8119 8118
8056 8057 8120 8119
8057 8058 8121 8120
8058 8059 8122 8121
8059 8060 8123 8122
8060 8061 8124 8123
8061 8062 8125 8124
8062 8063 8126 8125
8064 8065 8128 8127
8065 8066 8129 8128
8066 8067 8130 8129
8067 8068 8131 8130
8068 8069 8132 8131
8069 8070 8133 8132
8070 8071 8134 8133
8071 8072 8135 8134
8072 8073 8136 8135
8073 8074 8137 8136
8074 8075 8138 8137
8075 8076 8139 8138
8076 8077 8140 8139
8077 8078 8141 8140
8078 8079 8142 8141
8079 8080 8143 8142
8080 8081 8144 8143
8081 8082 8145 8144
8082 8083 8146 8145
8083 8084 8147 8146
8084 8085 8148 8147
8085 8086 8149 8148
8086 8087 8150 8149
8087 8088 8151 8150
8088 8089 8152 8151
8089 8090 8153 8152
8090 8091 8154 8153
8091 8092 8155 8154
8092 8093 8156 8155
8093 8094 8157 8156
8094 8095 8158 8157
8095 8096 8159 8158
8096 8097 8160 8159
8097 8098 8161 8160
8098 8099 8162 8161
8099 8100 8163 8162
8100 8101 8164 8163
8101 8102 8165 8164
8102 8103 8166 8165
8103 8104 8167 8166
8104 8105 8168 8167
8105 8106 8169 8168
8106 8107 8170 8169
8107 8108 8171 8170
8108 8109 8172 8171
8109 8110 8173 8172
8110 8111 8174 8173
8111 8112 8175 8174
8112 8113 8176 8175
8113 8114 8177 8176
8114 8115 8178 8177
8115 8116 8179 8178
8116 8117 8180 8179
8117 8118 8181 8180
8118 8119 8182 8181
8119 8120 8183 8182
8120 8121 8184 8183
8121 8122 8185 8184
8122 8123 8186 8185
8123 8124 8187 8186
8124 8125 8188 8187
8125 8126 8189 8188
8127 8128 8191 8190
8128 8129 8192 8191
8129 8130 8193 8192
8130 8131 8194 8193
8131 8132 8195 8194
8132 8133 8196 8195
8133 8134 8197 8196
8134 8135 8198 8197
8135 8136 8199 8198
8136 8137 8200 8199
8137 8138 8201 8200
8138 8139 8202 8201
8139 8140 8203 8202
8140 8141 8204 8203
8141 8142 8205 8204
8142 8143 8206 8205
8143 8144 8207 8206
8144 8145 8208 8207
8145 8146 8209 8208
8146 8147 8210 8209
8147 8148 8211 8210
8148 8149 8212 8211
8149 8150 8213 8212
8150 8151 8214 8213
8151 8152 8215 8214
8152 8153 8216 8215
8153 8154 8217 8216
8154 8155 8218 8217
8155 8156 8219 8218
8156 8157 8220 8219
8157 8158 8221 8220
8158 8159 8222 8221
8159 8160 8223 8222
8160 8161 8224 8223
8161 8162 8225 8224
8162 8163 8226 8225
8163 8164 8227 8226
8164 8165 8228 8227
8165 8166 8229 8228
8166 8167 8230 8229
8167 8168 8231 8230
8168 8169 8232 8231
8169 8170 8233 8232
8170 8171 8234 8233
8171 8172 8235 8234
8172 8173 8236 8235
8173 8174 8237 8236
8174 8175 8238 8237
8175 8176 8239 8238
8176 8177 8240 8239
8177 8178 8241 8240
8178 8179 8242 8241
8179 8180 8243 8242
8180 8181 8244 8243
8181 8182 8245 8244
8182 8183 8246 8245
8183 8184 8247 8246
8184 8185 8248 8247
8185 8186 8249 8248
8186 8187 8250 8249
8187 8188 8251 8250
8188 8189 8252 8251
8190 8191 8254 8253
8191 8192 8255 8254
8192 8193 8256 8255
8193 8194 8257 8256
8194 8195 8258 8257
8195 8196 8259 8258
8196 8197 8260 8259
8197 8198 8261 8260
8198 8199 8262 8261
8199 8200 8263 8262
8200 8201 8264 8263
8201 8202 8265 8264
8202 8203 8266 8265
8203 8204 8267 8266
8204 8205 8268 8267
8205 8206 8269 8268
8206 8207 8270 8269
8207 8208 8271 8270
8208 8209 8272 8271
8209 8210 8273 8272
8210 8211 8274 8273
8211 8212 8275 8274
8212 8213 8276 8275
8213 8214 8277 8276
8214 8215 8278 8277
8215 8216 8279 8278
8216 8217 8280 8279
8217 8218 8281 8280
8218 8219 8282 8281
8219 8220 8283 8282
8220 8221 8284 8283
8221 8222 8285 8284
8222 8223 8286 8285
8223 8224 8287 8286
8224 8225 8288 8287
8225 8226 8289 8288
8226 8227 8290 8289
8227 8228 8291 8290
8228 8229 8292 8291
8229 8230 8293 8292
8230 8231 8294 8293
8231 8232 8295 8294
8232 8233 8296 8295
8233 8234 8297 8296
8234 8235 8298 8297
8235 8236 8299 8298
8236 8237 8300 8299
8237 8238 8301 8300
8238 8239 8302 8301
8239 8240 8303 8302
8240 8241 8304 8303
8241 8242 8305 8304
8242 8243 8306 8305
8243 8244 8307 8306
8244 8245 8308 8307
8245 8246 8309 8308
8246 8247 8310 8309
8247 8248 8311 8310
8248 8249 8312 8311
8249 8250 8313 8312
8250 8251 8314 8313
8251 8252 8315 8314
8253 8254 8317 8316
8254 8255 8318 8317
8255 8256 8319 8318
8256 8257 8320 8319
8257 8258 8321 8320
8258 8259 8322 8321
8259 8260 8323 8322
8260 8261 8324 8323
8261 8262 8325 8324
8262 8263 8326 8325
8263 8264 8327 8326
8264 8265 8328 8327
8265 8266 8329 8328
8266 8267 8330 8329
8267 8268 8331 8330
8268 8269 8332 8331
8269 8270 8333 8332
8270 8271 8334 8333
8271 8272 8335 8334
8272 8273 8336 8335
8273 8274 8337 8336
8274 8275 8338 8337
8275 8276 8339 8338
8276 8277 8340 8339
8277 8278 8341 8340
8278 8279 8342 8341
8279 8280 8343 8342
8280 8281 8344 8343
8281 8282 8345 8344
8282 8283 8346 8345
8283 8284 8347 8346
8284 8285 8348 8347
8285 8286 8349 8348
8286 8287 8350 8349
8287 8288 8351 8350
8288 8289 8352 8351
8289 8290 8353 8352
8290 8291 8354 8353
8291 8292 8355 8354
8292 8293 8356 8355
8293 8294 8357 8356
8294 8295 8358 8357
8295 8296 8359 8358
8296 8297 8360 8359
8297 8298 8361 8360
8298 8299 8362 8361
8299 8300 8363 8362
8300 8301 8364 8363
8301 8302 8365 8364
8302 8303 8366 8365
8303 8304 8367 8366
8304 8305 8368 8367
8305 8306 8369 8368
8306 8307 8370 8369
8307 8308 8371 8370
8308 8309 8372 8371
8309 8310 8373 8372
8310 8311 8374 8373
8311 8312 8375 8374
8312 8313 8376 8375
8313 8314 8377 8376
8314 8315 8378 8377
8316 8317 8380 8379
8317 8318 8381 8380
8318 8319 8382 8381
8319 8320 8383 8382
8320 8321 8384 8383
8321 8322 8385 8384
8322 8323 8386 8385
8323 8324 8387 8386
8324 8325 8388 8387
8325 8326 8389 8388
8326 8327 8390 8389
8327 8328 8391 8390
8328 8329 8392 8391
8329 8330 8393 8392
8330 8331 8394 8393
8331 8332 8395 8394
8332 8333 8396 8395
8333 8334 8397 8396
8334 8335 8398 8397
8335 8336 8399 8398
8336 8337 8400 8399
8337 8338 8401 8400
8338 8339 8402 8401
8339 8340 8403 8402
8340 8341 8404 8403
8341 8342 8405 8404
8342 8343 8406 8405
8343 8344 8407 8406
8344 8345 8408 8407
8345 8346 8409 8408
8346 8347 8410 8409
8347 8348 8411 8410
8348 8349 8412 8411
8349 8350 8413 8412
8350 8351 8414 8413
8351 8352 8415 8414
8352 8353 8416 8415
8353 8354 8417 8416
8354 8355 8418 8417
8355 8356 8419 8418
8356 8357 8420 8419
8357 8358 8421 8420
8358 8359 8422 8421
8359 8360 8423 8422
8360 8361 8424 8423
8361 8362 8425 8424
8362 8363 8426 8425
8363 8364 8427 8426
8364 8365 8428 8427
8365 8366 8429 8428
8366 8367 8430 8429
8367 8368 8431 8430
8368 8369 8432 8431
8369 8370 8433 8432
8370 8371 8434 8433
8371 8372 8435 8434
8372 8373 8436 8435
8373 8374 8437 8436
8374 8375 8438 8437
8375 8376 8439 8438
8376 8377 8440 8439
8377 8378 8441 8440
8379 8380 8443 8442
8380 8381 8444 8443
8381 8382 8445 8444
8382 8383 8446 8445
8383 8384 8447 8446
8384 8385 8448 8447
8385 8386 8449 8448
8386 8387 8450 8449
8387 8388 8451 8450
8388 8389 8452 8451
8389 8390 8453 8452
8390 8391 8454 8453
8391 8392 8455 8454
8392 8393 8456 8455
8393 8394 8457 8456
8394 8395 8458 8457
8395 8396 8459 8458
8396 8397 8460 8459
8397 8398 8461 8460
8398 8399 8462 8461
8399 8400 8463 8462
8400 8401 8464 8463
8401 8402 8465 8464
8402 8403 8466 8465
8403 8404 8467 8466
8404 8405 8468 8467
8405 8406 8469 8468
8406 8407 8470 8469
8407 8408 8471 8470
8408 8409 8472 8471
8409 8410 8473 8472
8410 8411 8474 8473
8411 8412 8475 8474
8412 8413 8476 8475
8413 8414 8477 8476
8414 8415 8478 8477
8415 8416 8479 8478
8416 8417 8480 8479
8417 8418 8481 8480
8418 8419 8482 8481
8419 8420 8483 8482
8420 8421 8484 8483
8421 8422 8485 8484
8422 8423 8486 8485
8423 8424 8487 8486
8424 8425 8488 8487
8425 8426 8489 8488
8426 8427 8490 8489
8427 8428 8491 8490
8428 8429 8492 8491
8429 8430 8493 8492
8430 8431 8494 8493
8431 8432 8495 8494
8432 8433 8496 8495
8433 8434 8497 8496
8434 8435 8498 8497
8435 8436 8499 8498
8436 8437 8500 8499
8437 8438 8501 8500
8438 8439 8502 8501
8439 8440 8503 8502
8440 8441 8504 8503
8442 8443 8506 8505
8443 8444 8507 8506
8444 8445 8508 8507
8445 8446 8509 8508
8446 8447 8510 8509
8447 8448 8511 8510
8448 8449 8512 8511
8449 8450 8513 8512
8450 8451 8514 8513
8451 8452 8515 8514
8452 8453 8516 8515
8453 8454 8517 8516
8454 8455 8518 8517
8455 8456 8519 8518
8456 8457 8520 8519
8457 8458 8521 8520
8458 8459 8522 8521
8459 8460 8523 8522
8460 8461 8524 8523
8461 8462 8525 8524
8462 8463 8526 8525
8463 8464 8527 8526
8464 8465 8528 8527
8465 8466 8529 8528
8466 8467 8530 8529
8467 8468 8531 8530
8468 8469 8532 8531
8469 8470 8533 8532
8470 8471 8534 8533
8471 8472 8535 8534
8472 8473 8536 8535
8473 8474 8537 8536
8474 8475 8538 8537
8475 8476 8539 8538
8476 8477 8540 8539
8477 8478 8541 8540
8478 8479 8542 8541
8479 8480 8543 8542
8480 8481 8544 8543
8481 8482 8545 8544
8482 8483 8546 8545
8483 8484 8547 8546
8484 8485 8548 8547
8485 8486 8549 8548
8486 8487 8550 8549
8487 8488 8551 8550
8488 8489 8552 8551
8489 8490 8553 8552
8490 8491 8554 8553
8491 8492 8555 8554
8492 8493 8556 8555
8493 8494 8557 8556
8494 8495 8558 8557
8495 8496 8559 8558
8496 8497 8560 8559
8497 8498 8561 8560
8498 8499 8562 8561
8499 8500 8563 8562
8500 8501 8564 8563
8501 8502 8565 8564
8502 8503 8566 8565
8503 8504 8567 8566
8505 8506 8569 8568
8506 8507 8570 8569
8507 8508 8571 8570
8508 8509 8572 8571
8509 8510 8573 8572
8510 8511 8574 8573
8511 8512 8575 8574
8512 8513 8576 8575
8513 8514 8577 8576
8514 8515 8578 8577
8515 8516 8579 8578
8516 8517 8580 8579
8517 8518 8581 8580
8518 8519 8582 8581
8519 8520 8583 8582
8520 8521 8584 8583
8521 8522 8585 8584
8522 8523 8586 8585
8523 8524 8587 8586
8524 8525 8588 8587
8525 8526 8589 8588
8526 8527 8590 8589
8527 8528 8591 8590
8528 8529 8592 8591
8529 8530 8593 8592
8530 8531 8594 8593
8531 8532 8595 8594
8532 8533 8596 8595
8533 8534 8597 8596
8534 8535 8598 8597
8535 8536 8599 8598
8536 8537 8600 8599
8537 8538 8601 8600
8538 8539 8602 8601
8539 8540 8603 8602
8540 8541 8604 8603
8541 8542 8605 8604
8542 8543 8606 8605
8543 8544 8607 8606
8544 8545 8608 8607
8545 8546 8609 8608
8546 8547 8610 8609
8547 8548 8611 8610
8548 8549 8612 8611
8549 8550 8613 8612
8550 8551 8614 8613
8551 8552 8615 8614
8552 8553 8616 8615
8553 8554 8617 8616
8554 8555 8618 8617
8555 8556 8619 8618
8556 8557 8620 8619
8557 8558 8621 8620
8558 8559 8622 8621
8559 8560 8623 8622
8560 8561 8624 8623
8561 8562 8625 8624
8562 8563 8626 8625
8563 8564 8627 8626
8564 8565 8628 8627
8565 8566 8629 8628
8566 8567 8630 8629
8568 8569 8632 8631
8569 8570 8633 8632
8570 8571 8634 8633
8571 8572 8635 8634
8572 8573 8636 8635
8573 8574 8637 8636
8574 8575 8638 8637
8575 8576 8639 8638
8576 8577 8640 8639
8577 8578 8641 8640
8578 8579 8642 8641
8579 8580 8643 8642
8580 8581 8644 8643
8581 8582 8645 8644
8582 8583 8646 8645
8583 8584 8647 8646
8584 8585 8648 8647
8585 8586 8649 8648
8586 8587 8650 8649
8587 8588 8651 8650
8588 8589 8652 8651
8589 8590 8653 8652
8590 8591 8654 8653
8591 8592 8655 8654
8592 8593 8656 8655
8593 8594 8657 8656
8594 8595 8658 8657
8595 8596 8659 8658
8596 8597 8660 8659
8597 8598 8661 8660
8598 8599 8662 8661
8599 8600 8663 8662
8600 8601 8664 8663
8601 8602 8665 8664
8602 8603 8666 8665
8603 8604 8667 8666
8604 8605 8668 8667
8605 8606 8669 8668
8606 8607 8670 8669
8607 8608 8671 8670
8608 8609 8672 8671
8609 8610 8673 8672
8610 8611 8674 8673
8611 8612 8675 8674
8612 8613 8676 8675
8613 8614 8677 8676
8614 8615 8678 8677
8615 8616 8679 8678
8616 8617 8680 8679
8617 8618 8681 8680
8618 8619 8682 8681
8619 8620 8683 8682
8620 8621 8684 8683
8621 8622 8685 8684
8622 8623 8686 8685
8623 8624 8687 8686
8624 8625 8688 8687
8625 8626 8689 8688
8626 8627 8690 8689
8627 8628 8691 8690
8628 8629 8692 8691
8629 8630 8693 8692
8631 8632 8695 8694
8632 8633 8696 8695
8633 8634 8697 8696
8634 8635 8698 8697
8635 8636 8699 8698
8636 8637 8700 8699
8637 8638 8701 8700
8638 8639 8702 8701
8639 8640 8703 8702
8640 8641 8704 8703
8641 8642 8705 8704
8642 8643 8706 8705
8643 8644 8707 8706
8644 8645 8708 8707
8645 8646 8709 8708
8646 8647 8710 8709
8647 8648 8711 8710
8648 8649 8712 8711
8649 8650 8713 8712
8650 8651 8714 8713
8651 8652 8715 8714
8652 8653 8716 8715
8653 8654 8717 8716
8654 8655 8718 8717
8655 8656 8719 8718
8656 8657 8720 8719
8657 8658 8721 8720
8658 8659 8722 8721
8659 8660 8723 8722
8660 8661 8724 8723
8661 8662 8725 8724
8662 8663 8726 8725
8663 8664 8727 8726
8664 8665 8728 8727
8665 8666 8729 8728
8666 8667 8730 8729
8667 8668 8731 8730
8668 8669 8732 8731
8669 8670 8733 8732
8670 8671 8734 8733
8671 8672 8735 8734
8672 8673 8736 8735
8673 8674 8737 8736
8674 8675 8738 8737
8675 8676 8739 8738
8676 8677 8740 8739
8677 8678 8741 8740
8678 8679 8742 8741
8679 8680 8743 8742
8680 8681 8744 8743
8681 8682 8745 8744
8682 8683 8746 8745
8683 8684 8747 8746
8684 8685 8748 8747
8685 8686 8749 8748
8686 8687 8750 8749
8687 8688 8751 8750
8688 8689 8752 8751
8689 8690 8753 8752
8690 8691 8754 8753
8691 8692 8755 8754
8692 8693 8756 8755
8694 8695 8758 8757
8695 8696 8759 8758
8696 8697 8760 8759
8697 8698 8761 8760
8698 8699 8762 8761
8699 8700 8763 8762
8700 8701 8764 8763
8701 8702 8765 8764
8702 8703 8766 8765
8703 8704 8767 8766
8704 8705 8768 8767
8705 8706 8769 8768
8706 8707 8770 8769
8707 8708 8771 8770
8708 8709 8772 8771
8709 8710 8773 8772
8710 8711 8774 8773
8711 8712 8775 8774
8712 8713 8776 8775
8713 8714 8777 8776
8714 8715 8778 8777
8715 8716 8779 8778
8716 8717 8780 8779
8717 8718 8781 8780
8718 8719 8782 8781
8719 8720 8783 8782
8720 8721 8784 8783
8721 8722 8785 8784
8722 8723 8786 8785
8723 8724 8787 8786
8724 8725 8788 8787
8725 8726 8789 8788
8726 8727 8790 8789
8727 8728 8791 8790
8728 8729 8792 8791
8729 8730 8793 8792
8730 8731 8794 8793
8731 8732 8795 8794
8732 8733 8796 8795
8733 8734 8797 8796
8734 8735 8798 8797
8735 8736 8799 8798
8736 8737 8800 8799
8737 8738 8801 8800
8738 8739 8802 8801
8739 8740 8803 8802
8740 8741 8804 8803
8741 8742 8805 8804
8742 8743 8806 8805
8743 8744 8807 8806
8744 8745 8808 8807
8745 8746 8809 8808
8746 8747 8810 8809
8747 8748 8811 8810
8748 8749 8812 8811
8749 8750 8813 8812
8750 8751 8814 8813
8751 8752 8815 8814
8752 8753 8816 8815
8753 8754 8817 8816
8754 8755 8818 8817
8755 8756 8819 8818
8757 8758 8821 8820
8758 8759 8822 8821
8759 8760 8823 8822
8760 8761 8824 8823
8761 8762 8825 8824
8762 8763 8826 8825
8763 8764 8827 8826
8764 8765 8828 8827
8765 8766 8829 8828
8766 8767 8830 8829
8767 8768 8831 8830
8768 8769 8832 8831
8769 8770 8833 8832
8770 8771 8834 8833
8771 8772 8835 8834
8772 8773 8836 8835
8773 8774 8837 8836
8774 8775 8838 8837
8775 8776 8839 8838
8776 8777 8840 8839
8777 8778 8841 8840
8778 8779 8842 8841
8779 8780 8843 8842
8780 8781 8844 8843
8781 8782 8845 8844
8782 8783 8846 8845
8783 8784 8847 8846
8784 8785 8848 8847
8785 8786 8849 8848
8786 8787 8850 8849
8787 8788 8851 8850
8788 8789 8852 8851
8789 8790 8853 8852
8790 8791 8854 8853
8791 8792 8855 8854
8792 8793 8856 8855
8793 8794 8857 8856
8794 8795 8858 8857
8795 8796 8859 8858
8796 8797 8860 8859
8797 8798 8861 8860
8798 8799 8862 8861
8799 8800 8863 8862
8800 8801 8864 8863
8801 8802 8865 8864
8802 8803 8866 8865
8803 8804 8867 8866
8804 8805 8868 8867
8805 8806 8869 8868
8806 8807 8870 8869
8807 8808 8871 8870
8808 8809 8872 8871
8809 8810 8873 8872
8810 8811 8874 8873
8811 8812 8875 8874
8812 8813 8876 8875
8813 8814 8877 8876
8814 8815 8878 8877
8815 8816 8879 8878
8816 8817 8880 8879
8817 8818 8881 8880
8818 8819 8882 8881
8820 8821 8884 8883
8821 8822 8885 8884
8822 8823 8886 8885
8823 8824 8887 8886
8824 8825 8888 8887
8825 8826 8889 8888
8826 8827 8890 8889
8827 8828 8891 8890
8828 8829 8892 8891
8829 8830 8893 8892
8830 8831 8894 8893
8831 8832 8895 8894
8832 8833 8896 8895
8833 8834 8897 8896
8834 8835 8898 8897
8835 8836 8899 8898
8836 8837 8900 8899
8837 8838 8901 8900
8838 8839 8902 8901
8839 8840 8903 8902
8840 8841 8904 8903
8841 8842 8905 8904
8842 8843 8906 8905
8843 8844 8907 8906
8844 8845 8908 8907
8845 8846 8909 8908
8846 8847 8910 8909
8847 8848 8911 8910
8848 8849 8912 8911
8849 8850 8913 8912
8850 8851 8914 8913
8851 8852 8915 8914
8852 8853 8916 8915
8853 8854 8917 8916
8854 8855 8918 8917
8855 8856 8919 8918
8856 8857 8920 8919
8857 8858 8921 8920
8858 8859 8922 8921
8859 8860 8923 8922
8860 8861 8924 8923
8861 8862 8925 8924
8862 8863 8926 8925
8863 8864 8927 8926
8864 8865 8928 8927
8865 8866 8929 8928
8866 8867 8930 8929
8867 8868 8931 8930
8868 8869 8932 8931
8869 8870 8933 8932
8870 8871 8934 8933
8871 8872 8935 8934
8872 8873 8936 8935
8873 8874 8937 8936
8874 8875 8938 8937
8875 8876 8939 8938
8876 8877 8940 8939
8877 8878 8941 8940
8878 8879 8942 8941
8879 8880 8943 8942
8880 8881 8944 8943
8881 8882 8945 8944
end
